Bluetooth monitor ver 5.72
= Note: Linux version 6.14.0-36-generic (x86_64)                       0.228465
= Note: Bluetooth subsystem version 2.22                               0.228467
= New Index: 00:00:00:00:00:00 (Primary,UART,hci1)              [hci1] 0.228468
= New Index: 48:5F:99:8E:E0:64 (Primary,USB,hci0)               [hci0] 0.228469
= Open Index: 00:00:00:00:00:00                                 [hci1] 0.342187
= Index Info: 00:00:00:00:00:00 (Nordic Semiconductor ASA)      [hci1] 0.342209
@ USER Open: main (privileged) version 2.22            {0x0001} [hci1] 0.342219
< HCI Command: Reset (0x03|0x0003) plen 0                    #1 [hci1] 0.343519
> HCI Event: Command Complete (0x0e) plen 4                  #2 [hci1] 0.344032
      Reset (0x03|0x0003) ncmd 1
        Status: Success (0x00)
< HCI Command: Read Local Supported... (0x04|0x0003) plen 0  #3 [hci1] 0.362062
> HCI Event: Command Complete (0x0e) plen 12                 #4 [hci1] 0.362612
      Read Local Supported Features (0x04|0x0003) ncmd 1
        Status: Success (0x00)
        Features: 0x00 0x00 0x00 0x00 0x60 0x00 0x00 0x00
          BR/EDR Not Supported
          LE Supported (Controller)
< HCI Command: Read Local Version In.. (0x04|0x0001) plen 0  #5 [hci1] 0.381657
> HCI Event: Command Complete (0x0e) plen 12                 #6 [hci1] 0.382192
      Read Local Version Information (0x04|0x0001) ncmd 1
        Status: Success (0x00)
        HCI version: Reserved (0x0f) - Revision 12393 (0x3069)
        LMP version: Reserved (0x0f) - Subversion 12393 (0x3069)
        Manufacturer: Nordic Semiconductor ASA (89)
< HCI Command: Read Local Supported... (0x04|0x0002) plen 0  #7 [hci1] 0.401650
> HCI Event: Command Complete (0x0e) plen 68                 #8 [hci1] 0.402690
      Read Local Supported Commands (0x04|0x0002) ncmd 1
        Status: Success (0x00)
        Commands: 119 entries
          Disconnect (Octet 0 - Bit 5)
          Read Remote Version Information (Octet 2 - Bit 7)
          Set Event Mask (Octet 5 - Bit 6)
          Reset (Octet 5 - Bit 7)
          Read Connection Accept Timeout (Octet 7 - Bit 2)
          Write Connection Accept Timeout (Octet 7 - Bit 3)
          Read Transmit Power Level (Octet 10 - Bit 2)
          Set Controller To Host Flow Control (Octet 10 - Bit 5)
          Host Buffer Size (Octet 10 - Bit 6)
          Host Number of Completed Packets (Octet 10 - Bit 7)
          Read Local Version Information (Octet 14 - Bit 3)
          Read Local Supported Features (Octet 14 - Bit 5)
          Read BD ADDR (Octet 15 - Bit 1)
          Read RSSI (Octet 15 - Bit 5)
          Set Event Mask Page 2 (Octet 22 - Bit 2)
          LE Set Event Mask (Octet 25 - Bit 0)
          LE Read Buffer Size (Octet 25 - Bit 1)
          LE Read Local Supported Features (Octet 25 - Bit 2)
          LE Set Random Address (Octet 25 - Bit 4)
          LE Set Advertising Parameters (Octet 25 - Bit 5)
          LE Read Advertising Channel TX Power (Octet 25 - Bit 6)
          LE Set Advertising Data (Octet 25 - Bit 7)
          LE Set Scan Response Data (Octet 26 - Bit 0)
          LE Set Advertise Enable (Octet 26 - Bit 1)
          LE Set Scan Parameters (Octet 26 - Bit 2)
          LE Set Scan Enable (Octet 26 - Bit 3)
          LE Create Connection (Octet 26 - Bit 4)
          LE Create Connection Cancel (Octet 26 - Bit 5)
          LE Read Accept List Size (Octet 26 - Bit 6)
          LE Clear Accept List (Octet 26 - Bit 7)
          LE Add Device To Accept List (Octet 27 - Bit 0)
          LE Remove Device From Accept List (Octet 27 - Bit 1)
          LE Connection Update (Octet 27 - Bit 2)
          LE Set Host Channel Classification (Octet 27 - Bit 3)
          LE Read Channel Map (Octet 27 - Bit 4)
          LE Read Remote Used Features (Octet 27 - Bit 5)
          LE Encrypt (Octet 27 - Bit 6)
          LE Rand (Octet 27 - Bit 7)
          LE Start Encryption (Octet 28 - Bit 0)
          LE Long Term Key Request Reply (Octet 28 - Bit 1)
          LE Long Term Key Request Neg Reply (Octet 28 - Bit 2)
          LE Read Supported States (Octet 28 - Bit 3)
          LE Receiver Test (Octet 28 - Bit 4)
          LE Transmitter Test (Octet 28 - Bit 5)
          LE Test End (Octet 28 - Bit 6)
          Read Authenticated Payload Timeout (Octet 32 - Bit 4)
          Write Authenticated Payload Timeout (Octet 32 - Bit 5)
          LE Set Data Length (Octet 33 - Bit 6)
          LE Read Suggested Default Data Length (Octet 33 - Bit 7)
          LE Write Suggested Default Data Length (Octet 34 - Bit 0)
          LE Add Device To Resolving List (Octet 34 - Bit 3)
          LE Remove Device From Resolving List (Octet 34 - Bit 4)
          LE Clear Resolving List (Octet 34 - Bit 5)
          LE Read Resolving List Size (Octet 34 - Bit 6)
          LE Set Address Resolution Enable (Octet 35 - Bit 1)
          LE Set Resolvable Private Address Timeout (Octet 35 - Bit 2)
          LE Read Maximum Data Length (Octet 35 - Bit 3)
          LE Read PHY (Octet 35 - Bit 4)
          LE Set Default PHY (Octet 35 - Bit 5)
          LE Set PHY (Octet 35 - Bit 6)
          LE Enhanced Receiver Test (Octet 35 - Bit 7)
          LE Enhanced Transmitter Test (Octet 36 - Bit 0)
          LE Set Advertising Set Random Address (Octet 36 - Bit 1)
          LE Set Extended Advertising Parameters (Octet 36 - Bit 2)
          LE Set Extended Advertising Data (Octet 36 - Bit 3)
          LE Set Extended Scan Response Data (Octet 36 - Bit 4)
          LE Set Extended Advertising Enable (Octet 36 - Bit 5)
          LE Read Maximum Advertising Data Length (Octet 36 - Bit 6)
          LE Read Number of Supported Advertising Sets (Octet 36 - Bit 7)
          LE Remove Advertising Set (Octet 37 - Bit 0)
          LE Clear Advertising Sets (Octet 37 - Bit 1)
          LE Set Periodic Advertising Parameters (Octet 37 - Bit 2)
          LE Set Periodic Advertising Data (Octet 37 - Bit 3)
          LE Set Periodic Advertising Enable (Octet 37 - Bit 4)
          LE Set Extended Scan Parameters (Octet 37 - Bit 5)
          LE Set Extended Scan Enable (Octet 37 - Bit 6)
          LE Extended Create Connection (Octet 37 - Bit 7)
          LE Periodic Advertising Create Sync (Octet 38 - Bit 0)
          LE Periodic Advertising Create Sync Cancel (Octet 38 - Bit 1)
          LE Periodic Advertising Terminate Sync (Octet 38 - Bit 2)
          LE Add Device To Periodic Advertiser List (Octet 38 - Bit 3)
          LE Remove Device From Periodic Advertiser List (Octet 38 - Bit 4)
          LE Clear Periodic Advertiser List (Octet 38 - Bit 5)
          LE Read Periodic Advertiser List Size (Octet 38 - Bit 6)
          LE Read Transmit Power (Octet 38 - Bit 7)
          LE Read RF Path Compensation (Octet 39 - Bit 0)
          LE Write RF Path Compensation (Octet 39 - Bit 1)
          LE Set Privacy Mode (Octet 39 - Bit 2)
          LE Periodic Advertising Receive Enable (Octet 40 - Bit 5)
          LE Periodic Advertising Sync Transfer (Octet 40 - Bit 6)
          LE Periodic Advertising Set Info Transfer (Octet 40 - Bit 7)
          LE Periodic Advertising Sync Transfer Parameters (Octet 41 - Bit 0)
          LE Set Default Periodic Advertisng Sync Transfer Parameters (Octet 41 - Bit 1)
          LE Read Buffer v2 (Octet 41 - Bit 5)
          LE Read ISO TX Sync (Octet 41 - Bit 6)
          LE Set Connected Isochronous Group Parameters (Octet 41 - Bit 7)
          LE Set Connected Isochronous Group Parameters Test (Octet 42 - Bit 0)
          LE Create Connected Isochronous Stream (Octet 42 - Bit 1)
          LE Remove Connected Isochronous Group (Octet 42 - Bit 2)
          LE Accept Connected Isochronous Stream Request (Octet 42 - Bit 3)
          LE Reject Connected Isochronous Stream Request (Octet 42 - Bit 4)
          LE Create Broadcast Isochronous Group (Octet 42 - Bit 5)
          LE Create Broadcast Isochronous Group Test (Octet 42 - Bit 6)
          LE Terminate Broadcast Isochronous Group (Octet 42 - Bit 7)
          LE Broadcast Isochronous Group Create Sync (Octet 43 - Bit 0)
          LE Broadcast Isochronous Group Terminate Sync (Octet 43 - Bit 1)
          LE Request Peer SCA (Octet 43 - Bit 2)
          LE Setup Isochronous Data Path (Octet 43 - Bit 3)
          LE Remove Isochronous Data Path (Octet 43 - Bit 4)
          LE Isochronous Transmit Test (Octet 43 - Bit 5)
          LE Isochronous Receive Test (Octet 43 - Bit 6)
          LE Isochronous Read Test Counters (Octet 43 - Bit 7)
          LE Isochronous Read Test Counters (Octet 44 - Bit 0)
          LE Set Host Feature (Octet 44 - Bit 1)
          Octet 44 - Bit 2 
          Octet 45 - Bit 6 
          Octet 46 - Bit 0 
          Octet 46 - Bit 1 
          Octet 46 - Bit 2 
< HCI Command: Host Buffer Size (0x03|0x0033) plen 7         #9 [hci1] 0.421652
        ACL MTU: 255  ACL max packet: 16
        SCO MTU: 0    SCO max packet: 0
> HCI Event: Command Complete (0x0e) plen 4                 #10 [hci1] 0.422095
      Host Buffer Size (0x03|0x0033) ncmd 1
        Status: Success (0x00)
< HCI Command: Set Controller To Ho.. (0x03|0x0031) plen 1  #11 [hci1] 0.441614
        Flow control: ACL Data Packets (0x01)
> HCI Event: Command Complete (0x0e) plen 4                 #12 [hci1] 0.442129
      Set Controller To Host Flow Control (0x03|0x0031) ncmd 1
        Status: Success (0x00)
< HCI Command: LE Read Local Suppor.. (0x08|0x0003) plen 0  #13 [hci1] 0.461612
> HCI Event: Command Complete (0x0e) plen 12                #14 [hci1] 0.462133
      LE Read Local Supported Features (0x08|0x0003) ncmd 1
        Status: Success (0x00)
        Features: 0xfd 0x79 0x00 0xf7 0x30 0x01 0x00 0x00
          LE Encryption
          Extended Reject Indication
          Peripheral-initiated Features Exchange
          LE Ping
          LE Data Packet Length Extension
          LL Privacy
          Extended Scanner Filter Policies
          LE 2M PHY
          LE Coded PHY
          LE Extended Advertising
          LE Periodic Advertising
          Channel Selection Algorithm #2
          Periodic Advertising Sync Transfer - Sender
          Periodic Advertising Sync Transfer - Recipient
          Sleep Clock Accuracy Updates
          Connected Isochronous Stream - Central
          Connected Isochronous Stream - Peripheral
          Isochronous Broadcaster
          Synchronized Receiver
          Periodic Advertising ADI support
          Connection Subrating
          Unknown features (0x0000010000000000)
< HCI Command: LE Set Host Feature (0x08|0x0074) plen 2     #15 [hci1] 0.481684
        Bit Number: 32
          Connected Isochronous Stream (Host Support)
        Bit Value: 1
> HCI Event: Command Complete (0x0e) plen 4                 #16 [hci1] 0.482160
      LE Set Host Feature (0x08|0x0074) ncmd 1
        Status: Success (0x00)
< HCI Command: LE Read Buffer v2 (0x08|0x0060) plen 0       #17 [hci1] 0.501664
> HCI Event: Command Complete (0x0e) plen 10                #18 [hci1] 0.502166
      LE Read Buffer v2 (0x08|0x0060) ncmd 1
        Status: Success (0x00)
        ACL MTU: 27
        ACL max packet: 3
        ISO MTU: 318
        ISO max packet: 3
< HCI Command: LE Read Maximum Adve.. (0x08|0x003a) plen 0  #19 [hci1] 0.521660
> HCI Event: Command Complete (0x0e) plen 6                 #20 [hci1] 0.522118
      LE Read Maximum Advertising Data Length (0x08|0x003a) ncmd 1
        Status: Success (0x00)
        Max length: 1650
< HCI Command: LE Read Supported St.. (0x08|0x001c) plen 0  #21 [hci1] 0.541605
> HCI Event: Command Complete (0x0e) plen 12                #22 [hci1] 0.542038
      LE Read Supported States (0x08|0x001c) ncmd 1
        Status: Success (0x00)
        States: 0x000003ff3e0306ff
          Non-connectable Advertising State
          Scannable Advertising State
          Connectable Advertising State
          High Duty Cycle Directed Advertising State
          Passive Scanning State
          Active Scanning State
          Initiating State
            and Connection State (Central Role)
          Connection State (Peripheral Role)
          Scannable Advertising State
            and Passive Scanning State
          Connectable Advertising State
            and Passive Scanning State
          Non-connectable Advertising State
            and Initiating State
          Scannable Advertising State
            and Initiating State
          Active Scanning State
            and Connection State (Central Role)
          Passive Scanning State
            and Connection State (Peripheral Role)
          Active Scanning State
            and Connection State (Peripheral Role)
          Initiating State
            and Connection State (Central Role)
            and Central Role & Central Role
          Low Duty Cycle Directed Advertising State
          Connectable Advertising State
            and Initiating State
            and Central Role & Peripheral Role
          High Duty Cycle Directed Advertising State
            and Initiating State
            and Central Role & Peripheral Role
          Low Duty Cycle Directed Advertising State
            and Initiating State
            and Central Role & Peripheral Role
          Connectable Advertising State
            and Connection State (Central Role)
            and Central Role & Peripheral Role
          High Duty Cycle Directed Advertising State
            and Connection State (Central Role)
            and Central Role & Peripheral Role
          Low Duty Cycle Directed Advertising State
            and Connection State (Central Role)
            and Central Role & Peripheral Role
          Connectable Advertising State
            and Connection State (Peripheral Role)
            and Central Role & Peripheral Role
          High Duty Cycle Directed Advertising State
            and Connection State (Peripheral Role)
            and Peripheral Role & Peripheral Role
          Low Duty Cycle Directed Advertising State
            and Connection State (Peripheral Role)
            and Peripheral Role & Peripheral Role
          Initiating State
            and Connection State (Peripheral Role)
            and Central Role & Peripheral Role
< HCI Command: LE Read Maximum Data.. (0x08|0x002f) plen 0  #23 [hci1] 0.561603
> HCI Event: Command Complete (0x0e) plen 12                #24 [hci1] 0.562139
      LE Read Maximum Data Length (0x08|0x002f) ncmd 1
        Status: Success (0x00)
        Max TX octets: 251
        Max TX time: 2704
        Max RX octets: 251
        Max RX time: 2704
< HCI Command: LE Write Suggested D.. (0x08|0x0024) plen 4  #25 [hci1] 0.581616
        TX octets: 251
        TX time: 2704
> HCI Event: Command Complete (0x0e) plen 4                 #26 [hci1] 0.582081
      LE Write Suggested Default Data Length (0x08|0x0024) ncmd 1
        Status: Success (0x00)
< HCI Command: LE Read Resolving Li.. (0x08|0x002a) plen 0  #27 [hci1] 0.601663
> HCI Event: Command Complete (0x0e) plen 5                 #28 [hci1] 0.602141
      LE Read Resolving List Size (0x08|0x002a) ncmd 1
        Status: Success (0x00)
        Size: 8
< HCI Command: LE Set Event Mask (0x08|0x0001) plen 8       #29 [hci1] 0.621639
        Mask: 0x000002023f87fa5e
          LE Advertising Report
          LE Connection Update Complete
          LE Read Remote Used Features Complete
          LE Long Term Key Request
          LE Data Length Change
          LE Enhanced Connection Complete
          LE PHY Update Complete
          LE Extended Advertising Report
          LE Periodic Advertising Sync Established
          LE Periodic Advertising Report
          LE Periodic Advertising Sync Lost
          LE Extended Scan Timeout
          LE Extended Advertising Set Terminated
          LE Scan Request Received
          LE Periodic Advertising Sync Transfer Rvc
          LE CIS Established
          LE CIS Request
          LE Create BIG Complete
          LE Terminate BIG Complete
          LE BIG Sync Estabilished Complete
          LE BIG Sync Lost
          LE BIG Info Advertising Report
          Unknown mask (0x0000020000000000)
> HCI Event: Command Complete (0x0e) plen 4                 #30 [hci1] 0.622131
      LE Set Event Mask (0x08|0x0001) ncmd 1
        Status: Success (0x00)
< HCI Command: Set Event Mask (0x03|0x0001) plen 8          #31 [hci1] 0.641639
        Mask: 0x2000800002008890
          Disconnection Complete
          Encryption Change
          Read Remote Version Information Complete
          Hardware Error
          Data Buffer Overflow
          Encryption Key Refresh Complete
          LE Meta
> HCI Event: Command Complete (0x0e) plen 4                 #32 [hci1] 0.642131
      Set Event Mask (0x03|0x0001) ncmd 1
        Status: Success (0x00)
< HCI Command: Read BD ADDR (0x04|0x0009) plen 0            #33 [hci1] 0.661648
> HCI Event: Command Complete (0x0e) plen 10                #34 [hci1] 0.662112
      Read BD ADDR (0x04|0x0009) ncmd 1
        Status: Success (0x00)
        Address: 00:00:00:00:00:00 (OUI 00-00-00)
< HCI Command: LE Set Random Address (0x08|0x0005) plen 6   #35 [hci1] 0.681645
        Address: D5:B6:CC:31:DB:3B (Static)
> HCI Event: Command Complete (0x0e) plen 4                 #36 [hci1] 0.682135
      LE Set Random Address (0x08|0x0005) ncmd 1
        Status: Success (0x00)
< HCI Command: LE Set Extended Adv.. (0x08|0x0036) plen 25  #37 [hci1] 3.222230
        Handle: 0x00
        Properties: 0x0013
          Connectable
          Scannable
          Use legacy advertising PDUs: ADV_IND
        Min advertising interval: 100.000 msec (0x00a0)
        Max advertising interval: 150.000 msec (0x00f0)
        Channel map: 37, 38, 39 (0x07)
        Own address type: Random (0x01)
        Peer address type: Public (0x00)
        Peer address: 00:00:00:00:00:00 (OUI 00-00-00)
        Filter policy: Allow Scan Request from Any, Allow Connect Request from Any (0x00)
        TX power: Host has no preference (0x7f)
        Primary PHY: LE 1M (0x01)
        Secondary max skip: 0x00
        Secondary PHY: LE 1M (0x01)
        SID: 0x00
        Scan request notifications: Disabled (0x00)
> HCI Event: Command Complete (0x0e) plen 5                 #38 [hci1] 3.223015
      LE Set Extended Advertising Parameters (0x08|0x0036) ncmd 1
        Status: Success (0x00)
        TX power (selected): 0 dbm (0x00)
< HCI Command: LE Set Advertising S.. (0x08|0x0035) plen 7  #39 [hci1] 3.241661
        Advertising handle: 0x00
        Advertising random address: D5:B6:CC:31:DB:3B (Static)
> HCI Event: Command Complete (0x0e) plen 4                 #40 [hci1] 3.242209
      LE Set Advertising Set Random Address (0x08|0x0035) ncmd 1
        Status: Success (0x00)
< HCI Command: LE Set Extended Adv.. (0x08|0x0037) plen 22  #41 [hci1] 3.261641
        Handle: 0x00
        Operation: Complete extended advertising data (0x03)
        Fragment preference: Minimize fragmentation (0x01)
        Data length: 0x12
        Flags: 0x06
          LE General Discoverable Mode
          BR/EDR Not Supported
        Name (complete): Tester_F6B11A
> HCI Event: Command Complete (0x0e) plen 4                 #42 [hci1] 3.262317
      LE Set Extended Advertising Data (0x08|0x0037) ncmd 1
        Status: Success (0x00)
< HCI Command: LE Set Extended Scan.. (0x08|0x0038) plen 4  #43 [hci1] 3.281633
        Handle: 0x00
        Operation: Complete scan response data (0x03)
        Fragment preference: Minimize fragmentation (0x01)
        Data length: 0x00
> HCI Event: Command Complete (0x0e) plen 4                 #44 [hci1] 3.282126
      LE Set Extended Scan Response Data (0x08|0x0038) ncmd 1
        Status: Success (0x00)
< HCI Command: LE Set Extended Adve.. (0x08|0x0039) plen 6  #45 [hci1] 3.301652
        Extended advertising: Enabled (0x01)
        Number of sets: 1 (0x01)
        Entry 0
          Handle: 0x00
          Duration: 0 ms (0x00)
          Max ext adv events: 0
> HCI Event: Command Complete (0x0e) plen 4                 #46 [hci1] 3.302179
      LE Set Extended Advertising Enable (0x08|0x0039) ncmd 1
        Status: Success (0x00)
> HCI Event: LE Meta Event (0x3e) plen 31                   #47 [hci1] 3.420232
      LE Enhanced Connection Complete (0x0a)
        Status: Success (0x00)
        Handle: 3351
        Role: Peripheral (0x01)
        Peer address type: Public (0x00)
        Peer address: DF:A9:FF:F6:B1:1A (OUI DF-A9-FF)
        Local resolvable private address: 00:00:00:00:00:00 (Non-Resolvable)
        Peer resolvable private address: 00:00:00:00:00:00 (Non-Resolvable)
        Connection interval: 87.50 msec (0x0046)
        Connection latency: 0 (0x0000)
        Supervision timeout: 25120 msec (0x09d0)
        Central clock accuracy: 0x01
> HCI Event: LE Meta Event (0x3e) plen 6                    #48 [hci1] 3.420462
      LE Advertising Set Terminated (0x12)
        Status: Success (0x00)
        Handle: 0
        Connection handle: 3351
        Number of completed extended advertising events: 0
< HCI Command: LE Read Remote Used... (0x08|0x0016) plen 2  #49 [hci1] 3.422420
        Handle: 3351 Address: DF:A9:FF:F6:B1:1A (OUI DF-A9-FF)
< ACL Data TX: Handle 3351 flags 0x00 dlen 7                #50 [hci1] 3.422444
      ATT: Exchange MTU Request (0x02) len 2
        Client RX MTU: 251
> HCI Event: Command Status (0x0f) plen 4                   #51 [hci1] 3.423106
      LE Read Remote Used Features (0x08|0x0016) ncmd 1
        Status: Success (0x00)
> HCI Event: Number of Completed Packets (0x13) plen 5      #52 [hci1] 3.596259
        Num handles: 1
        Handle: 3351 Address: DF:A9:FF:F6:B1:1A (OUI DF-A9-FF)
        Count: 1
        #50: len 7 (0 Kb/s)
        Latency: 173 msec (173-173 msec ~173 msec)
> HCI Event: LE Meta Event (0x3e) plen 12                   #53 [hci1] 3.684217
      LE Read Remote Used Features (0x04)
        Status: Success (0x00)
        Handle: 3351 Address: DF:A9:FF:F6:B1:1A (OUI DF-A9-FF)
        Features: 0x2d 0x49 0x00 0xf7 0x67 0xd9 0x00 0x80
          LE Encryption
          Extended Reject Indication
          Peripheral-initiated Features Exchange
          LE Data Packet Length Extension
          LE 2M PHY
          LE Coded PHY
          Channel Selection Algorithm #2
          Periodic Advertising Sync Transfer - Sender
          Periodic Advertising Sync Transfer - Recipient
          Sleep Clock Accuracy Updates
          Connected Isochronous Stream - Central
          Connected Isochronous Stream - Peripheral
          Isochronous Broadcaster
          Synchronized Receiver
          Connected Isochronous Stream (Host Support)
          LE Power Control Request
          LE Power Control Request
          Connection Subrating
          Connection Subrating (Host Support)
          Unknown features (0x8000d90000000000)
> ACL Data RX: Handle 3351 flags 0x02 dlen 11               #54 [hci1] 6.133817
      SMP: Pairing Request (0x01) len 6
        IO capability: KeyboardDisplay (0x04)
        OOB data: Authentication data not present (0x00)
        Authentication requirement: Bonding, MITM, SC, No Keypresses (0x0d)
        Max encryption key size: 16
        Initiator key distribution: EncKey IdKey (0x03)
        Responder key distribution: EncKey IdKey Sign (0x07)
> ACL Data RX: Handle 3351 flags 0x02 dlen 7                #55 [hci1] 6.134247
      ATT: Exchange MTU Response (0x03) len 2
        Server RX MTU: 23
< HCI Command: Host Number of Compl.. (0x03|0x0035) plen 5  #56 [hci1] 6.142184
        Num handles: 1
        Handle: 3351 Address: DF:A9:FF:F6:B1:1A (OUI DF-A9-FF)
        Count: 1
< ACL Data TX: Handle 3351 flags 0x00 dlen 11               #57 [hci1] 6.142274
      SMP: Pairing Response (0x02) len 6
        IO capability: DisplayOnly (0x00)
        OOB data: Authentication data not present (0x00)
        Authentication requirement: Bonding, No MITM, SC, No Keypresses (0x09)
        Max encryption key size: 16
        Initiator key distribution: IdKey (0x02)
        Responder key distribution: <none> (0x00)
< HCI Command: Host Number of Compl.. (0x03|0x0035) plen 5  #58 [hci1] 6.142680
        Num handles: 1
        Handle: 3351 Address: DF:A9:FF:F6:B1:1A (OUI DF-A9-FF)
        Count: 1
> HCI Event: Number of Completed Packets (0x13) plen 5      #59 [hci1] 6.308869
        Num handles: 1
        Handle: 3351 Address: DF:A9:FF:F6:B1:1A (OUI DF-A9-FF)
        Count: 1
        #57: len 11 (0 Kb/s)
        Latency: 166 msec (166-173 msec ~170 msec)
> ACL Data RX: Handle 3351 flags 0x02 dlen 27               #60 [hci1] 6.309199
> ACL Data RX: Handle 3351 flags 0x01 dlen 27               #61 [hci1] 6.309745
> ACL Data RX: Handle 3351 flags 0x01 dlen 15               #62 [hci1] 6.310226
      SMP: Pairing Public Key (0x0c) len 64
        X: 2727101692cd6ca22132d25d34ccd5b8fc99b969ff747b526873fa3b7c901d3b
        Y: ddf9c63590b4be9fceb0f41cbfe79132bb8b955d22b2c0a5dd53c539e20ac234
< HCI Command: Host Number of Compl.. (0x03|0x0035) plen 5  #63 [hci1] 6.322075
        Num handles: 1
        Handle: 3351 Address: DF:A9:FF:F6:B1:1A (OUI DF-A9-FF)
        Count: 1
< HCI Command: Host Number of Compl.. (0x03|0x0035) plen 5  #64 [hci1] 6.322259
        Num handles: 1
        Handle: 3351 Address: DF:A9:FF:F6:B1:1A (OUI DF-A9-FF)
        Count: 1
< HCI Command: Host Number of Compl.. (0x03|0x0035) plen 5  #65 [hci1] 6.322441
        Num handles: 1
        Handle: 3351 Address: DF:A9:FF:F6:B1:1A (OUI DF-A9-FF)
        Count: 1
< ACL Data TX: Handle 3351 flags 0x00 dlen 27               #66 [hci1] 6.322533
< ACL Data TX: Handle 3351 flags 0x01 dlen 27               #67 [hci1] 6.322543
< ACL Data TX: Handle 3351 flags 0x01 dlen 15               #68 [hci1] 6.322561
      SMP: Pairing Public Key (0x0c) len 64
        X: 98308440221e2d910f0e54b71e7ec652857aa9b5a0dc65028824cc19db1226e9
        Y: 67a4816bcb62efb21701e31fdb27561a6217575fb007a8bbdabe7e28b6f68482
> HCI Event: Number of Completed Packets (0x13) plen 5      #69 [hci1] 6.396764
        Num handles: 1
        Handle: 3351 Address: DF:A9:FF:F6:B1:1A (OUI DF-A9-FF)
        Count: 1
        #66: len 27 (2 Kb/s)
        Latency: 74 msec (74-173 msec ~122 msec)
> HCI Event: Number of Completed Packets (0x13) plen 5      #70 [hci1] 6.397596
        Num handles: 1
        Handle: 3351 Address: DF:A9:FF:F6:B1:1A (OUI DF-A9-FF)
        Count: 1
        #67: len 27 (2 Kb/s)
        Latency: 75 msec (74-173 msec ~98 msec)
> HCI Event: Number of Completed Packets (0x13) plen 5      #71 [hci1] 6.483642
        Num handles: 1
        Handle: 3351 Address: DF:A9:FF:F6:B1:1A (OUI DF-A9-FF)
        Count: 1
        #68: len 15 (0 Kb/s)
        Latency: 161 msec (74-173 msec ~129 msec)
> ACL Data RX: Handle 3351 flags 0x02 dlen 21               #72 [hci1] 7.446535
      SMP: Pairing Confirm (0x03) len 16
        Confim value: e4b2444ad04bc8b586d6ab1c79b6b05b
< HCI Command: Host Number of Compl.. (0x03|0x0035) plen 5  #73 [hci1] 7.462283
        Num handles: 1
        Handle: 3351 Address: DF:A9:FF:F6:B1:1A (OUI DF-A9-FF)
        Count: 1
< ACL Data TX: Handle 3351 flags 0x00 dlen 21               #74 [hci1] 7.462387
      SMP: Pairing Confirm (0x03) len 16
        Confim value: a1d3022f1b5836c3c9dd0be2bb60811c
> HCI Event: Number of Completed Packets (0x13) plen 5      #75 [hci1] 7.621291
        Num handles: 1
        Handle: 3351 Address: DF:A9:FF:F6:B1:1A (OUI DF-A9-FF)
        Count: 1
        #74: len 21 (1 Kb/s)
        Latency: 158 msec (74-173 msec ~144 msec)
> ACL Data RX: Handle 3351 flags 0x02 dlen 21               #76 [hci1] 7.621677
      SMP: Pairing Random (0x04) len 16
        Random value: b30b46fc611843a80000000000000000
< HCI Command: Host Number of Compl.. (0x03|0x0035) plen 5  #77 [hci1] 7.622509
        Num handles: 1
        Handle: 3351 Address: DF:A9:FF:F6:B1:1A (OUI DF-A9-FF)
        Count: 1
< ACL Data TX: Handle 3351 flags 0x00 dlen 21               #78 [hci1] 7.622664
      SMP: Pairing Random (0x04) len 16
        Random value: 8e6108f966a694cbe26df70bb96773e6
> HCI Event: Number of Completed Packets (0x13) plen 5      #79 [hci1] 7.796060
        Num handles: 1
        Handle: 3351 Address: DF:A9:FF:F6:B1:1A (OUI DF-A9-FF)
        Count: 1
        #78: len 21 (0 Kb/s)
        Latency: 173 msec (74-173 msec ~158 msec)
> ACL Data RX: Handle 3351 flags 0x02 dlen 21               #80 [hci1] 7.884054
      SMP: Pairing Confirm (0x03) len 16
        Confim value: e8e4bd97ef3e45bf4f7782859ebff809
< HCI Command: Host Number of Compl.. (0x03|0x0035) plen 5  #81 [hci1] 7.902197
        Num handles: 1
        Handle: 3351 Address: DF:A9:FF:F6:B1:1A (OUI DF-A9-FF)
        Count: 1
< ACL Data TX: Handle 3351 flags 0x00 dlen 21               #82 [hci1] 7.902266
      SMP: Pairing Confirm (0x03) len 16
        Confim value: 52d51fa82235224d5af953c6d3705651
> HCI Event: Number of Completed Packets (0x13) plen 5      #83 [hci1] 8.058766
        Num handles: 1
        Handle: 3351 Address: DF:A9:FF:F6:B1:1A (OUI DF-A9-FF)
        Count: 1
        #82: len 21 (1 Kb/s)
        Latency: 156 msec (74-173 msec ~157 msec)
> ACL Data RX: Handle 3351 flags 0x02 dlen 21               #84 [hci1] 8.059171
      SMP: Pairing Random (0x04) len 16
        Random value: 3082a25cf6bb45460000000000000000
< HCI Command: Host Number of Compl.. (0x03|0x0035) plen 5  #85 [hci1] 8.062408
        Num handles: 1
        Handle: 3351 Address: DF:A9:FF:F6:B1:1A (OUI DF-A9-FF)
        Count: 1
< ACL Data TX: Handle 3351 flags 0x00 dlen 21               #86 [hci1] 8.062563
      SMP: Pairing Random (0x04) len 16
        Random value: 4d02679f89a05211af56d8b3da64d21e
> HCI Event: Number of Completed Packets (0x13) plen 5      #87 [hci1] 8.233558
        Num handles: 1
        Handle: 3351 Address: DF:A9:FF:F6:B1:1A (OUI DF-A9-FF)
        Count: 1
        #86: len 21 (0 Kb/s)
        Latency: 170 msec (74-173 msec ~164 msec)
> ACL Data RX: Handle 3351 flags 0x02 dlen 21               #88 [hci1] 8.321475
      SMP: Pairing Confirm (0x03) len 16
        Confim value: d5e5883642d403296aafac3cbb9294d9
< HCI Command: Host Number of Compl.. (0x03|0x0035) plen 5  #89 [hci1] 8.321976
        Num handles: 1
        Handle: 3351 Address: DF:A9:FF:F6:B1:1A (OUI DF-A9-FF)
        Count: 1
< ACL Data TX: Handle 3351 flags 0x00 dlen 21               #90 [hci1] 8.322046
      SMP: Pairing Confirm (0x03) len 16
        Confim value: 95abae8a1c7eea698121459c6ac29318
> HCI Event: Number of Completed Packets (0x13) plen 5      #91 [hci1] 8.496335
        Num handles: 1
        Handle: 3351 Address: DF:A9:FF:F6:B1:1A (OUI DF-A9-FF)
        Count: 1
        #90: len 21 (0 Kb/s)
        Latency: 174 msec (74-174 msec ~169 msec)
> ACL Data RX: Handle 3351 flags 0x02 dlen 21               #92 [hci1] 8.496691
      SMP: Pairing Random (0x04) len 16
        Random value: c876d937084bd93c0000000000000000
< HCI Command: Host Number of Compl.. (0x03|0x0035) plen 5  #93 [hci1] 8.502418
        Num handles: 1
        Handle: 3351 Address: DF:A9:FF:F6:B1:1A (OUI DF-A9-FF)
        Count: 1
< ACL Data TX: Handle 3351 flags 0x00 dlen 21               #94 [hci1] 8.502530
      SMP: Pairing Random (0x04) len 16
        Random value: 5e8286bc235a02440d0c3424a2acf8fd
> HCI Event: Number of Completed Packets (0x13) plen 5      #95 [hci1] 8.671161
        Num handles: 1
        Handle: 3351 Address: DF:A9:FF:F6:B1:1A (OUI DF-A9-FF)
        Count: 1
        #94: len 21 (1 Kb/s)
        Latency: 168 msec (74-174 msec ~168 msec)
> ACL Data RX: Handle 3351 flags 0x02 dlen 21               #96 [hci1] 8.759039
      SMP: Pairing Confirm (0x03) len 16
        Confim value: 676eee48e805cd24d0ae82ba4731b9d4
< HCI Command: Host Number of Compl.. (0x03|0x0035) plen 5  #97 [hci1] 8.762093
        Num handles: 1
        Handle: 3351 Address: DF:A9:FF:F6:B1:1A (OUI DF-A9-FF)
        Count: 1
< ACL Data TX: Handle 3351 flags 0x00 dlen 21               #98 [hci1] 8.762173
      SMP: Pairing Confirm (0x03) len 16
        Confim value: 89f99ea72382752b8a7e38eec25f53c2
> HCI Event: Number of Completed Packets (0x13) plen 5      #99 [hci1] 8.933805
        Num handles: 1
        Handle: 3351 Address: DF:A9:FF:F6:B1:1A (OUI DF-A9-FF)
        Count: 1
        #98: len 21 (0 Kb/s)
        Latency: 171 msec (74-174 msec ~170 msec)
> ACL Data RX: Handle 3351 flags 0x02 dlen 21              #100 [hci1] 8.934196
      SMP: Pairing Random (0x04) len 16
        Random value: 59dce562808408760000000000000000
< HCI Command: Host Number of Comp.. (0x03|0x0035) plen 5  #101 [hci1] 8.942418
        Num handles: 1
        Handle: 3351 Address: DF:A9:FF:F6:B1:1A (OUI DF-A9-FF)
        Count: 1
< ACL Data TX: Handle 3351 flags 0x00 dlen 21              #102 [hci1] 8.942493
      SMP: Pairing Random (0x04) len 16
        Random value: 5c4a1bcadd27bd58e945097b00bad7ac
> HCI Event: Number of Completed Packets (0x13) plen 5     #103 [hci1] 9.108594
        Num handles: 1
        Handle: 3351 Address: DF:A9:FF:F6:B1:1A (OUI DF-A9-FF)
        Count: 1
        #102: len 21 (1 Kb/s)
        Latency: 166 msec (74-174 msec ~168 msec)
> ACL Data RX: Handle 3351 flags 0x02 dlen 21              #104 [hci1] 9.196505
      SMP: Pairing Confirm (0x03) len 16
        Confim value: b45e6606e1c829f0f92db802a6306756
< HCI Command: Host Number of Comp.. (0x03|0x0035) plen 5  #105 [hci1] 9.201969
        Num handles: 1
        Handle: 3351 Address: DF:A9:FF:F6:B1:1A (OUI DF-A9-FF)
        Count: 1
< ACL Data TX: Handle 3351 flags 0x00 dlen 21              #106 [hci1] 9.202015
      SMP: Pairing Confirm (0x03) len 16
        Confim value: b48a860cfedd4db35abf7e4a868fce2e
> HCI Event: Number of Completed Packets (0x13) plen 5     #107 [hci1] 9.371298
        Num handles: 1
        Handle: 3351 Address: DF:A9:FF:F6:B1:1A (OUI DF-A9-FF)
        Count: 1
        #106: len 21 (0 Kb/s)
        Latency: 169 msec (74-174 msec ~168 msec)
> ACL Data RX: Handle 3351 flags 0x02 dlen 21              #108 [hci1] 9.371636
      SMP: Pairing Random (0x04) len 16
        Random value: 2b89eb35efb471f70000000000000000
< HCI Command: Host Number of Comp.. (0x03|0x0035) plen 5  #109 [hci1] 9.382031
        Num handles: 1
        Handle: 3351 Address: DF:A9:FF:F6:B1:1A (OUI DF-A9-FF)
        Count: 1
< ACL Data TX: Handle 3351 flags 0x00 dlen 21              #110 [hci1] 9.382064
      SMP: Pairing Random (0x04) len 16
        Random value: 32527e6e64e79f33b2e374394db8ab2d
> HCI Event: Number of Completed Packets (0x13) plen 5     #111 [hci1] 9.546125
        Num handles: 1
        Handle: 3351 Address: DF:A9:FF:F6:B1:1A (OUI DF-A9-FF)
        Count: 1
        #110: len 21 (1 Kb/s)
        Latency: 164 msec (74-174 msec ~166 msec)
> ACL Data RX: Handle 3351 flags 0x02 dlen 21              #112 [hci1] 9.633967
      SMP: Pairing Confirm (0x03) len 16
        Confim value: 9ed7cefa37b19b23cd1684eeb8154648
< HCI Command: Host Number of Comp.. (0x03|0x0035) plen 5  #113 [hci1] 9.642240
        Num handles: 1
        Handle: 3351 Address: DF:A9:FF:F6:B1:1A (OUI DF-A9-FF)
        Count: 1
< ACL Data TX: Handle 3351 flags 0x00 dlen 21              #114 [hci1] 9.642320
      SMP: Pairing Confirm (0x03) len 16
        Confim value: 760f85ab8cde407a0b0b32f5172b9c82
> HCI Event: Number of Completed Packets (0x13) plen 5     #115 [hci1] 9.808892
        Num handles: 1
        Handle: 3351 Address: DF:A9:FF:F6:B1:1A (OUI DF-A9-FF)
        Count: 1
        #114: len 21 (1 Kb/s)
        Latency: 166 msec (74-174 msec ~166 msec)
> ACL Data RX: Handle 3351 flags 0x02 dlen 21              #116 [hci1] 9.809156
      SMP: Pairing Random (0x04) len 16
        Random value: eb784dd7a1ff98c80000000000000000
< HCI Command: Host Number of Comp.. (0x03|0x0035) plen 5  #117 [hci1] 9.822369
        Num handles: 1
        Handle: 3351 Address: DF:A9:FF:F6:B1:1A (OUI DF-A9-FF)
        Count: 1
< ACL Data TX: Handle 3351 flags 0x00 dlen 21              #118 [hci1] 9.822479
      SMP: Pairing Random (0x04) len 16
        Random value: dddbdfe2838e9a8cc6964353c850fef7
> HCI Event: Number of Completed Packets (0x13) plen 5     #119 [hci1] 9.983583
        Num handles: 1
        Handle: 3351 Address: DF:A9:FF:F6:B1:1A (OUI DF-A9-FF)
        Count: 1
        #118: len 21 (1 Kb/s)
        Latency: 161 msec (74-174 msec ~163 msec)
> ACL Data RX: Handle 3351 flags 0x02 dlen 21             #120 [hci1] 10.071501
      SMP: Pairing Confirm (0x03) len 16
        Confim value: a9108afd96e90454c50b888c728e3354
< HCI Command: Host Number of Com.. (0x03|0x0035) plen 5  #121 [hci1] 10.082191
        Num handles: 1
        Handle: 3351 Address: DF:A9:FF:F6:B1:1A (OUI DF-A9-FF)
        Count: 1
< ACL Data TX: Handle 3351 flags 0x00 dlen 21             #122 [hci1] 10.082287
      SMP: Pairing Confirm (0x03) len 16
        Confim value: 1bc1bfaa9a310c62b7750bc9ed1cdc43
> HCI Event: Number of Completed Packets (0x13) plen 5    #123 [hci1] 10.246317
        Num handles: 1
        Handle: 3351 Address: DF:A9:FF:F6:B1:1A (OUI DF-A9-FF)
        Count: 1
        #122: len 21 (1 Kb/s)
        Latency: 164 msec (74-174 msec ~163 msec)
> ACL Data RX: Handle 3351 flags 0x02 dlen 21             #124 [hci1] 10.246755
      SMP: Pairing Random (0x04) len 16
        Random value: 3e2b4125eb9b73710000000000000000
< HCI Command: Host Number of Com.. (0x03|0x0035) plen 5  #125 [hci1] 10.262475
        Num handles: 1
        Handle: 3351 Address: DF:A9:FF:F6:B1:1A (OUI DF-A9-FF)
        Count: 1
< ACL Data TX: Handle 3351 flags 0x00 dlen 21             #126 [hci1] 10.262500
      SMP: Pairing Random (0x04) len 16
        Random value: eb9f1915536596b6fc3db1c86b2b1970
> HCI Event: Number of Completed Packets (0x13) plen 5    #127 [hci1] 10.421106
        Num handles: 1
        Handle: 3351 Address: DF:A9:FF:F6:B1:1A (OUI DF-A9-FF)
        Count: 1
        #126: len 21 (1 Kb/s)
        Latency: 158 msec (74-174 msec ~161 msec)
> ACL Data RX: Handle 3351 flags 0x02 dlen 21             #128 [hci1] 10.508919
      SMP: Pairing Confirm (0x03) len 16
        Confim value: 7579cca5ccd56a9a7c6a3a5da7417bbe
< HCI Command: Host Number of Com.. (0x03|0x0035) plen 5  #129 [hci1] 10.522266
        Num handles: 1
        Handle: 3351 Address: DF:A9:FF:F6:B1:1A (OUI DF-A9-FF)
        Count: 1
< ACL Data TX: Handle 3351 flags 0x00 dlen 21             #130 [hci1] 10.522394
      SMP: Pairing Confirm (0x03) len 16
        Confim value: ebf5eb5ccba787edf7f662648e233c53
> HCI Event: Number of Completed Packets (0x13) plen 5    #131 [hci1] 10.683754
        Num handles: 1
        Handle: 3351 Address: DF:A9:FF:F6:B1:1A (OUI DF-A9-FF)
        Count: 1
        #130: len 21 (1 Kb/s)
        Latency: 161 msec (74-174 msec ~161 msec)
> ACL Data RX: Handle 3351 flags 0x02 dlen 21             #132 [hci1] 10.684075
      SMP: Pairing Random (0x04) len 16
        Random value: 553ad3e3885e062e0000000000000000
< HCI Command: Host Number of Com.. (0x03|0x0035) plen 5  #133 [hci1] 10.702436
        Num handles: 1
        Handle: 3351 Address: DF:A9:FF:F6:B1:1A (OUI DF-A9-FF)
        Count: 1
< ACL Data TX: Handle 3351 flags 0x00 dlen 21             #134 [hci1] 10.702517
      SMP: Pairing Random (0x04) len 16
        Random value: 5c794dc9ad9f2c3f295ebd5ad5e1c3cf
> HCI Event: Number of Completed Packets (0x13) plen 5    #135 [hci1] 10.858548
        Num handles: 1
        Handle: 3351 Address: DF:A9:FF:F6:B1:1A (OUI DF-A9-FF)
        Count: 1
        #134: len 21 (1 Kb/s)
        Latency: 156 msec (74-174 msec ~158 msec)
> ACL Data RX: Handle 3351 flags 0x02 dlen 21             #136 [hci1] 10.946475
      SMP: Pairing Confirm (0x03) len 16
        Confim value: 29990bbb2b9fee54cc47bad70b8c8bc8
< HCI Command: Host Number of Com.. (0x03|0x0035) plen 5  #137 [hci1] 10.962278
        Num handles: 1
        Handle: 3351 Address: DF:A9:FF:F6:B1:1A (OUI DF-A9-FF)
        Count: 1
< ACL Data TX: Handle 3351 flags 0x00 dlen 21             #138 [hci1] 10.962359
      SMP: Pairing Confirm (0x03) len 16
        Confim value: 23672026839316cd78fed8960cf64062
> HCI Event: Number of Completed Packets (0x13) plen 5    #139 [hci1] 11.121276
        Num handles: 1
        Handle: 3351 Address: DF:A9:FF:F6:B1:1A (OUI DF-A9-FF)
        Count: 1
        #138: len 21 (1 Kb/s)
        Latency: 158 msec (74-174 msec ~158 msec)
> ACL Data RX: Handle 3351 flags 0x02 dlen 21             #140 [hci1] 11.121650
      SMP: Pairing Random (0x04) len 16
        Random value: 0caf2ffcae04f3c40000000000000000
< HCI Command: Host Number of Com.. (0x03|0x0035) plen 5  #141 [hci1] 11.122306
        Num handles: 1
        Handle: 3351 Address: DF:A9:FF:F6:B1:1A (OUI DF-A9-FF)
        Count: 1
< ACL Data TX: Handle 3351 flags 0x00 dlen 21             #142 [hci1] 11.122410
      SMP: Pairing Random (0x04) len 16
        Random value: 5c2fff312cdf99c9491988e877355a9a
> HCI Event: Number of Completed Packets (0x13) plen 5    #143 [hci1] 11.296064
        Num handles: 1
        Handle: 3351 Address: DF:A9:FF:F6:B1:1A (OUI DF-A9-FF)
        Count: 1
        #142: len 21 (0 Kb/s)
        Latency: 173 msec (74-174 msec ~166 msec)
> ACL Data RX: Handle 3351 flags 0x02 dlen 21             #144 [hci1] 11.384000
      SMP: Pairing Confirm (0x03) len 16
        Confim value: f9843ad3316b0f85ea454d307ef69486
< HCI Command: Host Number of Com.. (0x03|0x0035) plen 5  #145 [hci1] 11.402019
        Num handles: 1
        Handle: 3351 Address: DF:A9:FF:F6:B1:1A (OUI DF-A9-FF)
        Count: 1
< ACL Data TX: Handle 3351 flags 0x00 dlen 21             #146 [hci1] 11.402133
      SMP: Pairing Confirm (0x03) len 16
        Confim value: 16012455d83ecc110feb724ec1f27f7b
> HCI Event: Number of Completed Packets (0x13) plen 5    #147 [hci1] 11.558875
        Num handles: 1
        Handle: 3351 Address: DF:A9:FF:F6:B1:1A (OUI DF-A9-FF)
        Count: 1
        #146: len 21 (1 Kb/s)
        Latency: 156 msec (74-174 msec ~161 msec)
> ACL Data RX: Handle 3351 flags 0x02 dlen 21             #148 [hci1] 11.559104
      SMP: Pairing Random (0x04) len 16
        Random value: 2c21261db88b4b260000000000000000
< HCI Command: Host Number of Com.. (0x03|0x0035) plen 5  #149 [hci1] 11.562430
        Num handles: 1
        Handle: 3351 Address: DF:A9:FF:F6:B1:1A (OUI DF-A9-FF)
        Count: 1
< ACL Data TX: Handle 3351 flags 0x00 dlen 21             #150 [hci1] 11.562549
      SMP: Pairing Random (0x04) len 16
        Random value: c629a3a987d808e808655d558dfc1155
> HCI Event: Number of Completed Packets (0x13) plen 5    #151 [hci1] 11.733579
        Num handles: 1
        Handle: 3351 Address: DF:A9:FF:F6:B1:1A (OUI DF-A9-FF)
        Count: 1
        #150: len 21 (0 Kb/s)
        Latency: 171 msec (74-174 msec ~166 msec)
> ACL Data RX: Handle 3351 flags 0x02 dlen 21             #152 [hci1] 11.821370
      SMP: Pairing Confirm (0x03) len 16
        Confim value: a8550180b77bb786deca95111add3966
< HCI Command: Host Number of Com.. (0x03|0x0035) plen 5  #153 [hci1] 11.821990
        Num handles: 1
        Handle: 3351 Address: DF:A9:FF:F6:B1:1A (OUI DF-A9-FF)
        Count: 1
< ACL Data TX: Handle 3351 flags 0x00 dlen 21             #154 [hci1] 11.822049
      SMP: Pairing Confirm (0x03) len 16
        Confim value: 71a309e9250ff1b435223921de891714
> HCI Event: Number of Completed Packets (0x13) plen 5    #155 [hci1] 11.996240
        Num handles: 1
        Handle: 3351 Address: DF:A9:FF:F6:B1:1A (OUI DF-A9-FF)
        Count: 1
        #154: len 21 (0 Kb/s)
        Latency: 174 msec (74-174 msec ~170 msec)
> ACL Data RX: Handle 3351 flags 0x02 dlen 21             #156 [hci1] 11.996541
      SMP: Pairing Random (0x04) len 16
        Random value: b428cf47e1386c9e0000000000000000
< HCI Command: Host Number of Com.. (0x03|0x0035) plen 5  #157 [hci1] 12.002440
        Num handles: 1
        Handle: 3351 Address: DF:A9:FF:F6:B1:1A (OUI DF-A9-FF)
        Count: 1
< ACL Data TX: Handle 3351 flags 0x00 dlen 21             #158 [hci1] 12.002487
      SMP: Pairing Random (0x04) len 16
        Random value: 92f20f6ad8f13724432c7fd6001c45ff
> HCI Event: Number of Completed Packets (0x13) plen 5    #159 [hci1] 12.171065
        Num handles: 1
        Handle: 3351 Address: DF:A9:FF:F6:B1:1A (OUI DF-A9-FF)
        Count: 1
        #158: len 21 (1 Kb/s)
        Latency: 168 msec (74-174 msec ~169 msec)
> ACL Data RX: Handle 3351 flags 0x02 dlen 21             #160 [hci1] 12.258915
      SMP: Pairing Confirm (0x03) len 16
        Confim value: 5ea43073b082ec54e2e5278f0c44bb3c
< HCI Command: Host Number of Com.. (0x03|0x0035) plen 5  #161 [hci1] 12.262042
        Num handles: 1
        Handle: 3351 Address: DF:A9:FF:F6:B1:1A (OUI DF-A9-FF)
        Count: 1
< ACL Data TX: Handle 3351 flags 0x00 dlen 21             #162 [hci1] 12.262109
      SMP: Pairing Confirm (0x03) len 16
        Confim value: 6720249633167bcce08c1dd70fca87d6
> HCI Event: Number of Completed Packets (0x13) plen 5    #163 [hci1] 12.433804
        Num handles: 1
        Handle: 3351 Address: DF:A9:FF:F6:B1:1A (OUI DF-A9-FF)
        Count: 1
        #162: len 21 (0 Kb/s)
        Latency: 171 msec (74-174 msec ~170 msec)
> ACL Data RX: Handle 3351 flags 0x02 dlen 21             #164 [hci1] 12.434163
      SMP: Pairing Random (0x04) len 16
        Random value: 422d257d532fb4740000000000000000
< HCI Command: Host Number of Com.. (0x03|0x0035) plen 5  #165 [hci1] 12.442273
        Num handles: 1
        Handle: 3351 Address: DF:A9:FF:F6:B1:1A (OUI DF-A9-FF)
        Count: 1
< ACL Data TX: Handle 3351 flags 0x00 dlen 21             #166 [hci1] 12.442333
      SMP: Pairing Random (0x04) len 16
        Random value: 23ac32ebbb5e14c8a6b9622f296d277f
> HCI Event: Number of Completed Packets (0x13) plen 5    #167 [hci1] 12.608565
        Num handles: 1
        Handle: 3351 Address: DF:A9:FF:F6:B1:1A (OUI DF-A9-FF)
        Count: 1
        #166: len 21 (1 Kb/s)
        Latency: 166 msec (74-174 msec ~168 msec)
> ACL Data RX: Handle 3351 flags 0x02 dlen 21             #168 [hci1] 12.696430
      SMP: Pairing Confirm (0x03) len 16
        Confim value: 261ee031bf0d887d9200515e6494faac
< HCI Command: Host Number of Com.. (0x03|0x0035) plen 5  #169 [hci1] 12.701987
        Num handles: 1
        Handle: 3351 Address: DF:A9:FF:F6:B1:1A (OUI DF-A9-FF)
        Count: 1
< ACL Data TX: Handle 3351 flags 0x00 dlen 21             #170 [hci1] 12.702062
      SMP: Pairing Confirm (0x03) len 16
        Confim value: 6cc3f4493d53c426991aec94d178fb34
> HCI Event: Number of Completed Packets (0x13) plen 5    #171 [hci1] 12.871236
        Num handles: 1
        Handle: 3351 Address: DF:A9:FF:F6:B1:1A (OUI DF-A9-FF)
        Count: 1
        #170: len 21 (0 Kb/s)
        Latency: 169 msec (74-174 msec ~168 msec)
> ACL Data RX: Handle 3351 flags 0x02 dlen 21             #172 [hci1] 12.871605
      SMP: Pairing Random (0x04) len 16
        Random value: d4bdb7c600b857f90000000000000000
< HCI Command: Host Number of Com.. (0x03|0x0035) plen 5  #173 [hci1] 12.882464
        Num handles: 1
        Handle: 3351 Address: DF:A9:FF:F6:B1:1A (OUI DF-A9-FF)
        Count: 1
< ACL Data TX: Handle 3351 flags 0x00 dlen 21             #174 [hci1] 12.882516
      SMP: Pairing Random (0x04) len 16
        Random value: 297efe85e67448a15f56bd27e3a3cf1d
> HCI Event: Number of Completed Packets (0x13) plen 5    #175 [hci1] 13.046135
        Num handles: 1
        Handle: 3351 Address: DF:A9:FF:F6:B1:1A (OUI DF-A9-FF)
        Count: 1
        #174: len 21 (1 Kb/s)
        Latency: 163 msec (74-174 msec ~166 msec)
> ACL Data RX: Handle 3351 flags 0x02 dlen 21             #176 [hci1] 13.133948
      SMP: Pairing Confirm (0x03) len 16
        Confim value: 819312ebdcb07c88b547077556fb91f9
< HCI Command: Host Number of Com.. (0x03|0x0035) plen 5  #177 [hci1] 13.142281
        Num handles: 1
        Handle: 3351 Address: DF:A9:FF:F6:B1:1A (OUI DF-A9-FF)
        Count: 1
< ACL Data TX: Handle 3351 flags 0x00 dlen 21             #178 [hci1] 13.142387
      SMP: Pairing Confirm (0x03) len 16
        Confim value: 121470c6ab19d12da24b6799a1141866
> HCI Event: Number of Completed Packets (0x13) plen 5    #179 [hci1] 13.308682
        Num handles: 1
        Handle: 3351 Address: DF:A9:FF:F6:B1:1A (OUI DF-A9-FF)
        Count: 1
        #178: len 21 (1 Kb/s)
        Latency: 166 msec (74-174 msec ~166 msec)
> ACL Data RX: Handle 3351 flags 0x02 dlen 21             #180 [hci1] 13.309149
      SMP: Pairing Random (0x04) len 16
        Random value: da8b600ebb89885c0000000000000000
< HCI Command: Host Number of Com.. (0x03|0x0035) plen 5  #181 [hci1] 13.322540
        Num handles: 1
        Handle: 3351 Address: DF:A9:FF:F6:B1:1A (OUI DF-A9-FF)
        Count: 1
< ACL Data TX: Handle 3351 flags 0x00 dlen 21             #182 [hci1] 13.322651
      SMP: Pairing Random (0x04) len 16
        Random value: 25a9493fd3ce4faf02be7293595bb7c6
> HCI Event: Number of Completed Packets (0x13) plen 5    #183 [hci1] 13.483549
        Num handles: 1
        Handle: 3351 Address: DF:A9:FF:F6:B1:1A (OUI DF-A9-FF)
        Count: 1
        #182: len 21 (1 Kb/s)
        Latency: 160 msec (74-174 msec ~163 msec)
> ACL Data RX: Handle 3351 flags 0x02 dlen 21             #184 [hci1] 13.571368
      SMP: Pairing Confirm (0x03) len 16
        Confim value: c67be8c578d6fef1641e5602361d3fcf
< HCI Command: Host Number of Com.. (0x03|0x0035) plen 5  #185 [hci1] 13.582164
        Num handles: 1
        Handle: 3351 Address: DF:A9:FF:F6:B1:1A (OUI DF-A9-FF)
        Count: 1
< ACL Data TX: Handle 3351 flags 0x00 dlen 21             #186 [hci1] 13.582265
      SMP: Pairing Confirm (0x03) len 16
        Confim value: 954b7a25060c85ad5d8dcc102e9d1c2b
> HCI Event: Number of Completed Packets (0x13) plen 5    #187 [hci1] 13.746249
        Num handles: 1
        Handle: 3351 Address: DF:A9:FF:F6:B1:1A (OUI DF-A9-FF)
        Count: 1
        #186: len 21 (1 Kb/s)
        Latency: 163 msec (74-174 msec ~163 msec)
> ACL Data RX: Handle 3351 flags 0x02 dlen 21             #188 [hci1] 13.746621
      SMP: Pairing Random (0x04) len 16
        Random value: 922cb8a64be3250f0000000000000000
< HCI Command: Host Number of Com.. (0x03|0x0035) plen 5  #189 [hci1] 13.762266
        Num handles: 1
        Handle: 3351 Address: DF:A9:FF:F6:B1:1A (OUI DF-A9-FF)
        Count: 1
< ACL Data TX: Handle 3351 flags 0x00 dlen 21             #190 [hci1] 13.762388
      SMP: Pairing Random (0x04) len 16
        Random value: 58f6b41f855a6f6c3560debd84e2affc
> HCI Event: Number of Completed Packets (0x13) plen 5    #191 [hci1] 13.920978
        Num handles: 1
        Handle: 3351 Address: DF:A9:FF:F6:B1:1A (OUI DF-A9-FF)
        Count: 1
        #190: len 21 (1 Kb/s)
        Latency: 158 msec (74-174 msec ~161 msec)
> ACL Data RX: Handle 3351 flags 0x02 dlen 21             #192 [hci1] 14.008929
      SMP: Pairing Confirm (0x03) len 16
        Confim value: 06a8bdd7430986e7394722ae16bff770
< HCI Command: Host Number of Com.. (0x03|0x0035) plen 5  #193 [hci1] 14.022295
        Num handles: 1
        Handle: 3351 Address: DF:A9:FF:F6:B1:1A (OUI DF-A9-FF)
        Count: 1
< ACL Data TX: Handle 3351 flags 0x00 dlen 21             #194 [hci1] 14.022474
      SMP: Pairing Confirm (0x03) len 16
        Confim value: 15c4d1d981ebb44cdbb358ed790614a9
> HCI Event: Number of Completed Packets (0x13) plen 5    #195 [hci1] 14.183738
        Num handles: 1
        Handle: 3351 Address: DF:A9:FF:F6:B1:1A (OUI DF-A9-FF)
        Count: 1
        #194: len 21 (1 Kb/s)
        Latency: 161 msec (74-174 msec ~161 msec)
> ACL Data RX: Handle 3351 flags 0x02 dlen 21             #196 [hci1] 14.184010
      SMP: Pairing Random (0x04) len 16
        Random value: 1ab790fa8fc367500000000000000000
< HCI Command: Host Number of Com.. (0x03|0x0035) plen 5  #197 [hci1] 14.202609
        Num handles: 1
        Handle: 3351 Address: DF:A9:FF:F6:B1:1A (OUI DF-A9-FF)
        Count: 1
< ACL Data TX: Handle 3351 flags 0x00 dlen 21             #198 [hci1] 14.202766
      SMP: Pairing Random (0x04) len 16
        Random value: b67e7216d5bf664139eda2b542549666
> HCI Event: Number of Completed Packets (0x13) plen 5    #199 [hci1] 14.358511
        Num handles: 1
        Handle: 3351 Address: DF:A9:FF:F6:B1:1A (OUI DF-A9-FF)
        Count: 1
        #198: len 21 (1 Kb/s)
        Latency: 155 msec (74-174 msec ~158 msec)
> ACL Data RX: Handle 3351 flags 0x02 dlen 21             #200 [hci1] 14.446388
      SMP: Pairing Confirm (0x03) len 16
        Confim value: 057ef02a154242be158686c924c11e2e
< HCI Command: Host Number of Com.. (0x03|0x0035) plen 5  #201 [hci1] 14.462277
        Num handles: 1
        Handle: 3351 Address: DF:A9:FF:F6:B1:1A (OUI DF-A9-FF)
        Count: 1
< ACL Data TX: Handle 3351 flags 0x00 dlen 21             #202 [hci1] 14.462370
      SMP: Pairing Confirm (0x03) len 16
        Confim value: c404e70da8011c3ab11019cc764054d6
> HCI Event: Number of Completed Packets (0x13) plen 5    #203 [hci1] 14.621236
        Num handles: 1
        Handle: 3351 Address: DF:A9:FF:F6:B1:1A (OUI DF-A9-FF)
        Count: 1
        #202: len 21 (1 Kb/s)
        Latency: 158 msec (74-174 msec ~158 msec)
> ACL Data RX: Handle 3351 flags 0x02 dlen 21             #204 [hci1] 14.621592
      SMP: Pairing Random (0x04) len 16
        Random value: 5687fc8730a053e40000000000000000
< HCI Command: Host Number of Com.. (0x03|0x0035) plen 5  #205 [hci1] 14.622411
        Num handles: 1
        Handle: 3351 Address: DF:A9:FF:F6:B1:1A (OUI DF-A9-FF)
        Count: 1
< ACL Data TX: Handle 3351 flags 0x00 dlen 21             #206 [hci1] 14.622464
      SMP: Pairing Random (0x04) len 16
        Random value: ed17f76500c95219dd01e09d1e63f87b
> HCI Event: Number of Completed Packets (0x13) plen 5    #207 [hci1] 14.796038
        Num handles: 1
        Handle: 3351 Address: DF:A9:FF:F6:B1:1A (OUI DF-A9-FF)
        Count: 1
        #206: len 21 (0 Kb/s)
        Latency: 173 msec (74-174 msec ~166 msec)
> ACL Data RX: Handle 3351 flags 0x02 dlen 21             #208 [hci1] 14.883855
      SMP: Pairing Confirm (0x03) len 16
        Confim value: 16086f6a0a008be400514694e743f40a
< HCI Command: Host Number of Com.. (0x03|0x0035) plen 5  #209 [hci1] 14.902276
        Num handles: 1
        Handle: 3351 Address: DF:A9:FF:F6:B1:1A (OUI DF-A9-FF)
        Count: 1
< ACL Data TX: Handle 3351 flags 0x00 dlen 21             #210 [hci1] 14.902355
      SMP: Pairing Confirm (0x03) len 16
        Confim value: b24601170868389e33774b6618e92ca7
> HCI Event: Number of Completed Packets (0x13) plen 5    #211 [hci1] 15.058743
        Num handles: 1
        Handle: 3351 Address: DF:A9:FF:F6:B1:1A (OUI DF-A9-FF)
        Count: 1
        #210: len 21 (1 Kb/s)
        Latency: 156 msec (74-174 msec ~161 msec)
> ACL Data RX: Handle 3351 flags 0x02 dlen 21             #212 [hci1] 15.059145
      SMP: Pairing Random (0x04) len 16
        Random value: 0ec42199e8b4eb980000000000000000
< HCI Command: Host Number of Com.. (0x03|0x0035) plen 5  #213 [hci1] 15.062502
        Num handles: 1
        Handle: 3351 Address: DF:A9:FF:F6:B1:1A (OUI DF-A9-FF)
        Count: 1
< ACL Data TX: Handle 3351 flags 0x00 dlen 21             #214 [hci1] 15.062663
      SMP: Pairing Random (0x04) len 16
        Random value: 81d35d47e1f6006d79c974bd9d9e1ee3
> HCI Event: Number of Completed Packets (0x13) plen 5    #215 [hci1] 15.233501
        Num handles: 1
        Handle: 3351 Address: DF:A9:FF:F6:B1:1A (OUI DF-A9-FF)
        Count: 1
        #214: len 21 (0 Kb/s)
        Latency: 170 msec (74-174 msec ~166 msec)
> ACL Data RX: Handle 3351 flags 0x02 dlen 21             #216 [hci1] 15.321294
      SMP: Pairing Confirm (0x03) len 16
        Confim value: 0e8d5e5a0aa98e6ed115d7f7eeaea987
< HCI Command: Host Number of Com.. (0x03|0x0035) plen 5  #217 [hci1] 15.321961
        Num handles: 1
        Handle: 3351 Address: DF:A9:FF:F6:B1:1A (OUI DF-A9-FF)
        Count: 1
< ACL Data TX: Handle 3351 flags 0x00 dlen 21             #218 [hci1] 15.321994
      SMP: Pairing Confirm (0x03) len 16
        Confim value: 331318efd07a87f13148d22520f41e3b
> HCI Event: Number of Completed Packets (0x13) plen 5    #219 [hci1] 15.496187
        Num handles: 1
        Handle: 3351 Address: DF:A9:FF:F6:B1:1A (OUI DF-A9-FF)
        Count: 1
        #218: len 21 (0 Kb/s)
        Latency: 174 msec (74-174 msec ~170 msec)
> ACL Data RX: Handle 3351 flags 0x02 dlen 21             #220 [hci1] 15.496560
      SMP: Pairing Random (0x04) len 16
        Random value: fcc497472a81e27e0000000000000000
< HCI Command: Host Number of Com.. (0x03|0x0035) plen 5  #221 [hci1] 15.502534
        Num handles: 1
        Handle: 3351 Address: DF:A9:FF:F6:B1:1A (OUI DF-A9-FF)
        Count: 1
< ACL Data TX: Handle 3351 flags 0x00 dlen 21             #222 [hci1] 15.502555
      SMP: Pairing Random (0x04) len 16
        Random value: e7f7e0c2476823e41736a7e381bafb7c
> HCI Event: Number of Completed Packets (0x13) plen 5    #223 [hci1] 15.671037
        Num handles: 1
        Handle: 3351 Address: DF:A9:FF:F6:B1:1A (OUI DF-A9-FF)
        Count: 1
        #222: len 21 (1 Kb/s)
        Latency: 168 msec (74-174 msec ~169 msec)
> ACL Data RX: Handle 3351 flags 0x02 dlen 21             #224 [hci1] 15.758795
      SMP: Pairing Confirm (0x03) len 16
        Confim value: 5f1fe27bb361c757baf3f88ee054d2db
< HCI Command: Host Number of Com.. (0x03|0x0035) plen 5  #225 [hci1] 15.761936
        Num handles: 1
        Handle: 3351 Address: DF:A9:FF:F6:B1:1A (OUI DF-A9-FF)
        Count: 1
< ACL Data TX: Handle 3351 flags 0x00 dlen 21             #226 [hci1] 15.762013
      SMP: Pairing Confirm (0x03) len 16
        Confim value: 7d3e5d347280eddb9f4004979d85d389
> HCI Event: Number of Completed Packets (0x13) plen 5    #227 [hci1] 15.933696
        Num handles: 1
        Handle: 3351 Address: DF:A9:FF:F6:B1:1A (OUI DF-A9-FF)
        Count: 1
        #226: len 21 (0 Kb/s)
        Latency: 171 msec (74-174 msec ~170 msec)
> ACL Data RX: Handle 3351 flags 0x02 dlen 21             #228 [hci1] 15.934070
      SMP: Pairing Random (0x04) len 16
        Random value: ad90c6c1e698e4750000000000000000
< HCI Command: Host Number of Com.. (0x03|0x0035) plen 5  #229 [hci1] 15.942515
        Num handles: 1
        Handle: 3351 Address: DF:A9:FF:F6:B1:1A (OUI DF-A9-FF)
        Count: 1
< ACL Data TX: Handle 3351 flags 0x00 dlen 21             #230 [hci1] 15.942590
      SMP: Pairing Random (0x04) len 16
        Random value: fc8b40d9b0b09bc4296bf8753a8f6e1f
> HCI Event: Number of Completed Packets (0x13) plen 5    #231 [hci1] 16.108494
        Num handles: 1
        Handle: 3351 Address: DF:A9:FF:F6:B1:1A (OUI DF-A9-FF)
        Count: 1
        #230: len 21 (1 Kb/s)
        Latency: 165 msec (74-174 msec ~168 msec)
> ACL Data RX: Handle 3351 flags 0x02 dlen 21             #232 [hci1] 16.283845
      SMP: Pairing DHKey Check (0x0d) len 16
        E: b11c89c2f9a0a0363b4ae1b192ddd73f
< HCI Command: Host Number of Com.. (0x03|0x0035) plen 5  #233 [hci1] 16.302697
        Num handles: 1
        Handle: 3351 Address: DF:A9:FF:F6:B1:1A (OUI DF-A9-FF)
        Count: 1
< ACL Data TX: Handle 3351 flags 0x00 dlen 21             #234 [hci1] 16.302804
      SMP: Pairing DHKey Check (0x0d) len 16
        E: e7cae3bfb3b69c24117b13999a09c472
> HCI Event: Number of Completed Packets (0x13) plen 5    #235 [hci1] 16.458548
        Num handles: 1
        Handle: 3351 Address: DF:A9:FF:F6:B1:1A (OUI DF-A9-FF)
        Count: 1
        #234: len 21 (1 Kb/s)
        Latency: 155 msec (74-174 msec ~161 msec)
> HCI Event: LE Meta Event (0x3e) plen 13                 #236 [hci1] 16.546694
      LE Long Term Key Request (0x05)
        Handle: 3351 Address: DF:A9:FF:F6:B1:1A (OUI DF-A9-FF)
        Random number: 0x0000000000000000
        Encrypted diversifier: 0x0000
< HCI Command: LE Long Term Key... (0x08|0x001a) plen 18  #237 [hci1] 16.562114
        Handle: 3351 Address: DF:A9:FF:F6:B1:1A (OUI DF-A9-FF)
        Long term key: 8fd75a6ab79c50897e4d7ae1ad614359
> HCI Event: Command Complete (0x0e) plen 6               #238 [hci1] 16.562816
      LE Long Term Key Request Reply (0x08|0x001a) ncmd 1
        Status: Success (0x00)
        Handle: 3351 Address: DF:A9:FF:F6:B1:1A (OUI DF-A9-FF)
> HCI Event: Encryption Change (0x08) plen 4              #239 [hci1] 16.983807
        Status: Success (0x00)
        Handle: 3351 Address: DF:A9:FF:F6:B1:1A (OUI DF-A9-FF)
        Encryption: Enabled with AES-CCM (0x01)
> ACL Data RX: Handle 3351 flags 0x02 dlen 21             #240 [hci1] 17.071351
      SMP: Identity Information (0x08) len 16
        Identity resolving key: 963939724f90f3440fe95bf19ebe9557
< HCI Command: Host Number of Com.. (0x03|0x0035) plen 5  #241 [hci1] 17.112465
        Num handles: 1
        Handle: 3351 Address: DF:A9:FF:F6:B1:1A (OUI DF-A9-FF)
        Count: 1
> ACL Data RX: Handle 3351 flags 0x02 dlen 12             #242 [hci1] 17.246205
      SMP: Identity Address Information (0x09) len 7
        Address: DF:A9:FF:F6:B1:1A (OUI DF-A9-FF)
< HCI Command: LE Add Device To... (0x08|0x0027) plen 39  #243 [hci1] 17.262340
        Address type: Public (0x00)
        Address: DF:A9:FF:F6:B1:1A (OUI DF-A9-FF)
        Peer identity resolving key: 963939724f90f3440fe95bf19ebe9557
        Local identity resolving key: 00000000000000000000000000000000
> HCI Event: Command Complete (0x0e) plen 4               #244 [hci1] 17.263302
      LE Add Device To Resolving List (0x08|0x0027) ncmd 1
        Status: Success (0x00)
< HCI Command: LE Set Privacy Mode (0x08|0x004e) plen 8   #245 [hci1] 17.282141
        Peer Identity address type: Public (0x00)
        Peer Identity address: DF:A9:FF:F6:B1:1A (OUI DF-A9-FF)
        Privacy Mode: Use Device Privacy (0x01)
> HCI Event: Command Complete (0x0e) plen 4               #246 [hci1] 17.282774
      LE Set Privacy Mode (0x08|0x004e) ncmd 1
        Status: Success (0x00)
< HCI Command: LE Set Address Res.. (0x08|0x002d) plen 1  #247 [hci1] 17.302109
        Address resolution: Enabled (0x01)
> HCI Event: Command Complete (0x0e) plen 4               #248 [hci1] 17.302572
      LE Set Address Resolution Enable (0x08|0x002d) ncmd 1
        Status: Success (0x00)
< HCI Command: Host Number of Com.. (0x03|0x0035) plen 5  #249 [hci1] 17.322047
        Num handles: 1
        Handle: 3351 Address: DF:A9:FF:F6:B1:1A (OUI DF-A9-FF)
        Count: 1
> ACL Data RX: Handle 3351 flags 0x02 dlen 13             #250 [hci1] 17.333715
      ATT: Find By Type Value Request (0x06) len 8
        Handle range: 0x0001-0xffff
        Attribute type: Primary Service (0x2800)
          UUID: Generic Telephony Bearer (0x184c)
< HCI Command: Host Number of Com.. (0x03|0x0035) plen 5  #251 [hci1] 17.342438
        Num handles: 1
        Handle: 3351 Address: DF:A9:FF:F6:B1:1A (OUI DF-A9-FF)
        Count: 1
< ACL Data TX: Handle 3351 flags 0x00 dlen 9              #252 [hci1] 17.342551
      ATT: Find By Type Value Response (0x07) len 4
        Handle range: 0x0024-0x0050
> HCI Event: Number of Completed Packets (0x13) plen 5    #253 [hci1] 17.508613
        Num handles: 1
        Handle: 3351 Address: DF:A9:FF:F6:B1:1A (OUI DF-A9-FF)
        Count: 1
        #252: len 9 (0 Kb/s)
        Latency: 166 msec (74-174 msec ~164 msec)
> ACL Data RX: Handle 3351 flags 0x02 dlen 13             #254 [hci1] 17.508968
      ATT: Find By Type Value Request (0x06) len 8
        Handle range: 0x0051-0xffff
        Attribute type: Primary Service (0x2800)
          UUID: Generic Telephony Bearer (0x184c)
< HCI Command: Host Number of Com.. (0x03|0x0035) plen 5  #255 [hci1] 17.522540
        Num handles: 1
        Handle: 3351 Address: DF:A9:FF:F6:B1:1A (OUI DF-A9-FF)
        Count: 1
< ACL Data TX: Handle 3351 flags 0x00 dlen 9              #256 [hci1] 17.522687
      ATT: Error Response (0x01) len 4
        Find By Type Value Request (0x06)
        Handle: 0x0051
        Error: Attribute Not Found (0x0a)
> HCI Event: Number of Completed Packets (0x13) plen 5    #257 [hci1] 17.683702
        Num handles: 1
        Handle: 3351 Address: DF:A9:FF:F6:B1:1A (OUI DF-A9-FF)
        Count: 1
        #256: len 9 (0 Kb/s)
        Latency: 161 msec (74-174 msec ~162 msec)
> ACL Data RX: Handle 3351 flags 0x02 dlen 11             #258 [hci1] 17.683892
      ATT: Read By Type Request (0x08) len 6
        Handle range: 0x0024-0x0050
        Attribute type: Characteristic (0x2803)
< HCI Command: Host Number of Com.. (0x03|0x0035) plen 5  #259 [hci1] 17.702353
        Num handles: 1
        Handle: 3351 Address: DF:A9:FF:F6:B1:1A (OUI DF-A9-FF)
        Count: 1
< ACL Data TX: Handle 3351 flags 0x00 dlen 20             #260 [hci1] 17.702508
      ATT: Read By Type Response (0x09) len 15
        Attribute data length: 7
        Attribute data list: 2 entries
        Handle: 0x0025
        Value: 122600b32b
            Properties: 0x12
              Read (0x02)
              Notify (0x10)
            Value Handle: 0x0026
            Value UUID: Bearer Provider Name (0x2bb3)
        Handle: 0x0028
        Value: 022900b42b
            Properties: 0x02
              Read (0x02)
            Value Handle: 0x0029
            Value UUID: Bearer UCI (0x2bb4)
> HCI Event: Number of Completed Packets (0x13) plen 5    #261 [hci1] 17.858605
        Num handles: 1
        Handle: 3351 Address: DF:A9:FF:F6:B1:1A (OUI DF-A9-FF)
        Count: 1
        #260: len 20 (1 Kb/s)
        Latency: 156 msec (74-174 msec ~159 msec)
> ACL Data RX: Handle 3351 flags 0x02 dlen 11             #262 [hci1] 17.858918
      ATT: Read By Type Request (0x08) len 6
        Handle range: 0x0029-0x0050
        Attribute type: Characteristic (0x2803)
< HCI Command: Host Number of Com.. (0x03|0x0035) plen 5  #263 [hci1] 17.862046
        Num handles: 1
        Handle: 3351 Address: DF:A9:FF:F6:B1:1A (OUI DF-A9-FF)
        Count: 1
< ACL Data TX: Handle 3351 flags 0x00 dlen 20             #264 [hci1] 17.862084
      ATT: Read By Type Response (0x09) len 15
        Attribute data length: 7
        Attribute data list: 2 entries
        Handle: 0x002a
        Value: 122b00b52b
            Properties: 0x12
              Read (0x02)
              Notify (0x10)
            Value Handle: 0x002b
            Value UUID: Bearer Technology (0x2bb5)
        Handle: 0x002d
        Value: 122e00b62b
            Properties: 0x12
              Read (0x02)
              Notify (0x10)
            Value Handle: 0x002e
            Value UUID: Bearer URI Schemes Supported List (0x2bb6)
> HCI Event: Number of Completed Packets (0x13) plen 5    #265 [hci1] 18.033583
        Num handles: 1
        Handle: 3351 Address: DF:A9:FF:F6:B1:1A (OUI DF-A9-FF)
        Count: 1
        #264: len 20 (0 Kb/s)
        Latency: 171 msec (74-174 msec ~165 msec)
> ACL Data RX: Handle 3351 flags 0x02 dlen 11             #266 [hci1] 18.033831
      ATT: Read By Type Request (0x08) len 6
        Handle range: 0x002e-0x0050
        Attribute type: Characteristic (0x2803)
< HCI Command: Host Number of Com.. (0x03|0x0035) plen 5  #267 [hci1] 18.042475
        Num handles: 1
        Handle: 3351 Address: DF:A9:FF:F6:B1:1A (OUI DF-A9-FF)
        Count: 1
< ACL Data TX: Handle 3351 flags 0x00 dlen 20             #268 [hci1] 18.042498
      ATT: Read By Type Response (0x09) len 15
        Attribute data length: 7
        Attribute data list: 2 entries
        Handle: 0x0030
        Value: 123100b72b
            Properties: 0x12
              Read (0x02)
              Notify (0x10)
            Value Handle: 0x0031
            Value UUID: Bearer Signal Strength (0x2bb7)
        Handle: 0x0033
        Value: 0e3400b82b
            Properties: 0x0e
              Read (0x02)
              Write Without Response (0x04)
              Write (0x08)
            Value Handle: 0x0034
            Value UUID: Bearer Signal Strength Reporting Interval (0x2bb8)
> HCI Event: Number of Completed Packets (0x13) plen 5    #269 [hci1] 18.208690
        Num handles: 1
        Handle: 3351 Address: DF:A9:FF:F6:B1:1A (OUI DF-A9-FF)
        Count: 1
        #268: len 20 (0 Kb/s)
        Latency: 166 msec (74-174 msec ~165 msec)
> ACL Data RX: Handle 3351 flags 0x02 dlen 11             #270 [hci1] 18.208837
      ATT: Read By Type Request (0x08) len 6
        Handle range: 0x0034-0x0050
        Attribute type: Characteristic (0x2803)
< HCI Command: Host Number of Com.. (0x03|0x0035) plen 5  #271 [hci1] 18.222456
        Num handles: 1
        Handle: 3351 Address: DF:A9:FF:F6:B1:1A (OUI DF-A9-FF)
        Count: 1
< ACL Data TX: Handle 3351 flags 0x00 dlen 20             #272 [hci1] 18.222508
      ATT: Read By Type Response (0x09) len 15
        Attribute data length: 7
        Attribute data list: 2 entries
        Handle: 0x0035
        Value: 123600b92b
            Properties: 0x12
              Read (0x02)
              Notify (0x10)
            Value Handle: 0x0036
            Value UUID: Bearer List Current Calls (0x2bb9)
        Handle: 0x0038
        Value: 023900ba2b
            Properties: 0x02
              Read (0x02)
            Value Handle: 0x0039
            Value UUID: Content Control ID (0x2bba)
> HCI Event: Number of Completed Packets (0x13) plen 5    #273 [hci1] 18.383598
        Num handles: 1
        Handle: 3351 Address: DF:A9:FF:F6:B1:1A (OUI DF-A9-FF)
        Count: 1
        #272: len 20 (0 Kb/s)
        Latency: 161 msec (74-174 msec ~163 msec)
> ACL Data RX: Handle 3351 flags 0x02 dlen 11             #274 [hci1] 18.383907
      ATT: Read By Type Request (0x08) len 6
        Handle range: 0x0039-0x0050
        Attribute type: Characteristic (0x2803)
< HCI Command: Host Number of Com.. (0x03|0x0035) plen 5  #275 [hci1] 18.402522
        Num handles: 1
        Handle: 3351 Address: DF:A9:FF:F6:B1:1A (OUI DF-A9-FF)
        Count: 1
< ACL Data TX: Handle 3351 flags 0x00 dlen 20             #276 [hci1] 18.402570
      ATT: Read By Type Response (0x09) len 15
        Attribute data length: 7
        Attribute data list: 2 entries
        Handle: 0x003a
        Value: 123b00bb2b
            Properties: 0x12
              Read (0x02)
              Notify (0x10)
            Value Handle: 0x003b
            Value UUID: Status Flags (0x2bbb)
        Handle: 0x003d
        Value: 123e00bc2b
            Properties: 0x12
              Read (0x02)
              Notify (0x10)
            Value Handle: 0x003e
            Value UUID: Incoming Call Target Bearer URI (0x2bbc)
> HCI Event: Number of Completed Packets (0x13) plen 5    #277 [hci1] 18.558565
        Num handles: 1
        Handle: 3351 Address: DF:A9:FF:F6:B1:1A (OUI DF-A9-FF)
        Count: 1
        #276: len 20 (1 Kb/s)
        Latency: 155 msec (74-174 msec ~159 msec)
> ACL Data RX: Handle 3351 flags 0x02 dlen 11             #278 [hci1] 18.558828
      ATT: Read By Type Request (0x08) len 6
        Handle range: 0x003e-0x0050
        Attribute type: Characteristic (0x2803)
< HCI Command: Host Number of Com.. (0x03|0x0035) plen 5  #279 [hci1] 18.562203
        Num handles: 1
        Handle: 3351 Address: DF:A9:FF:F6:B1:1A (OUI DF-A9-FF)
        Count: 1
< ACL Data TX: Handle 3351 flags 0x00 dlen 20             #280 [hci1] 18.562251
      ATT: Read By Type Response (0x09) len 15
        Attribute data length: 7
        Attribute data list: 2 entries
        Handle: 0x0040
        Value: 124100bd2b
            Properties: 0x12
              Read (0x02)
              Notify (0x10)
            Value Handle: 0x0041
            Value UUID: Call State (0x2bbd)
        Handle: 0x0043
        Value: 1c4400be2b
            Properties: 0x1c
              Write Without Response (0x04)
              Write (0x08)
              Notify (0x10)
            Value Handle: 0x0044
            Value UUID: Call Control Point (0x2bbe)
> HCI Event: Number of Completed Packets (0x13) plen 5    #281 [hci1] 18.733611
        Num handles: 1
        Handle: 3351 Address: DF:A9:FF:F6:B1:1A (OUI DF-A9-FF)
        Count: 1
        #280: len 20 (0 Kb/s)
        Latency: 171 msec (74-174 msec ~165 msec)
> ACL Data RX: Handle 3351 flags 0x02 dlen 11             #282 [hci1] 18.733816
      ATT: Read By Type Request (0x08) len 6
        Handle range: 0x0044-0x0050
        Attribute type: Characteristic (0x2803)
< HCI Command: Host Number of Com.. (0x03|0x0035) plen 5  #283 [hci1] 18.742438
        Num handles: 1
        Handle: 3351 Address: DF:A9:FF:F6:B1:1A (OUI DF-A9-FF)
        Count: 1
< ACL Data TX: Handle 3351 flags 0x00 dlen 20             #284 [hci1] 18.742554
      ATT: Read By Type Response (0x09) len 15
        Attribute data length: 7
        Attribute data list: 2 entries
        Handle: 0x0046
        Value: 024700bf2b
            Properties: 0x02
              Read (0x02)
            Value Handle: 0x0047
            Value UUID: Call Control Point Optional Opcodes (0x2bbf)
        Handle: 0x0048
        Value: 104900c02b
            Properties: 0x10
              Notify (0x10)
            Value Handle: 0x0049
            Value UUID: Termination Reason (0x2bc0)
> HCI Event: Number of Completed Packets (0x13) plen 5    #285 [hci1] 18.908647
        Num handles: 1
        Handle: 3351 Address: DF:A9:FF:F6:B1:1A (OUI DF-A9-FF)
        Count: 1
        #284: len 20 (0 Kb/s)
        Latency: 166 msec (74-174 msec ~165 msec)
> ACL Data RX: Handle 3351 flags 0x02 dlen 11             #286 [hci1] 18.908874
      ATT: Read By Type Request (0x08) len 6
        Handle range: 0x0049-0x0050
        Attribute type: Characteristic (0x2803)
< HCI Command: Host Number of Com.. (0x03|0x0035) plen 5  #287 [hci1] 18.922568
        Num handles: 1
        Handle: 3351 Address: DF:A9:FF:F6:B1:1A (OUI DF-A9-FF)
        Count: 1
< ACL Data TX: Handle 3351 flags 0x00 dlen 20             #288 [hci1] 18.922615
      ATT: Read By Type Response (0x09) len 15
        Attribute data length: 7
        Attribute data list: 2 entries
        Handle: 0x004b
        Value: 124c00c12b
            Properties: 0x12
              Read (0x02)
              Notify (0x10)
            Value Handle: 0x004c
            Value UUID: Incoming Call (0x2bc1)
        Handle: 0x004e
        Value: 124f00c22b
            Properties: 0x12
              Read (0x02)
              Notify (0x10)
            Value Handle: 0x004f
            Value UUID: Call Friendly Name (0x2bc2)
> HCI Event: Number of Completed Packets (0x13) plen 5    #289 [hci1] 19.083672
        Num handles: 1
        Handle: 3351 Address: DF:A9:FF:F6:B1:1A (OUI DF-A9-FF)
        Count: 1
        #288: len 20 (0 Kb/s)
        Latency: 161 msec (74-174 msec ~163 msec)
> ACL Data RX: Handle 3351 flags 0x02 dlen 11             #290 [hci1] 19.083896
      ATT: Read By Type Request (0x08) len 6
        Handle range: 0x004f-0x0050
        Attribute type: Characteristic (0x2803)
< HCI Command: Host Number of Com.. (0x03|0x0035) plen 5  #291 [hci1] 19.102460
        Num handles: 1
        Handle: 3351 Address: DF:A9:FF:F6:B1:1A (OUI DF-A9-FF)
        Count: 1
< ACL Data TX: Handle 3351 flags 0x00 dlen 9              #292 [hci1] 19.102596
      ATT: Error Response (0x01) len 4
        Read By Type Request (0x08)
        Handle: 0x004f
        Error: Attribute Not Found (0x0a)
> HCI Event: Number of Completed Packets (0x13) plen 5    #293 [hci1] 19.258589
        Num handles: 1
        Handle: 3351 Address: DF:A9:FF:F6:B1:1A (OUI DF-A9-FF)
        Count: 1
        #292: len 9 (0 Kb/s)
        Latency: 155 msec (74-174 msec ~159 msec)
> ACL Data RX: Handle 3351 flags 0x02 dlen 9              #294 [hci1] 19.258822
      ATT: Find Information Request (0x04) len 4
        Handle range: 0x0027-0x0027
< HCI Command: Host Number of Com.. (0x03|0x0035) plen 5  #295 [hci1] 19.262416
        Num handles: 1
        Handle: 3351 Address: DF:A9:FF:F6:B1:1A (OUI DF-A9-FF)
        Count: 1
< ACL Data TX: Handle 3351 flags 0x00 dlen 10             #296 [hci1] 19.262466
      ATT: Find Information Response (0x05) len 5
        Format: UUID-16 (0x01)
        Handle: 0x0027
        UUID: Client Characteristic Configuration (0x2902)
> HCI Event: Number of Completed Packets (0x13) plen 5    #297 [hci1] 19.433580
        Num handles: 1
        Handle: 3351 Address: DF:A9:FF:F6:B1:1A (OUI DF-A9-FF)
        Count: 1
        #296: len 10 (0 Kb/s)
        Latency: 171 msec (74-174 msec ~165 msec)
> ACL Data RX: Handle 3351 flags 0x02 dlen 9              #298 [hci1] 19.433736
      ATT: Find Information Request (0x04) len 4
        Handle range: 0x002c-0x002c
< HCI Command: Host Number of Com.. (0x03|0x0035) plen 5  #299 [hci1] 19.442490
        Num handles: 1
        Handle: 3351 Address: DF:A9:FF:F6:B1:1A (OUI DF-A9-FF)
        Count: 1
< ACL Data TX: Handle 3351 flags 0x00 dlen 10             #300 [hci1] 19.442539
      ATT: Find Information Response (0x05) len 5
        Format: UUID-16 (0x01)
        Handle: 0x002c
        UUID: Client Characteristic Configuration (0x2902)
> HCI Event: Number of Completed Packets (0x13) plen 5    #301 [hci1] 19.608693
        Num handles: 1
        Handle: 3351 Address: DF:A9:FF:F6:B1:1A (OUI DF-A9-FF)
        Count: 1
        #300: len 10 (0 Kb/s)
        Latency: 166 msec (74-174 msec ~165 msec)
> ACL Data RX: Handle 3351 flags 0x02 dlen 9              #302 [hci1] 19.608838
      ATT: Find Information Request (0x04) len 4
        Handle range: 0x002f-0x002f
< HCI Command: Host Number of Com.. (0x03|0x0035) plen 5  #303 [hci1] 19.622501
        Num handles: 1
        Handle: 3351 Address: DF:A9:FF:F6:B1:1A (OUI DF-A9-FF)
        Count: 1
< ACL Data TX: Handle 3351 flags 0x00 dlen 10             #304 [hci1] 19.622552
      ATT: Find Information Response (0x05) len 5
        Format: UUID-16 (0x01)
        Handle: 0x002f
        UUID: Client Characteristic Configuration (0x2902)
> HCI Event: Number of Completed Packets (0x13) plen 5    #305 [hci1] 19.783584
        Num handles: 1
        Handle: 3351 Address: DF:A9:FF:F6:B1:1A (OUI DF-A9-FF)
        Count: 1
        #304: len 10 (0 Kb/s)
        Latency: 161 msec (74-174 msec ~163 msec)
> ACL Data RX: Handle 3351 flags 0x02 dlen 9              #306 [hci1] 19.783774
      ATT: Find Information Request (0x04) len 4
        Handle range: 0x0032-0x0032
< HCI Command: Host Number of Com.. (0x03|0x0035) plen 5  #307 [hci1] 19.802508
        Num handles: 1
        Handle: 3351 Address: DF:A9:FF:F6:B1:1A (OUI DF-A9-FF)
        Count: 1
< ACL Data TX: Handle 3351 flags 0x00 dlen 10             #308 [hci1] 19.802581
      ATT: Find Information Response (0x05) len 5
        Format: UUID-16 (0x01)
        Handle: 0x0032
        UUID: Client Characteristic Configuration (0x2902)
> HCI Event: Number of Completed Packets (0x13) plen 5    #309 [hci1] 19.958631
        Num handles: 1
        Handle: 3351 Address: DF:A9:FF:F6:B1:1A (OUI DF-A9-FF)
        Count: 1
        #308: len 10 (0 Kb/s)
        Latency: 156 msec (74-174 msec ~159 msec)
> ACL Data RX: Handle 3351 flags 0x02 dlen 9              #310 [hci1] 19.958793
      ATT: Find Information Request (0x04) len 4
        Handle range: 0x0037-0x0037
< HCI Command: Host Number of Com.. (0x03|0x0035) plen 5  #311 [hci1] 19.962443
        Num handles: 1
        Handle: 3351 Address: DF:A9:FF:F6:B1:1A (OUI DF-A9-FF)
        Count: 1
< ACL Data TX: Handle 3351 flags 0x00 dlen 10             #312 [hci1] 19.962539
      ATT: Find Information Response (0x05) len 5
        Format: UUID-16 (0x01)
        Handle: 0x0037
        UUID: Client Characteristic Configuration (0x2902)
> HCI Event: Number of Completed Packets (0x13) plen 5    #313 [hci1] 20.133598
        Num handles: 1
        Handle: 3351 Address: DF:A9:FF:F6:B1:1A (OUI DF-A9-FF)
        Count: 1
        #312: len 10 (0 Kb/s)
        Latency: 171 msec (74-174 msec ~165 msec)
> ACL Data RX: Handle 3351 flags 0x02 dlen 9              #314 [hci1] 20.133779
      ATT: Find Information Request (0x04) len 4
        Handle range: 0x003c-0x003c
< HCI Command: Host Number of Com.. (0x03|0x0035) plen 5  #315 [hci1] 20.142544
        Num handles: 1
        Handle: 3351 Address: DF:A9:FF:F6:B1:1A (OUI DF-A9-FF)
        Count: 1
< ACL Data TX: Handle 3351 flags 0x00 dlen 10             #316 [hci1] 20.142639
      ATT: Find Information Response (0x05) len 5
        Format: UUID-16 (0x01)
        Handle: 0x003c
        UUID: Client Characteristic Configuration (0x2902)
> HCI Event: Number of Completed Packets (0x13) plen 5    #317 [hci1] 20.308531
        Num handles: 1
        Handle: 3351 Address: DF:A9:FF:F6:B1:1A (OUI DF-A9-FF)
        Count: 1
        #316: len 10 (0 Kb/s)
        Latency: 165 msec (74-174 msec ~165 msec)
> ACL Data RX: Handle 3351 flags 0x02 dlen 9              #318 [hci1] 20.308868
      ATT: Find Information Request (0x04) len 4
        Handle range: 0x003f-0x003f
< HCI Command: Host Number of Com.. (0x03|0x0035) plen 5  #319 [hci1] 20.322440
        Num handles: 1
        Handle: 3351 Address: DF:A9:FF:F6:B1:1A (OUI DF-A9-FF)
        Count: 1
< ACL Data TX: Handle 3351 flags 0x00 dlen 10             #320 [hci1] 20.322552
      ATT: Find Information Response (0x05) len 5
        Format: UUID-16 (0x01)
        Handle: 0x003f
        UUID: Client Characteristic Configuration (0x2902)
> HCI Event: Number of Completed Packets (0x13) plen 5    #321 [hci1] 20.483577
        Num handles: 1
        Handle: 3351 Address: DF:A9:FF:F6:B1:1A (OUI DF-A9-FF)
        Count: 1
        #320: len 10 (0 Kb/s)
        Latency: 161 msec (74-174 msec ~163 msec)
> ACL Data RX: Handle 3351 flags 0x02 dlen 9              #322 [hci1] 20.483872
      ATT: Find Information Request (0x04) len 4
        Handle range: 0x0042-0x0042
< HCI Command: Host Number of Com.. (0x03|0x0035) plen 5  #323 [hci1] 20.502500
        Num handles: 1
        Handle: 3351 Address: DF:A9:FF:F6:B1:1A (OUI DF-A9-FF)
        Count: 1
< ACL Data TX: Handle 3351 flags 0x00 dlen 10             #324 [hci1] 20.502608
      ATT: Find Information Response (0x05) len 5
        Format: UUID-16 (0x01)
        Handle: 0x0042
        UUID: Client Characteristic Configuration (0x2902)
> HCI Event: Number of Completed Packets (0x13) plen 5    #325 [hci1] 20.658521
        Num handles: 1
        Handle: 3351 Address: DF:A9:FF:F6:B1:1A (OUI DF-A9-FF)
        Count: 1
        #324: len 10 (0 Kb/s)
        Latency: 155 msec (74-174 msec ~159 msec)
> ACL Data RX: Handle 3351 flags 0x02 dlen 9              #326 [hci1] 20.658774
      ATT: Find Information Request (0x04) len 4
        Handle range: 0x0045-0x0045
< HCI Command: Host Number of Com.. (0x03|0x0035) plen 5  #327 [hci1] 20.662423
        Num handles: 1
        Handle: 3351 Address: DF:A9:FF:F6:B1:1A (OUI DF-A9-FF)
        Count: 1
< ACL Data TX: Handle 3351 flags 0x00 dlen 10             #328 [hci1] 20.662444
      ATT: Find Information Response (0x05) len 5
        Format: UUID-16 (0x01)
        Handle: 0x0045
        UUID: Client Characteristic Configuration (0x2902)
> HCI Event: Number of Completed Packets (0x13) plen 5    #329 [hci1] 20.833585
        Num handles: 1
        Handle: 3351 Address: DF:A9:FF:F6:B1:1A (OUI DF-A9-FF)
        Count: 1
        #328: len 10 (0 Kb/s)
        Latency: 171 msec (74-174 msec ~165 msec)
> ACL Data RX: Handle 3351 flags 0x02 dlen 9              #330 [hci1] 20.833774
      ATT: Find Information Request (0x04) len 4
        Handle range: 0x004a-0x004a
< HCI Command: Host Number of Com.. (0x03|0x0035) plen 5  #331 [hci1] 20.842501
        Num handles: 1
        Handle: 3351 Address: DF:A9:FF:F6:B1:1A (OUI DF-A9-FF)
        Count: 1
< ACL Data TX: Handle 3351 flags 0x00 dlen 10             #332 [hci1] 20.842582
      ATT: Find Information Response (0x05) len 5
        Format: UUID-16 (0x01)
        Handle: 0x004a
        UUID: Client Characteristic Configuration (0x2902)
> HCI Event: Number of Completed Packets (0x13) plen 5    #333 [hci1] 21.008610
        Num handles: 1
        Handle: 3351 Address: DF:A9:FF:F6:B1:1A (OUI DF-A9-FF)
        Count: 1
        #332: len 10 (0 Kb/s)
        Latency: 166 msec (74-174 msec ~165 msec)
> ACL Data RX: Handle 3351 flags 0x02 dlen 9              #334 [hci1] 21.008764
      ATT: Find Information Request (0x04) len 4
        Handle range: 0x004d-0x004d
< HCI Command: Host Number of Com.. (0x03|0x0035) plen 5  #335 [hci1] 21.022505
        Num handles: 1
        Handle: 3351 Address: DF:A9:FF:F6:B1:1A (OUI DF-A9-FF)
        Count: 1
< ACL Data TX: Handle 3351 flags 0x00 dlen 10             #336 [hci1] 21.022706
      ATT: Find Information Response (0x05) len 5
        Format: UUID-16 (0x01)
        Handle: 0x004d
        UUID: Client Characteristic Configuration (0x2902)
> HCI Event: Number of Completed Packets (0x13) plen 5    #337 [hci1] 21.183538
        Num handles: 1
        Handle: 3351 Address: DF:A9:FF:F6:B1:1A (OUI DF-A9-FF)
        Count: 1
        #336: len 10 (0 Kb/s)
        Latency: 160 msec (74-174 msec ~163 msec)
> ACL Data RX: Handle 3351 flags 0x02 dlen 9              #338 [hci1] 21.183808
      ATT: Find Information Request (0x04) len 4
        Handle range: 0x0050-0x0050
< HCI Command: Host Number of Com.. (0x03|0x0035) plen 5  #339 [hci1] 21.202470
        Num handles: 1
        Handle: 3351 Address: DF:A9:FF:F6:B1:1A (OUI DF-A9-FF)
        Count: 1
< ACL Data TX: Handle 3351 flags 0x00 dlen 10             #340 [hci1] 21.202542
      ATT: Find Information Response (0x05) len 5
        Format: UUID-16 (0x01)
        Handle: 0x0050
        UUID: Client Characteristic Configuration (0x2902)
> HCI Event: Number of Completed Packets (0x13) plen 5    #341 [hci1] 21.358562
        Num handles: 1
        Handle: 3351 Address: DF:A9:FF:F6:B1:1A (OUI DF-A9-FF)
        Count: 1
        #340: len 10 (0 Kb/s)
        Latency: 156 msec (74-174 msec ~159 msec)
> ACL Data RX: Handle 3351 flags 0x02 dlen 9              #342 [hci1] 21.358773
      ATT: Write Request (0x12) len 4
        Handle: 0x0042
          Data: 0000
< HCI Command: Host Number of Com.. (0x03|0x0035) plen 5  #343 [hci1] 21.362109
        Num handles: 1
        Handle: 3351 Address: DF:A9:FF:F6:B1:1A (OUI DF-A9-FF)
        Count: 1
< ACL Data TX: Handle 3351 flags 0x00 dlen 5              #344 [hci1] 21.362166
      ATT: Write Response (0x13) len 0
> HCI Event: Number of Completed Packets (0x13) plen 5    #345 [hci1] 21.533561
        Num handles: 1
        Handle: 3351 Address: DF:A9:FF:F6:B1:1A (OUI DF-A9-FF)
        Count: 1
        #344: len 5 (0 Kb/s)
        Latency: 171 msec (74-174 msec ~165 msec)
> ACL Data RX: Handle 3351 flags 0x02 dlen 9              #346 [hci1] 21.533762
      ATT: Write Request (0x12) len 4
        Handle: 0x0042
          Data: 0100
< HCI Command: Host Number of Com.. (0x03|0x0035) plen 5  #347 [hci1] 21.542567
        Num handles: 1
        Handle: 3351 Address: DF:A9:FF:F6:B1:1A (OUI DF-A9-FF)
        Count: 1
< ACL Data TX: Handle 3351 flags 0x00 dlen 5              #348 [hci1] 21.542616
      ATT: Write Response (0x13) len 0
> HCI Event: Number of Completed Packets (0x13) plen 5    #349 [hci1] 21.708654
        Num handles: 1
        Handle: 3351 Address: DF:A9:FF:F6:B1:1A (OUI DF-A9-FF)
        Count: 1
        #348: len 5 (0 Kb/s)
        Latency: 166 msec (74-174 msec ~165 msec)
> ACL Data RX: Handle 3351 flags 0x02 dlen 9              #350 [hci1] 21.708804
      ATT: Write Request (0x12) len 4
        Handle: 0x004d
          Data: 0000
< HCI Command: Host Number of Com.. (0x03|0x0035) plen 5  #351 [hci1] 21.722536
        Num handles: 1
        Handle: 3351 Address: DF:A9:FF:F6:B1:1A (OUI DF-A9-FF)
        Count: 1
< ACL Data TX: Handle 3351 flags 0x00 dlen 5              #352 [hci1] 21.722619
      ATT: Write Response (0x13) len 0
> HCI Event: Number of Completed Packets (0x13) plen 5    #353 [hci1] 21.883608
        Num handles: 1
        Handle: 3351 Address: DF:A9:FF:F6:B1:1A (OUI DF-A9-FF)
        Count: 1
        #352: len 5 (0 Kb/s)
        Latency: 160 msec (74-174 msec ~163 msec)
> ACL Data RX: Handle 3351 flags 0x02 dlen 9              #354 [hci1] 21.883872
      ATT: Write Request (0x12) len 4
        Handle: 0x004d
          Data: 0100
< HCI Command: Host Number of Com.. (0x03|0x0035) plen 5  #355 [hci1] 21.902572
        Num handles: 1
        Handle: 3351 Address: DF:A9:FF:F6:B1:1A (OUI DF-A9-FF)
        Count: 1
< ACL Data TX: Handle 3351 flags 0x00 dlen 5              #356 [hci1] 21.902646
      ATT: Write Response (0x13) len 0
> HCI Event: Number of Completed Packets (0x13) plen 5    #357 [hci1] 22.058699
        Num handles: 1
        Handle: 3351 Address: DF:A9:FF:F6:B1:1A (OUI DF-A9-FF)
        Count: 1
        #356: len 5 (0 Kb/s)
        Latency: 156 msec (74-174 msec ~159 msec)
> ACL Data RX: Handle 3351 flags 0x02 dlen 9              #358 [hci1] 22.058844
      ATT: Write Request (0x12) len 4
        Handle: 0x004a
          Data: 0000
< HCI Command: Host Number of Com.. (0x03|0x0035) plen 5  #359 [hci1] 22.062522
        Num handles: 1
        Handle: 3351 Address: DF:A9:FF:F6:B1:1A (OUI DF-A9-FF)
        Count: 1
< ACL Data TX: Handle 3351 flags 0x00 dlen 5              #360 [hci1] 22.062543
      ATT: Write Response (0x13) len 0
> HCI Event: Number of Completed Packets (0x13) plen 5    #361 [hci1] 22.233566
        Num handles: 1
        Handle: 3351 Address: DF:A9:FF:F6:B1:1A (OUI DF-A9-FF)
        Count: 1
        #360: len 5 (0 Kb/s)
        Latency: 171 msec (74-174 msec ~165 msec)
> ACL Data RX: Handle 3351 flags 0x02 dlen 9              #362 [hci1] 22.233799
      ATT: Write Request (0x12) len 4
        Handle: 0x004a
          Data: 0100
< HCI Command: Host Number of Com.. (0x03|0x0035) plen 5  #363 [hci1] 22.242517
        Num handles: 1
        Handle: 3351 Address: DF:A9:FF:F6:B1:1A (OUI DF-A9-FF)
        Count: 1
< ACL Data TX: Handle 3351 flags 0x00 dlen 5              #364 [hci1] 22.242624
      ATT: Write Response (0x13) len 0
> HCI Event: Number of Completed Packets (0x13) plen 5    #365 [hci1] 22.408558
        Num handles: 1
        Handle: 3351 Address: DF:A9:FF:F6:B1:1A (OUI DF-A9-FF)
        Count: 1
        #364: len 5 (0 Kb/s)
        Latency: 165 msec (74-174 msec ~165 msec)
> ACL Data RX: Handle 3351 flags 0x02 dlen 9              #366 [hci1] 22.408796
      ATT: Write Request (0x12) len 4
        Handle: 0x0045
          Data: 0000
< HCI Command: Host Number of Com.. (0x03|0x0035) plen 5  #367 [hci1] 22.422467
        Num handles: 1
        Handle: 3351 Address: DF:A9:FF:F6:B1:1A (OUI DF-A9-FF)
        Count: 1
< ACL Data TX: Handle 3351 flags 0x00 dlen 5              #368 [hci1] 22.422645
      ATT: Write Response (0x13) len 0
> HCI Event: Number of Completed Packets (0x13) plen 5    #369 [hci1] 22.583503
        Num handles: 1
        Handle: 3351 Address: DF:A9:FF:F6:B1:1A (OUI DF-A9-FF)
        Count: 1
        #368: len 5 (0 Kb/s)
        Latency: 160 msec (74-174 msec ~163 msec)
> ACL Data RX: Handle 3351 flags 0x02 dlen 9              #370 [hci1] 22.583755
      ATT: Write Request (0x12) len 4
        Handle: 0x0045
          Data: 0100
< HCI Command: Host Number of Com.. (0x03|0x0035) plen 5  #371 [hci1] 22.602519
        Num handles: 1
        Handle: 3351 Address: DF:A9:FF:F6:B1:1A (OUI DF-A9-FF)
        Count: 1
< ACL Data TX: Handle 3351 flags 0x00 dlen 5              #372 [hci1] 22.602633
      ATT: Write Response (0x13) len 0
> HCI Event: Number of Completed Packets (0x13) plen 5    #373 [hci1] 22.758548
        Num handles: 1
        Handle: 3351 Address: DF:A9:FF:F6:B1:1A (OUI DF-A9-FF)
        Count: 1
        #372: len 5 (0 Kb/s)
        Latency: 155 msec (74-174 msec ~159 msec)
> ACL Data RX: Handle 3351 flags 0x02 dlen 9              #374 [hci1] 22.758758
      ATT: Write Request (0x12) len 4
        Handle: 0x003f
          Data: 0000
< HCI Command: Host Number of Com.. (0x03|0x0035) plen 5  #375 [hci1] 22.762558
        Num handles: 1
        Handle: 3351 Address: DF:A9:FF:F6:B1:1A (OUI DF-A9-FF)
        Count: 1
< ACL Data TX: Handle 3351 flags 0x00 dlen 5              #376 [hci1] 22.762696
      ATT: Write Response (0x13) len 0
> HCI Event: Number of Completed Packets (0x13) plen 5    #377 [hci1] 22.933529
        Num handles: 1
        Handle: 3351 Address: DF:A9:FF:F6:B1:1A (OUI DF-A9-FF)
        Count: 1
        #376: len 5 (0 Kb/s)
        Latency: 170 msec (74-174 msec ~165 msec)
> ACL Data RX: Handle 3351 flags 0x02 dlen 9              #378 [hci1] 22.933781
      ATT: Write Request (0x12) len 4
        Handle: 0x003f
          Data: 0100
< HCI Command: Host Number of Com.. (0x03|0x0035) plen 5  #379 [hci1] 22.942521
        Num handles: 1
        Handle: 3351 Address: DF:A9:FF:F6:B1:1A (OUI DF-A9-FF)
        Count: 1
< ACL Data TX: Handle 3351 flags 0x00 dlen 5              #380 [hci1] 22.942631
      ATT: Write Response (0x13) len 0
> HCI Event: Number of Completed Packets (0x13) plen 5    #381 [hci1] 23.108531
        Num handles: 1
        Handle: 3351 Address: DF:A9:FF:F6:B1:1A (OUI DF-A9-FF)
        Count: 1
        #380: len 5 (0 Kb/s)
        Latency: 165 msec (74-174 msec ~165 msec)
> ACL Data RX: Handle 3351 flags 0x02 dlen 9              #382 [hci1] 23.108789
      ATT: Write Request (0x12) len 4
        Handle: 0x0050
          Data: 0000
< HCI Command: Host Number of Com.. (0x03|0x0035) plen 5  #383 [hci1] 23.122582
        Num handles: 1
        Handle: 3351 Address: DF:A9:FF:F6:B1:1A (OUI DF-A9-FF)
        Count: 1
< ACL Data TX: Handle 3351 flags 0x00 dlen 5              #384 [hci1] 23.122657
      ATT: Write Response (0x13) len 0
> HCI Event: Number of Completed Packets (0x13) plen 5    #385 [hci1] 23.283517
        Num handles: 1
        Handle: 3351 Address: DF:A9:FF:F6:B1:1A (OUI DF-A9-FF)
        Count: 1
        #384: len 5 (0 Kb/s)
        Latency: 160 msec (74-174 msec ~163 msec)
> ACL Data RX: Handle 3351 flags 0x02 dlen 9              #386 [hci1] 23.283802
      ATT: Write Request (0x12) len 4
        Handle: 0x0050
          Data: 0100
< HCI Command: Host Number of Com.. (0x03|0x0035) plen 5  #387 [hci1] 23.302553
        Num handles: 1
        Handle: 3351 Address: DF:A9:FF:F6:B1:1A (OUI DF-A9-FF)
        Count: 1
< ACL Data TX: Handle 3351 flags 0x00 dlen 5              #388 [hci1] 23.302641
      ATT: Write Response (0x13) len 0
> HCI Event: Number of Completed Packets (0x13) plen 5    #389 [hci1] 23.458568
        Num handles: 1
        Handle: 3351 Address: DF:A9:FF:F6:B1:1A (OUI DF-A9-FF)
        Count: 1
        #388: len 5 (0 Kb/s)
        Latency: 155 msec (74-174 msec ~159 msec)
> ACL Data RX: Handle 3351 flags 0x02 dlen 9              #390 [hci1] 23.458793
      ATT: Write Request (0x12) len 4
        Handle: 0x0032
          Data: 0000
< HCI Command: Host Number of Com.. (0x03|0x0035) plen 5  #391 [hci1] 23.462510
        Num handles: 1
        Handle: 3351 Address: DF:A9:FF:F6:B1:1A (OUI DF-A9-FF)
        Count: 1
< ACL Data TX: Handle 3351 flags 0x00 dlen 5              #392 [hci1] 23.462606
      ATT: Write Response (0x13) len 0
> HCI Event: Number of Completed Packets (0x13) plen 5    #393 [hci1] 23.633542
        Num handles: 1
        Handle: 3351 Address: DF:A9:FF:F6:B1:1A (OUI DF-A9-FF)
        Count: 1
        #392: len 5 (0 Kb/s)
        Latency: 170 msec (74-174 msec ~165 msec)
> ACL Data RX: Handle 3351 flags 0x02 dlen 9              #394 [hci1] 23.633852
      ATT: Write Request (0x12) len 4
        Handle: 0x0032
          Data: 0100
< HCI Command: Host Number of Com.. (0x03|0x0035) plen 5  #395 [hci1] 23.642609
        Num handles: 1
        Handle: 3351 Address: DF:A9:FF:F6:B1:1A (OUI DF-A9-FF)
        Count: 1
< ACL Data TX: Handle 3351 flags 0x00 dlen 5              #396 [hci1] 23.642715
      ATT: Write Response (0x13) len 0
> HCI Event: Number of Completed Packets (0x13) plen 5    #397 [hci1] 23.808474
        Num handles: 1
        Handle: 3351 Address: DF:A9:FF:F6:B1:1A (OUI DF-A9-FF)
        Count: 1
        #396: len 5 (0 Kb/s)
        Latency: 165 msec (74-174 msec ~165 msec)
> ACL Data RX: Handle 3351 flags 0x02 dlen 7              #398 [hci1] 23.808800
      ATT: Read Request (0x0a) len 2
        Handle: 0x003b
< HCI Command: Host Number of Com.. (0x03|0x0035) plen 5  #399 [hci1] 23.822419
        Num handles: 1
        Handle: 3351 Address: DF:A9:FF:F6:B1:1A (OUI DF-A9-FF)
        Count: 1
< ACL Data TX: Handle 3351 flags 0x00 dlen 7              #400 [hci1] 23.822565
      ATT: Read Response (0x0b) len 2
> HCI Event: Number of Completed Packets (0x13) plen 5    #401 [hci1] 23.983591
        Num handles: 1
        Handle: 3351 Address: DF:A9:FF:F6:B1:1A (OUI DF-A9-FF)
        Count: 1
        #400: len 7 (0 Kb/s)
        Latency: 161 msec (74-174 msec ~163 msec)
> ACL Data RX: Handle 3351 flags 0x02 dlen 7              #402 [hci1] 23.983722
      ATT: Read Request (0x0a) len 2
        Handle: 0x0047
< HCI Command: Host Number of Com.. (0x03|0x0035) plen 5  #403 [hci1] 24.002556
        Num handles: 1
        Handle: 3351 Address: DF:A9:FF:F6:B1:1A (OUI DF-A9-FF)
        Count: 1
< ACL Data TX: Handle 3351 flags 0x00 dlen 7              #404 [hci1] 24.002632
      ATT: Read Response (0x0b) len 2
> HCI Event: Number of Completed Packets (0x13) plen 5    #405 [hci1] 24.158591
        Num handles: 1
        Handle: 3351 Address: DF:A9:FF:F6:B1:1A (OUI DF-A9-FF)
        Count: 1
        #404: len 7 (0 Kb/s)
        Latency: 155 msec (74-174 msec ~159 msec)
> ACL Data RX: Handle 3351 flags 0x02 dlen 7              #406 [hci1] 24.158743
      ATT: Read Request (0x0a) len 2
        Handle: 0x0041
< HCI Command: Host Number of Com.. (0x03|0x0035) plen 5  #407 [hci1] 24.162484
        Num handles: 1
        Handle: 3351 Address: DF:A9:FF:F6:B1:1A (OUI DF-A9-FF)
        Count: 1
< ACL Data TX: Handle 3351 flags 0x00 dlen 5              #408 [hci1] 24.162618
      ATT: Read Response (0x0b) len 0
> HCI Event: Number of Completed Packets (0x13) plen 5    #409 [hci1] 24.333434
        Num handles: 1
        Handle: 3351 Address: DF:A9:FF:F6:B1:1A (OUI DF-A9-FF)
        Count: 1
        #408: len 5 (0 Kb/s)
        Latency: 170 msec (74-174 msec ~165 msec)
< ACL Data TX: Handle 3351 flags 0x00 dlen 24             #410 [hci1] 24.363501
      ATT: Handle Value Notification (0x1b) len 19
        Handle: 0x003e
          Data: 0174656c3a2b3139393931313131323334
< ACL Data TX: Handle 3351 flags 0x00 dlen 10             #411 [hci1] 24.363769
      ATT: Handle Value Notification (0x1b) len 5
        Handle: 0x0041
          Data: 010000
< ACL Data TX: Handle 3351 flags 0x00 dlen 24             #412 [hci1] 24.363965
      ATT: Handle Value Notification (0x1b) len 19
        Handle: 0x004c
          Data: 0174656c3a2b3139393931313131323335
> HCI Event: Number of Completed Packets (0x13) plen 5    #413 [hci1] 24.421551
        Num handles: 1
        Handle: 3351 Address: DF:A9:FF:F6:B1:1A (OUI DF-A9-FF)
        Count: 1
        #410: len 24 (3 Kb/s)
        Latency: 58 msec (58-174 msec ~111 msec)
> HCI Event: Number of Completed Packets (0x13) plen 5    #414 [hci1] 24.422115
        Num handles: 1
        Handle: 3351 Address: DF:A9:FF:F6:B1:1A (OUI DF-A9-FF)
        Count: 1
        #411: len 10 (1 Kb/s)
        Latency: 58 msec (58-174 msec ~84 msec)
< ACL Data TX: Handle 3351 flags 0x00 dlen 24             #415 [hci1] 24.422194
      ATT: Handle Value Notification (0x1b) len 19
        Handle: 0x004f
          Data: 0174656c3a2b3139393931313130303131
> HCI Event: Number of Completed Packets (0x13) plen 5    #416 [hci1] 24.508409
        Num handles: 1
        Handle: 3351 Address: DF:A9:FF:F6:B1:1A (OUI DF-A9-FF)
        Count: 1
        #412: len 24 (1 Kb/s)
        Latency: 144 msec (58-174 msec ~114 msec)
> HCI Event: Number of Completed Packets (0x13) plen 5    #417 [hci1] 24.596015
        Num handles: 1
        Handle: 3351 Address: DF:A9:FF:F6:B1:1A (OUI DF-A9-FF)
        Count: 1
        #415: len 24 (1 Kb/s)
        Latency: 173 msec (58-174 msec ~144 msec)
> ACL Data RX: Handle 3351 flags 0x02 dlen 9              #418 [hci1] 24.596253
      ATT: Write Command (0x52) len 4
        Handle: 0x0044
          Data: 0201
< HCI Command: Host Number of Com.. (0x03|0x0035) plen 5  #419 [hci1] 24.602329
        Num handles: 1
        Handle: 3351 Address: DF:A9:FF:F6:B1:1A (OUI DF-A9-FF)
        Count: 1
< ACL Data TX: Handle 3351 flags 0x00 dlen 10             #420 [hci1] 24.602527
      ATT: Handle Value Notification (0x1b) len 5
        Handle: 0x0041
          Data: 010400
< ACL Data TX: Handle 3351 flags 0x00 dlen 10             #421 [hci1] 24.602635
      ATT: Handle Value Notification (0x1b) len 5
        Handle: 0x0044
          Data: 020100
> HCI Event: Number of Completed Packets (0x13) plen 5    #422 [hci1] 24.684035
        Num handles: 1
        Handle: 3351 Address: DF:A9:FF:F6:B1:1A (OUI DF-A9-FF)
        Count: 1
        #420: len 10 (0 Kb/s)
        Latency: 81 msec (58-174 msec ~112 msec)
> HCI Event: Number of Completed Packets (0x13) plen 5    #423 [hci1] 24.771046
        Num handles: 1
        Handle: 3351 Address: DF:A9:FF:F6:B1:1A (OUI DF-A9-FF)
        Count: 1
        #421: len 10 (0 Kb/s)
        Latency: 168 msec (58-174 msec ~140 msec)
> ACL Data RX: Handle 3351 flags 0x02 dlen 7              #424 [hci1] 24.771246
      ATT: Read Request (0x0a) len 2
        Handle: 0x0041
< HCI Command: Host Number of Com.. (0x03|0x0035) plen 5  #425 [hci1] 24.782169
        Num handles: 1
        Handle: 3351 Address: DF:A9:FF:F6:B1:1A (OUI DF-A9-FF)
        Count: 1
< ACL Data TX: Handle 3351 flags 0x00 dlen 8              #426 [hci1] 24.782210
      ATT: Read Response (0x0b) len 3
> HCI Event: Number of Completed Packets (0x13) plen 5    #427 [hci1] 24.946014
        Num handles: 1
        Handle: 3351 Address: DF:A9:FF:F6:B1:1A (OUI DF-A9-FF)
        Count: 1
        #426: len 8 (0 Kb/s)
        Latency: 163 msec (58-174 msec ~152 msec)
> ACL Data RX: Handle 3351 flags 0x02 dlen 9              #428 [hci1] 24.946314
      ATT: Write Command (0x52) len 4
        Handle: 0x0044
          Data: 0101
< HCI Command: Host Number of Com.. (0x03|0x0035) plen 5  #429 [hci1] 24.962677
        Num handles: 1
        Handle: 3351 Address: DF:A9:FF:F6:B1:1A (OUI DF-A9-FF)
        Count: 1
< ACL Data TX: Handle 3351 flags 0x00 dlen 7              #430 [hci1] 24.963027
      ATT: Handle Value Notification (0x1b) len 2
        Handle: 0x0041
          Data: 
< ACL Data TX: Handle 3351 flags 0x00 dlen 9              #431 [hci1] 24.963263
      ATT: Handle Value Notification (0x1b) len 4
        Handle: 0x0049
          Data: 0106
< ACL Data TX: Handle 3351 flags 0x00 dlen 10             #432 [hci1] 24.963442
      ATT: Handle Value Notification (0x1b) len 5
        Handle: 0x0044
          Data: 010100
> HCI Event: Number of Completed Packets (0x13) plen 5    #433 [hci1] 25.033861
        Num handles: 1
        Handle: 3351 Address: DF:A9:FF:F6:B1:1A (OUI DF-A9-FF)
        Count: 1
        #430: len 7 (0 Kb/s)
        Latency: 70 msec (58-174 msec ~111 msec)
> HCI Event: Number of Completed Packets (0x13) plen 5    #434 [hci1] 25.034430
        Num handles: 1
        Handle: 3351 Address: DF:A9:FF:F6:B1:1A (OUI DF-A9-FF)
        Count: 1
        #431: len 9 (1 Kb/s)
        Latency: 71 msec (58-174 msec ~91 msec)
> HCI Event: Number of Completed Packets (0x13) plen 5    #435 [hci1] 25.120912
        Num handles: 1
        Handle: 3351 Address: DF:A9:FF:F6:B1:1A (OUI DF-A9-FF)
        Count: 1
        #432: len 10 (0 Kb/s)
        Latency: 157 msec (58-174 msec ~124 msec)
> HCI Event: Disconnect Complete (0x05) plen 4            #436 [hci1] 26.521123
        Status: Success (0x00)
        Handle: 3351 Address: DF:A9:FF:F6:B1:1A (OUI DF-A9-FF)
        Reason: Remote User Terminated Connection (0x13)
< HCI Command: Reset (0x03|0x0003) plen 0                 #437 [hci1] 31.662060
> HCI Event: Command Complete (0x0e) plen 4               #438 [hci1] 31.662511
      Reset (0x03|0x0003) ncmd 1
        Status: Success (0x00)
@ USER Close: main                                    {0x0001} [hci1] 31.681945
= Close Index: 00:00:00:00:00:00                               [hci1] 31.681953
