2025-11-08 02:38:46,376 LT1-thread root DEBUG client.py                 1000  _run_test_case            : Starting TestCase _run_test_case MBTM MBTM/SR/BT/BV-35-C
2025-11-08 02:38:46,376 LT1-thread root DEBUG testcase.py               716   pre_run                   : pre_run MBTM MBTM/SR/BT/BV-35-C
2025-11-08 02:38:46,376 LT1-thread root DEBUG testcase.py               718   pre_run                   : About to run test case MBTM MBTM/SR/BT/BV-35-C with commands:
2025-11-08 02:38:46,376 LT1-thread root DEBUG testcase.py               720   pre_run                   : 0) class=<class 'autopts.ptsprojects.testcase.TestFunc'>, func=<bound method ZephyrCtl.remove_flash_bin of <autopts.ptsprojects.zephyr.iutctl.ZephyrCtl object at 0x75f5b4c3b100>> start_wid=None stop_wid=None post_wid=None skip_call=None call_count=0 args=() kwds={}
2025-11-08 02:38:46,376 LT1-thread root DEBUG testcase.py               720   pre_run                   : 1) class=<class 'autopts.ptsprojects.testcase.TestFunc'>, func=<bound method Stack.core_init of <autopts.ptsprojects.stack.stack.Stack object at 0x75f5b4c3ae90>> start_wid=None stop_wid=None post_wid=None skip_call=None call_count=0 args=() kwds={}
2025-11-08 02:38:46,376 LT1-thread root DEBUG testcase.py               720   pre_run                   : 2) class=<class 'autopts.ptsprojects.testcase.TestFunc'>, func=<bound method IutCtl.start of <autopts.ptsprojects.zephyr.iutctl.ZephyrCtl object at 0x75f5b4c3b100>> start_wid=None stop_wid=None post_wid=None skip_call=None call_count=0 args=(<autopts.ptsprojects.zephyr.ztestcase.ZTestCase object at 0x75f5b43ccd60>,) kwds={}
2025-11-08 02:38:46,376 LT1-thread root DEBUG testcase.py               720   pre_run                   : 3) class=<class 'autopts.ptsprojects.testcase.TestFunc'>, func=<bound method IutCtl.wait_iut_ready_event of <autopts.ptsprojects.zephyr.iutctl.ZephyrCtl object at 0x75f5b4c3b100>> start_wid=None stop_wid=None post_wid=None skip_call=None call_count=0 args=(False,) kwds={}
2025-11-08 02:38:46,376 LT1-thread root DEBUG testcase.py               720   pre_run                   : 4) class=<class 'autopts.ptsprojects.testcase.TestFunc'>, func=<function core_reg_svc_gap at 0x75f5b7daf2e0> start_wid=None stop_wid=None post_wid=None skip_call=None call_count=34 args=() kwds={}
2025-11-08 02:38:46,376 LT1-thread root DEBUG testcase.py               720   pre_run                   : 5) class=<class 'autopts.ptsprojects.testcase.TestFunc'>, func=<function core_reg_svc_mesh at 0x75f5b7daf640> start_wid=None stop_wid=None post_wid=None skip_call=None call_count=34 args=() kwds={}
2025-11-08 02:38:46,376 LT1-thread root DEBUG testcase.py               720   pre_run                   : 6) class=<class 'autopts.ptsprojects.testcase.TestFunc'>, func=<function mesh_init at 0x75f5b7527400> start_wid=None stop_wid=None post_wid=None skip_call=None call_count=34 args=() kwds={}
2025-11-08 02:38:46,377 LT1-thread root DEBUG testcase.py               720   pre_run                   : 7) class=<class 'autopts.ptsprojects.testcase.TestFunc'>, func=<function core_reg_svc_mmdl at 0x75f5b7daf760> start_wid=None stop_wid=None post_wid=None skip_call=None call_count=34 args=() kwds={}
2025-11-08 02:38:46,377 LT1-thread root DEBUG testcase.py               720   pre_run                   : 8) class=<class 'autopts.ptsprojects.testcase.TestFunc'>, func=<function gap_read_ctrl_info at 0x75f5b7dd9bd0> start_wid=None stop_wid=None post_wid=None skip_call=None call_count=34 args=() kwds={}
2025-11-08 02:38:46,377 LT1-thread root DEBUG testcase.py               720   pre_run                   : 9) class=<class 'autopts.ptsprojects.testcase.TestFunc'>, func=<bound method Stack.gap_init of <autopts.ptsprojects.stack.stack.Stack object at 0x75f5b4c3ae90>> start_wid=None stop_wid=None post_wid=None skip_call=None call_count=34 args=(b'Tester_F6B11A',) kwds={}
2025-11-08 02:38:46,377 LT1-thread root DEBUG testcase.py               720   pre_run                   : 10) class=<class 'autopts.ptsprojects.testcase.TestFunc'>, func=<bound method Stack.mesh_init of <autopts.ptsprojects.stack.stack.Stack object at 0x75f5b4c3ae90>> start_wid=None stop_wid=None post_wid=None skip_call=None call_count=34 args=(b'5acb69bab69a43a6aaad69899a24e8e6', b'5f41dea0ba9441f8b651c55deb496f19') kwds={}
2025-11-08 02:38:46,377 LT1-thread root DEBUG testcase.py               720   pre_run                   : 11) class=<class 'autopts.ptsprojects.testcase.TestFunc'>, func=<function test_cases.<locals>.<lambda> at 0x75f5b4c98ee0> start_wid=None stop_wid=None post_wid=None skip_call=None call_count=34 args=() kwds={}
2025-11-08 02:38:46,377 LT1-thread root DEBUG testcase.py               720   pre_run                   : 12) class=<class 'autopts.ptsprojects.testcase.TestFunc'>, func=<function test_cases.<locals>.<lambda> at 0x75f5b4c98f70> start_wid=None stop_wid=None post_wid=None skip_call=None call_count=34 args=() kwds={}
2025-11-08 02:38:46,377 LT1-thread root DEBUG testcase.py               720   pre_run                   : 13) class=<class 'autopts.ptsprojects.testcase.TestFunc'>, func=<function test_cases.<locals>.<lambda> at 0x75f5b4c99000> start_wid=None stop_wid=None post_wid=None skip_call=None call_count=34 args=() kwds={}
2025-11-08 02:38:46,377 LT1-thread root DEBUG testcase.py               720   pre_run                   : 14) class=<class 'autopts.ptsprojects.testcase.TestFunc'>, func=<function test_cases.<locals>.<lambda> at 0x75f5b4c99090> start_wid=None stop_wid=None post_wid=None skip_call=None call_count=34 args=() kwds={}
2025-11-08 02:38:46,377 LT1-thread root DEBUG testcase.py               720   pre_run                   : 15) class=<class 'autopts.ptsprojects.testcase.TestFunc'>, func=<function test_cases.<locals>.<lambda> at 0x75f5b4c99120> start_wid=None stop_wid=None post_wid=None skip_call=None call_count=34 args=() kwds={}
2025-11-08 02:38:46,377 LT1-thread root DEBUG testcase.py               720   pre_run                   : 16) class=<class 'autopts.ptsprojects.testcase.TestFunc'>, func=<function test_cases.<locals>.<lambda> at 0x75f5b4c991b0> start_wid=None stop_wid=None post_wid=None skip_call=None call_count=34 args=() kwds={}
2025-11-08 02:38:46,377 LT1-thread root DEBUG testcase.py               720   pre_run                   : 17) class=<class 'autopts.ptsprojects.testcase.TestFunc'>, func=<function test_cases.<locals>.<lambda> at 0x75f5b4c99240> start_wid=None stop_wid=None post_wid=None skip_call=None call_count=34 args=() kwds={}
2025-11-08 02:38:46,377 LT1-thread root DEBUG testcase.py               720   pre_run                   : 18) class=<class 'autopts.ptsprojects.testcase.TestFunc'>, func=<function test_cases.<locals>.<lambda> at 0x75f5b4c992d0> start_wid=None stop_wid=None post_wid=None skip_call=None call_count=34 args=() kwds={}
2025-11-08 02:38:46,377 LT1-thread root DEBUG testcase.py               720   pre_run                   : 19) class=<class 'autopts.ptsprojects.testcase.TestFunc'>, func=<function test_cases.<locals>.<lambda> at 0x75f5b4c99360> start_wid=None stop_wid=None post_wid=None skip_call=None call_count=34 args=() kwds={}
2025-11-08 02:38:46,377 LT1-thread root DEBUG testcase.py               720   pre_run                   : 20) class=<class 'autopts.ptsprojects.testcase.TestFunc'>, func=<function test_cases.<locals>.<lambda> at 0x75f5b4c993f0> start_wid=None stop_wid=None post_wid=None skip_call=None call_count=34 args=() kwds={}
2025-11-08 02:38:46,377 LT1-thread root DEBUG testcase.py               720   pre_run                   : 21) class=<class 'autopts.ptsprojects.testcase.TestFunc'>, func=<function test_cases.<locals>.<lambda> at 0x75f5b4c99480> start_wid=None stop_wid=None post_wid=None skip_call=None call_count=34 args=() kwds={}
2025-11-08 02:38:46,377 LT1-thread root DEBUG testcase.py               720   pre_run                   : 22) class=<class 'autopts.ptsprojects.testcase.TestFuncCleanUp'>, func=<bound method Stack.cleanup of <autopts.ptsprojects.stack.stack.Stack object at 0x75f5b4c3ae90>> start_wid=None stop_wid=None post_wid=None skip_call=None call_count=0 args=() kwds={}
2025-11-08 02:38:46,377 LT1-thread root DEBUG testcase.py               720   pre_run                   : 23) class=<class 'autopts.ptsprojects.testcase.TestFuncCleanUp'>, func=<bound method ZephyrCtl.stop of <autopts.ptsprojects.zephyr.iutctl.ZephyrCtl object at 0x75f5b4c3b100>> start_wid=None stop_wid=None post_wid=None skip_call=None call_count=0 args=() kwds={}
2025-11-08 02:38:46,377 LT1-thread root DEBUG testcase.py               727   pre_run                   : pre_run, run pre test case script
2025-11-08 02:38:46,378 LT1-thread root DEBUG testcase.py               254   start                     : Starting test function: class=<class 'autopts.ptsprojects.testcase.TestFunc'>, func=<bound method ZephyrCtl.remove_flash_bin of <autopts.ptsprojects.zephyr.iutctl.ZephyrCtl object at 0x75f5b4c3b100>> start_wid=None stop_wid=None post_wid=None skip_call=None call_count=1 args=() kwds={}
2025-11-08 02:38:46,378 LT1-thread root DEBUG testcase.py               266   start                     : Test function parameters: args=(), kwds={}
2025-11-08 02:38:46,378 LT1-thread root DEBUG testcase.py               254   start                     : Starting test function: class=<class 'autopts.ptsprojects.testcase.TestFunc'>, func=<bound method Stack.core_init of <autopts.ptsprojects.stack.stack.Stack object at 0x75f5b4c3ae90>> start_wid=None stop_wid=None post_wid=None skip_call=None call_count=1 args=() kwds={}
2025-11-08 02:38:46,378 LT1-thread root DEBUG testcase.py               266   start                     : Test function parameters: args=(), kwds={}
2025-11-08 02:38:46,378 LT1-thread root DEBUG testcase.py               254   start                     : Starting test function: class=<class 'autopts.ptsprojects.testcase.TestFunc'>, func=<bound method IutCtl.start of <autopts.ptsprojects.zephyr.iutctl.ZephyrCtl object at 0x75f5b4c3b100>> start_wid=None stop_wid=None post_wid=None skip_call=None call_count=1 args=(<autopts.ptsprojects.zephyr.ztestcase.ZTestCase object at 0x75f5b43ccd60>,) kwds={}
2025-11-08 02:38:46,378 LT1-thread root DEBUG testcase.py               266   start                     : Test function parameters: args=(<autopts.ptsprojects.zephyr.ztestcase.ZTestCase object at 0x75f5b43ccd60>,), kwds={}
2025-11-08 02:38:46,378 LT1-thread root DEBUG iutctl.py                 166   start                     : <class 'autopts.ptsprojects.zephyr.iutctl.ZephyrCtl'>.start
2025-11-08 02:38:46,378 LT1-thread root DEBUG rtt.py                    160   start                     : <class 'autopts.rtt.BTMON'>.start
2025-11-08 02:38:46,382 LT1-thread root DEBUG iutctl.py                 313   _start_native_mode        : Starting native process: /home/codecoup/workspace/zephyrproject/zephyr/tests/bluetooth/tester/build/zephyr/zephyr.exe --bt-dev=hci0 --attach_uart_cmd="socat %s,rawer,b1000000, UNIX-CONNECT:/tmp/bt-stack-tester1057789983 &"
2025-11-08 02:38:46,383 LT1-thread root DEBUG native.py                 33    start                     : Starting native process: /home/codecoup/workspace/zephyrproject/zephyr/tests/bluetooth/tester/build/zephyr/zephyr.exe --bt-dev=hci0 --attach_uart_cmd="socat %s,rawer,b1000000, UNIX-CONNECT:/tmp/bt-stack-tester1057789983 &"
2025-11-08 02:38:46,383 LT1-thread root DEBUG iutctl_common.py          393   accept                    : accept
2025-11-08 02:38:46,391 BTPWorkerThread-1796 (_rx_task) root DEBUG iutctl_common.py          298   _rx_task                  : BTPWorkerThread-1796 (_rx_task) started
2025-11-08 02:38:46,391 LT1-thread root DEBUG testcase.py               254   start                     : Starting test function: class=<class 'autopts.ptsprojects.testcase.TestFunc'>, func=<bound method IutCtl.wait_iut_ready_event of <autopts.ptsprojects.zephyr.iutctl.ZephyrCtl object at 0x75f5b4c3b100>> start_wid=None stop_wid=None post_wid=None skip_call=None call_count=1 args=(False,) kwds={}
2025-11-08 02:38:46,392 LT1-thread root DEBUG testcase.py               266   start                     : Test function parameters: args=(False,), kwds={}
2025-11-08 02:38:46,393 BTPWorkerThread-1796 (_rx_task) root DEBUG iutctl_common.py          123   read                      : Read 5 bytes
2025-11-08 02:38:46,393 BTPWorkerThread-1796 (_rx_task) root DEBUG iutctl_common.py          131   read                      : Received: hdr: Header(svc_id=0x00, op=0x80, ctrl_index=0xff, data_len=0x00) bytearray(b'\x00\x80\xff\x00\x00')
2025-11-08 02:38:46,393 BTPWorkerThread-1796 (_rx_task) root DEBUG iutctl_common.py          154   read                      : Received data: {''}, bytearray(b'')
2025-11-08 02:38:46,393 BTPWorkerThread-1796 (_rx_task) root DEBUG btp.py                    688   event_handler             : event_handler Header(svc_id=0, op=128, ctrl_index=255, data_len=0) (b'',)
2025-11-08 02:38:46,394 BTPWorkerThread-1796 (_rx_task) root DEBUG core.py                   23    core_iut_ready_ev         : core_iut_ready_ev
2025-11-08 02:38:46,893 LT1-thread root DEBUG iutctl.py                 392   wait_iut_ready_event      : IUT ready event received OK
2025-11-08 02:38:46,893 LT1-thread root DEBUG testcase.py               254   start                     : Starting test function: class=<class 'autopts.ptsprojects.testcase.TestFunc'>, func=<function core_reg_svc_gap at 0x75f5b7daf2e0> start_wid=None stop_wid=None post_wid=None skip_call=None call_count=35 args=() kwds={}
2025-11-08 02:38:46,893 LT1-thread root DEBUG testcase.py               266   start                     : Test function parameters: args=(), kwds={}
2025-11-08 02:38:46,893 LT1-thread root DEBUG btp.py                    118   core_reg_svc_univ         : core_reg_svc_univ: gap_reg (GAP)
2025-11-08 02:38:46,893 LT1-thread root DEBUG iutctl_common.py          161   send                      : send, 0 3 255 '1'
2025-11-08 02:38:46,893 LT1-thread root DEBUG iutctl_common.py          166   send                      : sending frame '0003ff010001'
2025-11-08 02:38:46,893 LT1-thread root DEBUG btp.py                    607   core_reg_svc_rsp_succ     : core_reg_svc_rsp_succ
2025-11-08 02:38:46,893 LT1-thread root DEBUG iutctl_common.py          330   read                      : read
2025-11-08 02:38:47,228 BTPWorkerThread-1796 (_rx_task) root DEBUG iutctl_common.py          123   read                      : Read 5 bytes
2025-11-08 02:38:47,229 BTPWorkerThread-1796 (_rx_task) root DEBUG iutctl_common.py          131   read                      : Received: hdr: Header(svc_id=0x00, op=0x03, ctrl_index=0xff, data_len=0x00) bytearray(b'\x00\x03\xff\x00\x00')
2025-11-08 02:38:47,239 BTPWorkerThread-1796 (_rx_task) root DEBUG iutctl_common.py          154   read                      : Received data: {''}, bytearray(b'')
2025-11-08 02:38:47,249 LT1-thread root DEBUG btp.py                    618   core_reg_svc_rsp_succ     : received Header(svc_id=0, op=3, ctrl_index=255, data_len=0) (b'',)
2025-11-08 02:38:47,249 LT1-thread root DEBUG btp.py                    619   core_reg_svc_rsp_succ     : expected ((0, 3, 255, 0), (b'',))
2025-11-08 02:38:47,249 LT1-thread root DEBUG btp.py                    624   core_reg_svc_rsp_succ     : response is valid
2025-11-08 02:38:47,249 LT1-thread root DEBUG btp.py                    627   core_reg_svc_rsp_succ     : Reading supported commands for service: GAP
2025-11-08 02:38:47,249 LT1-thread root DEBUG iutctl_common.py          161   send                      : send, 1 1 255 ''
2025-11-08 02:38:47,249 LT1-thread root DEBUG iutctl_common.py          166   send                      : sending frame '0101ff0000'
2025-11-08 02:38:47,249 LT1-thread root DEBUG iutctl_common.py          330   read                      : read
2025-11-08 02:38:47,260 BTPWorkerThread-1796 (_rx_task) root DEBUG iutctl_common.py          123   read                      : Read 5 bytes
2025-11-08 02:38:47,270 BTPWorkerThread-1796 (_rx_task) root DEBUG iutctl_common.py          131   read                      : Received: hdr: Header(svc_id=0x01, op=0x01, ctrl_index=0xff, data_len=0x06) bytearray(b'\x01\x01\xff\x06\x00')
2025-11-08 02:38:47,286 BTPWorkerThread-1796 (_rx_task) root DEBUG iutctl_common.py          139   read                      : Read 6 bytes data
2025-11-08 02:38:47,286 BTPWorkerThread-1796 (_rx_task) root DEBUG iutctl_common.py          154   read                      : Received data: {'6e ff 7f 1f fe f7'}, bytearray(b'n\xff\x7f\x1f\xfe\xf7')
2025-11-08 02:38:47,286 LT1-thread root DEBUG testcase.py               254   start                     : Starting test function: class=<class 'autopts.ptsprojects.testcase.TestFunc'>, func=<function core_reg_svc_mesh at 0x75f5b7daf640> start_wid=None stop_wid=None post_wid=None skip_call=None call_count=35 args=() kwds={}
2025-11-08 02:38:47,286 LT1-thread root DEBUG testcase.py               266   start                     : Test function parameters: args=(), kwds={}
2025-11-08 02:38:47,286 LT1-thread root DEBUG btp.py                    118   core_reg_svc_univ         : core_reg_svc_univ: mesh_reg (MESH)
2025-11-08 02:38:47,286 LT1-thread root DEBUG iutctl_common.py          161   send                      : send, 0 3 255 '4'
2025-11-08 02:38:47,286 LT1-thread root DEBUG iutctl_common.py          166   send                      : sending frame '0003ff010004'
2025-11-08 02:38:47,286 LT1-thread root DEBUG btp.py                    607   core_reg_svc_rsp_succ     : core_reg_svc_rsp_succ
2025-11-08 02:38:47,286 LT1-thread root DEBUG iutctl_common.py          330   read                      : read
2025-11-08 02:38:47,298 BTPWorkerThread-1796 (_rx_task) root DEBUG iutctl_common.py          123   read                      : Read 5 bytes
2025-11-08 02:38:47,309 BTPWorkerThread-1796 (_rx_task) root DEBUG iutctl_common.py          131   read                      : Received: hdr: Header(svc_id=0x00, op=0x03, ctrl_index=0xff, data_len=0x00) bytearray(b'\x00\x03\xff\x00\x00')
2025-11-08 02:38:47,319 BTPWorkerThread-1796 (_rx_task) root DEBUG iutctl_common.py          154   read                      : Received data: {''}, bytearray(b'')
2025-11-08 02:38:47,324 LT1-thread root DEBUG btp.py                    618   core_reg_svc_rsp_succ     : received Header(svc_id=0, op=3, ctrl_index=255, data_len=0) (b'',)
2025-11-08 02:38:47,324 LT1-thread root DEBUG btp.py                    619   core_reg_svc_rsp_succ     : expected ((0, 3, 255, 0), (b'',))
2025-11-08 02:38:47,324 LT1-thread root DEBUG btp.py                    624   core_reg_svc_rsp_succ     : response is valid
2025-11-08 02:38:47,324 LT1-thread root DEBUG btp.py                    627   core_reg_svc_rsp_succ     : Reading supported commands for service: MESH
2025-11-08 02:38:47,324 LT1-thread root DEBUG iutctl_common.py          161   send                      : send, 4 1 255 ''
2025-11-08 02:38:47,324 LT1-thread root DEBUG iutctl_common.py          166   send                      : sending frame '0401ff0000'
2025-11-08 02:38:47,325 LT1-thread root DEBUG iutctl_common.py          330   read                      : read
2025-11-08 02:38:47,338 BTPWorkerThread-1796 (_rx_task) root DEBUG iutctl_common.py          123   read                      : Read 5 bytes
2025-11-08 02:38:47,338 BTPWorkerThread-1796 (_rx_task) root DEBUG iutctl_common.py          131   read                      : Received: hdr: Header(svc_id=0x04, op=0x01, ctrl_index=0xff, data_len=0x10) bytearray(b'\x04\x01\xff\x10\x00')
2025-11-08 02:38:47,338 BTPWorkerThread-1796 (_rx_task) root DEBUG iutctl_common.py          139   read                      : Read 16 bytes data
2025-11-08 02:38:47,339 BTPWorkerThread-1796 (_rx_task) root DEBUG iutctl_common.py          154   read                      : Received data: {'fe ff 7f ff ff ff ff ff ff ff ff fe ff f1 87 01'}, bytearray(b'\xfe\xff\x7f\xff\xff\xff\xff\xff\xff\xff\xff\xfe\xff\xf1\x87\x01')
2025-11-08 02:38:47,349 LT1-thread root DEBUG testcase.py               254   start                     : Starting test function: class=<class 'autopts.ptsprojects.testcase.TestFunc'>, func=<function mesh_init at 0x75f5b7527400> start_wid=None stop_wid=None post_wid=None skip_call=None call_count=35 args=() kwds={}
2025-11-08 02:38:47,349 LT1-thread root DEBUG testcase.py               266   start                     : Test function parameters: args=(), kwds={}
2025-11-08 02:38:47,349 LT1-thread root DEBUG mesh.py                   102   mesh_init                 : mesh_init 0
2025-11-08 02:38:47,349 LT1-thread root DEBUG iutctl_common.py          161   send                      : send, 4 4 0 "bytearray(b'\\x00')"
2025-11-08 02:38:47,349 LT1-thread root DEBUG iutctl_common.py          166   send                      : sending frame '040400010000'
2025-11-08 02:38:47,349 LT1-thread root DEBUG iutctl_common.py          330   read                      : read
2025-11-08 02:38:47,380 BTPWorkerThread-1796 (_rx_task) root DEBUG iutctl_common.py          123   read                      : Read 5 bytes
2025-11-08 02:38:47,385 BTPWorkerThread-1796 (_rx_task) root DEBUG iutctl_common.py          131   read                      : Received: hdr: Header(svc_id=0x04, op=0x04, ctrl_index=0x00, data_len=0x00) bytearray(b'\x04\x04\x00\x00\x00')
2025-11-08 02:38:47,401 BTPWorkerThread-1796 (_rx_task) root DEBUG iutctl_common.py          154   read                      : Received data: {''}, bytearray(b'')
2025-11-08 02:38:47,401 LT1-thread root DEBUG testcase.py               254   start                     : Starting test function: class=<class 'autopts.ptsprojects.testcase.TestFunc'>, func=<function core_reg_svc_mmdl at 0x75f5b7daf760> start_wid=None stop_wid=None post_wid=None skip_call=None call_count=35 args=() kwds={}
2025-11-08 02:38:47,401 LT1-thread root DEBUG testcase.py               266   start                     : Test function parameters: args=(), kwds={}
2025-11-08 02:38:47,401 LT1-thread root DEBUG btp.py                    118   core_reg_svc_univ         : core_reg_svc_univ: mmdl_reg (MESH_MMDL)
2025-11-08 02:38:47,401 LT1-thread root DEBUG iutctl_common.py          161   send                      : send, 0 3 255 '5'
2025-11-08 02:38:47,401 LT1-thread root DEBUG iutctl_common.py          166   send                      : sending frame '0003ff010005'
2025-11-08 02:38:47,401 LT1-thread root DEBUG btp.py                    607   core_reg_svc_rsp_succ     : core_reg_svc_rsp_succ
2025-11-08 02:38:47,401 LT1-thread root DEBUG iutctl_common.py          330   read                      : read
2025-11-08 02:38:47,418 BTPWorkerThread-1796 (_rx_task) root DEBUG iutctl_common.py          123   read                      : Read 5 bytes
2025-11-08 02:38:47,418 BTPWorkerThread-1796 (_rx_task) root DEBUG iutctl_common.py          131   read                      : Received: hdr: Header(svc_id=0x00, op=0x03, ctrl_index=0xff, data_len=0x00) bytearray(b'\x00\x03\xff\x00\x00')
2025-11-08 02:38:47,418 BTPWorkerThread-1796 (_rx_task) root DEBUG iutctl_common.py          154   read                      : Received data: {''}, bytearray(b'')
2025-11-08 02:38:47,419 LT1-thread root DEBUG btp.py                    618   core_reg_svc_rsp_succ     : received Header(svc_id=0, op=3, ctrl_index=255, data_len=0) (b'',)
2025-11-08 02:38:47,419 LT1-thread root DEBUG btp.py                    619   core_reg_svc_rsp_succ     : expected ((0, 3, 255, 0), (b'',))
2025-11-08 02:38:47,419 LT1-thread root DEBUG btp.py                    624   core_reg_svc_rsp_succ     : response is valid
2025-11-08 02:38:47,419 LT1-thread root DEBUG btp.py                    627   core_reg_svc_rsp_succ     : Reading supported commands for service: MESH_MMDL
2025-11-08 02:38:47,419 LT1-thread root DEBUG iutctl_common.py          161   send                      : send, 5 1 255 ''
2025-11-08 02:38:47,419 LT1-thread root DEBUG iutctl_common.py          166   send                      : sending frame '0501ff0000'
2025-11-08 02:38:47,419 LT1-thread root DEBUG iutctl_common.py          330   read                      : read
2025-11-08 02:38:47,438 BTPWorkerThread-1796 (_rx_task) root DEBUG iutctl_common.py          123   read                      : Read 5 bytes
2025-11-08 02:38:47,449 BTPWorkerThread-1796 (_rx_task) root DEBUG iutctl_common.py          131   read                      : Received: hdr: Header(svc_id=0x05, op=0x00, ctrl_index=0xff, data_len=0x01) bytearray(b'\x05\x00\xff\x01\x00')
2025-11-08 02:38:47,449 BTPWorkerThread-1796 (_rx_task) root DEBUG iutctl_common.py          139   read                      : Read 1 bytes data
2025-11-08 02:38:47,449 BTPWorkerThread-1796 (_rx_task) root DEBUG iutctl_common.py          154   read                      : Received data: {'02'}, bytearray(b'\x02')
2025-11-08 02:38:47,449 LT1-thread root WARNING btp.py                    631   core_reg_svc_rsp_succ     : No read supported commands for MESH_MMDL: Error opcode in response!
2025-11-08 02:38:47,449 LT1-thread root DEBUG testcase.py               254   start                     : Starting test function: class=<class 'autopts.ptsprojects.testcase.TestFunc'>, func=<function gap_read_ctrl_info at 0x75f5b7dd9bd0> start_wid=None stop_wid=None post_wid=None skip_call=None call_count=35 args=() kwds={}
2025-11-08 02:38:47,449 LT1-thread root DEBUG testcase.py               266   start                     : Test function parameters: args=(), kwds={}
2025-11-08 02:38:47,449 LT1-thread root DEBUG gap.py                    1102  gap_read_ctrl_info        : gap_read_ctrl_info
2025-11-08 02:38:47,449 LT1-thread root DEBUG iutctl_common.py          161   send                      : send, 1 3 0 ''
2025-11-08 02:38:47,449 LT1-thread root DEBUG iutctl_common.py          166   send                      : sending frame '0103000000'
2025-11-08 02:38:47,449 LT1-thread root DEBUG iutctl_common.py          330   read                      : read
2025-11-08 02:38:47,463 BTPWorkerThread-1796 (_rx_task) root DEBUG iutctl_common.py          123   read                      : Read 5 bytes
2025-11-08 02:38:47,463 BTPWorkerThread-1796 (_rx_task) root DEBUG iutctl_common.py          131   read                      : Received: hdr: Header(svc_id=0x01, op=0x03, ctrl_index=0x00, data_len=0x115) bytearray(b'\x01\x03\x00\x15\x01')
2025-11-08 02:38:47,469 BTPWorkerThread-1796 (_rx_task) root DEBUG iutctl_common.py          139   read                      : Read 277 bytes data
2025-11-08 02:38:47,479 BTPWorkerThread-1796 (_rx_task) root DEBUG iutctl_common.py          154   read                      : Received data: {'00 00 00 00 00 00 13 06 02 00 13 02 00 00 00 00 00 62 74 70 5f 74 65 73 74 65 72 00 00 00 00 00 00 00 00 00 00 00 00 00 00 00 00 00 00 00 00 00 00 00 00 00 00 00 00 00 00 00 00 00 00 00 00 00 00 00 00 00 00 00 00 00 00 00 00 00 00 00 00 00 00 00 00 00 00 00 00 00 00 00 00 00 00 00 00 00 00 00 00 00 00 00 00 00 00 00 00 00 00 00 00 00 00 00 00 00 00 00 00 00 00 00 00 00 00 00 00 00 00 00 00 00 00 00 00 00 00 00 00 00 00 00 00 00 00 00 00 00 00 00 00 00 00 00 00 00 00 00 00 00 00 00 00 00 00 00 00 00 00 00 00 00 00 00 00 00 00 00 00 00 00 00 00 00 00 00 00 00 00 00 00 00 00 00 00 00 00 00 00 00 00 00 00 00 00 00 00 00 00 00 00 00 00 00 00 00 00 00 00 00 00 00 00 00 00 00 00 00 00 00 00 00 00 00 00 00 00 00 00 00 00 00 00 00 00 00 00 00 00 00 00 00 00 00 00 00 00 00 00 00 00 00 00 00 00 00 00 00 00 00 00 00 00 00 00 00 00'}, bytearray(b'\x00\x00\x00\x00\x00\x00\x13\x06\x02\x00\x13\x02\x00\x00\x00\x00\x00btp_tester\x00\x00\x00\x00\x00\x00\x00\x00\x00\x00\x00\x00\x00\x00\x00\x00\x00\x00\x00\x00\x00\x00\x00\x00\x00\x00\x00\x00\x00\x00\x00\x00\x00\x00\x00\x00\x00\x00\x00\x00\x00\x00\x00\x00\x00\x00\x00\x00\x00\x00\x00\x00\x00\x00\x00\x00\x00\x00\x00\x00\x00\x00\x00\x00\x00\x00\x00\x00\x00\x00\x00\x00\x00\x00\x00\x00\x00\x00\x00\x00\x00\x00\x00\x00\x00\x00\x00\x00\x00\x00\x00\x00\x00\x00\x00\x00\x00\x00\x00\x00\x00\x00\x00\x00\x00\x00\x00\x00\x00\x00\x00\x00\x00\x00\x00\x00\x00\x00\x00\x00\x00\x00\x00\x00\x00\x00\x00\x00\x00\x00\x00\x00\x00\x00\x00\x00\x00\x00\x00\x00\x00\x00\x00\x00\x00\x00\x00\x00\x00\x00\x00\x00\x00\x00\x00\x00\x00\x00\x00\x00\x00\x00\x00\x00\x00\x00\x00\x00\x00\x00\x00\x00\x00\x00\x00\x00\x00\x00\x00\x00\x00\x00\x00\x00\x00\x00\x00\x00\x00\x00\x00\x00\x00\x00\x00\x00\x00\x00\x00\x00\x00\x00\x00\x00\x00\x00\x00\x00\x00\x00\x00\x00\x00\x00\x00\x00\x00\x00\x00\x00\x00\x00\x00\x00\x00\x00\x00\x00\x00\x00\x00\x00\x00\x00\x00\x00\x00\x00\x00\x00\x00\x00\x00\x00\x00\x00\x00\x00\x00\x00')
2025-11-08 02:38:47,489 LT1-thread root DEBUG gap.py                    1109  gap_read_ctrl_info        : received Header(svc_id=1, op=3, ctrl_index=0, data_len=277) (b'\x00\x00\x00\x00\x00\x00\x13\x06\x02\x00\x13\x02\x00\x00\x00\x00\x00btp_tester\x00\x00\x00\x00\x00\x00\x00\x00\x00\x00\x00\x00\x00\x00\x00\x00\x00\x00\x00\x00\x00\x00\x00\x00\x00\x00\x00\x00\x00\x00\x00\x00\x00\x00\x00\x00\x00\x00\x00\x00\x00\x00\x00\x00\x00\x00\x00\x00\x00\x00\x00\x00\x00\x00\x00\x00\x00\x00\x00\x00\x00\x00\x00\x00\x00\x00\x00\x00\x00\x00\x00\x00\x00\x00\x00\x00\x00\x00\x00\x00\x00\x00\x00\x00\x00\x00\x00\x00\x00\x00\x00\x00\x00\x00\x00\x00\x00\x00\x00\x00\x00\x00\x00\x00\x00\x00\x00\x00\x00\x00\x00\x00\x00\x00\x00\x00\x00\x00\x00\x00\x00\x00\x00\x00\x00\x00\x00\x00\x00\x00\x00\x00\x00\x00\x00\x00\x00\x00\x00\x00\x00\x00\x00\x00\x00\x00\x00\x00\x00\x00\x00\x00\x00\x00\x00\x00\x00\x00\x00\x00\x00\x00\x00\x00\x00\x00\x00\x00\x00\x00\x00\x00\x00\x00\x00\x00\x00\x00\x00\x00\x00\x00\x00\x00\x00\x00\x00\x00\x00\x00\x00\x00\x00\x00\x00\x00\x00\x00\x00\x00\x00\x00\x00\x00\x00\x00\x00\x00\x00\x00\x00\x00\x00\x00\x00\x00\x00\x00\x00\x00\x00\x00\x00\x00\x00\x00\x00\x00\x00\x00\x00\x00\x00\x00\x00\x00\x00\x00\x00\x00\x00\x00\x00\x00\x00\x00\x00\x00\x00\x00',)
2025-11-08 02:38:47,489 LT1-thread root DEBUG gap.py                    1130  gap_read_ctrl_info        : IUT address '000000000000' 'public'
2025-11-08 02:38:47,489 LT1-thread root DEBUG gap.py                    543   __gap_current_settings_update : __gap_current_settings_update 531
2025-11-08 02:38:47,489 LT1-thread root DEBUG testcase.py               254   start                     : Starting test function: class=<class 'autopts.ptsprojects.testcase.TestFunc'>, func=<bound method Stack.gap_init of <autopts.ptsprojects.stack.stack.Stack object at 0x75f5b4c3ae90>> start_wid=None stop_wid=None post_wid=None skip_call=None call_count=35 args=(b'Tester_F6B11A',) kwds={}
2025-11-08 02:38:47,489 LT1-thread root DEBUG testcase.py               266   start                     : Test function parameters: args=(b'Tester_F6B11A',), kwds={}
2025-11-08 02:38:47,490 LT1-thread root DEBUG testcase.py               254   start                     : Starting test function: class=<class 'autopts.ptsprojects.testcase.TestFunc'>, func=<bound method Stack.mesh_init of <autopts.ptsprojects.stack.stack.Stack object at 0x75f5b4c3ae90>> start_wid=None stop_wid=None post_wid=None skip_call=None call_count=35 args=(b'5acb69bab69a43a6aaad69899a24e8e6', b'5f41dea0ba9441f8b651c55deb496f19') kwds={}
2025-11-08 02:38:47,490 LT1-thread root DEBUG testcase.py               266   start                     : Test function parameters: args=(b'5acb69bab69a43a6aaad69899a24e8e6', b'5f41dea0ba9441f8b651c55deb496f19'), kwds={}
2025-11-08 02:38:47,490 LT1-thread root DEBUG testcase.py               254   start                     : Starting test function: class=<class 'autopts.ptsprojects.testcase.TestFunc'>, func=<function test_cases.<locals>.<lambda> at 0x75f5b4c98ee0> start_wid=None stop_wid=None post_wid=None skip_call=None call_count=35 args=() kwds={}
2025-11-08 02:38:47,490 LT1-thread root DEBUG testcase.py               266   start                     : Test function parameters: args=(), kwds={}
2025-11-08 02:38:47,490 LT1-thread root DEBUG testcase.py               254   start                     : Starting test function: class=<class 'autopts.ptsprojects.testcase.TestFunc'>, func=<function test_cases.<locals>.<lambda> at 0x75f5b4c98f70> start_wid=None stop_wid=None post_wid=None skip_call=None call_count=35 args=() kwds={}
2025-11-08 02:38:47,490 LT1-thread root DEBUG testcase.py               266   start                     : Test function parameters: args=(), kwds={}
2025-11-08 02:38:47,493 LT1-thread root DEBUG testcase.py               254   start                     : Starting test function: class=<class 'autopts.ptsprojects.testcase.TestFunc'>, func=<function test_cases.<locals>.<lambda> at 0x75f5b4c99000> start_wid=None stop_wid=None post_wid=None skip_call=None call_count=35 args=() kwds={}
2025-11-08 02:38:47,493 LT1-thread root DEBUG testcase.py               266   start                     : Test function parameters: args=(), kwds={}
2025-11-08 02:38:47,496 LT1-thread root DEBUG testcase.py               254   start                     : Starting test function: class=<class 'autopts.ptsprojects.testcase.TestFunc'>, func=<function test_cases.<locals>.<lambda> at 0x75f5b4c99090> start_wid=None stop_wid=None post_wid=None skip_call=None call_count=35 args=() kwds={}
2025-11-08 02:38:47,496 LT1-thread root DEBUG testcase.py               266   start                     : Test function parameters: args=(), kwds={}
2025-11-08 02:38:47,499 LT1-thread root DEBUG testcase.py               254   start                     : Starting test function: class=<class 'autopts.ptsprojects.testcase.TestFunc'>, func=<function test_cases.<locals>.<lambda> at 0x75f5b4c99120> start_wid=None stop_wid=None post_wid=None skip_call=None call_count=35 args=() kwds={}
2025-11-08 02:38:47,499 LT1-thread root DEBUG testcase.py               266   start                     : Test function parameters: args=(), kwds={}
2025-11-08 02:38:47,503 LT1-thread root DEBUG testcase.py               254   start                     : Starting test function: class=<class 'autopts.ptsprojects.testcase.TestFunc'>, func=<function test_cases.<locals>.<lambda> at 0x75f5b4c991b0> start_wid=None stop_wid=None post_wid=None skip_call=None call_count=35 args=() kwds={}
2025-11-08 02:38:47,503 LT1-thread root DEBUG testcase.py               266   start                     : Test function parameters: args=(), kwds={}
2025-11-08 02:38:47,506 LT1-thread root DEBUG testcase.py               254   start                     : Starting test function: class=<class 'autopts.ptsprojects.testcase.TestFunc'>, func=<function test_cases.<locals>.<lambda> at 0x75f5b4c99240> start_wid=None stop_wid=None post_wid=None skip_call=None call_count=35 args=() kwds={}
2025-11-08 02:38:47,506 LT1-thread root DEBUG testcase.py               266   start                     : Test function parameters: args=(), kwds={}
2025-11-08 02:38:47,509 LT1-thread root DEBUG testcase.py               254   start                     : Starting test function: class=<class 'autopts.ptsprojects.testcase.TestFunc'>, func=<function test_cases.<locals>.<lambda> at 0x75f5b4c992d0> start_wid=None stop_wid=None post_wid=None skip_call=None call_count=35 args=() kwds={}
2025-11-08 02:38:47,509 LT1-thread root DEBUG testcase.py               266   start                     : Test function parameters: args=(), kwds={}
2025-11-08 02:38:47,512 LT1-thread root DEBUG testcase.py               254   start                     : Starting test function: class=<class 'autopts.ptsprojects.testcase.TestFunc'>, func=<function test_cases.<locals>.<lambda> at 0x75f5b4c99360> start_wid=None stop_wid=None post_wid=None skip_call=None call_count=35 args=() kwds={}
2025-11-08 02:38:47,512 LT1-thread root DEBUG testcase.py               266   start                     : Test function parameters: args=(), kwds={}
2025-11-08 02:38:47,512 LT1-thread root DEBUG testcase.py               254   start                     : Starting test function: class=<class 'autopts.ptsprojects.testcase.TestFunc'>, func=<function test_cases.<locals>.<lambda> at 0x75f5b4c993f0> start_wid=None stop_wid=None post_wid=None skip_call=None call_count=35 args=() kwds={}
2025-11-08 02:38:47,512 LT1-thread root DEBUG testcase.py               266   start                     : Test function parameters: args=(), kwds={}
2025-11-08 02:38:47,515 LT1-thread root DEBUG testcase.py               254   start                     : Starting test function: class=<class 'autopts.ptsprojects.testcase.TestFunc'>, func=<function test_cases.<locals>.<lambda> at 0x75f5b4c99480> start_wid=None stop_wid=None post_wid=None skip_call=None call_count=35 args=() kwds={}
2025-11-08 02:38:47,515 LT1-thread root DEBUG testcase.py               266   start                     : Test function parameters: args=(), kwds={}
2025-11-08 02:38:47,516 LT1-thread root DEBUG client.py                 318   get_result                : ClientCallback.get_result run_test_case
2025-11-08 02:38:47,869 LT1-callback ClientCallback.on_implicit_send INFO client.py                 265   on_implicit_send          : 
    ********************
    BEGIN OnImplicitSend:
    project_name: MBTM
    wid: 526
    test_case_name: MBTM/SR/BT/BV-35-C
    description: Please remove application and network security on IUT.
Click OK to when the IUT is in unprovisioned state.
    style: MMI_Style_Ok 0x11040
2025-11-08 02:38:47,869 LT1-callback ClientCallback.on_implicit_send INFO client.py                 278   on_implicit_send          : Calling test cases on_implicit_send
2025-11-08 02:38:47,869 LT1-callback ClientCallback.on_implicit_send INFO client.py                 291   on_implicit_send          : 
    on_implicit_send returned response: WAIT
    END OnImplicitSend
    ********************
2025-11-08 02:38:48,516 LT1-thread root DEBUG testcase.py               675   run_wid                   : MBTM MBTM/SR/BT/BV-35-C on_implicit_send
2025-11-08 02:38:48,517 LT1-thread root DEBUG mmdl.py                   31    mmdl_wid_hdl              : mmdl_wid_hdl, 526, Please remove application and network security on IUT.
Click OK to when the IUT is in unprovisioned state., MBTM/SR/BT/BV-35-C
2025-11-08 02:38:48,517 LT1-thread root DEBUG testcase.py               711   run_wid                   : Sending response 'Ok' to wid 526 test case MBTM/SR/BT/BV-35-C
2025-11-08 02:38:48,518 LT1-thread root DEBUG client.py                 318   get_result                : ClientCallback.get_result run_test_case
2025-11-08 02:38:48,520 LT1-callback ClientCallback.log INFO client.py                 242   log                       : PTS_LOGTYPE_IMPLICIT_SEND PTS ControlServer  MBTM/SR/BT/BV-35-C Server: SUCCESS with response=Ok
2025-11-08 02:38:49,710 LT1-callback ClientCallback.on_implicit_send INFO client.py                 265   on_implicit_send          : 
    ********************
    BEGIN OnImplicitSend:
    project_name: MBTM
    wid: 13
    test_case_name: MBTM/SR/BT/BV-35-C
    description: There is no shared security information. Please remove any security information if any. PTS is waiting for beacon to start provisioning from IUT with UUID value indicated in 'TSPX_device_uuid'
    style: MMI_Style_Ok_Cancel2 0x11141
2025-11-08 02:38:49,710 LT1-callback ClientCallback.on_implicit_send INFO client.py                 278   on_implicit_send          : Calling test cases on_implicit_send
2025-11-08 02:38:49,710 LT1-callback ClientCallback.on_implicit_send INFO client.py                 291   on_implicit_send          : 
    on_implicit_send returned response: WAIT
    END OnImplicitSend
    ********************
2025-11-08 02:38:50,518 LT1-thread root DEBUG testcase.py               675   run_wid                   : MBTM MBTM/SR/BT/BV-35-C on_implicit_send
2025-11-08 02:38:50,518 LT1-thread root DEBUG mmdl.py                   31    mmdl_wid_hdl              : mmdl_wid_hdl, 13, There is no shared security information. Please remove any security information if any. PTS is waiting for beacon to start provisioning from IUT with UUID value indicated in 'TSPX_device_uuid', MBTM/SR/BT/BV-35-C
2025-11-08 02:38:50,519 LT1-thread root DEBUG mesh.py                   32    mesh_config_prov          : mesh_config_prov
2025-11-08 02:38:50,519 LT1-thread root DEBUG iutctl_common.py          161   send                      : send, 4 2 0 "bytearray(b'\\xefr1t\\xb5T@\\xf9\\xb8\\x97^*&Z\\x07\\xbe\\x00\\x00\\x00\\x00\\x00\\x00\\x00\\x00\\x00\\x00\\x00\\x00\\x00\\x00\\x00\\x00\\x00\\x00\\x00\\x00\\x00\\x00\\x00\\x00\\x00\\x00\\x00\\x00\\x00\\x00\\x00\\x00\\x10\\x01\\x18\\x00\\x00\\x00\\x00\\x00')"
2025-11-08 02:38:50,519 LT1-thread root DEBUG iutctl_common.py          166   send                      : sending frame '0402003800ef723174b55440f9b8975e2a265a07be00000000000000000000000000000000000000000000000000000000000000001001180000000000'
2025-11-08 02:38:50,519 LT1-thread root DEBUG iutctl_common.py          330   read                      : read
2025-11-08 02:38:50,538 BTPWorkerThread-1796 (_rx_task) root DEBUG iutctl_common.py          123   read                      : Read 5 bytes
2025-11-08 02:38:50,539 BTPWorkerThread-1796 (_rx_task) root DEBUG iutctl_common.py          131   read                      : Received: hdr: Header(svc_id=0x04, op=0x02, ctrl_index=0x00, data_len=0x00) bytearray(b'\x04\x02\x00\x00\x00')
2025-11-08 02:38:50,539 BTPWorkerThread-1796 (_rx_task) root DEBUG iutctl_common.py          154   read                      : Received data: {''}, bytearray(b'')
2025-11-08 02:38:50,539 LT1-thread root DEBUG mesh.py                   112   mesh_start                : mesh_start
2025-11-08 02:38:50,539 LT1-thread root DEBUG iutctl_common.py          161   send                      : send, 4 120 0 ''
2025-11-08 02:38:50,539 LT1-thread root DEBUG iutctl_common.py          166   send                      : sending frame '0478000000'
2025-11-08 02:38:50,539 LT1-thread root DEBUG iutctl_common.py          330   read                      : read
2025-11-08 02:38:50,668 BTPWorkerThread-1796 (_rx_task) root DEBUG iutctl_common.py          123   read                      : Read 5 bytes
2025-11-08 02:38:50,679 BTPWorkerThread-1796 (_rx_task) root DEBUG iutctl_common.py          131   read                      : Received: hdr: Header(svc_id=0x04, op=0x78, ctrl_index=0x00, data_len=0x00) bytearray(b'\x04x\x00\x00\x00')
2025-11-08 02:38:50,689 BTPWorkerThread-1796 (_rx_task) root DEBUG iutctl_common.py          154   read                      : Received data: {''}, bytearray(b'')
2025-11-08 02:38:50,700 LT1-thread root DEBUG testcase.py               711   run_wid                   : Sending response 'OK' to wid 13 test case MBTM/SR/BT/BV-35-C
2025-11-08 02:38:50,702 LT1-thread root DEBUG client.py                 318   get_result                : ClientCallback.get_result run_test_case
2025-11-08 02:38:50,705 LT1-callback ClientCallback.log INFO client.py                 242   log                       : PTS_LOGTYPE_IMPLICIT_SEND PTS ControlServer  MBTM/SR/BT/BV-35-C Server: SUCCESS with response=OK
2025-11-08 02:38:50,878 BTPWorkerThread-1796 (_rx_task) root DEBUG iutctl_common.py          123   read                      : Read 5 bytes
2025-11-08 02:38:50,878 BTPWorkerThread-1796 (_rx_task) root DEBUG iutctl_common.py          131   read                      : Received: hdr: Header(svc_id=0x04, op=0x84, ctrl_index=0x00, data_len=0x01) bytearray(b'\x04\x84\x00\x01\x00')
2025-11-08 02:38:50,878 BTPWorkerThread-1796 (_rx_task) root DEBUG iutctl_common.py          139   read                      : Read 1 bytes data
2025-11-08 02:38:50,879 BTPWorkerThread-1796 (_rx_task) root DEBUG iutctl_common.py          154   read                      : Received data: {'00'}, bytearray(b'\x00')
2025-11-08 02:38:50,879 BTPWorkerThread-1796 (_rx_task) root DEBUG btp.py                    688   event_handler             : event_handler Header(svc_id=4, op=132, ctrl_index=0, data_len=1) (b'\x00',)
2025-11-08 02:38:50,879 BTPWorkerThread-1796 (_rx_task) root DEBUG mesh.py                   530   mesh_prov_link_open_ev    : mesh_prov_link_open_ev b'\x00'
2025-11-08 02:38:53,719 BTPWorkerThread-1796 (_rx_task) root DEBUG iutctl_common.py          123   read                      : Read 5 bytes
2025-11-08 02:38:53,719 BTPWorkerThread-1796 (_rx_task) root DEBUG iutctl_common.py          131   read                      : Received: hdr: Header(svc_id=0x04, op=0x83, ctrl_index=0x00, data_len=0x00) bytearray(b'\x04\x83\x00\x00\x00')
2025-11-08 02:38:53,719 BTPWorkerThread-1796 (_rx_task) root DEBUG iutctl_common.py          154   read                      : Received data: {''}, bytearray(b'')
2025-11-08 02:38:53,719 BTPWorkerThread-1796 (_rx_task) root DEBUG btp.py                    688   event_handler             : event_handler Header(svc_id=4, op=131, ctrl_index=0, data_len=0) (b'',)
2025-11-08 02:38:53,719 BTPWorkerThread-1796 (_rx_task) root DEBUG mesh.py                   520   mesh_provisioned_ev       : mesh_provisioned_ev b''
2025-11-08 02:38:55,390 BTPWorkerThread-1796 (_rx_task) root DEBUG iutctl_common.py          123   read                      : Read 5 bytes
2025-11-08 02:38:55,390 BTPWorkerThread-1796 (_rx_task) root DEBUG iutctl_common.py          131   read                      : Received: hdr: Header(svc_id=0x04, op=0x85, ctrl_index=0x00, data_len=0x01) bytearray(b'\x04\x85\x00\x01\x00')
2025-11-08 02:38:55,390 BTPWorkerThread-1796 (_rx_task) root DEBUG iutctl_common.py          139   read                      : Read 1 bytes data
2025-11-08 02:38:55,390 BTPWorkerThread-1796 (_rx_task) root DEBUG iutctl_common.py          154   read                      : Received data: {'00'}, bytearray(b'\x00')
2025-11-08 02:38:55,390 BTPWorkerThread-1796 (_rx_task) root DEBUG btp.py                    688   event_handler             : event_handler Header(svc_id=4, op=133, ctrl_index=0, data_len=1) (b'\x00',)
2025-11-08 02:38:55,390 BTPWorkerThread-1796 (_rx_task) root DEBUG mesh.py                   538   mesh_prov_link_closed_ev  : mesh_prov_link_closed_ev b'\x00'
2025-11-08 02:38:56,458 BTPWorkerThread-1796 (_rx_task) root DEBUG iutctl_common.py          123   read                      : Read 5 bytes
2025-11-08 02:38:56,459 BTPWorkerThread-1796 (_rx_task) root DEBUG iutctl_common.py          131   read                      : Received: hdr: Header(svc_id=0x04, op=0x86, ctrl_index=0x00, data_len=0x16) bytearray(b'\x04\x86\x00\x16\x00')
2025-11-08 02:38:56,459 BTPWorkerThread-1796 (_rx_task) root DEBUG iutctl_common.py          139   read                      : Read 22 bytes data
2025-11-08 02:38:56,459 BTPWorkerThread-1796 (_rx_task) root DEBUG iutctl_common.py          154   read                      : Received data: {'03 00 01 00 02 00 0f 80 80 00 00 87 f6 c7 93 40 03 5b 31 ee 78 9b'}, bytearray(b'\x03\x00\x01\x00\x02\x00\x0f\x80\x80\x00\x00\x87\xf6\xc7\x93@\x03[1\xeex\x9b')
2025-11-08 02:38:56,459 BTPWorkerThread-1796 (_rx_task) root DEBUG btp.py                    688   event_handler             : event_handler Header(svc_id=4, op=134, ctrl_index=0, data_len=22) (b'\x03\x00\x01\x00\x02\x00\x0f\x80\x80\x00\x00\x87\xf6\xc7\x93@\x03[1\xeex\x9b',)
2025-11-08 02:38:56,459 BTPWorkerThread-1796 (_rx_task) root DEBUG iutctl_common.py          123   read                      : Read 5 bytes
2025-11-08 02:38:56,459 BTPWorkerThread-1796 (_rx_task) root DEBUG iutctl_common.py          131   read                      : Received: hdr: Header(svc_id=0x04, op=0x8f, ctrl_index=0x00, data_len=0x08) bytearray(b'\x04\x8f\x00\x08\x00')
2025-11-08 02:38:56,459 BTPWorkerThread-1796 (_rx_task) root DEBUG iutctl_common.py          139   read                      : Read 8 bytes data
2025-11-08 02:38:56,459 BTPWorkerThread-1796 (_rx_task) root DEBUG iutctl_common.py          154   read                      : Received data: {'01 00 02 00 03 80 08 7f'}, bytearray(b'\x01\x00\x02\x00\x03\x80\x08\x7f')
2025-11-08 02:38:56,459 BTPWorkerThread-1796 (_rx_task) root DEBUG btp.py                    688   event_handler             : event_handler Header(svc_id=4, op=143, ctrl_index=0, data_len=8) (b'\x01\x00\x02\x00\x03\x80\x08\x7f',)
2025-11-08 02:38:56,459 BTPWorkerThread-1796 (_rx_task) root DEBUG mesh.py                   1777  mesh_model_recv_ev        : mesh_model_recv_ev b'\x01\x00\x02\x00\x03\x80\x08\x7f' 8
2025-11-08 02:38:56,718 BTPWorkerThread-1796 (_rx_task) root DEBUG iutctl_common.py          123   read                      : Read 5 bytes
2025-11-08 02:38:56,719 BTPWorkerThread-1796 (_rx_task) root DEBUG iutctl_common.py          131   read                      : Received: hdr: Header(svc_id=0x04, op=0x86, ctrl_index=0x00, data_len=0x16) bytearray(b'\x04\x86\x00\x16\x00')
2025-11-08 02:38:56,719 BTPWorkerThread-1796 (_rx_task) root DEBUG iutctl_common.py          139   read                      : Read 22 bytes data
2025-11-08 02:38:56,719 BTPWorkerThread-1796 (_rx_task) root DEBUG iutctl_common.py          154   read                      : Received data: {'03 00 01 00 02 00 0f 80 80 04 00 18 88 16 26 74 f6 7f a7 04 87 76'}, bytearray(b'\x03\x00\x01\x00\x02\x00\x0f\x80\x80\x04\x00\x18\x88\x16&t\xf6\x7f\xa7\x04\x87v')
2025-11-08 02:38:56,719 BTPWorkerThread-1796 (_rx_task) root DEBUG btp.py                    688   event_handler             : event_handler Header(svc_id=4, op=134, ctrl_index=0, data_len=22) (b'\x03\x00\x01\x00\x02\x00\x0f\x80\x80\x04\x00\x18\x88\x16&t\xf6\x7f\xa7\x04\x87v',)
2025-11-08 02:38:56,719 BTPWorkerThread-1796 (_rx_task) root DEBUG iutctl_common.py          123   read                      : Read 5 bytes
2025-11-08 02:38:56,719 BTPWorkerThread-1796 (_rx_task) root DEBUG iutctl_common.py          131   read                      : Received: hdr: Header(svc_id=0x04, op=0x8f, ctrl_index=0x00, data_len=0x08) bytearray(b'\x04\x8f\x00\x08\x00')
2025-11-08 02:38:56,719 BTPWorkerThread-1796 (_rx_task) root DEBUG iutctl_common.py          139   read                      : Read 8 bytes data
2025-11-08 02:38:56,719 BTPWorkerThread-1796 (_rx_task) root DEBUG iutctl_common.py          154   read                      : Received data: {'01 00 02 00 03 80 08 01'}, bytearray(b'\x01\x00\x02\x00\x03\x80\x08\x01')
2025-11-08 02:38:56,719 BTPWorkerThread-1796 (_rx_task) root DEBUG btp.py                    688   event_handler             : event_handler Header(svc_id=4, op=143, ctrl_index=0, data_len=8) (b'\x01\x00\x02\x00\x03\x80\x08\x01',)
2025-11-08 02:38:56,720 BTPWorkerThread-1796 (_rx_task) root DEBUG mesh.py                   1777  mesh_model_recv_ev        : mesh_model_recv_ev b'\x01\x00\x02\x00\x03\x80\x08\x01' 8
2025-11-08 02:38:57,718 BTPWorkerThread-1796 (_rx_task) root DEBUG iutctl_common.py          123   read                      : Read 5 bytes
2025-11-08 02:38:57,719 BTPWorkerThread-1796 (_rx_task) root DEBUG iutctl_common.py          131   read                      : Received: hdr: Header(svc_id=0x04, op=0x86, ctrl_index=0x00, data_len=0x0e) bytearray(b'\x04\x86\x00\x0e\x00')
2025-11-08 02:38:57,719 BTPWorkerThread-1796 (_rx_task) root DEBUG iutctl_common.py          139   read                      : Read 14 bytes data
2025-11-08 02:38:57,719 BTPWorkerThread-1796 (_rx_task) root DEBUG iutctl_common.py          154   read                      : Received data: {'07 01 01 00 02 00 07 00 00 0c 00 00 00 07'}, bytearray(b'\x07\x01\x01\x00\x02\x00\x07\x00\x00\x0c\x00\x00\x00\x07')
2025-11-08 02:38:57,719 BTPWorkerThread-1796 (_rx_task) root DEBUG btp.py                    688   event_handler             : event_handler Header(svc_id=4, op=134, ctrl_index=0, data_len=14) (b'\x07\x01\x01\x00\x02\x00\x07\x00\x00\x0c\x00\x00\x00\x07',)
2025-11-08 02:38:57,918 BTPWorkerThread-1796 (_rx_task) root DEBUG iutctl_common.py          123   read                      : Read 5 bytes
2025-11-08 02:38:57,919 BTPWorkerThread-1796 (_rx_task) root DEBUG iutctl_common.py          131   read                      : Received: hdr: Header(svc_id=0x04, op=0x86, ctrl_index=0x00, data_len=0x0e) bytearray(b'\x04\x86\x00\x0e\x00')
2025-11-08 02:38:57,919 BTPWorkerThread-1796 (_rx_task) root DEBUG iutctl_common.py          139   read                      : Read 14 bytes data
2025-11-08 02:38:57,919 BTPWorkerThread-1796 (_rx_task) root DEBUG iutctl_common.py          154   read                      : Received data: {'07 01 01 00 02 00 07 00 00 0c 00 00 00 0f'}, bytearray(b'\x07\x01\x01\x00\x02\x00\x07\x00\x00\x0c\x00\x00\x00\x0f')
2025-11-08 02:38:57,919 BTPWorkerThread-1796 (_rx_task) root DEBUG btp.py                    688   event_handler             : event_handler Header(svc_id=4, op=134, ctrl_index=0, data_len=14) (b'\x07\x01\x01\x00\x02\x00\x07\x00\x00\x0c\x00\x00\x00\x0f',)
2025-11-08 02:38:58,058 BTPWorkerThread-1796 (_rx_task) root DEBUG iutctl_common.py          123   read                      : Read 5 bytes
2025-11-08 02:38:58,059 BTPWorkerThread-1796 (_rx_task) root DEBUG iutctl_common.py          131   read                      : Received: hdr: Header(svc_id=0x04, op=0x86, ctrl_index=0x00, data_len=0x16) bytearray(b'\x04\x86\x00\x16\x00')
2025-11-08 02:38:58,059 BTPWorkerThread-1796 (_rx_task) root DEBUG iutctl_common.py          139   read                      : Read 22 bytes data
2025-11-08 02:38:58,059 BTPWorkerThread-1796 (_rx_task) root DEBUG iutctl_common.py          154   read                      : Received data: {'03 00 01 00 02 00 0f 80 80 10 00 99 27 90 40 74 92 2a 1f cb 00 ac'}, bytearray(b"\x03\x00\x01\x00\x02\x00\x0f\x80\x80\x10\x00\x99\'\x90@t\x92*\x1f\xcb\x00\xac")
2025-11-08 02:38:58,059 BTPWorkerThread-1796 (_rx_task) root DEBUG btp.py                    688   event_handler             : event_handler Header(svc_id=4, op=134, ctrl_index=0, data_len=22) (b"\x03\x00\x01\x00\x02\x00\x0f\x80\x80\x10\x00\x99'\x90@t\x92*\x1f\xcb\x00\xac",)
2025-11-08 02:38:58,059 BTPWorkerThread-1796 (_rx_task) root DEBUG iutctl_common.py          123   read                      : Read 5 bytes
2025-11-08 02:38:58,059 BTPWorkerThread-1796 (_rx_task) root DEBUG iutctl_common.py          131   read                      : Received: hdr: Header(svc_id=0x04, op=0x8f, ctrl_index=0x00, data_len=0x08) bytearray(b'\x04\x8f\x00\x08\x00')
2025-11-08 02:38:58,059 BTPWorkerThread-1796 (_rx_task) root DEBUG iutctl_common.py          139   read                      : Read 8 bytes data
2025-11-08 02:38:58,059 BTPWorkerThread-1796 (_rx_task) root DEBUG iutctl_common.py          154   read                      : Received data: {'01 00 02 00 03 80 08 00'}, bytearray(b'\x01\x00\x02\x00\x03\x80\x08\x00')
2025-11-08 02:38:58,059 BTPWorkerThread-1796 (_rx_task) root DEBUG btp.py                    688   event_handler             : event_handler Header(svc_id=4, op=143, ctrl_index=0, data_len=8) (b'\x01\x00\x02\x00\x03\x80\x08\x00',)
2025-11-08 02:38:58,060 BTPWorkerThread-1796 (_rx_task) root DEBUG mesh.py                   1777  mesh_model_recv_ev        : mesh_model_recv_ev b'\x01\x00\x02\x00\x03\x80\x08\x00' 8
2025-11-08 02:38:58,938 BTPWorkerThread-1796 (_rx_task) root DEBUG iutctl_common.py          123   read                      : Read 5 bytes
2025-11-08 02:38:58,939 BTPWorkerThread-1796 (_rx_task) root DEBUG iutctl_common.py          131   read                      : Received: hdr: Header(svc_id=0x04, op=0x86, ctrl_index=0x00, data_len=0x0e) bytearray(b'\x04\x86\x00\x0e\x00')
2025-11-08 02:38:58,939 BTPWorkerThread-1796 (_rx_task) root DEBUG iutctl_common.py          139   read                      : Read 14 bytes data
2025-11-08 02:38:58,939 BTPWorkerThread-1796 (_rx_task) root DEBUG iutctl_common.py          154   read                      : Received data: {'07 01 01 00 02 00 07 00 00 24 00 00 00 07'}, bytearray(b'\x07\x01\x01\x00\x02\x00\x07\x00\x00$\x00\x00\x00\x07')
2025-11-08 02:38:58,939 BTPWorkerThread-1796 (_rx_task) root DEBUG btp.py                    688   event_handler             : event_handler Header(svc_id=4, op=134, ctrl_index=0, data_len=14) (b'\x07\x01\x01\x00\x02\x00\x07\x00\x00$\x00\x00\x00\x07',)
2025-11-08 02:38:59,138 BTPWorkerThread-1796 (_rx_task) root DEBUG iutctl_common.py          123   read                      : Read 5 bytes
2025-11-08 02:38:59,139 BTPWorkerThread-1796 (_rx_task) root DEBUG iutctl_common.py          131   read                      : Received: hdr: Header(svc_id=0x04, op=0x86, ctrl_index=0x00, data_len=0x0e) bytearray(b'\x04\x86\x00\x0e\x00')
2025-11-08 02:38:59,139 BTPWorkerThread-1796 (_rx_task) root DEBUG iutctl_common.py          139   read                      : Read 14 bytes data
2025-11-08 02:38:59,139 BTPWorkerThread-1796 (_rx_task) root DEBUG iutctl_common.py          154   read                      : Received data: {'07 01 01 00 02 00 07 00 00 24 00 00 00 0f'}, bytearray(b'\x07\x01\x01\x00\x02\x00\x07\x00\x00$\x00\x00\x00\x0f')
2025-11-08 02:38:59,139 BTPWorkerThread-1796 (_rx_task) root DEBUG btp.py                    688   event_handler             : event_handler Header(svc_id=4, op=134, ctrl_index=0, data_len=14) (b'\x07\x01\x01\x00\x02\x00\x07\x00\x00$\x00\x00\x00\x0f',)
2025-11-08 02:38:59,378 BTPWorkerThread-1796 (_rx_task) root DEBUG iutctl_common.py          123   read                      : Read 5 bytes
2025-11-08 02:38:59,379 BTPWorkerThread-1796 (_rx_task) root DEBUG iutctl_common.py          131   read                      : Received: hdr: Header(svc_id=0x04, op=0x86, ctrl_index=0x00, data_len=0x0e) bytearray(b'\x04\x86\x00\x0e\x00')
2025-11-08 02:38:59,379 BTPWorkerThread-1796 (_rx_task) root DEBUG iutctl_common.py          139   read                      : Read 14 bytes data
2025-11-08 02:38:59,379 BTPWorkerThread-1796 (_rx_task) root DEBUG iutctl_common.py          154   read                      : Received data: {'07 01 01 00 02 00 07 00 00 24 00 00 00 1f'}, bytearray(b'\x07\x01\x01\x00\x02\x00\x07\x00\x00$\x00\x00\x00\x1f')
2025-11-08 02:38:59,379 BTPWorkerThread-1796 (_rx_task) root DEBUG btp.py                    688   event_handler             : event_handler Header(svc_id=4, op=134, ctrl_index=0, data_len=14) (b'\x07\x01\x01\x00\x02\x00\x07\x00\x00$\x00\x00\x00\x1f',)
2025-11-08 02:38:59,618 BTPWorkerThread-1796 (_rx_task) root DEBUG iutctl_common.py          123   read                      : Read 5 bytes
2025-11-08 02:38:59,619 BTPWorkerThread-1796 (_rx_task) root DEBUG iutctl_common.py          131   read                      : Received: hdr: Header(svc_id=0x04, op=0x86, ctrl_index=0x00, data_len=0x0e) bytearray(b'\x04\x86\x00\x0e\x00')
2025-11-08 02:38:59,619 BTPWorkerThread-1796 (_rx_task) root DEBUG iutctl_common.py          139   read                      : Read 14 bytes data
2025-11-08 02:38:59,619 BTPWorkerThread-1796 (_rx_task) root DEBUG iutctl_common.py          154   read                      : Received data: {'07 01 01 00 02 00 07 00 00 24 00 00 00 3f'}, bytearray(b'\x07\x01\x01\x00\x02\x00\x07\x00\x00$\x00\x00\x00?')
2025-11-08 02:38:59,619 BTPWorkerThread-1796 (_rx_task) root DEBUG btp.py                    688   event_handler             : event_handler Header(svc_id=4, op=134, ctrl_index=0, data_len=14) (b'\x07\x01\x01\x00\x02\x00\x07\x00\x00$\x00\x00\x00?',)
2025-11-08 02:38:59,838 BTPWorkerThread-1796 (_rx_task) root DEBUG iutctl_common.py          123   read                      : Read 5 bytes
2025-11-08 02:38:59,839 BTPWorkerThread-1796 (_rx_task) root DEBUG iutctl_common.py          131   read                      : Received: hdr: Header(svc_id=0x04, op=0x86, ctrl_index=0x00, data_len=0x0e) bytearray(b'\x04\x86\x00\x0e\x00')
2025-11-08 02:38:59,839 BTPWorkerThread-1796 (_rx_task) root DEBUG iutctl_common.py          139   read                      : Read 14 bytes data
2025-11-08 02:38:59,839 BTPWorkerThread-1796 (_rx_task) root DEBUG iutctl_common.py          154   read                      : Received data: {'07 01 01 00 02 00 07 00 00 24 00 00 00 7f'}, bytearray(b'\x07\x01\x01\x00\x02\x00\x07\x00\x00$\x00\x00\x00\x7f')
2025-11-08 02:38:59,839 BTPWorkerThread-1796 (_rx_task) root DEBUG btp.py                    688   event_handler             : event_handler Header(svc_id=4, op=134, ctrl_index=0, data_len=14) (b'\x07\x01\x01\x00\x02\x00\x07\x00\x00$\x00\x00\x00\x7f',)
2025-11-08 02:38:59,998 BTPWorkerThread-1796 (_rx_task) root DEBUG iutctl_common.py          123   read                      : Read 5 bytes
2025-11-08 02:38:59,999 BTPWorkerThread-1796 (_rx_task) root DEBUG iutctl_common.py          131   read                      : Received: hdr: Header(svc_id=0x04, op=0x86, ctrl_index=0x00, data_len=0x17) bytearray(b'\x04\x86\x00\x17\x00')
2025-11-08 02:38:59,999 BTPWorkerThread-1796 (_rx_task) root DEBUG iutctl_common.py          139   read                      : Read 23 bytes data
2025-11-08 02:38:59,999 BTPWorkerThread-1796 (_rx_task) root DEBUG iutctl_common.py          154   read                      : Received data: {'03 00 01 00 02 00 10 80 00 28 01 bf de f3 13 00 bc 75 f0 a6 60 77 6a'}, bytearray(b'\x03\x00\x01\x00\x02\x00\x10\x80\x00(\x01\xbf\xde\xf3\x13\x00\xbcu\xf0\xa6`wj')
2025-11-08 02:38:59,999 BTPWorkerThread-1796 (_rx_task) root DEBUG btp.py                    688   event_handler             : event_handler Header(svc_id=4, op=134, ctrl_index=0, data_len=23) (b'\x03\x00\x01\x00\x02\x00\x10\x80\x00(\x01\xbf\xde\xf3\x13\x00\xbcu\xf0\xa6`wj',)
2025-11-08 02:39:00,038 BTPWorkerThread-1796 (_rx_task) root DEBUG iutctl_common.py          123   read                      : Read 5 bytes
2025-11-08 02:39:00,039 BTPWorkerThread-1796 (_rx_task) root DEBUG iutctl_common.py          131   read                      : Received: hdr: Header(svc_id=0x04, op=0x86, ctrl_index=0x00, data_len=0x17) bytearray(b'\x04\x86\x00\x17\x00')
2025-11-08 02:39:00,039 BTPWorkerThread-1796 (_rx_task) root DEBUG iutctl_common.py          139   read                      : Read 23 bytes data
2025-11-08 02:39:00,039 BTPWorkerThread-1796 (_rx_task) root DEBUG iutctl_common.py          154   read                      : Received data: {'03 00 01 00 02 00 10 80 00 28 21 de 84 b9 eb 90 42 1d e8 04 e6 ed d5'}, bytearray(b'\x03\x00\x01\x00\x02\x00\x10\x80\x00(!\xde\x84\xb9\xeb\x90B\x1d\xe8\x04\xe6\xed\xd5')
2025-11-08 02:39:00,039 BTPWorkerThread-1796 (_rx_task) root DEBUG btp.py                    688   event_handler             : event_handler Header(svc_id=4, op=134, ctrl_index=0, data_len=23) (b'\x03\x00\x01\x00\x02\x00\x10\x80\x00(!\xde\x84\xb9\xeb\x90B\x1d\xe8\x04\xe6\xed\xd5',)
2025-11-08 02:39:00,039 BTPWorkerThread-1796 (_rx_task) root DEBUG iutctl_common.py          123   read                      : Read 5 bytes
2025-11-08 02:39:00,039 BTPWorkerThread-1796 (_rx_task) root DEBUG iutctl_common.py          131   read                      : Received: hdr: Header(svc_id=0x04, op=0x8f, ctrl_index=0x00, data_len=0x19) bytearray(b'\x04\x8f\x00\x19\x00')
2025-11-08 02:39:00,039 BTPWorkerThread-1796 (_rx_task) root DEBUG iutctl_common.py          139   read                      : Read 25 bytes data
2025-11-08 02:39:00,039 BTPWorkerThread-1796 (_rx_task) root DEBUG iutctl_common.py          154   read                      : Received data: {'01 00 02 00 14 00 00 00 00 b6 ee b2 b7 4d 9b 38 f4 57 37 46 fd 9b c6 07 e6'}, bytearray(b'\x01\x00\x02\x00\x14\x00\x00\x00\x00\xb6\xee\xb2\xb7M\x9b8\xf4W7F\xfd\x9b\xc6\x07\xe6')
2025-11-08 02:39:00,039 BTPWorkerThread-1796 (_rx_task) root DEBUG btp.py                    688   event_handler             : event_handler Header(svc_id=4, op=143, ctrl_index=0, data_len=25) (b'\x01\x00\x02\x00\x14\x00\x00\x00\x00\xb6\xee\xb2\xb7M\x9b8\xf4W7F\xfd\x9b\xc6\x07\xe6',)
2025-11-08 02:39:00,040 BTPWorkerThread-1796 (_rx_task) root DEBUG mesh.py                   1777  mesh_model_recv_ev        : mesh_model_recv_ev b'\x01\x00\x02\x00\x14\x00\x00\x00\x00\xb6\xee\xb2\xb7M\x9b8\xf4W7F\xfd\x9b\xc6\x07\xe6' 25
2025-11-08 02:39:00,298 BTPWorkerThread-1796 (_rx_task) root DEBUG iutctl_common.py          123   read                      : Read 5 bytes
2025-11-08 02:39:00,299 BTPWorkerThread-1796 (_rx_task) root DEBUG iutctl_common.py          131   read                      : Received: hdr: Header(svc_id=0x04, op=0x86, ctrl_index=0x00, data_len=0x17) bytearray(b'\x04\x86\x00\x17\x00')
2025-11-08 02:39:00,299 BTPWorkerThread-1796 (_rx_task) root DEBUG iutctl_common.py          139   read                      : Read 23 bytes data
2025-11-08 02:39:00,299 BTPWorkerThread-1796 (_rx_task) root DEBUG iutctl_common.py          154   read                      : Received data: {'03 00 01 00 02 00 10 80 00 30 00 52 5e 18 33 9f 75 a5 be d7 2e 6a ae'}, bytearray(b'\x03\x00\x01\x00\x02\x00\x10\x80\x000\x00R^\x183\x9fu\xa5\xbe\xd7.j\xae')
2025-11-08 02:39:00,299 BTPWorkerThread-1796 (_rx_task) root DEBUG btp.py                    688   event_handler             : event_handler Header(svc_id=4, op=134, ctrl_index=0, data_len=23) (b'\x03\x00\x01\x00\x02\x00\x10\x80\x000\x00R^\x183\x9fu\xa5\xbe\xd7.j\xae',)
2025-11-08 02:39:00,299 BTPWorkerThread-1796 (_rx_task) root DEBUG iutctl_common.py          123   read                      : Read 5 bytes
2025-11-08 02:39:00,299 BTPWorkerThread-1796 (_rx_task) root DEBUG iutctl_common.py          131   read                      : Received: hdr: Header(svc_id=0x04, op=0x8f, ctrl_index=0x00, data_len=0x0d) bytearray(b'\x04\x8f\x00\r\x00')
2025-11-08 02:39:00,299 BTPWorkerThread-1796 (_rx_task) root DEBUG iutctl_common.py          139   read                      : Read 13 bytes data
2025-11-08 02:39:00,299 BTPWorkerThread-1796 (_rx_task) root DEBUG iutctl_common.py          154   read                      : Received data: {'01 00 02 00 08 80 3d 02 00 00 00 02 00'}, bytearray(b'\x01\x00\x02\x00\x08\x80=\x02\x00\x00\x00\x02\x00')
2025-11-08 02:39:00,300 BTPWorkerThread-1796 (_rx_task) root DEBUG btp.py                    688   event_handler             : event_handler Header(svc_id=4, op=143, ctrl_index=0, data_len=13) (b'\x01\x00\x02\x00\x08\x80=\x02\x00\x00\x00\x02\x00',)
2025-11-08 02:39:00,300 BTPWorkerThread-1796 (_rx_task) root DEBUG mesh.py                   1777  mesh_model_recv_ev        : mesh_model_recv_ev b'\x01\x00\x02\x00\x08\x80=\x02\x00\x00\x00\x02\x00' 13
2025-11-08 02:39:00,638 BTPWorkerThread-1796 (_rx_task) root DEBUG iutctl_common.py          123   read                      : Read 5 bytes
2025-11-08 02:39:00,639 BTPWorkerThread-1796 (_rx_task) root DEBUG iutctl_common.py          131   read                      : Received: hdr: Header(svc_id=0x04, op=0x86, ctrl_index=0x00, data_len=0x17) bytearray(b'\x04\x86\x00\x17\x00')
2025-11-08 02:39:00,639 BTPWorkerThread-1796 (_rx_task) root DEBUG iutctl_common.py          139   read                      : Read 23 bytes data
2025-11-08 02:39:00,639 BTPWorkerThread-1796 (_rx_task) root DEBUG iutctl_common.py          154   read                      : Received data: {'03 00 01 00 02 00 10 80 00 34 00 12 d7 a1 06 41 94 5a 73 bc cb aa 0e'}, bytearray(b'\x03\x00\x01\x00\x02\x00\x10\x80\x004\x00\x12\xd7\xa1\x06A\x94Zs\xbc\xcb\xaa\x0e')
2025-11-08 02:39:00,639 BTPWorkerThread-1796 (_rx_task) root DEBUG btp.py                    688   event_handler             : event_handler Header(svc_id=4, op=134, ctrl_index=0, data_len=23) (b'\x03\x00\x01\x00\x02\x00\x10\x80\x004\x00\x12\xd7\xa1\x06A\x94Zs\xbc\xcb\xaa\x0e',)
2025-11-08 02:39:00,639 BTPWorkerThread-1796 (_rx_task) root DEBUG iutctl_common.py          123   read                      : Read 5 bytes
2025-11-08 02:39:00,639 BTPWorkerThread-1796 (_rx_task) root DEBUG iutctl_common.py          131   read                      : Received: hdr: Header(svc_id=0x04, op=0x8f, ctrl_index=0x00, data_len=0x0d) bytearray(b'\x04\x8f\x00\r\x00')
2025-11-08 02:39:00,639 BTPWorkerThread-1796 (_rx_task) root DEBUG iutctl_common.py          139   read                      : Read 13 bytes data
2025-11-08 02:39:00,640 BTPWorkerThread-1796 (_rx_task) root DEBUG iutctl_common.py          154   read                      : Received data: {'01 00 02 00 08 80 3d 02 00 00 00 03 00'}, bytearray(b'\x01\x00\x02\x00\x08\x80=\x02\x00\x00\x00\x03\x00')
2025-11-08 02:39:00,640 BTPWorkerThread-1796 (_rx_task) root DEBUG btp.py                    688   event_handler             : event_handler Header(svc_id=4, op=143, ctrl_index=0, data_len=13) (b'\x01\x00\x02\x00\x08\x80=\x02\x00\x00\x00\x03\x00',)
2025-11-08 02:39:00,640 BTPWorkerThread-1796 (_rx_task) root DEBUG mesh.py                   1777  mesh_model_recv_ev        : mesh_model_recv_ev b'\x01\x00\x02\x00\x08\x80=\x02\x00\x00\x00\x03\x00' 13
2025-11-08 02:39:00,998 BTPWorkerThread-1796 (_rx_task) root DEBUG iutctl_common.py          123   read                      : Read 5 bytes
2025-11-08 02:39:00,999 BTPWorkerThread-1796 (_rx_task) root DEBUG iutctl_common.py          131   read                      : Received: hdr: Header(svc_id=0x04, op=0x86, ctrl_index=0x00, data_len=0x17) bytearray(b'\x04\x86\x00\x17\x00')
2025-11-08 02:39:00,999 BTPWorkerThread-1796 (_rx_task) root DEBUG iutctl_common.py          139   read                      : Read 23 bytes data
2025-11-08 02:39:00,999 BTPWorkerThread-1796 (_rx_task) root DEBUG iutctl_common.py          154   read                      : Received data: {'03 00 01 00 02 00 10 80 00 38 00 62 2a d1 7d 9a bd c1 ed d2 6c 23 78'}, bytearray(b'\x03\x00\x01\x00\x02\x00\x10\x80\x008\x00b*\xd1}\x9a\xbd\xc1\xed\xd2l#x')
2025-11-08 02:39:00,999 BTPWorkerThread-1796 (_rx_task) root DEBUG btp.py                    688   event_handler             : event_handler Header(svc_id=4, op=134, ctrl_index=0, data_len=23) (b'\x03\x00\x01\x00\x02\x00\x10\x80\x008\x00b*\xd1}\x9a\xbd\xc1\xed\xd2l#x',)
2025-11-08 02:39:00,999 BTPWorkerThread-1796 (_rx_task) root DEBUG iutctl_common.py          123   read                      : Read 5 bytes
2025-11-08 02:39:00,999 BTPWorkerThread-1796 (_rx_task) root DEBUG iutctl_common.py          131   read                      : Received: hdr: Header(svc_id=0x04, op=0x8f, ctrl_index=0x00, data_len=0x0d) bytearray(b'\x04\x8f\x00\r\x00')
2025-11-08 02:39:00,999 BTPWorkerThread-1796 (_rx_task) root DEBUG iutctl_common.py          139   read                      : Read 13 bytes data
2025-11-08 02:39:00,999 BTPWorkerThread-1796 (_rx_task) root DEBUG iutctl_common.py          154   read                      : Received data: {'01 00 02 00 08 80 3d 02 00 00 00 14 00'}, bytearray(b'\x01\x00\x02\x00\x08\x80=\x02\x00\x00\x00\x14\x00')
2025-11-08 02:39:01,000 BTPWorkerThread-1796 (_rx_task) root DEBUG btp.py                    688   event_handler             : event_handler Header(svc_id=4, op=143, ctrl_index=0, data_len=13) (b'\x01\x00\x02\x00\x08\x80=\x02\x00\x00\x00\x14\x00',)
2025-11-08 02:39:01,000 BTPWorkerThread-1796 (_rx_task) root DEBUG mesh.py                   1777  mesh_model_recv_ev        : mesh_model_recv_ev b'\x01\x00\x02\x00\x08\x80=\x02\x00\x00\x00\x14\x00' 13
2025-11-08 02:39:01,358 BTPWorkerThread-1796 (_rx_task) root DEBUG iutctl_common.py          123   read                      : Read 5 bytes
2025-11-08 02:39:01,359 BTPWorkerThread-1796 (_rx_task) root DEBUG iutctl_common.py          131   read                      : Received: hdr: Header(svc_id=0x04, op=0x86, ctrl_index=0x00, data_len=0x17) bytearray(b'\x04\x86\x00\x17\x00')
2025-11-08 02:39:01,359 BTPWorkerThread-1796 (_rx_task) root DEBUG iutctl_common.py          139   read                      : Read 23 bytes data
2025-11-08 02:39:01,359 BTPWorkerThread-1796 (_rx_task) root DEBUG iutctl_common.py          154   read                      : Received data: {'03 00 01 00 02 00 10 80 00 3c 00 4b 71 a0 4e d4 54 2d 23 87 36 2f 14'}, bytearray(b'\x03\x00\x01\x00\x02\x00\x10\x80\x00<\x00Kq\xa0N\xd4T-#\x876/\x14')
2025-11-08 02:39:01,359 BTPWorkerThread-1796 (_rx_task) root DEBUG btp.py                    688   event_handler             : event_handler Header(svc_id=4, op=134, ctrl_index=0, data_len=23) (b'\x03\x00\x01\x00\x02\x00\x10\x80\x00<\x00Kq\xa0N\xd4T-#\x876/\x14',)
2025-11-08 02:39:01,359 BTPWorkerThread-1796 (_rx_task) root DEBUG iutctl_common.py          123   read                      : Read 5 bytes
2025-11-08 02:39:01,359 BTPWorkerThread-1796 (_rx_task) root DEBUG iutctl_common.py          131   read                      : Received: hdr: Header(svc_id=0x04, op=0x8f, ctrl_index=0x00, data_len=0x0d) bytearray(b'\x04\x8f\x00\r\x00')
2025-11-08 02:39:01,359 BTPWorkerThread-1796 (_rx_task) root DEBUG iutctl_common.py          139   read                      : Read 13 bytes data
2025-11-08 02:39:01,359 BTPWorkerThread-1796 (_rx_task) root DEBUG iutctl_common.py          154   read                      : Received data: {'01 00 02 00 08 80 3d 03 00 00 00 01 14'}, bytearray(b'\x01\x00\x02\x00\x08\x80=\x03\x00\x00\x00\x01\x14')
2025-11-08 02:39:01,360 BTPWorkerThread-1796 (_rx_task) root DEBUG btp.py                    688   event_handler             : event_handler Header(svc_id=4, op=143, ctrl_index=0, data_len=13) (b'\x01\x00\x02\x00\x08\x80=\x03\x00\x00\x00\x01\x14',)
2025-11-08 02:39:01,360 BTPWorkerThread-1796 (_rx_task) root DEBUG mesh.py                   1777  mesh_model_recv_ev        : mesh_model_recv_ev b'\x01\x00\x02\x00\x08\x80=\x03\x00\x00\x00\x01\x14' 13
2025-11-08 02:39:01,678 BTPWorkerThread-1796 (_rx_task) root DEBUG iutctl_common.py          123   read                      : Read 5 bytes
2025-11-08 02:39:01,679 BTPWorkerThread-1796 (_rx_task) root DEBUG iutctl_common.py          131   read                      : Received: hdr: Header(svc_id=0x04, op=0x86, ctrl_index=0x00, data_len=0x17) bytearray(b'\x04\x86\x00\x17\x00')
2025-11-08 02:39:01,679 BTPWorkerThread-1796 (_rx_task) root DEBUG iutctl_common.py          139   read                      : Read 23 bytes data
2025-11-08 02:39:01,679 BTPWorkerThread-1796 (_rx_task) root DEBUG iutctl_common.py          154   read                      : Received data: {'03 00 01 00 02 00 10 80 00 40 00 d9 9f 11 04 2c 07 a6 76 8d 2c ff 44'}, bytearray(b'\x03\x00\x01\x00\x02\x00\x10\x80\x00@\x00\xd9\x9f\x11\x04,\x07\xa6v\x8d,\xffD')
2025-11-08 02:39:01,679 BTPWorkerThread-1796 (_rx_task) root DEBUG btp.py                    688   event_handler             : event_handler Header(svc_id=4, op=134, ctrl_index=0, data_len=23) (b'\x03\x00\x01\x00\x02\x00\x10\x80\x00@\x00\xd9\x9f\x11\x04,\x07\xa6v\x8d,\xffD',)
2025-11-08 02:39:01,679 BTPWorkerThread-1796 (_rx_task) root DEBUG iutctl_common.py          123   read                      : Read 5 bytes
2025-11-08 02:39:01,679 BTPWorkerThread-1796 (_rx_task) root DEBUG iutctl_common.py          131   read                      : Received: hdr: Header(svc_id=0x04, op=0x8f, ctrl_index=0x00, data_len=0x0d) bytearray(b'\x04\x8f\x00\r\x00')
2025-11-08 02:39:01,679 BTPWorkerThread-1796 (_rx_task) root DEBUG iutctl_common.py          139   read                      : Read 13 bytes data
2025-11-08 02:39:01,679 BTPWorkerThread-1796 (_rx_task) root DEBUG iutctl_common.py          154   read                      : Received data: {'01 00 02 00 08 80 3d 03 00 00 00 03 14'}, bytearray(b'\x01\x00\x02\x00\x08\x80=\x03\x00\x00\x00\x03\x14')
2025-11-08 02:39:01,679 BTPWorkerThread-1796 (_rx_task) root DEBUG btp.py                    688   event_handler             : event_handler Header(svc_id=4, op=143, ctrl_index=0, data_len=13) (b'\x01\x00\x02\x00\x08\x80=\x03\x00\x00\x00\x03\x14',)
2025-11-08 02:39:01,680 BTPWorkerThread-1796 (_rx_task) root DEBUG mesh.py                   1777  mesh_model_recv_ev        : mesh_model_recv_ev b'\x01\x00\x02\x00\x08\x80=\x03\x00\x00\x00\x03\x14' 13
2025-11-08 02:39:02,038 BTPWorkerThread-1796 (_rx_task) root DEBUG iutctl_common.py          123   read                      : Read 5 bytes
2025-11-08 02:39:02,039 BTPWorkerThread-1796 (_rx_task) root DEBUG iutctl_common.py          131   read                      : Received: hdr: Header(svc_id=0x04, op=0x86, ctrl_index=0x00, data_len=0x17) bytearray(b'\x04\x86\x00\x17\x00')
2025-11-08 02:39:02,039 BTPWorkerThread-1796 (_rx_task) root DEBUG iutctl_common.py          139   read                      : Read 23 bytes data
2025-11-08 02:39:02,039 BTPWorkerThread-1796 (_rx_task) root DEBUG iutctl_common.py          154   read                      : Received data: {'03 00 01 00 02 00 10 80 00 44 00 2c cf 60 11 84 dc 58 f0 f2 9d 99 6f'}, bytearray(b'\x03\x00\x01\x00\x02\x00\x10\x80\x00D\x00,\xcf`\x11\x84\xdcX\xf0\xf2\x9d\x99o')
2025-11-08 02:39:02,039 BTPWorkerThread-1796 (_rx_task) root DEBUG btp.py                    688   event_handler             : event_handler Header(svc_id=4, op=134, ctrl_index=0, data_len=23) (b'\x03\x00\x01\x00\x02\x00\x10\x80\x00D\x00,\xcf`\x11\x84\xdcX\xf0\xf2\x9d\x99o',)
2025-11-08 02:39:02,039 BTPWorkerThread-1796 (_rx_task) root DEBUG iutctl_common.py          123   read                      : Read 5 bytes
2025-11-08 02:39:02,039 BTPWorkerThread-1796 (_rx_task) root DEBUG iutctl_common.py          131   read                      : Received: hdr: Header(svc_id=0x04, op=0x8f, ctrl_index=0x00, data_len=0x0d) bytearray(b'\x04\x8f\x00\r\x00')
2025-11-08 02:39:02,039 BTPWorkerThread-1796 (_rx_task) root DEBUG iutctl_common.py          139   read                      : Read 13 bytes data
2025-11-08 02:39:02,039 BTPWorkerThread-1796 (_rx_task) root DEBUG iutctl_common.py          154   read                      : Received data: {'01 00 02 00 08 80 3d 03 00 00 00 00 14'}, bytearray(b'\x01\x00\x02\x00\x08\x80=\x03\x00\x00\x00\x00\x14')
2025-11-08 02:39:02,040 BTPWorkerThread-1796 (_rx_task) root DEBUG btp.py                    688   event_handler             : event_handler Header(svc_id=4, op=143, ctrl_index=0, data_len=13) (b'\x01\x00\x02\x00\x08\x80=\x03\x00\x00\x00\x00\x14',)
2025-11-08 02:39:02,040 BTPWorkerThread-1796 (_rx_task) root DEBUG mesh.py                   1777  mesh_model_recv_ev        : mesh_model_recv_ev b'\x01\x00\x02\x00\x08\x80=\x03\x00\x00\x00\x00\x14' 13
2025-11-08 02:39:02,398 BTPWorkerThread-1796 (_rx_task) root DEBUG iutctl_common.py          123   read                      : Read 5 bytes
2025-11-08 02:39:02,399 BTPWorkerThread-1796 (_rx_task) root DEBUG iutctl_common.py          131   read                      : Received: hdr: Header(svc_id=0x04, op=0x86, ctrl_index=0x00, data_len=0x17) bytearray(b'\x04\x86\x00\x17\x00')
2025-11-08 02:39:02,399 BTPWorkerThread-1796 (_rx_task) root DEBUG iutctl_common.py          139   read                      : Read 23 bytes data
2025-11-08 02:39:02,399 BTPWorkerThread-1796 (_rx_task) root DEBUG iutctl_common.py          154   read                      : Received data: {'03 00 01 00 02 00 10 80 00 48 00 1a 42 f9 a0 05 ec 92 bb 80 51 af 86'}, bytearray(b'\x03\x00\x01\x00\x02\x00\x10\x80\x00H\x00\x1aB\xf9\xa0\x05\xec\x92\xbb\x80Q\xaf\x86')
2025-11-08 02:39:02,399 BTPWorkerThread-1796 (_rx_task) root DEBUG btp.py                    688   event_handler             : event_handler Header(svc_id=4, op=134, ctrl_index=0, data_len=23) (b'\x03\x00\x01\x00\x02\x00\x10\x80\x00H\x00\x1aB\xf9\xa0\x05\xec\x92\xbb\x80Q\xaf\x86',)
2025-11-08 02:39:02,399 BTPWorkerThread-1796 (_rx_task) root DEBUG iutctl_common.py          123   read                      : Read 5 bytes
2025-11-08 02:39:02,399 BTPWorkerThread-1796 (_rx_task) root DEBUG iutctl_common.py          131   read                      : Received: hdr: Header(svc_id=0x04, op=0x8f, ctrl_index=0x00, data_len=0x0d) bytearray(b'\x04\x8f\x00\r\x00')
2025-11-08 02:39:02,399 BTPWorkerThread-1796 (_rx_task) root DEBUG iutctl_common.py          139   read                      : Read 13 bytes data
2025-11-08 02:39:02,400 BTPWorkerThread-1796 (_rx_task) root DEBUG iutctl_common.py          154   read                      : Received data: {'01 00 02 00 08 80 3d 03 00 00 00 04 14'}, bytearray(b'\x01\x00\x02\x00\x08\x80=\x03\x00\x00\x00\x04\x14')
2025-11-08 02:39:02,400 BTPWorkerThread-1796 (_rx_task) root DEBUG btp.py                    688   event_handler             : event_handler Header(svc_id=4, op=143, ctrl_index=0, data_len=13) (b'\x01\x00\x02\x00\x08\x80=\x03\x00\x00\x00\x04\x14',)
2025-11-08 02:39:02,400 BTPWorkerThread-1796 (_rx_task) root DEBUG mesh.py                   1777  mesh_model_recv_ev        : mesh_model_recv_ev b'\x01\x00\x02\x00\x08\x80=\x03\x00\x00\x00\x04\x14' 13
2025-11-08 02:39:02,718 BTPWorkerThread-1796 (_rx_task) root DEBUG iutctl_common.py          123   read                      : Read 5 bytes
2025-11-08 02:39:02,719 BTPWorkerThread-1796 (_rx_task) root DEBUG iutctl_common.py          131   read                      : Received: hdr: Header(svc_id=0x04, op=0x86, ctrl_index=0x00, data_len=0x17) bytearray(b'\x04\x86\x00\x17\x00')
2025-11-08 02:39:02,719 BTPWorkerThread-1796 (_rx_task) root DEBUG iutctl_common.py          139   read                      : Read 23 bytes data
2025-11-08 02:39:02,719 BTPWorkerThread-1796 (_rx_task) root DEBUG iutctl_common.py          154   read                      : Received data: {'03 00 01 00 02 00 10 80 00 4c 00 09 91 2d 88 66 b7 c8 53 01 e3 6a 7e'}, bytearray(b'\x03\x00\x01\x00\x02\x00\x10\x80\x00L\x00\t\x91-\x88f\xb7\xc8S\x01\xe3j~')
2025-11-08 02:39:02,719 BTPWorkerThread-1796 (_rx_task) root DEBUG btp.py                    688   event_handler             : event_handler Header(svc_id=4, op=134, ctrl_index=0, data_len=23) (b'\x03\x00\x01\x00\x02\x00\x10\x80\x00L\x00\t\x91-\x88f\xb7\xc8S\x01\xe3j~',)
2025-11-08 02:39:02,719 BTPWorkerThread-1796 (_rx_task) root DEBUG iutctl_common.py          123   read                      : Read 5 bytes
2025-11-08 02:39:02,719 BTPWorkerThread-1796 (_rx_task) root DEBUG iutctl_common.py          131   read                      : Received: hdr: Header(svc_id=0x04, op=0x8f, ctrl_index=0x00, data_len=0x0d) bytearray(b'\x04\x8f\x00\r\x00')
2025-11-08 02:39:02,719 BTPWorkerThread-1796 (_rx_task) root DEBUG iutctl_common.py          139   read                      : Read 13 bytes data
2025-11-08 02:39:02,719 BTPWorkerThread-1796 (_rx_task) root DEBUG iutctl_common.py          154   read                      : Received data: {'01 00 02 00 08 80 3d 04 00 00 00 01 14'}, bytearray(b'\x01\x00\x02\x00\x08\x80=\x04\x00\x00\x00\x01\x14')
2025-11-08 02:39:02,720 BTPWorkerThread-1796 (_rx_task) root DEBUG btp.py                    688   event_handler             : event_handler Header(svc_id=4, op=143, ctrl_index=0, data_len=13) (b'\x01\x00\x02\x00\x08\x80=\x04\x00\x00\x00\x01\x14',)
2025-11-08 02:39:02,720 BTPWorkerThread-1796 (_rx_task) root DEBUG mesh.py                   1777  mesh_model_recv_ev        : mesh_model_recv_ev b'\x01\x00\x02\x00\x08\x80=\x04\x00\x00\x00\x01\x14' 13
2025-11-08 02:39:04,058 BTPWorkerThread-1796 (_rx_task) root DEBUG iutctl_common.py          123   read                      : Read 5 bytes
2025-11-08 02:39:04,059 BTPWorkerThread-1796 (_rx_task) root DEBUG iutctl_common.py          131   read                      : Received: hdr: Header(svc_id=0x04, op=0x86, ctrl_index=0x00, data_len=0x15) bytearray(b'\x04\x86\x00\x15\x00')
2025-11-08 02:39:04,059 BTPWorkerThread-1796 (_rx_task) root DEBUG iutctl_common.py          139   read                      : Read 21 bytes data
2025-11-08 02:39:04,059 BTPWorkerThread-1796 (_rx_task) root DEBUG iutctl_common.py          154   read                      : Received data: {'03 00 01 00 03 00 0e d5 80 50 00 b8 bd ec 99 1b ca 72 19 2d 96'}, bytearray(b'\x03\x00\x01\x00\x03\x00\x0e\xd5\x80P\x00\xb8\xbd\xec\x99\x1b\xcar\x19-\x96')
2025-11-08 02:39:04,059 BTPWorkerThread-1796 (_rx_task) root DEBUG btp.py                    688   event_handler             : event_handler Header(svc_id=4, op=134, ctrl_index=0, data_len=21) (b'\x03\x00\x01\x00\x03\x00\x0e\xd5\x80P\x00\xb8\xbd\xec\x99\x1b\xcar\x19-\x96',)
2025-11-08 02:39:04,059 BTPWorkerThread-1796 (_rx_task) root DEBUG iutctl_common.py          123   read                      : Read 5 bytes
2025-11-08 02:39:04,059 BTPWorkerThread-1796 (_rx_task) root DEBUG iutctl_common.py          131   read                      : Received: hdr: Header(svc_id=0x04, op=0x8f, ctrl_index=0x00, data_len=0x07) bytearray(b'\x04\x8f\x00\x07\x00')
2025-11-08 02:39:04,059 BTPWorkerThread-1796 (_rx_task) root DEBUG iutctl_common.py          139   read                      : Read 7 bytes data
2025-11-08 02:39:04,059 BTPWorkerThread-1796 (_rx_task) root DEBUG iutctl_common.py          154   read                      : Received data: {'01 00 03 00 02 83 00'}, bytearray(b'\x01\x00\x03\x00\x02\x83\x00')
2025-11-08 02:39:04,059 BTPWorkerThread-1796 (_rx_task) root DEBUG btp.py                    688   event_handler             : event_handler Header(svc_id=4, op=143, ctrl_index=0, data_len=7) (b'\x01\x00\x03\x00\x02\x83\x00',)
2025-11-08 02:39:04,059 BTPWorkerThread-1796 (_rx_task) root DEBUG mesh.py                   1777  mesh_model_recv_ev        : mesh_model_recv_ev b'\x01\x00\x03\x00\x02\x83\x00' 7
2025-11-08 02:39:04,818 BTPWorkerThread-1796 (_rx_task) root DEBUG iutctl_common.py          123   read                      : Read 5 bytes
2025-11-08 02:39:04,819 BTPWorkerThread-1796 (_rx_task) root DEBUG iutctl_common.py          131   read                      : Received: hdr: Header(svc_id=0x04, op=0x86, ctrl_index=0x00, data_len=0x15) bytearray(b'\x04\x86\x00\x15\x00')
2025-11-08 02:39:04,819 BTPWorkerThread-1796 (_rx_task) root DEBUG iutctl_common.py          139   read                      : Read 21 bytes data
2025-11-08 02:39:04,819 BTPWorkerThread-1796 (_rx_task) root DEBUG iutctl_common.py          154   read                      : Received data: {'03 00 01 00 03 00 0e d5 80 54 00 e2 82 03 92 81 6b 6b c1 6f e4'}, bytearray(b'\x03\x00\x01\x00\x03\x00\x0e\xd5\x80T\x00\xe2\x82\x03\x92\x81kk\xc1o\xe4')
2025-11-08 02:39:04,819 BTPWorkerThread-1796 (_rx_task) root DEBUG btp.py                    688   event_handler             : event_handler Header(svc_id=4, op=134, ctrl_index=0, data_len=21) (b'\x03\x00\x01\x00\x03\x00\x0e\xd5\x80T\x00\xe2\x82\x03\x92\x81kk\xc1o\xe4',)
2025-11-08 02:39:04,819 BTPWorkerThread-1796 (_rx_task) root DEBUG iutctl_common.py          123   read                      : Read 5 bytes
2025-11-08 02:39:04,819 BTPWorkerThread-1796 (_rx_task) root DEBUG iutctl_common.py          131   read                      : Received: hdr: Header(svc_id=0x04, op=0x8f, ctrl_index=0x00, data_len=0x07) bytearray(b'\x04\x8f\x00\x07\x00')
2025-11-08 02:39:04,819 BTPWorkerThread-1796 (_rx_task) root DEBUG iutctl_common.py          139   read                      : Read 7 bytes data
2025-11-08 02:39:04,819 BTPWorkerThread-1796 (_rx_task) root DEBUG iutctl_common.py          154   read                      : Received data: {'01 00 03 00 02 83 05'}, bytearray(b'\x01\x00\x03\x00\x02\x83\x05')
2025-11-08 02:39:04,819 BTPWorkerThread-1796 (_rx_task) root DEBUG btp.py                    688   event_handler             : event_handler Header(svc_id=4, op=143, ctrl_index=0, data_len=7) (b'\x01\x00\x03\x00\x02\x83\x05',)
2025-11-08 02:39:04,820 BTPWorkerThread-1796 (_rx_task) root DEBUG mesh.py                   1777  mesh_model_recv_ev        : mesh_model_recv_ev b'\x01\x00\x03\x00\x02\x83\x05' 7
2025-11-08 02:39:08,599 LT1-callback ClientCallback.log INFO client.py                 242   log                       : PTS_LOGTYPE_MESSAGE Message 

+47 ms
 MBTM/SR/BT/BV-35-C MindTree Stack Version - 026.000.000

2025-11-08 02:39:08,602 LT1-callback ClientCallback.log INFO client.py                 242   log                       : PTS_LOGTYPE_MESSAGE User Action Required 

+47 ms
 MBTM/SR/BT/BV-35-C MMI_526 (MMI_Style_Ok1=0x00011040): Please remove application and network security on IUT.
Click OK to when the IUT is in unprovisioned state.

2025-11-08 02:39:08,656 LT1-callback ClientCallback.log INFO client.py                 242   log                       : PTS_LOGTYPE_PRELIMINARY_VERDICT Preliminary Verdict 

+704 ms
 MBTM/SR/BT/BV-35-C PASS

2025-11-08 02:39:08,661 LT1-callback ClientCallback.log INFO client.py                 242   log                       : PTS_LOGTYPE_PRELIMINARY_VERDICT Initialize Test Case 

+750 ms
 MBTM/SR/BT/BV-35-C Build date: Sep 15 2025, 15:56:54

2025-11-08 02:39:08,664 LT1-callback ClientCallback.log INFO client.py                 242   log                       : PTS_LOGTYPE_START_TEST Start Test Case 

+750 ms
 MBTM/SR/BT/BV-35-C MBTM/SR/BT/BV-35-C

2025-11-08 02:39:08,673 LT1-callback ClientCallback.log INFO client.py                 242   log                       : PTS_LOGTYPE_SEND_EVENT Send Event 

+1766 ms
 MBTM/SR/BT/BV-35-C HCI!HCI_RESET
2025-11-08 02:39:08,676 LT1-callback ClientCallback.log INFO client.py                 242   log                       : PTS_LOGTYPE_RECEIVE_EVENT Receive Event 

+1766 ms
 MBTM/SR/BT/BV-35-C HCI?HCI_RESET_COMPLETE_EVENT{
                           status=HCI_OK
                         }
2025-11-08 02:39:08,679 LT1-callback ClientCallback.log INFO client.py                 242   log                       : PTS_LOGTYPE_PRELIMINARY_VERDICT Preliminary Verdict 

+1766 ms
 MBTM/SR/BT/BV-35-C PASS

2025-11-08 02:39:08,682 LT1-callback ClientCallback.log INFO client.py                 242   log                       : PTS_LOGTYPE_SEND_EVENT Send Event 

+1766 ms
 MBTM/SR/BT/BV-35-C HCI!HCI_READ_LOCAL_VERSION_INFORMATION
2025-11-08 02:39:08,684 LT1-callback ClientCallback.log INFO client.py                 242   log                       : PTS_LOGTYPE_RECEIVE_EVENT Receive Event 

+1766 ms
 MBTM/SR/BT/BV-35-C HCI?HCI_READ_LOCAL_VERSION_INFORMATION_COMPLETE_EVENT{
                           status=HCI_OK,
                           hciVersion=0x0E,
                           hciRevision=0x304E,
                           lmpVersion=0x0E,
                           manufacturerName=0x0059,
                           lmpSubversion=0x304E
                         }
2025-11-08 02:39:08,688 LT1-callback ClientCallback.log INFO client.py                 242   log                       : PTS_LOGTYPE_PRELIMINARY_VERDICT Preliminary Verdict 

+1782 ms
 MBTM/SR/BT/BV-35-C PASS

2025-11-08 02:39:08,690 LT1-callback ClientCallback.log INFO client.py                 242   log                       : PTS_LOGTYPE_SEND_EVENT Send Event 

+1782 ms
 MBTM/SR/BT/BV-35-C HCI!HCI_LE_SET_EVENT_MASK{
                           leEventMask=0x0007FCFE7F8FFFFF
                         }
2025-11-08 02:39:08,693 LT1-callback ClientCallback.log INFO client.py                 242   log                       : PTS_LOGTYPE_RECEIVE_EVENT Receive Event 

+1782 ms
 MBTM/SR/BT/BV-35-C HCI?HCI_LE_SET_EVENT_MASK_COMPLETE_EVENT{
                           status=HCI_OK
                         }
2025-11-08 02:39:08,696 LT1-callback ClientCallback.log INFO client.py                 242   log                       : PTS_LOGTYPE_SEND_EVENT Send Event 

+1782 ms
 MBTM/SR/BT/BV-35-C HCI!HCI_SET_EVENT_MASK{
                           eventMask=0x3FFFFFFFFFFFFFFF
                         }
2025-11-08 02:39:08,699 LT1-callback ClientCallback.log INFO client.py                 242   log                       : PTS_LOGTYPE_RECEIVE_EVENT Receive Event 

+1782 ms
 MBTM/SR/BT/BV-35-C HCI?HCI_SET_EVENT_MASK_COMPLETE_EVENT{
                           status=HCI_OK
                         }
2025-11-08 02:39:08,702 LT1-callback ClientCallback.log INFO client.py                 242   log                       : PTS_LOGTYPE_PRELIMINARY_VERDICT Preliminary Verdict 

+1782 ms
 MBTM/SR/BT/BV-35-C PASS

2025-11-08 02:39:08,704 LT1-callback ClientCallback.log INFO client.py                 242   log                       : PTS_LOGTYPE_SEND_EVENT Send Event 

+1782 ms
 MBTM/SR/BT/BV-35-C HCI!HCI_READ_LOCAL_SUPPORTED_FEATURES
2025-11-08 02:39:08,707 LT1-callback ClientCallback.log INFO client.py                 242   log                       : PTS_LOGTYPE_RECEIVE_EVENT Receive Event 

+1782 ms
 MBTM/SR/BT/BV-35-C HCI?HCI_READ_LOCAL_SUPPORTED_FEATURES_COMPLETE_EVENT{
                           status=HCI_OK,
                           lmpFeatures=0x0000006000000000
                         }
2025-11-08 02:39:08,710 LT1-callback ClientCallback.log INFO client.py                 242   log                       : PTS_LOGTYPE_PRELIMINARY_VERDICT Preliminary Verdict 

+1782 ms
 MBTM/SR/BT/BV-35-C PASS

2025-11-08 02:39:08,713 LT1-callback ClientCallback.log INFO client.py                 242   log                       : PTS_LOGTYPE_SEND_EVENT Send Event 

+1782 ms
 MBTM/SR/BT/BV-35-C HCI!HCI_READ_LOCAL_SUPPORTED_COMMANDS
2025-11-08 02:39:08,716 LT1-callback ClientCallback.log INFO client.py                 242   log                       : PTS_LOGTYPE_RECEIVE_EVENT Receive Event 

+1813 ms
 MBTM/SR/BT/BV-35-C HCI?HCI_READ_LOCAL_SUPPORTED_COMMANDS_COMPLETE_EVENT{
                           status=HCI_OK,
                           supported_commands=0x0000000000000000000000000000000003E3419FFFFFE7E007FFFFFFFE7FC0300000077FFFFFF782180400E0000000C02228000C00E400000C00C00000800020
                         }
2025-11-08 02:39:08,738 LT1-callback ClientCallback.log INFO client.py                 242   log                       : PTS_LOGTYPE_PRELIMINARY_VERDICT Preliminary Verdict 

+1813 ms
 MBTM/SR/BT/BV-35-C PASS

2025-11-08 02:39:08,742 LT1-callback ClientCallback.log INFO client.py                 242   log                       : PTS_LOGTYPE_SEND_EVENT Send Event 

+1813 ms
 MBTM/SR/BT/BV-35-C HCI!HCI_READ_BD_ADDR
2025-11-08 02:39:08,746 LT1-callback ClientCallback.log INFO client.py                 242   log                       : PTS_LOGTYPE_RECEIVE_EVENT Receive Event 

+1813 ms
 MBTM/SR/BT/BV-35-C HCI?HCI_READ_BD_ADDR_COMPLETE_EVENT{
                           status=HCI_OK,
                           bdAddress=0xDFA9FFF6B11A
                         }
2025-11-08 02:39:08,749 LT1-callback ClientCallback.log INFO client.py                 242   log                       : PTS_LOGTYPE_PRELIMINARY_VERDICT Preliminary Verdict 

+1813 ms
 MBTM/SR/BT/BV-35-C PASS

2025-11-08 02:39:08,752 LT1-callback ClientCallback.log INFO client.py                 242   log                       : PTS_LOGTYPE_SEND_EVENT Send Event 

+1813 ms
 MBTM/SR/BT/BV-35-C HCI!HCI_LE_LOCAL_SUPPORTED_FEATURES
2025-11-08 02:39:08,754 LT1-callback ClientCallback.log INFO client.py                 242   log                       : PTS_LOGTYPE_RECEIVE_EVENT Receive Event 

+1829 ms
 MBTM/SR/BT/BV-35-C HCI?HCI_LE_READ_LOCAL_SUPPORTED_FEATURES_COMPLETE_EVENT{
                           status=HCI_OK,
                           leFeatures=0x00015836F70079FD
                         }
2025-11-08 02:39:08,757 LT1-callback ClientCallback.log INFO client.py                 242   log                       : PTS_LOGTYPE_PRELIMINARY_VERDICT Preliminary Verdict 

+1829 ms
 MBTM/SR/BT/BV-35-C PASS

2025-11-08 02:39:08,760 LT1-callback ClientCallback.log INFO client.py                 242   log                       : PTS_LOGTYPE_PRELIMINARY_VERDICT Preliminary Verdict 

+1829 ms
 MBTM/SR/BT/BV-35-C PASS

2025-11-08 02:39:08,763 LT1-callback ClientCallback.log INFO client.py                 242   log                       : PTS_LOGTYPE_SEND_EVENT Send Event 

+1829 ms
 MBTM/SR/BT/BV-35-C HCI!HCI_LE_SET_EVENT_MASK{
                           leEventMask=0x0007FCFE7F8FFFFF
                         }
2025-11-08 02:39:08,766 LT1-callback ClientCallback.log INFO client.py                 242   log                       : PTS_LOGTYPE_RECEIVE_EVENT Receive Event 

+1829 ms
 MBTM/SR/BT/BV-35-C HCI?HCI_LE_SET_EVENT_MASK_COMPLETE_EVENT{
                           status=HCI_OK
                         }
2025-11-08 02:39:08,768 LT1-callback ClientCallback.log INFO client.py                 242   log                       : PTS_LOGTYPE_SEND_EVENT Send Event 

+1829 ms
 MBTM/SR/BT/BV-35-C HCI!HCI_SET_EVENT_MASK{
                           eventMask=0x3FFFFFFFFFFFFFFF
                         }
2025-11-08 02:39:08,771 LT1-callback ClientCallback.log INFO client.py                 242   log                       : PTS_LOGTYPE_RECEIVE_EVENT Receive Event 

+1829 ms
 MBTM/SR/BT/BV-35-C HCI?HCI_SET_EVENT_MASK_COMPLETE_EVENT{
                           status=HCI_OK
                         }
2025-11-08 02:39:08,774 LT1-callback ClientCallback.log INFO client.py                 242   log                       : PTS_LOGTYPE_PRELIMINARY_VERDICT Preliminary Verdict 

+1829 ms
 MBTM/SR/BT/BV-35-C PASS

2025-11-08 02:39:08,778 LT1-callback ClientCallback.log INFO client.py                 242   log                       : PTS_LOGTYPE_SEND_EVENT Send Event 

+1829 ms
 MBTM/SR/BT/BV-35-C HCI!HCI_LE_SET_HOST_FEATURE{
                           bit_number=0x20,
                           bit_value=0x01
                         }
2025-11-08 02:39:08,784 LT1-callback ClientCallback.log INFO client.py                 242   log                       : PTS_LOGTYPE_RECEIVE_EVENT Receive Event 

+1844 ms
 MBTM/SR/BT/BV-35-C HCI?HCI_LE_SET_HOST_FEATURE_COMPLETE_EVENT{
                           status=HCI_OK
                         }
2025-11-08 02:39:08,787 LT1-callback ClientCallback.log INFO client.py                 242   log                       : PTS_LOGTYPE_PRELIMINARY_VERDICT Preliminary Verdict 

+1844 ms
 MBTM/SR/BT/BV-35-C PASS

2025-11-08 02:39:08,790 LT1-callback ClientCallback.log INFO client.py                 242   log                       : PTS_LOGTYPE_SEND_EVENT Send Event 

+1844 ms
 MBTM/SR/BT/BV-35-C HCI!HCI_LE_SET_HOST_FEATURE{
                           bit_number=0x26,
                           bit_value=0x01
                         }
2025-11-08 02:39:08,794 LT1-callback ClientCallback.log INFO client.py                 242   log                       : PTS_LOGTYPE_RECEIVE_EVENT Receive Event 

+1844 ms
 MBTM/SR/BT/BV-35-C HCI?HCI_LE_SET_HOST_FEATURE_COMPLETE_EVENT{
                           status=HCI_OK
                         }
2025-11-08 02:39:08,798 LT1-callback ClientCallback.log INFO client.py                 242   log                       : PTS_LOGTYPE_PRELIMINARY_VERDICT Preliminary Verdict 

+1844 ms
 MBTM/SR/BT/BV-35-C PASS

2025-11-08 02:39:08,801 LT1-callback ClientCallback.log INFO client.py                 242   log                       : PTS_LOGTYPE_SEND_EVENT Send Event 

+1844 ms
 MBTM/SR/BT/BV-35-C HCI!HCI_LE_SET_HOST_FEATURE{
                           bit_number=0x2F,
                           bit_value=0x01
                         }
2025-11-08 02:39:08,805 LT1-callback ClientCallback.log INFO client.py                 242   log                       : PTS_LOGTYPE_RECEIVE_EVENT Receive Event 

+1844 ms
 MBTM/SR/BT/BV-35-C HCI?HCI_LE_SET_HOST_FEATURE_COMPLETE_EVENT{
                           status=HCI_OK
                         }
2025-11-08 02:39:08,808 LT1-callback ClientCallback.log INFO client.py                 242   log                       : PTS_LOGTYPE_PRELIMINARY_VERDICT Preliminary Verdict 

+1844 ms
 MBTM/SR/BT/BV-35-C PASS

2025-11-08 02:39:08,811 LT1-callback ClientCallback.log INFO client.py                 242   log                       : PTS_LOGTYPE_SEND_EVENT Send Event 

+1844 ms
 MBTM/SR/BT/BV-35-C HCI!HCI_LE_READ_BUFFER_V2
2025-11-08 02:39:08,813 LT1-callback ClientCallback.log INFO client.py                 242   log                       : PTS_LOGTYPE_SEND_EVENT Send Event 

+1844 ms
 MBTM/SR/BT/BV-35-C HCI!HCI_LE_READ_RESOLVING_LIST_SIZE
2025-11-08 02:39:08,816 LT1-callback ClientCallback.log INFO client.py                 242   log                       : PTS_LOGTYPE_RECEIVE_EVENT Receive Event 

+1860 ms
 MBTM/SR/BT/BV-35-C HCI?HCI_LE_READ_BUFFER_SIZE_V2_COMPLETE_EVENT{
                           status=HCI_OK,
                           HC_LE_Data_Packet_Length=0x00FB,
                           HC_Total_Num_LE_Data_Packets=0x03,
                           HC_LE_ISO_Packet_Length=0x00FF,
                           HC_Total_Num_LE_ISO_Packets=0x03
                         }
2025-11-08 02:39:08,819 LT1-callback ClientCallback.log INFO client.py                 242   log                       : PTS_LOGTYPE_RECEIVE_EVENT Receive Event 

+1860 ms
 MBTM/SR/BT/BV-35-C HCI?HCI_LE_READ_RESOLVING_LIST_SIZE_COMPLETE_EVENT{
                           status=HCI_OK,
                           res_list_size=0x08
                         }
2025-11-08 02:39:08,823 LT1-callback ClientCallback.log INFO client.py                 242   log                       : PTS_LOGTYPE_SEND_EVENT Send Event 

+1860 ms
 MBTM/SR/BT/BV-35-C HCI!HCI_LE_ADD_DEVICE_TO_FILTER_ACCEPT_LIST{
                           addressType=HCI_LE_PUBLIC_DEVICE_ADDRESS,
                           address=0x000000000000
                         }
2025-11-08 02:39:08,826 LT1-callback ClientCallback.log INFO client.py                 242   log                       : PTS_LOGTYPE_RECEIVE_EVENT Receive Event 

+1860 ms
 MBTM/SR/BT/BV-35-C HCI?HCI_LE_ADD_DEVICE_TO_FILTER_ACCEPT_LIST_COMPLETE_EVENT{
                           status=HCI_OK
                         }
2025-11-08 02:39:08,828 LT1-callback ClientCallback.log INFO client.py                 242   log                       : PTS_LOGTYPE_SEND_EVENT Send Event 

+1860 ms
 MBTM/SR/BT/BV-35-C HCI!HCI_LE_ADD_DEVICE_TO_FILTER_ACCEPT_LIST{
                           addressType=HCI_LE_RANDOM_DEVICE_ADDRESS,
                           address=0x000000000000
                         }
2025-11-08 02:39:08,831 LT1-callback ClientCallback.log INFO client.py                 242   log                       : PTS_LOGTYPE_RECEIVE_EVENT Receive Event 

+1875 ms
 MBTM/SR/BT/BV-35-C HCI?HCI_LE_ADD_DEVICE_TO_FILTER_ACCEPT_LIST_COMPLETE_EVENT{
                           status=HCI_OK
                         }
2025-11-08 02:39:08,834 LT1-callback ClientCallback.log INFO client.py                 242   log                       : PTS_LOGTYPE_PRELIMINARY_VERDICT Preliminary Verdict 

+1875 ms
 MBTM/SR/BT/BV-35-C PASS

2025-11-08 02:39:08,837 LT1-callback ClientCallback.log INFO client.py                 242   log                       : PTS_LOGTYPE_PRELIMINARY_VERDICT Preliminary Verdict 

+1875 ms
 MBTM/SR/BT/BV-35-C PASS

2025-11-08 02:39:08,840 LT1-callback ClientCallback.log INFO client.py                 242   log                       : PTS_LOGTYPE_SEND_EVENT Send Event 

+1875 ms
 MBTM/SR/BT/BV-35-C HCI!HCI_LE_SET_SCAN_PARAMETERS{
                           leScanType=HCI_LE_ACTIVE_SCANNING,
                           leScanInterval=0x001E,
                           leScanWindow=0x001E,
                           ownAddressType=HCI_LE_PUBLIC_DEVICE_ADDRESS,
                           scanningFilterPolicy=HCI_LE_ACCEPT_FILTER_ACCEPT_LIST_ADVERTISING_PACKETS
                         }
2025-11-08 02:39:08,843 LT1-callback ClientCallback.log INFO client.py                 242   log                       : PTS_LOGTYPE_RECEIVE_EVENT Receive Event 

+1875 ms
 MBTM/SR/BT/BV-35-C HCI?HCI_LE_SET_SCAN_PARAMETERS_COMPLETE_EVENT{
                           status=HCI_OK
                         }
2025-11-08 02:39:08,846 LT1-callback ClientCallback.log INFO client.py                 242   log                       : PTS_LOGTYPE_PRELIMINARY_VERDICT Preliminary Verdict 

+1875 ms
 MBTM/SR/BT/BV-35-C PASS

2025-11-08 02:39:08,848 LT1-callback ClientCallback.log INFO client.py                 242   log                       : PTS_LOGTYPE_SEND_EVENT Send Event 

+1875 ms
 MBTM/SR/BT/BV-35-C HCI!HCI_LE_SET_SCAN_ENABLE{
                           leScanEnable=HCI_LE_SCAN_DISABLE,
                           filterDuplicates=HCI_LE_DUPLICATE_FILTERING_DISABLE
                         }
2025-11-08 02:39:08,851 LT1-callback ClientCallback.log INFO client.py                 242   log                       : PTS_LOGTYPE_RECEIVE_EVENT Receive Event 

+1875 ms
 MBTM/SR/BT/BV-35-C HCI?HCI_LE_SET_SCAN_ENABLE_COMPLETE_EVENT{
                           status=HCI_OK
                         }
2025-11-08 02:39:08,858 LT1-callback ClientCallback.log INFO client.py                 242   log                       : PTS_LOGTYPE_SEND_EVENT Send Event 

+1875 ms
 MBTM/SR/BT/BV-35-C HCI!HCI_LE_SET_SCAN_PARAMETERS{
                           leScanType=HCI_LE_PASSIVE_SCANNING,
                           leScanInterval=0x001E,
                           leScanWindow=0x001E,
                           ownAddressType=HCI_LE_PUBLIC_DEVICE_ADDRESS,
                           scanningFilterPolicy=HCI_LE_ACCEPT_ALL_ADVERTISING_PACKETS
                         }
2025-11-08 02:39:08,864 LT1-callback ClientCallback.log INFO client.py                 242   log                       : PTS_LOGTYPE_RECEIVE_EVENT Receive Event 

+1875 ms
 MBTM/SR/BT/BV-35-C HCI?HCI_LE_SET_SCAN_PARAMETERS_COMPLETE_EVENT{
                           status=HCI_OK
                         }
2025-11-08 02:39:08,868 LT1-callback ClientCallback.log INFO client.py                 242   log                       : PTS_LOGTYPE_PRELIMINARY_VERDICT Preliminary Verdict 

+1875 ms
 MBTM/SR/BT/BV-35-C PASS

2025-11-08 02:39:08,872 LT1-callback ClientCallback.log INFO client.py                 242   log                       : PTS_LOGTYPE_SEND_EVENT Send Event 

+1875 ms
 MBTM/SR/BT/BV-35-C HCI!HCI_LE_SET_SCAN_ENABLE{
                           leScanEnable=HCI_LE_SCAN_ENABLE,
                           filterDuplicates=HCI_LE_DUPLICATE_FILTERING_DISABLE
                         }
2025-11-08 02:39:08,875 LT1-callback ClientCallback.log INFO client.py                 242   log                       : PTS_LOGTYPE_RECEIVE_EVENT Receive Event 

+1891 ms
 MBTM/SR/BT/BV-35-C HCI?HCI_LE_SET_SCAN_ENABLE_COMPLETE_EVENT{
                           status=HCI_OK
                         }
2025-11-08 02:39:08,878 LT1-callback ClientCallback.log INFO client.py                 242   log                       : PTS_LOGTYPE_SEND_EVENT Send Event 

+1891 ms
 MBTM/SR/BT/BV-35-C HCI!HCI_LE_SET_ADVERTISING_PARAMETERS{
                           advertisingIntervalMin=0x00A0,
                           advertisingIntervalMax=0x00A0,
                           advertisingType=HCI_LE_NON_CONNECTABLE_UNDIRECTED_ADVERTISING,
                           ownAddressType=HCI_LE_PUBLIC_DEVICE_ADDRESS,
                           directAddressType=HCI_LE_PUBLIC_DEVICE_ADDRESS,
                           directAddress=0x000000000000,
                           advertisingChannelMap=0x07,
                           advertisingFilterPolicy=HCI_LE_ALLOW_REQ_SCAN_ANY_CONNECT_ANY
                         }
2025-11-08 02:39:08,882 LT1-callback ClientCallback.log INFO client.py                 242   log                       : PTS_LOGTYPE_RECEIVE_EVENT Receive Event 

+1891 ms
 MBTM/SR/BT/BV-35-C HCI?HCI_LE_SET_ADVERTISING_PARAMETERS_COMPLETE_EVENT{
                           status=HCI_OK
                         }
2025-11-08 02:39:08,891 LT1-callback ClientCallback.log INFO client.py                 242   log                       : PTS_LOGTYPE_MESSAGE User Action Required 

+1891 ms
 MBTM/SR/BT/BV-35-C MMI_13 (MMI_Style_Ok_Cancel2=0x00011141): There is no shared security information. Please remove any security information if any. PTS is waiting for beacon to start provisioning from IUT with UUID value indicated in 'TSPX_device_uuid'

2025-11-08 02:39:08,894 LT1-callback ClientCallback.log INFO client.py                 242   log                       : PTS_LOGTYPE_SEND_EVENT Send Event 

+1891 ms
 MBTM/SR/BT/BV-35-C HCI!HCI_LE_SET_ADVERTISING_PARAMETERS{
                           advertisingIntervalMin=0x00A0,
                           advertisingIntervalMax=0x00A0,
                           advertisingType=HCI_LE_NON_CONNECTABLE_UNDIRECTED_ADVERTISING,
                           ownAddressType=HCI_LE_PUBLIC_DEVICE_ADDRESS,
                           directAddressType=HCI_LE_PUBLIC_DEVICE_ADDRESS,
                           directAddress=0x000000000000,
                           advertisingChannelMap=0x07,
                           advertisingFilterPolicy=HCI_LE_ALLOW_REQ_SCAN_ANY_CONNECT_ANY
                         }
2025-11-08 02:39:08,897 LT1-callback ClientCallback.log INFO client.py                 242   log                       : PTS_LOGTYPE_RECEIVE_EVENT Receive Event 

+1907 ms
 MBTM/SR/BT/BV-35-C HCI?HCI_LE_SET_ADVERTISING_PARAMETERS_COMPLETE_EVENT{
                           status=HCI_OK
                         }
2025-11-08 02:39:08,901 LT1-callback ClientCallback.log INFO client.py                 242   log                       : PTS_LOGTYPE_MESSAGE Verdict Description 

+3047 ms
 MBTM/SR/BT/BV-35-C Received unprovisioned device beacon with TSPX_device_uuid value successfully with OOB information = 0x0002.

2025-11-08 02:39:08,904 LT1-callback ClientCallback.log INFO client.py                 242   log                       : PTS_LOGTYPE_SEND_EVENT Send Event 

+3047 ms
 MBTM/SR/BT/BV-35-C HCI!HCI_LE_SET_ADVERTISING_DATA{
                           advertisingDataLength=0x18,
                           advertisingData=0x1729BC3700AB0003EF723174B55440F9B8975E2A265A07BE
                         }
2025-11-08 02:39:08,907 LT1-callback ClientCallback.log INFO client.py                 242   log                       : PTS_LOGTYPE_RECEIVE_EVENT Receive Event 

+3047 ms
 MBTM/SR/BT/BV-35-C HCI?HCI_LE_SET_ADVERTISING_DATA_COMPLETE_EVENT{
                           status=HCI_OK
                         }
2025-11-08 02:39:08,910 LT1-callback ClientCallback.log INFO client.py                 242   log                       : PTS_LOGTYPE_SEND_EVENT Send Event 

+3047 ms
 MBTM/SR/BT/BV-35-C HCI!HCI_LE_SET_ADVERTISE_ENABLE{
                           advertisingEnable=HCI_LE_ADVERTISING_ENABLE
                         }
2025-11-08 02:39:08,913 LT1-callback ClientCallback.log INFO client.py                 242   log                       : PTS_LOGTYPE_RECEIVE_EVENT Receive Event 

+3063 ms
 MBTM/SR/BT/BV-35-C HCI?HCI_LE_SET_ADVERTISE_ENABLE_COMMAND_COMPLETE_EVENT{
                           status=HCI_OK
                         }
2025-11-08 02:39:08,917 LT1-callback ClientCallback.log INFO client.py                 242   log                       : PTS_LOGTYPE_SEND_EVENT Send Event 

+3094 ms
 MBTM/SR/BT/BV-35-C HCI!HCI_LE_SET_ADVERTISE_ENABLE{
                           advertisingEnable=HCI_LE_ADVERTISING_DISABLE
                         }
2025-11-08 02:39:08,921 LT1-callback ClientCallback.log INFO client.py                 242   log                       : PTS_LOGTYPE_RECEIVE_EVENT Receive Event 

+3094 ms
 MBTM/SR/BT/BV-35-C HCI?HCI_LE_SET_ADVERTISE_ENABLE_COMMAND_COMPLETE_EVENT{
                           status=HCI_OK
                         }
2025-11-08 02:39:08,926 LT1-callback ClientCallback.log INFO client.py                 242   log                       : PTS_LOGTYPE_SEND_EVENT Send Event 

+3094 ms
 MBTM/SR/BT/BV-35-C HCI!HCI_LE_SET_ADVERTISE_ENABLE{
                           advertisingEnable=HCI_LE_ADVERTISING_ENABLE
                         }
2025-11-08 02:39:08,930 LT1-callback ClientCallback.log INFO client.py                 242   log                       : PTS_LOGTYPE_RECEIVE_EVENT Receive Event 

+3094 ms
 MBTM/SR/BT/BV-35-C HCI?HCI_LE_SET_ADVERTISE_ENABLE_COMMAND_COMPLETE_EVENT{
                           status=HCI_OK
                         }
2025-11-08 02:39:08,933 LT1-callback ClientCallback.log INFO client.py                 242   log                       : PTS_LOGTYPE_SEND_EVENT Send Event 

+3141 ms
 MBTM/SR/BT/BV-35-C HCI!HCI_LE_SET_ADVERTISE_ENABLE{
                           advertisingEnable=HCI_LE_ADVERTISING_DISABLE
                         }
2025-11-08 02:39:08,936 LT1-callback ClientCallback.log INFO client.py                 242   log                       : PTS_LOGTYPE_RECEIVE_EVENT Receive Event 

+3141 ms
 MBTM/SR/BT/BV-35-C HCI?HCI_LE_SET_ADVERTISE_ENABLE_COMMAND_COMPLETE_EVENT{
                           status=HCI_OK
                         }
2025-11-08 02:39:08,939 LT1-callback ClientCallback.log INFO client.py                 242   log                       : PTS_LOGTYPE_SEND_EVENT Send Event 

+3141 ms
 MBTM/SR/BT/BV-35-C HCI!HCI_LE_SET_ADVERTISE_ENABLE{
                           advertisingEnable=HCI_LE_ADVERTISING_ENABLE
                         }
2025-11-08 02:39:08,942 LT1-callback ClientCallback.log INFO client.py                 242   log                       : PTS_LOGTYPE_RECEIVE_EVENT Receive Event 

+3141 ms
 MBTM/SR/BT/BV-35-C HCI?HCI_LE_SET_ADVERTISE_ENABLE_COMMAND_COMPLETE_EVENT{
                           status=HCI_OK
                         }
2025-11-08 02:39:08,945 LT1-callback ClientCallback.log INFO client.py                 242   log                       : PTS_LOGTYPE_SEND_EVENT Send Event 

+3188 ms
 MBTM/SR/BT/BV-35-C HCI!HCI_LE_SET_ADVERTISE_ENABLE{
                           advertisingEnable=HCI_LE_ADVERTISING_DISABLE
                         }
2025-11-08 02:39:08,948 LT1-callback ClientCallback.log INFO client.py                 242   log                       : PTS_LOGTYPE_RECEIVE_EVENT Receive Event 

+3188 ms
 MBTM/SR/BT/BV-35-C HCI?HCI_LE_SET_ADVERTISE_ENABLE_COMMAND_COMPLETE_EVENT{
                           status=HCI_OK
                         }
2025-11-08 02:39:08,951 LT1-callback ClientCallback.log INFO client.py                 242   log                       : PTS_LOGTYPE_MESSAGE Verdict Description 

+3188 ms
 MBTM/SR/BT/BV-35-C INFO: SendProv Link data (name org.bluetooth.mesh.provision_bearer_adv)(size 24) = Mesh Provisioning Bearer Advertising: 
    Length: [23 (0x17)]
    PB AD Type: [41 (0x29)]
    Connection ID: [2868918204 (0xAB0037BC)]
    Transaction Number: [0 (0x00)]
    C Info: [3 (0x03)] Link Open
    Data: [0xEF723174B55440F9B8975E2A265A07BE]

2025-11-08 02:39:08,955 LT1-callback ClientCallback.log INFO client.py                 242   log                       : PTS_LOGTYPE_MESSAGE Verdict Description 

+3282 ms
 MBTM/SR/BT/BV-35-C **************** Establish link succeeded.****************


2025-11-08 02:39:08,957 LT1-callback ClientCallback.log INFO client.py                 242   log                       : PTS_LOGTYPE_MESSAGE Verdict Description 

+3297 ms
 MBTM/SR/BT/BV-35-C INFO: Sending provision data [connection id = ab0037bc][transaction number = 0] (name Mesh Provisioning)(size 2) = Mesh Provisioning: 
    Op Code: [0 (0x00)] Provisioning Invite
    IdentityTimer: [2 (0x02)]

2025-11-08 02:39:08,960 LT1-callback ClientCallback.log INFO client.py                 242   log                       : PTS_LOGTYPE_SEND_EVENT Send Event 

+3297 ms
 MBTM/SR/BT/BV-35-C HCI!HCI_LE_SET_ADVERTISING_DATA{
                           advertisingDataLength=0x0D,
                           advertisingData=0x0C29BC3700AB00000002F70002
                         }
2025-11-08 02:39:08,963 LT1-callback ClientCallback.log INFO client.py                 242   log                       : PTS_LOGTYPE_RECEIVE_EVENT Receive Event 

+3297 ms
 MBTM/SR/BT/BV-35-C HCI?HCI_LE_SET_ADVERTISING_DATA_COMPLETE_EVENT{
                           status=HCI_OK
                         }
2025-11-08 02:39:08,966 LT1-callback ClientCallback.log INFO client.py                 242   log                       : PTS_LOGTYPE_SEND_EVENT Send Event 

+3297 ms
 MBTM/SR/BT/BV-35-C HCI!HCI_LE_SET_ADVERTISE_ENABLE{
                           advertisingEnable=HCI_LE_ADVERTISING_ENABLE
                         }
2025-11-08 02:39:08,969 LT1-callback ClientCallback.log INFO client.py                 242   log                       : PTS_LOGTYPE_RECEIVE_EVENT Receive Event 

+3313 ms
 MBTM/SR/BT/BV-35-C HCI?HCI_LE_SET_ADVERTISE_ENABLE_COMMAND_COMPLETE_EVENT{
                           status=HCI_OK
                         }
2025-11-08 02:39:08,972 LT1-callback ClientCallback.log INFO client.py                 242   log                       : PTS_LOGTYPE_SEND_EVENT Send Event 

+3344 ms
 MBTM/SR/BT/BV-35-C HCI!HCI_LE_SET_ADVERTISE_ENABLE{
                           advertisingEnable=HCI_LE_ADVERTISING_DISABLE
                         }
2025-11-08 02:39:08,975 LT1-callback ClientCallback.log INFO client.py                 242   log                       : PTS_LOGTYPE_RECEIVE_EVENT Receive Event 

+3344 ms
 MBTM/SR/BT/BV-35-C HCI?HCI_LE_SET_ADVERTISE_ENABLE_COMMAND_COMPLETE_EVENT{
                           status=HCI_OK
                         }
2025-11-08 02:39:08,979 LT1-callback ClientCallback.log INFO client.py                 242   log                       : PTS_LOGTYPE_MESSAGE Verdict Description 

+3438 ms
 MBTM/SR/BT/BV-35-C **************** Invite send successful. ****************


2025-11-08 02:39:08,983 LT1-callback ClientCallback.log INFO client.py                 242   log                       : PTS_LOGTYPE_MESSAGE Warning 

+3438 ms
 MBTM/SR/BT/BV-35-C The value (0) is within the reserved start/end(0 to 0) specified by the XML for the field named 'NumberElements'.

2025-11-08 02:39:08,987 LT1-callback ClientCallback.log INFO client.py                 242   log                       : PTS_LOGTYPE_MESSAGE Verdict Description 

+3438 ms
 MBTM/SR/BT/BV-35-C The value (0) is within the reserved start/end(0 to 0) specified by the XML for the field named 'NumberElements'.

2025-11-08 02:39:08,991 LT1-callback ClientCallback.log INFO client.py                 242   log                       : PTS_LOGTYPE_MESSAGE Verdict Description 

+3438 ms
 MBTM/SR/BT/BV-35-C Wait for cmd = 0x1 with link ID  = 0xAB0037BC, transaction number = 0x80, holdAck= 0x0

2025-11-08 02:39:08,995 LT1-callback ClientCallback.log INFO client.py                 242   log                       : PTS_LOGTYPE_SEND_EVENT Send Event 

+3625 ms
 MBTM/SR/BT/BV-35-C HCI!HCI_LE_SET_ADVERTISING_DATA{
                           advertisingDataLength=0x08,
                           advertisingData=0x0729BC3700AB8001
                         }
2025-11-08 02:39:08,998 LT1-callback ClientCallback.log INFO client.py                 242   log                       : PTS_LOGTYPE_RECEIVE_EVENT Receive Event 

+3625 ms
 MBTM/SR/BT/BV-35-C HCI?HCI_LE_SET_ADVERTISING_DATA_COMPLETE_EVENT{
                           status=HCI_OK
                         }
2025-11-08 02:39:09,001 LT1-callback ClientCallback.log INFO client.py                 242   log                       : PTS_LOGTYPE_SEND_EVENT Send Event 

+3625 ms
 MBTM/SR/BT/BV-35-C HCI!HCI_LE_SET_ADVERTISE_ENABLE{
                           advertisingEnable=HCI_LE_ADVERTISING_ENABLE
                         }
2025-11-08 02:39:09,004 LT1-callback ClientCallback.log INFO client.py                 242   log                       : PTS_LOGTYPE_RECEIVE_EVENT Receive Event 

+3625 ms
 MBTM/SR/BT/BV-35-C HCI?HCI_LE_SET_ADVERTISE_ENABLE_COMMAND_COMPLETE_EVENT{
                           status=HCI_OK
                         }
2025-11-08 02:39:09,007 LT1-callback ClientCallback.log INFO client.py                 242   log                       : PTS_LOGTYPE_SEND_EVENT Send Event 

+3657 ms
 MBTM/SR/BT/BV-35-C HCI!HCI_LE_SET_ADVERTISE_ENABLE{
                           advertisingEnable=HCI_LE_ADVERTISING_DISABLE
                         }
2025-11-08 02:39:09,010 LT1-callback ClientCallback.log INFO client.py                 242   log                       : PTS_LOGTYPE_RECEIVE_EVENT Receive Event 

+3657 ms
 MBTM/SR/BT/BV-35-C HCI?HCI_LE_SET_ADVERTISE_ENABLE_COMMAND_COMPLETE_EVENT{
                           status=HCI_OK
                         }
2025-11-08 02:39:09,013 LT1-callback ClientCallback.log INFO client.py                 242   log                       : PTS_LOGTYPE_SEND_EVENT Send Event 

+3657 ms
 MBTM/SR/BT/BV-35-C HCI!HCI_LE_SET_ADVERTISE_ENABLE{
                           advertisingEnable=HCI_LE_ADVERTISING_ENABLE
                         }
2025-11-08 02:39:09,016 LT1-callback ClientCallback.log INFO client.py                 242   log                       : PTS_LOGTYPE_RECEIVE_EVENT Receive Event 

+3657 ms
 MBTM/SR/BT/BV-35-C HCI?HCI_LE_SET_ADVERTISE_ENABLE_COMMAND_COMPLETE_EVENT{
                           status=HCI_OK
                         }
2025-11-08 02:39:09,019 LT1-callback ClientCallback.log INFO client.py                 242   log                       : PTS_LOGTYPE_SEND_EVENT Send Event 

+3688 ms
 MBTM/SR/BT/BV-35-C HCI!HCI_LE_SET_ADVERTISE_ENABLE{
                           advertisingEnable=HCI_LE_ADVERTISING_DISABLE
                         }
2025-11-08 02:39:09,022 LT1-callback ClientCallback.log INFO client.py                 242   log                       : PTS_LOGTYPE_RECEIVE_EVENT Receive Event 

+3688 ms
 MBTM/SR/BT/BV-35-C HCI?HCI_LE_SET_ADVERTISE_ENABLE_COMMAND_COMPLETE_EVENT{
                           status=HCI_OK
                         }
2025-11-08 02:39:09,025 LT1-callback ClientCallback.log INFO client.py                 242   log                       : PTS_LOGTYPE_SEND_EVENT Send Event 

+3688 ms
 MBTM/SR/BT/BV-35-C HCI!HCI_LE_SET_ADVERTISE_ENABLE{
                           advertisingEnable=HCI_LE_ADVERTISING_ENABLE
                         }
2025-11-08 02:39:09,028 LT1-callback ClientCallback.log INFO client.py                 242   log                       : PTS_LOGTYPE_RECEIVE_EVENT Receive Event 

+3688 ms
 MBTM/SR/BT/BV-35-C HCI?HCI_LE_SET_ADVERTISE_ENABLE_COMMAND_COMPLETE_EVENT{
                           status=HCI_OK
                         }
2025-11-08 02:39:09,031 LT1-callback ClientCallback.log INFO client.py                 242   log                       : PTS_LOGTYPE_SEND_EVENT Send Event 

+3719 ms
 MBTM/SR/BT/BV-35-C HCI!HCI_LE_SET_ADVERTISE_ENABLE{
                           advertisingEnable=HCI_LE_ADVERTISING_DISABLE
                         }
2025-11-08 02:39:09,034 LT1-callback ClientCallback.log INFO client.py                 242   log                       : PTS_LOGTYPE_RECEIVE_EVENT Receive Event 

+3719 ms
 MBTM/SR/BT/BV-35-C HCI?HCI_LE_SET_ADVERTISE_ENABLE_COMMAND_COMPLETE_EVENT{
                           status=HCI_OK
                         }
2025-11-08 02:39:09,037 LT1-callback ClientCallback.log INFO client.py                 242   log                       : PTS_LOGTYPE_MESSAGE Verdict Description 

+3719 ms
 MBTM/SR/BT/BV-35-C Received provisioning command code 0x01 with data = 1629BC3700AB8000000CA8010300030001010018000000 successfully.

2025-11-08 02:39:09,040 LT1-callback ClientCallback.log INFO client.py                 242   log                       : PTS_LOGTYPE_MESSAGE Verdict Description 

+3719 ms
 MBTM/SR/BT/BV-35-C **************** Capabilities received. Mesh Provisioning Capabilities: 
    NumberElements: [3 (0x03)]
    Algorithms: [3 (0x0003)]
    Public Key Type: [0 (0x00)]
    OOB Type: [1 (0x01)]
    Output OOB Size: [1 (0x01)]
    Output OOB Action: [24 (0x0018)]
    Input OOB Size: [0 (0x00)] The device does not support input OOB
    Input OOB Action: [0 (0x0000)] ****************


2025-11-08 02:39:09,043 LT1-callback ClientCallback.log INFO client.py                 242   log                       : PTS_LOGTYPE_MESSAGE Verdict Description 

+3735 ms
 MBTM/SR/BT/BV-35-C INFO: Sending provision data [connection id = ab0037bc][transaction number = 1] (name Mesh Provisioning)(size 6) = Mesh Provisioning: 
    Op Code: [2 (0x02)] Provisioning Start
    Start: 
        Algorithm: [1 (0x01)] BTM_ECDH_P256_HMAC_SHA256_AES_CCM
        Public Key: [0 (0x00)] No OOB Public Key is used
        Authentication Method: [0 (0x00)] No OOB authentication is used
        No OOB Action: [0 (0x00)] No OOB action to be used
        No OOB Size: [0 (0x00)] No OOB size to be used

2025-11-08 02:39:09,046 LT1-callback ClientCallback.log INFO client.py                 242   log                       : PTS_LOGTYPE_SEND_EVENT Send Event 

+3735 ms
 MBTM/SR/BT/BV-35-C HCI!HCI_LE_SET_ADVERTISING_DATA{
                           advertisingDataLength=0x11,
                           advertisingData=0x1029BC3700AB010000068D020100000000
                         }
2025-11-08 02:39:09,049 LT1-callback ClientCallback.log INFO client.py                 242   log                       : PTS_LOGTYPE_RECEIVE_EVENT Receive Event 

+3735 ms
 MBTM/SR/BT/BV-35-C HCI?HCI_LE_SET_ADVERTISING_DATA_COMPLETE_EVENT{
                           status=HCI_OK
                         }
2025-11-08 02:39:09,053 LT1-callback ClientCallback.log INFO client.py                 242   log                       : PTS_LOGTYPE_SEND_EVENT Send Event 

+3735 ms
 MBTM/SR/BT/BV-35-C HCI!HCI_LE_SET_ADVERTISE_ENABLE{
                           advertisingEnable=HCI_LE_ADVERTISING_ENABLE
                         }
2025-11-08 02:39:09,056 LT1-callback ClientCallback.log INFO client.py                 242   log                       : PTS_LOGTYPE_RECEIVE_EVENT Receive Event 

+3735 ms
 MBTM/SR/BT/BV-35-C HCI?HCI_LE_SET_ADVERTISE_ENABLE_COMMAND_COMPLETE_EVENT{
                           status=HCI_OK
                         }
2025-11-08 02:39:09,059 LT1-callback ClientCallback.log INFO client.py                 242   log                       : PTS_LOGTYPE_SEND_EVENT Send Event 

+3766 ms
 MBTM/SR/BT/BV-35-C HCI!HCI_LE_SET_ADVERTISE_ENABLE{
                           advertisingEnable=HCI_LE_ADVERTISING_DISABLE
                         }
2025-11-08 02:39:09,062 LT1-callback ClientCallback.log INFO client.py                 242   log                       : PTS_LOGTYPE_RECEIVE_EVENT Receive Event 

+3766 ms
 MBTM/SR/BT/BV-35-C HCI?HCI_LE_SET_ADVERTISE_ENABLE_COMMAND_COMPLETE_EVENT{
                           status=HCI_OK
                         }
2025-11-08 02:39:09,065 LT1-callback ClientCallback.log INFO client.py                 242   log                       : PTS_LOGTYPE_MESSAGE Verdict Description 

+3844 ms
 MBTM/SR/BT/BV-35-C **************** Provisioning Start send succeeded. Mesh Provisioning Start: 
    Algorithm: [1 (0x01)] BTM_ECDH_P256_HMAC_SHA256_AES_CCM
    Public Key: [0 (0x00)] No OOB Public Key is used
    Authentication Method: [0 (0x00)] No OOB authentication is used
    No OOB Action: [0 (0x00)] No OOB action to be used
    No OOB Size: [0 (0x00)] No OOB size to be used ****************


2025-11-08 02:39:09,068 LT1-callback ClientCallback.log INFO client.py                 242   log                       : PTS_LOGTYPE_MESSAGE Verdict Description 

+3860 ms
 MBTM/SR/BT/BV-35-C INFO: Sending provision data [connection id = ab0037bc][transaction number = 2] (name Mesh Provisioning)(size 65) = Mesh Provisioning: 
    Op Code: [3 (0x03)] Provisioning Public Key
    Public Key: [0x867DCADEE32C0D731BE573C449A9AC14335B7243F68563803C2A9A7C22F7D85CB3FE86BF8DD87A3EF1DE2069F83FC5F923B2942429B0C0EAF0802A5E4FE70AC1]

2025-11-08 02:39:09,071 LT1-callback ClientCallback.log INFO client.py                 242   log                       : PTS_LOGTYPE_SEND_EVENT Send Event 

+3860 ms
 MBTM/SR/BT/BV-35-C HCI!HCI_LE_SET_ADVERTISING_DATA{
                           advertisingDataLength=0x1F,
                           advertisingData=0x1E29BC3700AB020800417C03867DCADEE32C0D731BE573C449A9AC14335B72
                         }
2025-11-08 02:39:09,073 LT1-callback ClientCallback.log INFO client.py                 242   log                       : PTS_LOGTYPE_RECEIVE_EVENT Receive Event 

+3860 ms
 MBTM/SR/BT/BV-35-C HCI?HCI_LE_SET_ADVERTISING_DATA_COMPLETE_EVENT{
                           status=HCI_OK
                         }
2025-11-08 02:39:09,076 LT1-callback ClientCallback.log INFO client.py                 242   log                       : PTS_LOGTYPE_SEND_EVENT Send Event 

+3860 ms
 MBTM/SR/BT/BV-35-C HCI!HCI_LE_SET_ADVERTISE_ENABLE{
                           advertisingEnable=HCI_LE_ADVERTISING_ENABLE
                         }
2025-11-08 02:39:09,079 LT1-callback ClientCallback.log INFO client.py                 242   log                       : PTS_LOGTYPE_RECEIVE_EVENT Receive Event 

+3860 ms
 MBTM/SR/BT/BV-35-C HCI?HCI_LE_SET_ADVERTISE_ENABLE_COMMAND_COMPLETE_EVENT{
                           status=HCI_OK
                         }
2025-11-08 02:39:09,082 LT1-callback ClientCallback.log INFO client.py                 242   log                       : PTS_LOGTYPE_SEND_EVENT Send Event 

+3907 ms
 MBTM/SR/BT/BV-35-C HCI!HCI_LE_SET_ADVERTISE_ENABLE{
                           advertisingEnable=HCI_LE_ADVERTISING_DISABLE
                         }
2025-11-08 02:39:09,085 LT1-callback ClientCallback.log INFO client.py                 242   log                       : PTS_LOGTYPE_RECEIVE_EVENT Receive Event 

+3907 ms
 MBTM/SR/BT/BV-35-C HCI?HCI_LE_SET_ADVERTISE_ENABLE_COMMAND_COMPLETE_EVENT{
                           status=HCI_OK
                         }
2025-11-08 02:39:09,088 LT1-callback ClientCallback.log INFO client.py                 242   log                       : PTS_LOGTYPE_SEND_EVENT Send Event 

+3907 ms
 MBTM/SR/BT/BV-35-C HCI!HCI_LE_SET_ADVERTISING_DATA{
                           advertisingDataLength=0x1F,
                           advertisingData=0x1E29BC3700AB020643F68563803C2A9A7C22F7D85CB3FE86BF8DD87A3EF1DE
                         }
2025-11-08 02:39:09,091 LT1-callback ClientCallback.log INFO client.py                 242   log                       : PTS_LOGTYPE_RECEIVE_EVENT Receive Event 

+3907 ms
 MBTM/SR/BT/BV-35-C HCI?HCI_LE_SET_ADVERTISING_DATA_COMPLETE_EVENT{
                           status=HCI_OK
                         }
2025-11-08 02:39:09,094 LT1-callback ClientCallback.log INFO client.py                 242   log                       : PTS_LOGTYPE_SEND_EVENT Send Event 

+3907 ms
 MBTM/SR/BT/BV-35-C HCI!HCI_LE_SET_ADVERTISE_ENABLE{
                           advertisingEnable=HCI_LE_ADVERTISING_ENABLE
                         }
2025-11-08 02:39:09,097 LT1-callback ClientCallback.log INFO client.py                 242   log                       : PTS_LOGTYPE_RECEIVE_EVENT Receive Event 

+3922 ms
 MBTM/SR/BT/BV-35-C HCI?HCI_LE_SET_ADVERTISE_ENABLE_COMMAND_COMPLETE_EVENT{
                           status=HCI_OK
                         }
2025-11-08 02:39:09,100 LT1-callback ClientCallback.log INFO client.py                 242   log                       : PTS_LOGTYPE_SEND_EVENT Send Event 

+3954 ms
 MBTM/SR/BT/BV-35-C HCI!HCI_LE_SET_ADVERTISE_ENABLE{
                           advertisingEnable=HCI_LE_ADVERTISING_DISABLE
                         }
2025-11-08 02:39:09,105 LT1-callback ClientCallback.log INFO client.py                 242   log                       : PTS_LOGTYPE_RECEIVE_EVENT Receive Event 

+3954 ms
 MBTM/SR/BT/BV-35-C HCI?HCI_LE_SET_ADVERTISE_ENABLE_COMMAND_COMPLETE_EVENT{
                           status=HCI_OK
                         }
2025-11-08 02:39:09,108 LT1-callback ClientCallback.log INFO client.py                 242   log                       : PTS_LOGTYPE_SEND_EVENT Send Event 

+3954 ms
 MBTM/SR/BT/BV-35-C HCI!HCI_LE_SET_ADVERTISING_DATA{
                           advertisingDataLength=0x1E,
                           advertisingData=0x1D29BC3700AB020A2069F83FC5F923B2942429B0C0EAF0802A5E4FE70AC1
                         }
2025-11-08 02:39:09,112 LT1-callback ClientCallback.log INFO client.py                 242   log                       : PTS_LOGTYPE_RECEIVE_EVENT Receive Event 

+3954 ms
 MBTM/SR/BT/BV-35-C HCI?HCI_LE_SET_ADVERTISING_DATA_COMPLETE_EVENT{
                           status=HCI_OK
                         }
2025-11-08 02:39:09,115 LT1-callback ClientCallback.log INFO client.py                 242   log                       : PTS_LOGTYPE_SEND_EVENT Send Event 

+3954 ms
 MBTM/SR/BT/BV-35-C HCI!HCI_LE_SET_ADVERTISE_ENABLE{
                           advertisingEnable=HCI_LE_ADVERTISING_ENABLE
                         }
2025-11-08 02:39:09,117 LT1-callback ClientCallback.log INFO client.py                 242   log                       : PTS_LOGTYPE_RECEIVE_EVENT Receive Event 

+3969 ms
 MBTM/SR/BT/BV-35-C HCI?HCI_LE_SET_ADVERTISE_ENABLE_COMMAND_COMPLETE_EVENT{
                           status=HCI_OK
                         }
2025-11-08 02:39:09,120 LT1-callback ClientCallback.log INFO client.py                 242   log                       : PTS_LOGTYPE_SEND_EVENT Send Event 

+4000 ms
 MBTM/SR/BT/BV-35-C HCI!HCI_LE_SET_ADVERTISE_ENABLE{
                           advertisingEnable=HCI_LE_ADVERTISING_DISABLE
                         }
2025-11-08 02:39:09,123 LT1-callback ClientCallback.log INFO client.py                 242   log                       : PTS_LOGTYPE_RECEIVE_EVENT Receive Event 

+4000 ms
 MBTM/SR/BT/BV-35-C HCI?HCI_LE_SET_ADVERTISE_ENABLE_COMMAND_COMPLETE_EVENT{
                           status=HCI_OK
                         }
2025-11-08 02:39:09,127 LT1-callback ClientCallback.log INFO client.py                 242   log                       : PTS_LOGTYPE_MESSAGE Verdict Description 

+4079 ms
 MBTM/SR/BT/BV-35-C **************** Public Key send succeeded. ****************


2025-11-08 02:39:09,130 LT1-callback ClientCallback.log INFO client.py                 242   log                       : PTS_LOGTYPE_MESSAGE Verdict Description 

+4094 ms
 MBTM/SR/BT/BV-35-C Wait for cmd = 0x3 with link ID  = 0xAB0037BC, transaction number = 0x81, holdAck= 0x0

2025-11-08 02:39:09,133 LT1-callback ClientCallback.log INFO client.py                 242   log                       : PTS_LOGTYPE_SEND_EVENT Send Event 

+4500 ms
 MBTM/SR/BT/BV-35-C HCI!HCI_LE_SET_ADVERTISING_DATA{
                           advertisingDataLength=0x08,
                           advertisingData=0x0729BC3700AB8101
                         }
2025-11-08 02:39:09,136 LT1-callback ClientCallback.log INFO client.py                 242   log                       : PTS_LOGTYPE_RECEIVE_EVENT Receive Event 

+4500 ms
 MBTM/SR/BT/BV-35-C HCI?HCI_LE_SET_ADVERTISING_DATA_COMPLETE_EVENT{
                           status=HCI_OK
                         }
2025-11-08 02:39:09,139 LT1-callback ClientCallback.log INFO client.py                 242   log                       : PTS_LOGTYPE_SEND_EVENT Send Event 

+4500 ms
 MBTM/SR/BT/BV-35-C HCI!HCI_LE_SET_ADVERTISE_ENABLE{
                           advertisingEnable=HCI_LE_ADVERTISING_ENABLE
                         }
2025-11-08 02:39:09,141 LT1-callback ClientCallback.log INFO client.py                 242   log                       : PTS_LOGTYPE_RECEIVE_EVENT Receive Event 

+4500 ms
 MBTM/SR/BT/BV-35-C HCI?HCI_LE_SET_ADVERTISE_ENABLE_COMMAND_COMPLETE_EVENT{
                           status=HCI_OK
                         }
2025-11-08 02:39:09,144 LT1-callback ClientCallback.log INFO client.py                 242   log                       : PTS_LOGTYPE_SEND_EVENT Send Event 

+4532 ms
 MBTM/SR/BT/BV-35-C HCI!HCI_LE_SET_ADVERTISE_ENABLE{
                           advertisingEnable=HCI_LE_ADVERTISING_DISABLE
                         }
2025-11-08 02:39:09,147 LT1-callback ClientCallback.log INFO client.py                 242   log                       : PTS_LOGTYPE_RECEIVE_EVENT Receive Event 

+4532 ms
 MBTM/SR/BT/BV-35-C HCI?HCI_LE_SET_ADVERTISE_ENABLE_COMMAND_COMPLETE_EVENT{
                           status=HCI_OK
                         }
2025-11-08 02:39:09,151 LT1-callback ClientCallback.log INFO client.py                 242   log                       : PTS_LOGTYPE_SEND_EVENT Send Event 

+4532 ms
 MBTM/SR/BT/BV-35-C HCI!HCI_LE_SET_ADVERTISE_ENABLE{
                           advertisingEnable=HCI_LE_ADVERTISING_ENABLE
                         }
2025-11-08 02:39:09,154 LT1-callback ClientCallback.log INFO client.py                 242   log                       : PTS_LOGTYPE_RECEIVE_EVENT Receive Event 

+4532 ms
 MBTM/SR/BT/BV-35-C HCI?HCI_LE_SET_ADVERTISE_ENABLE_COMMAND_COMPLETE_EVENT{
                           status=HCI_OK
                         }
2025-11-08 02:39:09,157 LT1-callback ClientCallback.log INFO client.py                 242   log                       : PTS_LOGTYPE_SEND_EVENT Send Event 

+4563 ms
 MBTM/SR/BT/BV-35-C HCI!HCI_LE_SET_ADVERTISE_ENABLE{
                           advertisingEnable=HCI_LE_ADVERTISING_DISABLE
                         }
2025-11-08 02:39:09,159 LT1-callback ClientCallback.log INFO client.py                 242   log                       : PTS_LOGTYPE_RECEIVE_EVENT Receive Event 

+4563 ms
 MBTM/SR/BT/BV-35-C HCI?HCI_LE_SET_ADVERTISE_ENABLE_COMMAND_COMPLETE_EVENT{
                           status=HCI_OK
                         }
2025-11-08 02:39:09,165 LT1-callback ClientCallback.log INFO client.py                 242   log                       : PTS_LOGTYPE_SEND_EVENT Send Event 

+4563 ms
 MBTM/SR/BT/BV-35-C HCI!HCI_LE_SET_ADVERTISE_ENABLE{
                           advertisingEnable=HCI_LE_ADVERTISING_ENABLE
                         }
2025-11-08 02:39:09,170 LT1-callback ClientCallback.log INFO client.py                 242   log                       : PTS_LOGTYPE_RECEIVE_EVENT Receive Event 

+4563 ms
 MBTM/SR/BT/BV-35-C HCI?HCI_LE_SET_ADVERTISE_ENABLE_COMMAND_COMPLETE_EVENT{
                           status=HCI_OK
                         }
2025-11-08 02:39:09,176 LT1-callback ClientCallback.log INFO client.py                 242   log                       : PTS_LOGTYPE_SEND_EVENT Send Event 

+4594 ms
 MBTM/SR/BT/BV-35-C HCI!HCI_LE_SET_ADVERTISE_ENABLE{
                           advertisingEnable=HCI_LE_ADVERTISING_DISABLE
                         }
2025-11-08 02:39:09,181 LT1-callback ClientCallback.log INFO client.py                 242   log                       : PTS_LOGTYPE_RECEIVE_EVENT Receive Event 

+4594 ms
 MBTM/SR/BT/BV-35-C HCI?HCI_LE_SET_ADVERTISE_ENABLE_COMMAND_COMPLETE_EVENT{
                           status=HCI_OK
                         }
2025-11-08 02:39:09,185 LT1-callback ClientCallback.log INFO client.py                 242   log                       : PTS_LOGTYPE_MESSAGE Verdict Description 

+4594 ms
 MBTM/SR/BT/BV-35-C Received provisioning command code 0x03 with data = 1D29BC3700AB810AE27E6505CC71CFFA5AA6EB9F91125A9F9BC4CCC54462 successfully.

2025-11-08 02:39:09,189 LT1-callback ClientCallback.log INFO client.py                 242   log                       : PTS_LOGTYPE_MESSAGE Verdict Description 

+4594 ms
 MBTM/SR/BT/BV-35-C Public key received successfully. Mesh Provisioning: 
    Op Code: [3 (0x03)] Provisioning Public Key
    Public Key: [0x76ECAD7147444A56CA7FA3A7A5397AF3719C5F4ACFBB11765919FD6C726C7F21D4432FB3A996CA22F636E27E6505CC71CFFA5AA6EB9F91125A9F9BC4CCC54462]

2025-11-08 02:39:09,193 LT1-callback ClientCallback.log INFO client.py                 242   log                       : PTS_LOGTYPE_MESSAGE Verdict Description 

+4610 ms
 MBTM/SR/BT/BV-35-C INFO: Sending provision data [connection id = ab0037bc][transaction number = 3] (name Mesh Provisioning)(size 33) = Mesh Provisioning: 
    Op Code: [5 (0x05)] Provisioning Confirmation
    Confirmation: [0x436CC6745B10AA04968358D57223D8A65B6223EA3500934BC4FEC8670CD35BB3]

2025-11-08 02:39:09,198 LT1-callback ClientCallback.log INFO client.py                 242   log                       : PTS_LOGTYPE_SEND_EVENT Send Event 

+4610 ms
 MBTM/SR/BT/BV-35-C HCI!HCI_LE_SET_ADVERTISING_DATA{
                           advertisingDataLength=0x1F,
                           advertisingData=0x1E29BC3700AB030400216E05436CC6745B10AA04968358D57223D8A65B6223
                         }
2025-11-08 02:39:09,201 LT1-callback ClientCallback.log INFO client.py                 242   log                       : PTS_LOGTYPE_RECEIVE_EVENT Receive Event 

+4610 ms
 MBTM/SR/BT/BV-35-C HCI?HCI_LE_SET_ADVERTISING_DATA_COMPLETE_EVENT{
                           status=HCI_OK
                         }
2025-11-08 02:39:09,204 LT1-callback ClientCallback.log INFO client.py                 242   log                       : PTS_LOGTYPE_SEND_EVENT Send Event 

+4610 ms
 MBTM/SR/BT/BV-35-C HCI!HCI_LE_SET_ADVERTISE_ENABLE{
                           advertisingEnable=HCI_LE_ADVERTISING_ENABLE
                         }
2025-11-08 02:39:09,207 LT1-callback ClientCallback.log INFO client.py                 242   log                       : PTS_LOGTYPE_RECEIVE_EVENT Receive Event 

+4610 ms
 MBTM/SR/BT/BV-35-C HCI?HCI_LE_SET_ADVERTISE_ENABLE_COMMAND_COMPLETE_EVENT{
                           status=HCI_OK
                         }
2025-11-08 02:39:09,209 LT1-callback ClientCallback.log INFO client.py                 242   log                       : PTS_LOGTYPE_SEND_EVENT Send Event 

+4657 ms
 MBTM/SR/BT/BV-35-C HCI!HCI_LE_SET_ADVERTISE_ENABLE{
                           advertisingEnable=HCI_LE_ADVERTISING_DISABLE
                         }
2025-11-08 02:39:09,213 LT1-callback ClientCallback.log INFO client.py                 242   log                       : PTS_LOGTYPE_RECEIVE_EVENT Receive Event 

+4657 ms
 MBTM/SR/BT/BV-35-C HCI?HCI_LE_SET_ADVERTISE_ENABLE_COMMAND_COMPLETE_EVENT{
                           status=HCI_OK
                         }
2025-11-08 02:39:09,218 LT1-callback ClientCallback.log INFO client.py                 242   log                       : PTS_LOGTYPE_SEND_EVENT Send Event 

+4657 ms
 MBTM/SR/BT/BV-35-C HCI!HCI_LE_SET_ADVERTISING_DATA{
                           advertisingDataLength=0x15,
                           advertisingData=0x1429BC3700AB0306EA3500934BC4FEC8670CD35BB3
                         }
2025-11-08 02:39:09,221 LT1-callback ClientCallback.log INFO client.py                 242   log                       : PTS_LOGTYPE_RECEIVE_EVENT Receive Event 

+4657 ms
 MBTM/SR/BT/BV-35-C HCI?HCI_LE_SET_ADVERTISING_DATA_COMPLETE_EVENT{
                           status=HCI_OK
                         }
2025-11-08 02:39:09,224 LT1-callback ClientCallback.log INFO client.py                 242   log                       : PTS_LOGTYPE_SEND_EVENT Send Event 

+4657 ms
 MBTM/SR/BT/BV-35-C HCI!HCI_LE_SET_ADVERTISE_ENABLE{
                           advertisingEnable=HCI_LE_ADVERTISING_ENABLE
                         }
2025-11-08 02:39:09,227 LT1-callback ClientCallback.log INFO client.py                 242   log                       : PTS_LOGTYPE_RECEIVE_EVENT Receive Event 

+4672 ms
 MBTM/SR/BT/BV-35-C HCI?HCI_LE_SET_ADVERTISE_ENABLE_COMMAND_COMPLETE_EVENT{
                           status=HCI_OK
                         }
2025-11-08 02:39:09,230 LT1-callback ClientCallback.log INFO client.py                 242   log                       : PTS_LOGTYPE_SEND_EVENT Send Event 

+4704 ms
 MBTM/SR/BT/BV-35-C HCI!HCI_LE_SET_ADVERTISE_ENABLE{
                           advertisingEnable=HCI_LE_ADVERTISING_DISABLE
                         }
2025-11-08 02:39:09,233 LT1-callback ClientCallback.log INFO client.py                 242   log                       : PTS_LOGTYPE_RECEIVE_EVENT Receive Event 

+4704 ms
 MBTM/SR/BT/BV-35-C HCI?HCI_LE_SET_ADVERTISE_ENABLE_COMMAND_COMPLETE_EVENT{
                           status=HCI_OK
                         }
2025-11-08 02:39:09,236 LT1-callback ClientCallback.log INFO client.py                 242   log                       : PTS_LOGTYPE_MESSAGE Verdict Description 

+4782 ms
 MBTM/SR/BT/BV-35-C **************** Confirmation send succeeded. ****************


2025-11-08 02:39:09,239 LT1-callback ClientCallback.log INFO client.py                 242   log                       : PTS_LOGTYPE_MESSAGE Verdict Description 

+4782 ms
 MBTM/SR/BT/BV-35-C Wait for cmd = 0x5 with link ID  = 0xAB0037BC, transaction number = 0x82, holdAck= 0x0

2025-11-08 02:39:09,241 LT1-callback ClientCallback.log INFO client.py                 242   log                       : PTS_LOGTYPE_SEND_EVENT Send Event 

+5063 ms
 MBTM/SR/BT/BV-35-C HCI!HCI_LE_SET_ADVERTISING_DATA{
                           advertisingDataLength=0x08,
                           advertisingData=0x0729BC3700AB8201
                         }
2025-11-08 02:39:09,244 LT1-callback ClientCallback.log INFO client.py                 242   log                       : PTS_LOGTYPE_RECEIVE_EVENT Receive Event 

+5063 ms
 MBTM/SR/BT/BV-35-C HCI?HCI_LE_SET_ADVERTISING_DATA_COMPLETE_EVENT{
                           status=HCI_OK
                         }
2025-11-08 02:39:09,247 LT1-callback ClientCallback.log INFO client.py                 242   log                       : PTS_LOGTYPE_SEND_EVENT Send Event 

+5063 ms
 MBTM/SR/BT/BV-35-C HCI!HCI_LE_SET_ADVERTISE_ENABLE{
                           advertisingEnable=HCI_LE_ADVERTISING_ENABLE
                         }
2025-11-08 02:39:09,250 LT1-callback ClientCallback.log INFO client.py                 242   log                       : PTS_LOGTYPE_RECEIVE_EVENT Receive Event 

+5063 ms
 MBTM/SR/BT/BV-35-C HCI?HCI_LE_SET_ADVERTISE_ENABLE_COMMAND_COMPLETE_EVENT{
                           status=HCI_OK
                         }
2025-11-08 02:39:09,253 LT1-callback ClientCallback.log INFO client.py                 242   log                       : PTS_LOGTYPE_SEND_EVENT Send Event 

+5094 ms
 MBTM/SR/BT/BV-35-C HCI!HCI_LE_SET_ADVERTISE_ENABLE{
                           advertisingEnable=HCI_LE_ADVERTISING_DISABLE
                         }
2025-11-08 02:39:09,256 LT1-callback ClientCallback.log INFO client.py                 242   log                       : PTS_LOGTYPE_RECEIVE_EVENT Receive Event 

+5094 ms
 MBTM/SR/BT/BV-35-C HCI?HCI_LE_SET_ADVERTISE_ENABLE_COMMAND_COMPLETE_EVENT{
                           status=HCI_OK
                         }
2025-11-08 02:39:09,259 LT1-callback ClientCallback.log INFO client.py                 242   log                       : PTS_LOGTYPE_SEND_EVENT Send Event 

+5094 ms
 MBTM/SR/BT/BV-35-C HCI!HCI_LE_SET_ADVERTISE_ENABLE{
                           advertisingEnable=HCI_LE_ADVERTISING_ENABLE
                         }
2025-11-08 02:39:09,262 LT1-callback ClientCallback.log INFO client.py                 242   log                       : PTS_LOGTYPE_RECEIVE_EVENT Receive Event 

+5094 ms
 MBTM/SR/BT/BV-35-C HCI?HCI_LE_SET_ADVERTISE_ENABLE_COMMAND_COMPLETE_EVENT{
                           status=HCI_OK
                         }
2025-11-08 02:39:09,265 LT1-callback ClientCallback.log INFO client.py                 242   log                       : PTS_LOGTYPE_SEND_EVENT Send Event 

+5141 ms
 MBTM/SR/BT/BV-35-C HCI!HCI_LE_SET_ADVERTISE_ENABLE{
                           advertisingEnable=HCI_LE_ADVERTISING_DISABLE
                         }
2025-11-08 02:39:09,267 LT1-callback ClientCallback.log INFO client.py                 242   log                       : PTS_LOGTYPE_RECEIVE_EVENT Receive Event 

+5141 ms
 MBTM/SR/BT/BV-35-C HCI?HCI_LE_SET_ADVERTISE_ENABLE_COMMAND_COMPLETE_EVENT{
                           status=HCI_OK
                         }
2025-11-08 02:39:09,270 LT1-callback ClientCallback.log INFO client.py                 242   log                       : PTS_LOGTYPE_SEND_EVENT Send Event 

+5141 ms
 MBTM/SR/BT/BV-35-C HCI!HCI_LE_SET_ADVERTISE_ENABLE{
                           advertisingEnable=HCI_LE_ADVERTISING_ENABLE
                         }
2025-11-08 02:39:09,273 LT1-callback ClientCallback.log INFO client.py                 242   log                       : PTS_LOGTYPE_RECEIVE_EVENT Receive Event 

+5141 ms
 MBTM/SR/BT/BV-35-C HCI?HCI_LE_SET_ADVERTISE_ENABLE_COMMAND_COMPLETE_EVENT{
                           status=HCI_OK
                         }
2025-11-08 02:39:09,277 LT1-callback ClientCallback.log INFO client.py                 242   log                       : PTS_LOGTYPE_SEND_EVENT Send Event 

+5188 ms
 MBTM/SR/BT/BV-35-C HCI!HCI_LE_SET_ADVERTISE_ENABLE{
                           advertisingEnable=HCI_LE_ADVERTISING_DISABLE
                         }
2025-11-08 02:39:09,279 LT1-callback ClientCallback.log INFO client.py                 242   log                       : PTS_LOGTYPE_RECEIVE_EVENT Receive Event 

+5188 ms
 MBTM/SR/BT/BV-35-C HCI?HCI_LE_SET_ADVERTISE_ENABLE_COMMAND_COMPLETE_EVENT{
                           status=HCI_OK
                         }
2025-11-08 02:39:09,282 LT1-callback ClientCallback.log INFO client.py                 242   log                       : PTS_LOGTYPE_MESSAGE Verdict Description 

+5188 ms
 MBTM/SR/BT/BV-35-C Received provisioning command code 0x05 with data = 1429BC3700AB8206274C205D9BD887FFBC5EB82C46 successfully.

2025-11-08 02:39:09,285 LT1-callback ClientCallback.log INFO client.py                 242   log                       : PTS_LOGTYPE_MESSAGE Verdict Description 

+5188 ms
 MBTM/SR/BT/BV-35-C **************** Confirmation received successfully. Value = 0559-057A-A2A5-5A96-80AF-ECD5-7111-DC70-164F-0CA6-274C-205D-9BD8-87FF-BC5E-B82C-46 ****************


2025-11-08 02:39:09,399 LT1-callback ClientCallback.log INFO client.py                 242   log                       : PTS_LOGTYPE_MESSAGE Verdict Description 

+5188 ms
 MBTM/SR/BT/BV-35-C INFO: Sending provision data [connection id = ab0037bc][transaction number = 4] (name Mesh Provisioning)(size 33) = Mesh Provisioning: 
    Op Code: [6 (0x06)] Provisioning Random
    Random: [0xC556B7D6E5208420FA5A815D7A7D320B80D39B073199FB64C386185429DA31DB]

2025-11-08 02:39:09,455 LT1-callback ClientCallback.log INFO client.py                 242   log                       : PTS_LOGTYPE_SEND_EVENT Send Event 

+5188 ms
 MBTM/SR/BT/BV-35-C HCI!HCI_LE_SET_ADVERTISING_DATA{
                           advertisingDataLength=0x1F,
                           advertisingData=0x1E29BC3700AB040400217D06C556B7D6E5208420FA5A815D7A7D320B80D39B
                         }
2025-11-08 02:39:09,460 LT1-callback ClientCallback.log INFO client.py                 242   log                       : PTS_LOGTYPE_RECEIVE_EVENT Receive Event 

+5204 ms
 MBTM/SR/BT/BV-35-C HCI?HCI_LE_SET_ADVERTISING_DATA_COMPLETE_EVENT{
                           status=HCI_OK
                         }
2025-11-08 02:39:09,464 LT1-callback ClientCallback.log INFO client.py                 242   log                       : PTS_LOGTYPE_SEND_EVENT Send Event 

+5204 ms
 MBTM/SR/BT/BV-35-C HCI!HCI_LE_SET_ADVERTISE_ENABLE{
                           advertisingEnable=HCI_LE_ADVERTISING_ENABLE
                         }
2025-11-08 02:39:09,467 LT1-callback ClientCallback.log INFO client.py                 242   log                       : PTS_LOGTYPE_RECEIVE_EVENT Receive Event 

+5204 ms
 MBTM/SR/BT/BV-35-C HCI?HCI_LE_SET_ADVERTISE_ENABLE_COMMAND_COMPLETE_EVENT{
                           status=HCI_OK
                         }
2025-11-08 02:39:09,469 LT1-callback ClientCallback.log INFO client.py                 242   log                       : PTS_LOGTYPE_SEND_EVENT Send Event 

+5235 ms
 MBTM/SR/BT/BV-35-C HCI!HCI_LE_SET_ADVERTISE_ENABLE{
                           advertisingEnable=HCI_LE_ADVERTISING_DISABLE
                         }
2025-11-08 02:39:09,472 LT1-callback ClientCallback.log INFO client.py                 242   log                       : PTS_LOGTYPE_RECEIVE_EVENT Receive Event 

+5235 ms
 MBTM/SR/BT/BV-35-C HCI?HCI_LE_SET_ADVERTISE_ENABLE_COMMAND_COMPLETE_EVENT{
                           status=HCI_OK
                         }
2025-11-08 02:39:09,475 LT1-callback ClientCallback.log INFO client.py                 242   log                       : PTS_LOGTYPE_SEND_EVENT Send Event 

+5235 ms
 MBTM/SR/BT/BV-35-C HCI!HCI_LE_SET_ADVERTISING_DATA{
                           advertisingDataLength=0x15,
                           advertisingData=0x1429BC3700AB0406073199FB64C386185429DA31DB
                         }
2025-11-08 02:39:09,480 LT1-callback ClientCallback.log INFO client.py                 242   log                       : PTS_LOGTYPE_RECEIVE_EVENT Receive Event 

+5235 ms
 MBTM/SR/BT/BV-35-C HCI?HCI_LE_SET_ADVERTISING_DATA_COMPLETE_EVENT{
                           status=HCI_OK
                         }
2025-11-08 02:39:09,484 LT1-callback ClientCallback.log INFO client.py                 242   log                       : PTS_LOGTYPE_SEND_EVENT Send Event 

+5235 ms
 MBTM/SR/BT/BV-35-C HCI!HCI_LE_SET_ADVERTISE_ENABLE{
                           advertisingEnable=HCI_LE_ADVERTISING_ENABLE
                         }
2025-11-08 02:39:09,487 LT1-callback ClientCallback.log INFO client.py                 242   log                       : PTS_LOGTYPE_RECEIVE_EVENT Receive Event 

+5250 ms
 MBTM/SR/BT/BV-35-C HCI?HCI_LE_SET_ADVERTISE_ENABLE_COMMAND_COMPLETE_EVENT{
                           status=HCI_OK
                         }
2025-11-08 02:39:09,491 LT1-callback ClientCallback.log INFO client.py                 242   log                       : PTS_LOGTYPE_SEND_EVENT Send Event 

+5282 ms
 MBTM/SR/BT/BV-35-C HCI!HCI_LE_SET_ADVERTISE_ENABLE{
                           advertisingEnable=HCI_LE_ADVERTISING_DISABLE
                         }
2025-11-08 02:39:09,495 LT1-callback ClientCallback.log INFO client.py                 242   log                       : PTS_LOGTYPE_RECEIVE_EVENT Receive Event 

+5282 ms
 MBTM/SR/BT/BV-35-C HCI?HCI_LE_SET_ADVERTISE_ENABLE_COMMAND_COMPLETE_EVENT{
                           status=HCI_OK
                         }
2025-11-08 02:39:09,498 LT1-callback ClientCallback.log INFO client.py                 242   log                       : PTS_LOGTYPE_MESSAGE Verdict Description 

+5391 ms
 MBTM/SR/BT/BV-35-C **************** Random send successfully. ****************


2025-11-08 02:39:09,500 LT1-callback ClientCallback.log INFO client.py                 242   log                       : PTS_LOGTYPE_MESSAGE Verdict Description 

+5391 ms
 MBTM/SR/BT/BV-35-C Wait for cmd = 0x6 with link ID  = 0xAB0037BC, transaction number = 0x83, holdAck= 0x0

2025-11-08 02:39:09,503 LT1-callback ClientCallback.log INFO client.py                 242   log                       : PTS_LOGTYPE_SEND_EVENT Send Event 

+5704 ms
 MBTM/SR/BT/BV-35-C HCI!HCI_LE_SET_ADVERTISING_DATA{
                           advertisingDataLength=0x08,
                           advertisingData=0x0729BC3700AB8301
                         }
2025-11-08 02:39:09,506 LT1-callback ClientCallback.log INFO client.py                 242   log                       : PTS_LOGTYPE_RECEIVE_EVENT Receive Event 

+5704 ms
 MBTM/SR/BT/BV-35-C HCI?HCI_LE_SET_ADVERTISING_DATA_COMPLETE_EVENT{
                           status=HCI_OK
                         }
2025-11-08 02:39:09,509 LT1-callback ClientCallback.log INFO client.py                 242   log                       : PTS_LOGTYPE_SEND_EVENT Send Event 

+5704 ms
 MBTM/SR/BT/BV-35-C HCI!HCI_LE_SET_ADVERTISE_ENABLE{
                           advertisingEnable=HCI_LE_ADVERTISING_ENABLE
                         }
2025-11-08 02:39:09,512 LT1-callback ClientCallback.log INFO client.py                 242   log                       : PTS_LOGTYPE_RECEIVE_EVENT Receive Event 

+5704 ms
 MBTM/SR/BT/BV-35-C HCI?HCI_LE_SET_ADVERTISE_ENABLE_COMMAND_COMPLETE_EVENT{
                           status=HCI_OK
                         }
2025-11-08 02:39:09,515 LT1-callback ClientCallback.log INFO client.py                 242   log                       : PTS_LOGTYPE_SEND_EVENT Send Event 

+5735 ms
 MBTM/SR/BT/BV-35-C HCI!HCI_LE_SET_ADVERTISE_ENABLE{
                           advertisingEnable=HCI_LE_ADVERTISING_DISABLE
                         }
2025-11-08 02:39:09,518 LT1-callback ClientCallback.log INFO client.py                 242   log                       : PTS_LOGTYPE_RECEIVE_EVENT Receive Event 

+5735 ms
 MBTM/SR/BT/BV-35-C HCI?HCI_LE_SET_ADVERTISE_ENABLE_COMMAND_COMPLETE_EVENT{
                           status=HCI_OK
                         }
2025-11-08 02:39:09,521 LT1-callback ClientCallback.log INFO client.py                 242   log                       : PTS_LOGTYPE_SEND_EVENT Send Event 

+5735 ms
 MBTM/SR/BT/BV-35-C HCI!HCI_LE_SET_ADVERTISE_ENABLE{
                           advertisingEnable=HCI_LE_ADVERTISING_ENABLE
                         }
2025-11-08 02:39:09,523 LT1-callback ClientCallback.log INFO client.py                 242   log                       : PTS_LOGTYPE_RECEIVE_EVENT Receive Event 

+5735 ms
 MBTM/SR/BT/BV-35-C HCI?HCI_LE_SET_ADVERTISE_ENABLE_COMMAND_COMPLETE_EVENT{
                           status=HCI_OK
                         }
2025-11-08 02:39:09,527 LT1-callback ClientCallback.log INFO client.py                 242   log                       : PTS_LOGTYPE_SEND_EVENT Send Event 

+5782 ms
 MBTM/SR/BT/BV-35-C HCI!HCI_LE_SET_ADVERTISE_ENABLE{
                           advertisingEnable=HCI_LE_ADVERTISING_DISABLE
                         }
2025-11-08 02:39:09,529 LT1-callback ClientCallback.log INFO client.py                 242   log                       : PTS_LOGTYPE_RECEIVE_EVENT Receive Event 

+5782 ms
 MBTM/SR/BT/BV-35-C HCI?HCI_LE_SET_ADVERTISE_ENABLE_COMMAND_COMPLETE_EVENT{
                           status=HCI_OK
                         }
2025-11-08 02:39:09,532 LT1-callback ClientCallback.log INFO client.py                 242   log                       : PTS_LOGTYPE_SEND_EVENT Send Event 

+5782 ms
 MBTM/SR/BT/BV-35-C HCI!HCI_LE_SET_ADVERTISE_ENABLE{
                           advertisingEnable=HCI_LE_ADVERTISING_ENABLE
                         }
2025-11-08 02:39:09,535 LT1-callback ClientCallback.log INFO client.py                 242   log                       : PTS_LOGTYPE_RECEIVE_EVENT Receive Event 

+5782 ms
 MBTM/SR/BT/BV-35-C HCI?HCI_LE_SET_ADVERTISE_ENABLE_COMMAND_COMPLETE_EVENT{
                           status=HCI_OK
                         }
2025-11-08 02:39:09,538 LT1-callback ClientCallback.log INFO client.py                 242   log                       : PTS_LOGTYPE_SEND_EVENT Send Event 

+5813 ms
 MBTM/SR/BT/BV-35-C HCI!HCI_LE_SET_ADVERTISE_ENABLE{
                           advertisingEnable=HCI_LE_ADVERTISING_DISABLE
                         }
2025-11-08 02:39:09,541 LT1-callback ClientCallback.log INFO client.py                 242   log                       : PTS_LOGTYPE_RECEIVE_EVENT Receive Event 

+5813 ms
 MBTM/SR/BT/BV-35-C HCI?HCI_LE_SET_ADVERTISE_ENABLE_COMMAND_COMPLETE_EVENT{
                           status=HCI_OK
                         }
2025-11-08 02:39:09,544 LT1-callback ClientCallback.log INFO client.py                 242   log                       : PTS_LOGTYPE_MESSAGE Verdict Description 

+5813 ms
 MBTM/SR/BT/BV-35-C Received provisioning command code 0x06 with data = 1429BC3700AB830688E877355A9A8321C629A3A987 successfully.

2025-11-08 02:39:09,547 LT1-callback ClientCallback.log INFO client.py                 242   log                       : PTS_LOGTYPE_MESSAGE Verdict Description 

+5813 ms
 MBTM/SR/BT/BV-35-C **************** Random received successfully. ****************


2025-11-08 02:39:09,550 LT1-callback ClientCallback.log INFO client.py                 242   log                       : PTS_LOGTYPE_MESSAGE Verdict Description 

+5813 ms
 MBTM/SR/BT/BV-35-C Value constructed from the IUT random = 0559-057A-A2A5-5A96-80AF-ECD5-7111-DC70-164F-0CA6-274C-205D-9BD8-87FF-BC5E-B82C-46

2025-11-08 02:39:09,553 LT1-callback ClientCallback.log INFO client.py                 242   log                       : PTS_LOGTYPE_MESSAGE Verdict Description 

+5813 ms
 MBTM/SR/BT/BV-35-C **************** Confirmation match.****************


2025-11-08 02:39:09,556 LT1-callback ClientCallback.log INFO client.py                 242   log                       : PTS_LOGTYPE_MESSAGE Verdict Description 

+5829 ms
 MBTM/SR/BT/BV-35-C INFO: Sending provision data [connection id = ab0037bc][transaction number = 5] (name Mesh Provisioning)(size 34) = Mesh Provisioning: 
    Op Code: [7 (0x07)] Provisioning Data
    Data: [0x3F40459557886D4A46776667660DA84E9F940911E34204D0CE3DB1D15D9AC0B1F9]

2025-11-08 02:39:09,560 LT1-callback ClientCallback.log INFO client.py                 242   log                       : PTS_LOGTYPE_SEND_EVENT Send Event 

+5829 ms
 MBTM/SR/BT/BV-35-C HCI!HCI_LE_SET_ADVERTISING_DATA{
                           advertisingDataLength=0x1F,
                           advertisingData=0x1E29BC3700AB05040022C4073F40459557886D4A46776667660DA84E9F9409
                         }
2025-11-08 02:39:09,564 LT1-callback ClientCallback.log INFO client.py                 242   log                       : PTS_LOGTYPE_RECEIVE_EVENT Receive Event 

+5829 ms
 MBTM/SR/BT/BV-35-C HCI?HCI_LE_SET_ADVERTISING_DATA_COMPLETE_EVENT{
                           status=HCI_OK
                         }
2025-11-08 02:39:09,568 LT1-callback ClientCallback.log INFO client.py                 242   log                       : PTS_LOGTYPE_SEND_EVENT Send Event 

+5829 ms
 MBTM/SR/BT/BV-35-C HCI!HCI_LE_SET_ADVERTISE_ENABLE{
                           advertisingEnable=HCI_LE_ADVERTISING_ENABLE
                         }
2025-11-08 02:39:09,571 LT1-callback ClientCallback.log INFO client.py                 242   log                       : PTS_LOGTYPE_RECEIVE_EVENT Receive Event 

+5844 ms
 MBTM/SR/BT/BV-35-C HCI?HCI_LE_SET_ADVERTISE_ENABLE_COMMAND_COMPLETE_EVENT{
                           status=HCI_OK
                         }
2025-11-08 02:39:09,574 LT1-callback ClientCallback.log INFO client.py                 242   log                       : PTS_LOGTYPE_SEND_EVENT Send Event 

+5875 ms
 MBTM/SR/BT/BV-35-C HCI!HCI_LE_SET_ADVERTISE_ENABLE{
                           advertisingEnable=HCI_LE_ADVERTISING_DISABLE
                         }
2025-11-08 02:39:09,576 LT1-callback ClientCallback.log INFO client.py                 242   log                       : PTS_LOGTYPE_RECEIVE_EVENT Receive Event 

+5875 ms
 MBTM/SR/BT/BV-35-C HCI?HCI_LE_SET_ADVERTISE_ENABLE_COMMAND_COMPLETE_EVENT{
                           status=HCI_OK
                         }
2025-11-08 02:39:09,579 LT1-callback ClientCallback.log INFO client.py                 242   log                       : PTS_LOGTYPE_SEND_EVENT Send Event 

+5875 ms
 MBTM/SR/BT/BV-35-C HCI!HCI_LE_SET_ADVERTISING_DATA{
                           advertisingDataLength=0x16,
                           advertisingData=0x1529BC3700AB050611E34204D0CE3DB1D15D9AC0B1F9
                         }
2025-11-08 02:39:09,582 LT1-callback ClientCallback.log INFO client.py                 242   log                       : PTS_LOGTYPE_RECEIVE_EVENT Receive Event 

+5875 ms
 MBTM/SR/BT/BV-35-C HCI?HCI_LE_SET_ADVERTISING_DATA_COMPLETE_EVENT{
                           status=HCI_OK
                         }
2025-11-08 02:39:09,585 LT1-callback ClientCallback.log INFO client.py                 242   log                       : PTS_LOGTYPE_SEND_EVENT Send Event 

+5875 ms
 MBTM/SR/BT/BV-35-C HCI!HCI_LE_SET_ADVERTISE_ENABLE{
                           advertisingEnable=HCI_LE_ADVERTISING_ENABLE
                         }
2025-11-08 02:39:09,588 LT1-callback ClientCallback.log INFO client.py                 242   log                       : PTS_LOGTYPE_RECEIVE_EVENT Receive Event 

+5891 ms
 MBTM/SR/BT/BV-35-C HCI?HCI_LE_SET_ADVERTISE_ENABLE_COMMAND_COMPLETE_EVENT{
                           status=HCI_OK
                         }
2025-11-08 02:39:09,591 LT1-callback ClientCallback.log INFO client.py                 242   log                       : PTS_LOGTYPE_SEND_EVENT Send Event 

+5922 ms
 MBTM/SR/BT/BV-35-C HCI!HCI_LE_SET_ADVERTISE_ENABLE{
                           advertisingEnable=HCI_LE_ADVERTISING_DISABLE
                         }
2025-11-08 02:39:09,594 LT1-callback ClientCallback.log INFO client.py                 242   log                       : PTS_LOGTYPE_RECEIVE_EVENT Receive Event 

+5922 ms
 MBTM/SR/BT/BV-35-C HCI?HCI_LE_SET_ADVERTISE_ENABLE_COMMAND_COMPLETE_EVENT{
                           status=HCI_OK
                         }
2025-11-08 02:39:09,597 LT1-callback ClientCallback.log INFO client.py                 242   log                       : PTS_LOGTYPE_MESSAGE Verdict Description 

+6110 ms
 MBTM/SR/BT/BV-35-C **************** Data send successfully. ****************


2025-11-08 02:39:09,600 LT1-callback ClientCallback.log INFO client.py                 242   log                       : PTS_LOGTYPE_MESSAGE Verdict Description 

+6110 ms
 MBTM/SR/BT/BV-35-C Wait for cmd = 0x8 with link ID  = 0xAB0037BC, transaction number = 0x84, holdAck= 0x0

2025-11-08 02:39:09,602 LT1-callback ClientCallback.log INFO client.py                 242   log                       : PTS_LOGTYPE_SEND_EVENT Send Event 

+6391 ms
 MBTM/SR/BT/BV-35-C HCI!HCI_LE_SET_ADVERTISING_DATA{
                           advertisingDataLength=0x08,
                           advertisingData=0x0729BC3700AB8401
                         }
2025-11-08 02:39:09,606 LT1-callback ClientCallback.log INFO client.py                 242   log                       : PTS_LOGTYPE_RECEIVE_EVENT Receive Event 

+6391 ms
 MBTM/SR/BT/BV-35-C HCI?HCI_LE_SET_ADVERTISING_DATA_COMPLETE_EVENT{
                           status=HCI_OK
                         }
2025-11-08 02:39:09,609 LT1-callback ClientCallback.log INFO client.py                 242   log                       : PTS_LOGTYPE_SEND_EVENT Send Event 

+6391 ms
 MBTM/SR/BT/BV-35-C HCI!HCI_LE_SET_ADVERTISE_ENABLE{
                           advertisingEnable=HCI_LE_ADVERTISING_ENABLE
                         }
2025-11-08 02:39:09,612 LT1-callback ClientCallback.log INFO client.py                 242   log                       : PTS_LOGTYPE_RECEIVE_EVENT Receive Event 

+6391 ms
 MBTM/SR/BT/BV-35-C HCI?HCI_LE_SET_ADVERTISE_ENABLE_COMMAND_COMPLETE_EVENT{
                           status=HCI_OK
                         }
2025-11-08 02:39:09,614 LT1-callback ClientCallback.log INFO client.py                 242   log                       : PTS_LOGTYPE_SEND_EVENT Send Event 

+6422 ms
 MBTM/SR/BT/BV-35-C HCI!HCI_LE_SET_ADVERTISE_ENABLE{
                           advertisingEnable=HCI_LE_ADVERTISING_DISABLE
                         }
2025-11-08 02:39:09,620 LT1-callback ClientCallback.log INFO client.py                 242   log                       : PTS_LOGTYPE_RECEIVE_EVENT Receive Event 

+6422 ms
 MBTM/SR/BT/BV-35-C HCI?HCI_LE_SET_ADVERTISE_ENABLE_COMMAND_COMPLETE_EVENT{
                           status=HCI_OK
                         }
2025-11-08 02:39:09,625 LT1-callback ClientCallback.log INFO client.py                 242   log                       : PTS_LOGTYPE_SEND_EVENT Send Event 

+6422 ms
 MBTM/SR/BT/BV-35-C HCI!HCI_LE_SET_ADVERTISE_ENABLE{
                           advertisingEnable=HCI_LE_ADVERTISING_ENABLE
                         }
2025-11-08 02:39:09,630 LT1-callback ClientCallback.log INFO client.py                 242   log                       : PTS_LOGTYPE_RECEIVE_EVENT Receive Event 

+6422 ms
 MBTM/SR/BT/BV-35-C HCI?HCI_LE_SET_ADVERTISE_ENABLE_COMMAND_COMPLETE_EVENT{
                           status=HCI_OK
                         }
2025-11-08 02:39:09,636 LT1-callback ClientCallback.log INFO client.py                 242   log                       : PTS_LOGTYPE_SEND_EVENT Send Event 

+6469 ms
 MBTM/SR/BT/BV-35-C HCI!HCI_LE_SET_ADVERTISE_ENABLE{
                           advertisingEnable=HCI_LE_ADVERTISING_DISABLE
                         }
2025-11-08 02:39:09,639 LT1-callback ClientCallback.log INFO client.py                 242   log                       : PTS_LOGTYPE_RECEIVE_EVENT Receive Event 

+6469 ms
 MBTM/SR/BT/BV-35-C HCI?HCI_LE_SET_ADVERTISE_ENABLE_COMMAND_COMPLETE_EVENT{
                           status=HCI_OK
                         }
2025-11-08 02:39:09,641 LT1-callback ClientCallback.log INFO client.py                 242   log                       : PTS_LOGTYPE_SEND_EVENT Send Event 

+6469 ms
 MBTM/SR/BT/BV-35-C HCI!HCI_LE_SET_ADVERTISE_ENABLE{
                           advertisingEnable=HCI_LE_ADVERTISING_ENABLE
                         }
2025-11-08 02:39:09,644 LT1-callback ClientCallback.log INFO client.py                 242   log                       : PTS_LOGTYPE_RECEIVE_EVENT Receive Event 

+6469 ms
 MBTM/SR/BT/BV-35-C HCI?HCI_LE_SET_ADVERTISE_ENABLE_COMMAND_COMPLETE_EVENT{
                           status=HCI_OK
                         }
2025-11-08 02:39:09,647 LT1-callback ClientCallback.log INFO client.py                 242   log                       : PTS_LOGTYPE_SEND_EVENT Send Event 

+6500 ms
 MBTM/SR/BT/BV-35-C HCI!HCI_LE_SET_ADVERTISE_ENABLE{
                           advertisingEnable=HCI_LE_ADVERTISING_DISABLE
                         }
2025-11-08 02:39:09,651 LT1-callback ClientCallback.log INFO client.py                 242   log                       : PTS_LOGTYPE_RECEIVE_EVENT Receive Event 

+6500 ms
 MBTM/SR/BT/BV-35-C HCI?HCI_LE_SET_ADVERTISE_ENABLE_COMMAND_COMPLETE_EVENT{
                           status=HCI_OK
                         }
2025-11-08 02:39:09,654 LT1-callback ClientCallback.log INFO client.py                 242   log                       : PTS_LOGTYPE_MESSAGE Verdict Description 

+6500 ms
 MBTM/SR/BT/BV-35-C Received provisioning command code 0x08 with data = 0B29BC3700AB840000013E08 successfully.

2025-11-08 02:39:09,656 LT1-callback ClientCallback.log INFO client.py                 242   log                       : PTS_LOGTYPE_MESSAGE Verdict Description 

+6500 ms
 MBTM/SR/BT/BV-35-C **************** Complete received successfully.****************


2025-11-08 02:39:09,659 LT1-callback ClientCallback.log INFO client.py                 242   log                       : PTS_LOGTYPE_MESSAGE Verdict Description 

+6500 ms
 MBTM/SR/BT/BV-35-C Wait for cmd = 0xFE with link ID  = 0xAB0037BC, transaction number = 0x85, holdAck= 0x0

2025-11-08 02:39:09,662 LT1-callback ClientCallback.log INFO client.py                 242   log                       : PTS_LOGTYPE_SEND_EVENT Send Event 

+7500 ms
 MBTM/SR/BT/BV-35-C HCI!HCI_LE_SET_ADVERTISING_DATA{
                           advertisingDataLength=0x09,
                           advertisingData=0x0829BC3700AB000B00
                         }
2025-11-08 02:39:09,665 LT1-callback ClientCallback.log INFO client.py                 242   log                       : PTS_LOGTYPE_RECEIVE_EVENT Receive Event 

+7516 ms
 MBTM/SR/BT/BV-35-C HCI?HCI_LE_SET_ADVERTISING_DATA_COMPLETE_EVENT{
                           status=HCI_OK
                         }
2025-11-08 02:39:09,669 LT1-callback ClientCallback.log INFO client.py                 242   log                       : PTS_LOGTYPE_SEND_EVENT Send Event 

+7516 ms
 MBTM/SR/BT/BV-35-C HCI!HCI_LE_SET_ADVERTISE_ENABLE{
                           advertisingEnable=HCI_LE_ADVERTISING_ENABLE
                         }
2025-11-08 02:39:09,672 LT1-callback ClientCallback.log INFO client.py                 242   log                       : PTS_LOGTYPE_RECEIVE_EVENT Receive Event 

+7516 ms
 MBTM/SR/BT/BV-35-C HCI?HCI_LE_SET_ADVERTISE_ENABLE_COMMAND_COMPLETE_EVENT{
                           status=HCI_OK
                         }
2025-11-08 02:39:09,675 LT1-callback ClientCallback.log INFO client.py                 242   log                       : PTS_LOGTYPE_SEND_EVENT Send Event 

+7547 ms
 MBTM/SR/BT/BV-35-C HCI!HCI_LE_SET_ADVERTISE_ENABLE{
                           advertisingEnable=HCI_LE_ADVERTISING_DISABLE
                         }
2025-11-08 02:39:09,678 LT1-callback ClientCallback.log INFO client.py                 242   log                       : PTS_LOGTYPE_RECEIVE_EVENT Receive Event 

+7547 ms
 MBTM/SR/BT/BV-35-C HCI?HCI_LE_SET_ADVERTISE_ENABLE_COMMAND_COMPLETE_EVENT{
                           status=HCI_OK
                         }
2025-11-08 02:39:09,681 LT1-callback ClientCallback.log INFO client.py                 242   log                       : PTS_LOGTYPE_SEND_EVENT Send Event 

+7547 ms
 MBTM/SR/BT/BV-35-C HCI!HCI_LE_SET_ADVERTISE_ENABLE{
                           advertisingEnable=HCI_LE_ADVERTISING_ENABLE
                         }
2025-11-08 02:39:09,684 LT1-callback ClientCallback.log INFO client.py                 242   log                       : PTS_LOGTYPE_RECEIVE_EVENT Receive Event 

+7547 ms
 MBTM/SR/BT/BV-35-C HCI?HCI_LE_SET_ADVERTISE_ENABLE_COMMAND_COMPLETE_EVENT{
                           status=HCI_OK
                         }
2025-11-08 02:39:09,687 LT1-callback ClientCallback.log INFO client.py                 242   log                       : PTS_LOGTYPE_SEND_EVENT Send Event 

+7579 ms
 MBTM/SR/BT/BV-35-C HCI!HCI_LE_SET_ADVERTISE_ENABLE{
                           advertisingEnable=HCI_LE_ADVERTISING_DISABLE
                         }
2025-11-08 02:39:09,689 LT1-callback ClientCallback.log INFO client.py                 242   log                       : PTS_LOGTYPE_RECEIVE_EVENT Receive Event 

+7579 ms
 MBTM/SR/BT/BV-35-C HCI?HCI_LE_SET_ADVERTISE_ENABLE_COMMAND_COMPLETE_EVENT{
                           status=HCI_OK
                         }
2025-11-08 02:39:09,692 LT1-callback ClientCallback.log INFO client.py                 242   log                       : PTS_LOGTYPE_SEND_EVENT Send Event 

+7579 ms
 MBTM/SR/BT/BV-35-C HCI!HCI_LE_SET_ADVERTISE_ENABLE{
                           advertisingEnable=HCI_LE_ADVERTISING_ENABLE
                         }
2025-11-08 02:39:09,695 LT1-callback ClientCallback.log INFO client.py                 242   log                       : PTS_LOGTYPE_RECEIVE_EVENT Receive Event 

+7579 ms
 MBTM/SR/BT/BV-35-C HCI?HCI_LE_SET_ADVERTISE_ENABLE_COMMAND_COMPLETE_EVENT{
                           status=HCI_OK
                         }
2025-11-08 02:39:09,698 LT1-callback ClientCallback.log INFO client.py                 242   log                       : PTS_LOGTYPE_SEND_EVENT Send Event 

+7610 ms
 MBTM/SR/BT/BV-35-C HCI!HCI_LE_SET_ADVERTISE_ENABLE{
                           advertisingEnable=HCI_LE_ADVERTISING_DISABLE
                         }
2025-11-08 02:39:09,701 LT1-callback ClientCallback.log INFO client.py                 242   log                       : PTS_LOGTYPE_RECEIVE_EVENT Receive Event 

+7610 ms
 MBTM/SR/BT/BV-35-C HCI?HCI_LE_SET_ADVERTISE_ENABLE_COMMAND_COMPLETE_EVENT{
                           status=HCI_OK
                         }
2025-11-08 02:39:09,704 LT1-callback ClientCallback.log INFO client.py                 242   log                       : PTS_LOGTYPE_MESSAGE Verdict Description 

+7610 ms
 MBTM/SR/BT/BV-35-C INFO: SendProv Link data (name org.bluetooth.mesh.provision_bearer_adv)(size 9) = Mesh Provisioning Bearer Advertising: 
    Length: [8 (0x08)]
    PB AD Type: [41 (0x29)]
    Connection ID: [2868918204 (0xAB0037BC)]
    Transaction Number: [0 (0x00)]
    C Info: [11 (0x0B)] Link Close
    Data: [0x00]

2025-11-08 02:39:09,707 LT1-callback ClientCallback.log INFO client.py                 242   log                       : PTS_LOGTYPE_SEND_EVENT Send Event 

+8125 ms
 MBTM/SR/BT/BV-35-C HCI!HCI_LE_SET_ADVERTISING_DATA{
                           advertisingDataLength=0x1A,
                           advertisingData=0x19FF9A050105BBE05AC676525B97189587641BA85C9D0000000A
                         }
2025-11-08 02:39:09,710 LT1-callback ClientCallback.log INFO client.py                 242   log                       : PTS_LOGTYPE_RECEIVE_EVENT Receive Event 

+8125 ms
 MBTM/SR/BT/BV-35-C HCI?HCI_LE_SET_ADVERTISING_DATA_COMPLETE_EVENT{
                           status=HCI_OK
                         }
2025-11-08 02:39:09,713 LT1-callback ClientCallback.log INFO client.py                 242   log                       : PTS_LOGTYPE_SEND_EVENT Send Event 

+8125 ms
 MBTM/SR/BT/BV-35-C HCI!HCI_LE_SET_ADVERTISING_DATA{
                           advertisingDataLength=0x16,
                           advertisingData=0x15FF9A050103059D57431CD8E5B5AEE1903DADFF1CDF
                         }
2025-11-08 02:39:09,716 LT1-callback ClientCallback.log INFO client.py                 242   log                       : PTS_LOGTYPE_RECEIVE_EVENT Receive Event 

+8125 ms
 MBTM/SR/BT/BV-35-C HCI?HCI_LE_SET_ADVERTISING_DATA_COMPLETE_EVENT{
                           status=HCI_OK
                         }
2025-11-08 02:39:09,722 LT1-callback ClientCallback.log INFO client.py                 242   log                       : PTS_LOGTYPE_MESSAGE Verdict Description 

+8625 ms
 MBTM/SR/BT/BV-35-C SendAndReceive
**** Sending: Op Code: [0x8008] Device Composition Data Get
**** Waiting for: Op Code: [0x02] Device Composition Data Status


2025-11-08 02:39:09,727 LT1-callback ClientCallback.log INFO client.py                 242   log                       : PTS_LOGTYPE_MESSAGE Verdict Description 

+8625 ms
 MBTM/SR/BT/BV-35-C MeshApplicationLayer SendValue 
Configuration Client: 
    Op Code: [0x8008] Device Composition Data Get
    Page: [127 (0x7F)]
Send Access Payload = 80087F


2025-11-08 02:39:09,732 LT1-callback ClientCallback.log INFO client.py                 242   log                       : PTS_LOGTYPE_SEND_EVENT Send Event 

+8625 ms
 MBTM/SR/BT/BV-35-C HCI!HCI_LE_SET_ADVERTISING_DATA{
                           advertisingDataLength=0x1E,
                           advertisingData=0x1D2A0E169A2DE56D2A16BEB12D077B911E153A37EAE963D84EC711996388
                         }
2025-11-08 02:39:09,738 LT1-callback ClientCallback.log INFO client.py                 242   log                       : PTS_LOGTYPE_RECEIVE_EVENT Receive Event 

+8625 ms
 MBTM/SR/BT/BV-35-C HCI?HCI_LE_SET_ADVERTISING_DATA_COMPLETE_EVENT{
                           status=HCI_OK
                         }
2025-11-08 02:39:09,741 LT1-callback ClientCallback.log INFO client.py                 242   log                       : PTS_LOGTYPE_SEND_EVENT Send Event 

+8625 ms
 MBTM/SR/BT/BV-35-C HCI!HCI_LE_SET_ADVERTISE_ENABLE{
                           advertisingEnable=HCI_LE_ADVERTISING_ENABLE
                         }
2025-11-08 02:39:09,744 LT1-callback ClientCallback.log INFO client.py                 242   log                       : PTS_LOGTYPE_RECEIVE_EVENT Receive Event 

+8641 ms
 MBTM/SR/BT/BV-35-C HCI?HCI_LE_SET_ADVERTISE_ENABLE_COMMAND_COMPLETE_EVENT{
                           status=HCI_OK
                         }
2025-11-08 02:39:09,747 LT1-callback ClientCallback.log INFO client.py                 242   log                       : PTS_LOGTYPE_SEND_EVENT Send Event 

+8672 ms
 MBTM/SR/BT/BV-35-C HCI!HCI_LE_SET_ADVERTISE_ENABLE{
                           advertisingEnable=HCI_LE_ADVERTISING_DISABLE
                         }
2025-11-08 02:39:09,750 LT1-callback ClientCallback.log INFO client.py                 242   log                       : PTS_LOGTYPE_RECEIVE_EVENT Receive Event 

+8672 ms
 MBTM/SR/BT/BV-35-C HCI?HCI_LE_SET_ADVERTISE_ENABLE_COMMAND_COMPLETE_EVENT{
                           status=HCI_OK
                         }
2025-11-08 02:39:09,753 LT1-callback ClientCallback.log INFO client.py                 242   log                       : PTS_LOGTYPE_MESSAGE TestCaseEventHandler.Wait, Input 

+8750 ms
 MBTM/SR/BT/BV-35-C MeshApplicationData::NetworkHeader
NetworkHeader:
NID:(lt)WildCard:Exists(gt)
IVI:(lt)WildCard:Exists(gt)
TTL:(lt)WildCard:Exists(gt)
CTL:(lt)WildCard:Exists(gt)
SEQ:(lt)WildCard:Exists(gt)
SRC:(lt)WildCard:Exists(gt)
DST:[0x0001]
TransportPDU:(lt)WildCard:Exists(gt)
MeshApplicationData::ApplicationData
ConfigurationClient:
OpCode:[
                           0x02
                         ]DeviceCompositionDataStatus
Page:(lt)WildCard:Exists(gt)
Data:(lt)WildCard:Exists(gt)
2025-11-08 02:39:09,757 LT1-callback ClientCallback.log INFO client.py                 242   log                       : PTS_LOGTYPE_MESSAGE Verdict Description 

+8750 ms
 MBTM/SR/BT/BV-35-C ***** Waiting for: MeshApplicationData::Network Header
Network Header: 
    NID: (lt)WildCard: Exists(gt)
    IVI: (lt)WildCard: Exists(gt)
    TTL: (lt)WildCard: Exists(gt)
    CTL: (lt)WildCard: Exists(gt)
    SEQ: (lt)WildCard: Exists(gt)
    SRC: (lt)WildCard: Exists(gt)
    DST: [0x0001]
    TransportPDU: (lt)WildCard: Exists(gt)
MeshApplicationData::Application Data
Configuration Client: 
    Op Code: [0x02] Device Composition Data Status
    Page: (lt)WildCard: Exists(gt)
    Data: (lt)WildCard: Exists(gt)


2025-11-08 02:39:09,763 LT1-callback ClientCallback.log INFO client.py                 242   log                       : PTS_LOGTYPE_MESSAGE TestCaseEventHandler.Wait, Received 

+8750 ms
 MBTM/SR/BT/BV-35-C MeshTransportEventlowertransportheaderTransportHeader:
OpCode:[0x00]SegmentAcknowledgement
SEG:[
                           0x00
                         ]unsegmentedmessage
SeqZero_13_6:[
                           0x00
                         ]
OBO:[
                           0x00
                         ]
RFU:[
                           0x00
                         ]
SeqZero_5_0:[
                           0x00
                         ]
BlockAck:[
                           0x00000001
                         ]MeshNetworkData::MeshNetworkNetworkHeader:
NID:[
                           0x0E
                         ]
IVI:[
                           0x00
                         ]
TTL:[
                           0x07
                         ]
CTL:[
                           0x01
                         ]
SEQ:[
                           0x000000
                         ]
SRC:[
                           0x0002
                         ]
DST:[
                           0x0001
                         ]
TransportPDU:[
                           0x00000000000001
                         ]
2025-11-08 02:39:09,772 LT1-callback ClientCallback.log INFO client.py                 242   log                       : PTS_LOGTYPE_MESSAGE Verdict Description 

+8844 ms
 MBTM/SR/BT/BV-35-C ApplicationLayer Poll Received Value :
Network header = Network Header: 
    NID: [0x0E]
    IVI: [0x00]
    TTL: [0x07]
    CTL: [0x00]
    SEQ: [0x000001]
    SRC: [0x0002]
    DST: [0x0001]
    TransportPDU: [0x0088CC21B66A52AFDD8E585713CFF335]
Received Access Payload = 0202001601000001000000


2025-11-08 02:39:09,779 LT1-callback ClientCallback.log INFO client.py                 242   log                       : PTS_LOGTYPE_MESSAGE Verdict Description 

+8844 ms
 MBTM/SR/BT/BV-35-C MeshApplicationLayer Broadcast value Configuration Server: 
    Op Code: [0x02] Device Composition Data Status
    Page: [2 (0x02)]
    Data: [0x001601000001000000]

2025-11-08 02:39:09,783 LT1-callback ClientCallback.log INFO client.py                 242   log                       : PTS_LOGTYPE_MESSAGE TestCaseEventHandler.Wait, Received 

+8860 ms
 MBTM/SR/BT/BV-35-C MeshTransportEventlowertransportheaderNetworkHeader:
AID:[0x00]
AKF:[
                           0x00
                         ]
SEG:[
                           0x00
                         ]unsegmentedmessage
UpperTransportPDU:[
                           0x88CC21B66A52AFDD8E585713CFF335
                         ]MeshNetworkData::MeshNetworkNetworkHeader:
NID:[
                           0x0E
                         ]
IVI:[
                           0x00
                         ]
TTL:[
                           0x07
                         ]
CTL:[
                           0x00
                         ]
SEQ:[
                           0x000001
                         ]
SRC:[
                           0x0002
                         ]
DST:[
                           0x0001
                         ]
TransportPDU:[
                           0x0088CC21B66A52AFDD8E585713CFF335
                         ]
2025-11-08 02:39:09,787 LT1-callback ClientCallback.log INFO client.py                 242   log                       : PTS_LOGTYPE_MESSAGE TestCaseEventHandler.Wait, Received 

+8860 ms
 MBTM/SR/BT/BV-35-C MeshTransportEventUpperTransportaccesspayload0202001601000001000000MeshNetworkData::MeshNetworkNetworkHeader:
NID:[0x0E]
IVI:[
                           0x00
                         ]
TTL:[
                           0x07
                         ]
CTL:[
                           0x00
                         ]
SEQ:[
                           0x000001
                         ]
SRC:[
                           0x0002
                         ]
DST:[
                           0x0001
                         ]
TransportPDU:[
                           0x0088CC21B66A52AFDD8E585713CFF335
                         ]
2025-11-08 02:39:09,793 LT1-callback ClientCallback.log INFO client.py                 242   log                       : PTS_LOGTYPE_MESSAGE TestCaseEventHandler.Wait, Received 

+8860 ms
 MBTM/SR/BT/BV-35-C MeshApplicationData::NetworkHeader
NetworkHeader:
NID:[0x0E]
IVI:[
                           0x00
                         ]
TTL:[
                           0x07
                         ]
CTL:[
                           0x00
                         ]
SEQ:[
                           0x000001
                         ]
SRC:[
                           0x0002
                         ]
DST:[
                           0x0001
                         ]
TransportPDU:[
                           0x0088CC21B66A52AFDD8E585713CFF335
                         ]
MeshApplicationData::ApplicationData
ConfigurationServer:
OpCode:[
                           0x02
                         ]DeviceCompositionDataStatus
Page:[
                           2(0x02)
                         ]
Data:[
                           0x001601000001000000
                         ]
2025-11-08 02:39:09,800 LT1-callback ClientCallback.log INFO client.py                 242   log                       : PTS_LOGTYPE_MESSAGE Verdict Description 

+8860 ms
 MBTM/SR/BT/BV-35-C Response received: Op Code: [0x02] Device Composition Data Status

2025-11-08 02:39:09,857 LT1-callback ClientCallback.log INFO client.py                 242   log                       : PTS_LOGTYPE_PRELIMINARY_VERDICT Pass 

+8860 ms
 MBTM/SR/BT/BV-35-C Receive composition data successfully.

2025-11-08 02:39:09,860 LT1-callback ClientCallback.log INFO client.py                 242   log                       : PTS_LOGTYPE_MESSAGE Verdict Description 

+8860 ms
 MBTM/SR/BT/BV-35-C Receive composition data successfully.

2025-11-08 02:39:09,862 LT1-callback ClientCallback.log INFO client.py                 242   log                       : PTS_LOGTYPE_MESSAGE Verdict Description 

+8860 ms
 MBTM/SR/BT/BV-35-C Receive composition data page = 0x02, data = 0x001601000001000000

2025-11-08 02:39:09,865 LT1-callback ClientCallback.log INFO client.py                 242   log                       : PTS_LOGTYPE_PRELIMINARY_VERDICT Pass 

+8860 ms
 MBTM/SR/BT/BV-35-C IUT sent composition data block with correct format.

2025-11-08 02:39:09,868 LT1-callback ClientCallback.log INFO client.py                 242   log                       : PTS_LOGTYPE_MESSAGE Verdict Description 

+8860 ms
 MBTM/SR/BT/BV-35-C IUT sent composition data block with correct format.

2025-11-08 02:39:09,871 LT1-callback ClientCallback.log INFO client.py                 242   log                       : PTS_LOGTYPE_MESSAGE Verdict Description 

+8860 ms
 MBTM/SR/BT/BV-35-C SendAndReceive
**** Sending: Op Code: [0x8008] Device Composition Data Get
**** Waiting for: Op Code: [0x02] Device Composition Data Status


2025-11-08 02:39:09,873 LT1-callback ClientCallback.log INFO client.py                 242   log                       : PTS_LOGTYPE_MESSAGE Verdict Description 

+8860 ms
 MBTM/SR/BT/BV-35-C MeshApplicationLayer SendValue 
Configuration Client: 
    Op Code: [0x8008] Device Composition Data Get
    Page: [1 (0x01)]
Send Access Payload = 800801


2025-11-08 02:39:09,876 LT1-callback ClientCallback.log INFO client.py                 242   log                       : PTS_LOGTYPE_SEND_EVENT Send Event 

+8875 ms
 MBTM/SR/BT/BV-35-C HCI!HCI_LE_SET_ADVERTISING_DATA{
                           advertisingDataLength=0x1E,
                           advertisingData=0x1D2A0E924A45543EA26675ECDF3BB6078455666253BDEEC9BEAD2F5858C7
                         }
2025-11-08 02:39:09,879 LT1-callback ClientCallback.log INFO client.py                 242   log                       : PTS_LOGTYPE_RECEIVE_EVENT Receive Event 

+8875 ms
 MBTM/SR/BT/BV-35-C HCI?HCI_LE_SET_ADVERTISING_DATA_COMPLETE_EVENT{
                           status=HCI_OK
                         }
2025-11-08 02:39:09,882 LT1-callback ClientCallback.log INFO client.py                 242   log                       : PTS_LOGTYPE_SEND_EVENT Send Event 

+8875 ms
 MBTM/SR/BT/BV-35-C HCI!HCI_LE_SET_ADVERTISE_ENABLE{
                           advertisingEnable=HCI_LE_ADVERTISING_ENABLE
                         }
2025-11-08 02:39:09,889 LT1-callback ClientCallback.log INFO client.py                 242   log                       : PTS_LOGTYPE_RECEIVE_EVENT Receive Event 

+8875 ms
 MBTM/SR/BT/BV-35-C HCI?HCI_LE_SET_ADVERTISE_ENABLE_COMMAND_COMPLETE_EVENT{
                           status=HCI_OK
                         }
2025-11-08 02:39:09,894 LT1-callback ClientCallback.log INFO client.py                 242   log                       : PTS_LOGTYPE_SEND_EVENT Send Event 

+8922 ms
 MBTM/SR/BT/BV-35-C HCI!HCI_LE_SET_ADVERTISE_ENABLE{
                           advertisingEnable=HCI_LE_ADVERTISING_DISABLE
                         }
2025-11-08 02:39:09,899 LT1-callback ClientCallback.log INFO client.py                 242   log                       : PTS_LOGTYPE_RECEIVE_EVENT Receive Event 

+8922 ms
 MBTM/SR/BT/BV-35-C HCI?HCI_LE_SET_ADVERTISE_ENABLE_COMMAND_COMPLETE_EVENT{
                           status=HCI_OK
                         }
2025-11-08 02:39:09,902 LT1-callback ClientCallback.log INFO client.py                 242   log                       : PTS_LOGTYPE_MESSAGE TestCaseEventHandler.Wait, Input 

+9094 ms
 MBTM/SR/BT/BV-35-C MeshApplicationData::NetworkHeader
NetworkHeader:
NID:(lt)WildCard:Exists(gt)
IVI:(lt)WildCard:Exists(gt)
TTL:(lt)WildCard:Exists(gt)
CTL:(lt)WildCard:Exists(gt)
SEQ:(lt)WildCard:Exists(gt)
SRC:(lt)WildCard:Exists(gt)
DST:[0x0001]
TransportPDU:(lt)WildCard:Exists(gt)
MeshApplicationData::ApplicationData
ConfigurationClient:
OpCode:[
                           0x02
                         ]DeviceCompositionDataStatus
Page:(lt)WildCard:Exists(gt)
Data:(lt)WildCard:Exists(gt)
2025-11-08 02:39:09,906 LT1-callback ClientCallback.log INFO client.py                 242   log                       : PTS_LOGTYPE_MESSAGE Verdict Description 

+9094 ms
 MBTM/SR/BT/BV-35-C ***** Waiting for: MeshApplicationData::Network Header
Network Header: 
    NID: (lt)WildCard: Exists(gt)
    IVI: (lt)WildCard: Exists(gt)
    TTL: (lt)WildCard: Exists(gt)
    CTL: (lt)WildCard: Exists(gt)
    SEQ: (lt)WildCard: Exists(gt)
    SRC: (lt)WildCard: Exists(gt)
    DST: [0x0001]
    TransportPDU: (lt)WildCard: Exists(gt)
MeshApplicationData::Application Data
Configuration Client: 
    Op Code: [0x02] Device Composition Data Status
    Page: (lt)WildCard: Exists(gt)
    Data: (lt)WildCard: Exists(gt)


2025-11-08 02:39:09,910 LT1-callback ClientCallback.log INFO client.py                 242   log                       : PTS_LOGTYPE_MESSAGE TestCaseEventHandler.Wait, Received 

+9094 ms
 MBTM/SR/BT/BV-35-C MeshTransportEventlowertransportheaderTransportHeader:
OpCode:[0x00]SegmentAcknowledgement
SEG:[
                           0x00
                         ]unsegmentedmessage
SeqZero_13_6:[
                           0x00
                         ]
OBO:[
                           0x00
                         ]
RFU:[
                           0x00
                         ]
SeqZero_5_0:[
                           0x01
                         ]
BlockAck:[
                           0x00000001
                         ]MeshNetworkData::MeshNetworkNetworkHeader:
NID:[
                           0x0E
                         ]
IVI:[
                           0x00
                         ]
TTL:[
                           0x07
                         ]
CTL:[
                           0x01
                         ]
SEQ:[
                           0x000002
                         ]
SRC:[
                           0x0002
                         ]
DST:[
                           0x0001
                         ]
TransportPDU:[
                           0x00000400000001
                         ]
2025-11-08 02:39:09,915 LT1-callback ClientCallback.log INFO client.py                 242   log                       : PTS_LOGTYPE_MESSAGE TestCaseEventHandler.Wait, Received 

+9204 ms
 MBTM/SR/BT/BV-35-C MeshTransportEventlowertransportheaderNetworkHeader:
AID:[0x00]
AKF:[
                           0x00
                         ]
SEG:[
                           0x01
                         ]segmentedmessage
SegInfo:[
                           0x800C03
                         ]
Segment:[
                           0xD0A283AD320AAFC94843FB7B
                         ]MeshNetworkData::MeshNetworkNetworkHeader:
NID:[
                           0x0E
                         ]
IVI:[
                           0x00
                         ]
TTL:[
                           0x07
                         ]
CTL:[
                           0x00
                         ]
SEQ:[
                           0x000003
                         ]
SRC:[
                           0x0002
                         ]
DST:[
                           0x0001
                         ]
TransportPDU:[
                           0x80800C03D0A283AD320AAFC94843FB7B
                         ]
2025-11-08 02:39:09,921 LT1-callback ClientCallback.log INFO client.py                 242   log                       : PTS_LOGTYPE_MESSAGE TestCaseEventHandler.Wait, Received 

+9625 ms
 MBTM/SR/BT/BV-35-C MeshTransportEventlowertransportheaderNetworkHeader:
AID:[0x00]
AKF:[
                           0x00
                         ]
SEG:[
                           0x01
                         ]segmentedmessage
SegInfo:[
                           0x800C23
                         ]
Segment:[
                           0x020722BD3803CD3300308832
                         ]MeshNetworkData::MeshNetworkNetworkHeader:
NID:[
                           0x0E
                         ]
IVI:[
                           0x00
                         ]
TTL:[
                           0x07
                         ]
CTL:[
                           0x00
                         ]
SEQ:[
                           0x000004
                         ]
SRC:[
                           0x0002
                         ]
DST:[
                           0x0001
                         ]
TransportPDU:[
                           0x80800C23020722BD3803CD3300308832
                         ]
2025-11-08 02:39:09,927 LT1-callback ClientCallback.log INFO client.py                 242   log                       : PTS_LOGTYPE_MESSAGE TestCaseEventHandler.Wait, Received 

+9688 ms
 MBTM/SR/BT/BV-35-C MeshTransportEventlowertransportheaderNetworkHeader:
AID:[0x00]
AKF:[
                           0x00
                         ]
SEG:[
                           0x01
                         ]segmentedmessage
SegInfo:[
                           0x800C43
                         ]
Segment:[
                           0x4A09AD48D32CB99F1751467B
                         ]MeshNetworkData::MeshNetworkNetworkHeader:
NID:[
                           0x0E
                         ]
IVI:[
                           0x00
                         ]
TTL:[
                           0x07
                         ]
CTL:[
                           0x00
                         ]
SEQ:[
                           0x000005
                         ]
SRC:[
                           0x0002
                         ]
DST:[
                           0x0001
                         ]
TransportPDU:[
                           0x80800C434A09AD48D32CB99F1751467B
                         ]
2025-11-08 02:39:09,933 LT1-callback ClientCallback.log INFO client.py                 242   log                       : PTS_LOGTYPE_SEND_EVENT Send Event 

+9891 ms
 MBTM/SR/BT/BV-35-C HCI!HCI_LE_SET_ADVERTISING_DATA{
                           advertisingDataLength=0x1A,
                           advertisingData=0x192A0E5E79CA13D5BBDC7238AA0064F4462DDE4CFFFEBB3AB83D
                         }
2025-11-08 02:39:09,937 LT1-callback ClientCallback.log INFO client.py                 242   log                       : PTS_LOGTYPE_RECEIVE_EVENT Receive Event 

+9891 ms
 MBTM/SR/BT/BV-35-C HCI?HCI_LE_SET_ADVERTISING_DATA_COMPLETE_EVENT{
                           status=HCI_OK
                         }
2025-11-08 02:39:09,940 LT1-callback ClientCallback.log INFO client.py                 242   log                       : PTS_LOGTYPE_SEND_EVENT Send Event 

+9891 ms
 MBTM/SR/BT/BV-35-C HCI!HCI_LE_SET_ADVERTISE_ENABLE{
                           advertisingEnable=HCI_LE_ADVERTISING_ENABLE
                         }
2025-11-08 02:39:09,943 LT1-callback ClientCallback.log INFO client.py                 242   log                       : PTS_LOGTYPE_RECEIVE_EVENT Receive Event 

+9891 ms
 MBTM/SR/BT/BV-35-C HCI?HCI_LE_SET_ADVERTISE_ENABLE_COMMAND_COMPLETE_EVENT{
                           status=HCI_OK
                         }
2025-11-08 02:39:09,946 LT1-callback ClientCallback.log INFO client.py                 242   log                       : PTS_LOGTYPE_SEND_EVENT Send Event 

+9938 ms
 MBTM/SR/BT/BV-35-C HCI!HCI_LE_SET_ADVERTISE_ENABLE{
                           advertisingEnable=HCI_LE_ADVERTISING_DISABLE
                         }
2025-11-08 02:39:09,950 LT1-callback ClientCallback.log INFO client.py                 242   log                       : PTS_LOGTYPE_RECEIVE_EVENT Receive Event 

+9938 ms
 MBTM/SR/BT/BV-35-C HCI?HCI_LE_SET_ADVERTISE_ENABLE_COMMAND_COMPLETE_EVENT{
                           status=HCI_OK
                         }
2025-11-08 02:39:09,954 LT1-callback ClientCallback.log INFO client.py                 242   log                       : PTS_LOGTYPE_SEND_EVENT Send Event 

+9938 ms
 MBTM/SR/BT/BV-35-C HCI!HCI_LE_SET_ADVERTISE_ENABLE{
                           advertisingEnable=HCI_LE_ADVERTISING_ENABLE
                         }
2025-11-08 02:39:09,958 LT1-callback ClientCallback.log INFO client.py                 242   log                       : PTS_LOGTYPE_RECEIVE_EVENT Receive Event 

+9938 ms
 MBTM/SR/BT/BV-35-C HCI?HCI_LE_SET_ADVERTISE_ENABLE_COMMAND_COMPLETE_EVENT{
                           status=HCI_OK
                         }
2025-11-08 02:39:09,962 LT1-callback ClientCallback.log INFO client.py                 242   log                       : PTS_LOGTYPE_SEND_EVENT Send Event 

+9969 ms
 MBTM/SR/BT/BV-35-C HCI!HCI_LE_SET_ADVERTISE_ENABLE{
                           advertisingEnable=HCI_LE_ADVERTISING_DISABLE
                         }
2025-11-08 02:39:09,966 LT1-callback ClientCallback.log INFO client.py                 242   log                       : PTS_LOGTYPE_RECEIVE_EVENT Receive Event 

+9969 ms
 MBTM/SR/BT/BV-35-C HCI?HCI_LE_SET_ADVERTISE_ENABLE_COMMAND_COMPLETE_EVENT{
                           status=HCI_OK
                         }
2025-11-08 02:39:09,969 LT1-callback ClientCallback.log INFO client.py                 242   log                       : PTS_LOGTYPE_SEND_EVENT Send Event 

+9969 ms
 MBTM/SR/BT/BV-35-C HCI!HCI_LE_SET_ADVERTISE_ENABLE{
                           advertisingEnable=HCI_LE_ADVERTISING_ENABLE
                         }
2025-11-08 02:39:09,972 LT1-callback ClientCallback.log INFO client.py                 242   log                       : PTS_LOGTYPE_RECEIVE_EVENT Receive Event 

+9969 ms
 MBTM/SR/BT/BV-35-C HCI?HCI_LE_SET_ADVERTISE_ENABLE_COMMAND_COMPLETE_EVENT{
                           status=HCI_OK
                         }
2025-11-08 02:39:09,975 LT1-callback ClientCallback.log INFO client.py                 242   log                       : PTS_LOGTYPE_SEND_EVENT Send Event 

+10000 ms
 MBTM/SR/BT/BV-35-C HCI!HCI_LE_SET_ADVERTISE_ENABLE{
                           advertisingEnable=HCI_LE_ADVERTISING_DISABLE
                         }
2025-11-08 02:39:09,980 LT1-callback ClientCallback.log INFO client.py                 242   log                       : PTS_LOGTYPE_RECEIVE_EVENT Receive Event 

+10000 ms
 MBTM/SR/BT/BV-35-C HCI?HCI_LE_SET_ADVERTISE_ENABLE_COMMAND_COMPLETE_EVENT{
                           status=HCI_OK
                         }
2025-11-08 02:39:09,984 LT1-callback ClientCallback.log INFO client.py                 242   log                       : PTS_LOGTYPE_SEND_EVENT Send Event 

+10063 ms
 MBTM/SR/BT/BV-35-C HCI!HCI_LE_SET_ADVERTISING_DATA{
                           advertisingDataLength=0x1A,
                           advertisingData=0x192A0E0CC5732DCA478E96635823012546C89DB770F7F68C35EF
                         }
2025-11-08 02:39:09,988 LT1-callback ClientCallback.log INFO client.py                 242   log                       : PTS_LOGTYPE_RECEIVE_EVENT Receive Event 

+10079 ms
 MBTM/SR/BT/BV-35-C HCI?HCI_LE_SET_ADVERTISING_DATA_COMPLETE_EVENT{
                           status=HCI_OK
                         }
2025-11-08 02:39:09,993 LT1-callback ClientCallback.log INFO client.py                 242   log                       : PTS_LOGTYPE_SEND_EVENT Send Event 

+10079 ms
 MBTM/SR/BT/BV-35-C HCI!HCI_LE_SET_ADVERTISE_ENABLE{
                           advertisingEnable=HCI_LE_ADVERTISING_ENABLE
                         }
2025-11-08 02:39:09,996 LT1-callback ClientCallback.log INFO client.py                 242   log                       : PTS_LOGTYPE_RECEIVE_EVENT Receive Event 

+10079 ms
 MBTM/SR/BT/BV-35-C HCI?HCI_LE_SET_ADVERTISE_ENABLE_COMMAND_COMPLETE_EVENT{
                           status=HCI_OK
                         }
2025-11-08 02:39:10,000 LT1-callback ClientCallback.log INFO client.py                 242   log                       : PTS_LOGTYPE_SEND_EVENT Send Event 

+10110 ms
 MBTM/SR/BT/BV-35-C HCI!HCI_LE_SET_ADVERTISE_ENABLE{
                           advertisingEnable=HCI_LE_ADVERTISING_DISABLE
                         }
2025-11-08 02:39:10,003 LT1-callback ClientCallback.log INFO client.py                 242   log                       : PTS_LOGTYPE_RECEIVE_EVENT Receive Event 

+10110 ms
 MBTM/SR/BT/BV-35-C HCI?HCI_LE_SET_ADVERTISE_ENABLE_COMMAND_COMPLETE_EVENT{
                           status=HCI_OK
                         }
2025-11-08 02:39:10,006 LT1-callback ClientCallback.log INFO client.py                 242   log                       : PTS_LOGTYPE_SEND_EVENT Send Event 

+10110 ms
 MBTM/SR/BT/BV-35-C HCI!HCI_LE_SET_ADVERTISE_ENABLE{
                           advertisingEnable=HCI_LE_ADVERTISING_ENABLE
                         }
2025-11-08 02:39:10,009 LT1-callback ClientCallback.log INFO client.py                 242   log                       : PTS_LOGTYPE_RECEIVE_EVENT Receive Event 

+10110 ms
 MBTM/SR/BT/BV-35-C HCI?HCI_LE_SET_ADVERTISE_ENABLE_COMMAND_COMPLETE_EVENT{
                           status=HCI_OK
                         }
2025-11-08 02:39:10,014 LT1-callback ClientCallback.log INFO client.py                 242   log                       : PTS_LOGTYPE_SEND_EVENT Send Event 

+10157 ms
 MBTM/SR/BT/BV-35-C HCI!HCI_LE_SET_ADVERTISE_ENABLE{
                           advertisingEnable=HCI_LE_ADVERTISING_DISABLE
                         }
2025-11-08 02:39:10,018 LT1-callback ClientCallback.log INFO client.py                 242   log                       : PTS_LOGTYPE_RECEIVE_EVENT Receive Event 

+10157 ms
 MBTM/SR/BT/BV-35-C HCI?HCI_LE_SET_ADVERTISE_ENABLE_COMMAND_COMPLETE_EVENT{
                           status=HCI_OK
                         }
2025-11-08 02:39:10,023 LT1-callback ClientCallback.log INFO client.py                 242   log                       : PTS_LOGTYPE_SEND_EVENT Send Event 

+10157 ms
 MBTM/SR/BT/BV-35-C HCI!HCI_LE_SET_ADVERTISE_ENABLE{
                           advertisingEnable=HCI_LE_ADVERTISING_ENABLE
                         }
2025-11-08 02:39:10,026 LT1-callback ClientCallback.log INFO client.py                 242   log                       : PTS_LOGTYPE_RECEIVE_EVENT Receive Event 

+10157 ms
 MBTM/SR/BT/BV-35-C HCI?HCI_LE_SET_ADVERTISE_ENABLE_COMMAND_COMPLETE_EVENT{
                           status=HCI_OK
                         }
2025-11-08 02:39:10,029 LT1-callback ClientCallback.log INFO client.py                 242   log                       : PTS_LOGTYPE_SEND_EVENT Send Event 

+10188 ms
 MBTM/SR/BT/BV-35-C HCI!HCI_LE_SET_ADVERTISE_ENABLE{
                           advertisingEnable=HCI_LE_ADVERTISING_DISABLE
                         }
2025-11-08 02:39:10,032 LT1-callback ClientCallback.log INFO client.py                 242   log                       : PTS_LOGTYPE_RECEIVE_EVENT Receive Event 

+10188 ms
 MBTM/SR/BT/BV-35-C HCI?HCI_LE_SET_ADVERTISE_ENABLE_COMMAND_COMPLETE_EVENT{
                           status=HCI_OK
                         }
2025-11-08 02:39:10,035 LT1-callback ClientCallback.log INFO client.py                 242   log                       : PTS_LOGTYPE_MESSAGE Verdict Description 

+10188 ms
 MBTM/SR/BT/BV-35-C ApplicationLayer Poll Received Value :
Network header = Network Header: 
    NID: [0x0E]
    IVI: [0x00]
    TTL: [0x07]
    CTL: [0x00]
    SEQ: [0x000006]
    SRC: [0x0002]
    DST: [0x0001]
    TransportPDU: [0x80800C6371A4C0C5D0336088D35D40F9]
Received Access Payload = 02011201000000000000040000000000000400000100050060040000000400000400000410010000


2025-11-08 02:39:10,038 LT1-callback ClientCallback.log INFO client.py                 242   log                       : PTS_LOGTYPE_MESSAGE Verdict Description 

+10204 ms
 MBTM/SR/BT/BV-35-C MeshApplicationLayer Broadcast value Configuration Server: 
    Op Code: [0x02] Device Composition Data Status
    Page: [1 (0x01)]
    Data: [0x1201000000000000040000000000000400000100050060040000000400000400000410010000]

2025-11-08 02:39:10,041 LT1-callback ClientCallback.log INFO client.py                 242   log                       : PTS_LOGTYPE_MESSAGE TestCaseEventHandler.Wait, Received 

+10204 ms
 MBTM/SR/BT/BV-35-C MeshTransportEventlowertransportheaderNetworkHeader:
AID:[0x00]
AKF:[
                           0x00
                         ]
SEG:[
                           0x01
                         ]segmentedmessage
SegInfo:[
                           0x800C63
                         ]
Segment:[
                           0x71A4C0C5D0336088D35D40F9
                         ]MeshNetworkData::MeshNetworkNetworkHeader:
NID:[
                           0x0E
                         ]
IVI:[
                           0x00
                         ]
TTL:[
                           0x07
                         ]
CTL:[
                           0x00
                         ]
SEQ:[
                           0x000006
                         ]
SRC:[
                           0x0002
                         ]
DST:[
                           0x0001
                         ]
TransportPDU:[
                           0x80800C6371A4C0C5D0336088D35D40F9
                         ]
2025-11-08 02:39:10,046 LT1-callback ClientCallback.log INFO client.py                 242   log                       : PTS_LOGTYPE_MESSAGE TestCaseEventHandler.Wait, Received 

+10204 ms
 MBTM/SR/BT/BV-35-C MeshTransportEventUpperTransportaccesspayload02011201000000000000040000000000000400000100050060040000000400000400000410010000MeshNetworkData::MeshNetworkNetworkHeader:
NID:[0x0E]
IVI:[
                           0x00
                         ]
TTL:[
                           0x07
                         ]
CTL:[
                           0x00
                         ]
SEQ:[
                           0x000006
                         ]
SRC:[
                           0x0002
                         ]
DST:[
                           0x0001
                         ]
TransportPDU:[
                           0x80800C6371A4C0C5D0336088D35D40F9
                         ]
2025-11-08 02:39:10,051 LT1-callback ClientCallback.log INFO client.py                 242   log                       : PTS_LOGTYPE_MESSAGE TestCaseEventHandler.Wait, Received 

+10204 ms
 MBTM/SR/BT/BV-35-C MeshApplicationData::NetworkHeader
NetworkHeader:
NID:[0x0E]
IVI:[
                           0x00
                         ]
TTL:[
                           0x07
                         ]
CTL:[
                           0x00
                         ]
SEQ:[
                           0x000006
                         ]
SRC:[
                           0x0002
                         ]
DST:[
                           0x0001
                         ]
TransportPDU:[
                           0x80800C6371A4C0C5D0336088D35D40F9
                         ]
MeshApplicationData::ApplicationData
ConfigurationServer:
OpCode:[
                           0x02
                         ]DeviceCompositionDataStatus
Page:[
                           1(0x01)
                         ]
Data:[
                           0x1201000000000000040000000000000400000100050060040000000400000400000410010000
                         ]
2025-11-08 02:39:10,060 LT1-callback ClientCallback.log INFO client.py                 242   log                       : PTS_LOGTYPE_MESSAGE Verdict Description 

+10204 ms
 MBTM/SR/BT/BV-35-C Response received: Op Code: [0x02] Device Composition Data Status

2025-11-08 02:39:10,123 LT1-callback ClientCallback.log INFO client.py                 242   log                       : PTS_LOGTYPE_PRELIMINARY_VERDICT Pass 

+10204 ms
 MBTM/SR/BT/BV-35-C Receive composition data successfully.

2025-11-08 02:39:10,125 LT1-callback ClientCallback.log INFO client.py                 242   log                       : PTS_LOGTYPE_MESSAGE Verdict Description 

+10204 ms
 MBTM/SR/BT/BV-35-C Receive composition data successfully.

2025-11-08 02:39:10,128 LT1-callback ClientCallback.log INFO client.py                 242   log                       : PTS_LOGTYPE_MESSAGE Verdict Description 

+10204 ms
 MBTM/SR/BT/BV-35-C Receive composition data page = 0x01, data = 0x1201000000000000040000000000000400000100050060040000000400000400000410010000

2025-11-08 02:39:10,131 LT1-callback ClientCallback.log INFO client.py                 242   log                       : PTS_LOGTYPE_PRELIMINARY_VERDICT Pass 

+10204 ms
 MBTM/SR/BT/BV-35-C IUT sent composition data block with correct format.

2025-11-08 02:39:10,134 LT1-callback ClientCallback.log INFO client.py                 242   log                       : PTS_LOGTYPE_MESSAGE Verdict Description 

+10204 ms
 MBTM/SR/BT/BV-35-C IUT sent composition data block with correct format.

2025-11-08 02:39:10,136 LT1-callback ClientCallback.log INFO client.py                 242   log                       : PTS_LOGTYPE_MESSAGE Verdict Description 

+10219 ms
 MBTM/SR/BT/BV-35-C SendAndReceive
**** Sending: Op Code: [0x8008] Device Composition Data Get
**** Waiting for: Op Code: [0x02] Device Composition Data Status


2025-11-08 02:39:10,139 LT1-callback ClientCallback.log INFO client.py                 242   log                       : PTS_LOGTYPE_MESSAGE Verdict Description 

+10219 ms
 MBTM/SR/BT/BV-35-C MeshApplicationLayer SendValue 
Configuration Client: 
    Op Code: [0x8008] Device Composition Data Get
    Page: [0 (0x00)]
Send Access Payload = 800800


2025-11-08 02:39:10,142 LT1-callback ClientCallback.log INFO client.py                 242   log                       : PTS_LOGTYPE_SEND_EVENT Send Event 

+10219 ms
 MBTM/SR/BT/BV-35-C HCI!HCI_LE_SET_ADVERTISING_DATA{
                           advertisingDataLength=0x1E,
                           advertisingData=0x1D2A0E99CEC6F9E66C66CE2B7289C907DDA5D2D25FFEBC3D0A0D8216BDC9
                         }
2025-11-08 02:39:10,145 LT1-callback ClientCallback.log INFO client.py                 242   log                       : PTS_LOGTYPE_RECEIVE_EVENT Receive Event 

+10219 ms
 MBTM/SR/BT/BV-35-C HCI?HCI_LE_SET_ADVERTISING_DATA_COMPLETE_EVENT{
                           status=HCI_OK
                         }
2025-11-08 02:39:10,148 LT1-callback ClientCallback.log INFO client.py                 242   log                       : PTS_LOGTYPE_SEND_EVENT Send Event 

+10219 ms
 MBTM/SR/BT/BV-35-C HCI!HCI_LE_SET_ADVERTISE_ENABLE{
                           advertisingEnable=HCI_LE_ADVERTISING_ENABLE
                         }
2025-11-08 02:39:10,151 LT1-callback ClientCallback.log INFO client.py                 242   log                       : PTS_LOGTYPE_RECEIVE_EVENT Receive Event 

+10235 ms
 MBTM/SR/BT/BV-35-C HCI?HCI_LE_SET_ADVERTISE_ENABLE_COMMAND_COMPLETE_EVENT{
                           status=HCI_OK
                         }
2025-11-08 02:39:10,154 LT1-callback ClientCallback.log INFO client.py                 242   log                       : PTS_LOGTYPE_SEND_EVENT Send Event 

+10266 ms
 MBTM/SR/BT/BV-35-C HCI!HCI_LE_SET_ADVERTISE_ENABLE{
                           advertisingEnable=HCI_LE_ADVERTISING_DISABLE
                         }
2025-11-08 02:39:10,157 LT1-callback ClientCallback.log INFO client.py                 242   log                       : PTS_LOGTYPE_RECEIVE_EVENT Receive Event 

+10266 ms
 MBTM/SR/BT/BV-35-C HCI?HCI_LE_SET_ADVERTISE_ENABLE_COMMAND_COMPLETE_EVENT{
                           status=HCI_OK
                         }
2025-11-08 02:39:10,160 LT1-callback ClientCallback.log INFO client.py                 242   log                       : PTS_LOGTYPE_MESSAGE TestCaseEventHandler.Wait, Input 

+10422 ms
 MBTM/SR/BT/BV-35-C MeshApplicationData::NetworkHeader
NetworkHeader:
NID:(lt)WildCard:Exists(gt)
IVI:(lt)WildCard:Exists(gt)
TTL:(lt)WildCard:Exists(gt)
CTL:(lt)WildCard:Exists(gt)
SEQ:(lt)WildCard:Exists(gt)
SRC:(lt)WildCard:Exists(gt)
DST:[0x0001]
TransportPDU:(lt)WildCard:Exists(gt)
MeshApplicationData::ApplicationData
ConfigurationClient:
OpCode:[
                           0x02
                         ]DeviceCompositionDataStatus
Page:(lt)WildCard:Exists(gt)
Data:(lt)WildCard:Exists(gt)
2025-11-08 02:39:10,163 LT1-callback ClientCallback.log INFO client.py                 242   log                       : PTS_LOGTYPE_MESSAGE Verdict Description 

+10422 ms
 MBTM/SR/BT/BV-35-C ***** Waiting for: MeshApplicationData::Network Header
Network Header: 
    NID: (lt)WildCard: Exists(gt)
    IVI: (lt)WildCard: Exists(gt)
    TTL: (lt)WildCard: Exists(gt)
    CTL: (lt)WildCard: Exists(gt)
    SEQ: (lt)WildCard: Exists(gt)
    SRC: (lt)WildCard: Exists(gt)
    DST: [0x0001]
    TransportPDU: (lt)WildCard: Exists(gt)
MeshApplicationData::Application Data
Configuration Client: 
    Op Code: [0x02] Device Composition Data Status
    Page: (lt)WildCard: Exists(gt)
    Data: (lt)WildCard: Exists(gt)


2025-11-08 02:39:10,187 LT1-callback ClientCallback.log INFO client.py                 242   log                       : PTS_LOGTYPE_MESSAGE TestCaseEventHandler.Wait, Received 

+10422 ms
 MBTM/SR/BT/BV-35-C MeshTransportEventlowertransportheaderNetworkHeader:
AID:[0x00]
AKF:[
                           0x00
                         ]
SEG:[
                           0x01
                         ]segmentedmessage
SegInfo:[
                           0x800C63
                         ]
Segment:[
                           0x71A4C0C5D0336088D35D40F9
                         ]MeshNetworkData::MeshNetworkNetworkHeader:
NID:[
                           0x0E
                         ]
IVI:[
                           0x00
                         ]
TTL:[
                           0x07
                         ]
CTL:[
                           0x00
                         ]
SEQ:[
                           0x000007
                         ]
SRC:[
                           0x0002
                         ]
DST:[
                           0x0001
                         ]
TransportPDU:[
                           0x80800C6371A4C0C5D0336088D35D40F9
                         ]
2025-11-08 02:39:10,250 LT1-callback ClientCallback.log INFO client.py                 242   log                       : PTS_LOGTYPE_MESSAGE TestCaseEventHandler.Wait, Received 

+10422 ms
 MBTM/SR/BT/BV-35-C MeshTransportEventlowertransportheaderTransportHeader:
OpCode:[0x00]SegmentAcknowledgement
SEG:[
                           0x00
                         ]unsegmentedmessage
SeqZero_13_6:[
                           0x00
                         ]
OBO:[
                           0x00
                         ]
RFU:[
                           0x00
                         ]
SeqZero_5_0:[
                           0x04
                         ]
BlockAck:[
                           0x00000001
                         ]MeshNetworkData::MeshNetworkNetworkHeader:
NID:[
                           0x0E
                         ]
IVI:[
                           0x00
                         ]
TTL:[
                           0x07
                         ]
CTL:[
                           0x01
                         ]
SEQ:[
                           0x000008
                         ]
SRC:[
                           0x0002
                         ]
DST:[
                           0x0001
                         ]
TransportPDU:[
                           0x00001000000001
                         ]
2025-11-08 02:39:10,255 LT1-callback ClientCallback.log INFO client.py                 242   log                       : PTS_LOGTYPE_MESSAGE TestCaseEventHandler.Wait, Received 

+10532 ms
 MBTM/SR/BT/BV-35-C MeshTransportEventlowertransportheaderNetworkHeader:
AID:[0x00]
AKF:[
                           0x00
                         ]
SEG:[
                           0x01
                         ]segmentedmessage
SegInfo:[
                           0x802406
                         ]
Segment:[
                           0x1744A032C4E117A2B4BC378F
                         ]MeshNetworkData::MeshNetworkNetworkHeader:
NID:[
                           0x0E
                         ]
IVI:[
                           0x00
                         ]
TTL:[
                           0x07
                         ]
CTL:[
                           0x00
                         ]
SEQ:[
                           0x000009
                         ]
SRC:[
                           0x0002
                         ]
DST:[
                           0x0001
                         ]
TransportPDU:[
                           0x808024061744A032C4E117A2B4BC378F
                         ]
2025-11-08 02:39:10,261 LT1-callback ClientCallback.log INFO client.py                 242   log                       : PTS_LOGTYPE_MESSAGE TestCaseEventHandler.Wait, Received 

+10844 ms
 MBTM/SR/BT/BV-35-C MeshTransportEventlowertransportheaderNetworkHeader:
AID:[0x00]
AKF:[
                           0x00
                         ]
SEG:[
                           0x01
                         ]segmentedmessage
SegInfo:[
                           0x802426
                         ]
Segment:[
                           0x653AEBBA3C6CD9865117EC82
                         ]MeshNetworkData::MeshNetworkNetworkHeader:
NID:[
                           0x0E
                         ]
IVI:[
                           0x00
                         ]
TTL:[
                           0x07
                         ]
CTL:[
                           0x00
                         ]
SEQ:[
                           0x00000A
                         ]
SRC:[
                           0x0002
                         ]
DST:[
                           0x0001
                         ]
TransportPDU:[
                           0x80802426653AEBBA3C6CD9865117EC82
                         ]
2025-11-08 02:39:10,267 LT1-callback ClientCallback.log INFO client.py                 242   log                       : PTS_LOGTYPE_SEND_EVENT Send Event 

+11094 ms
 MBTM/SR/BT/BV-35-C HCI!HCI_LE_SET_ADVERTISING_DATA{
                           advertisingDataLength=0x1A,
                           advertisingData=0x192A0E4F286D09E6D428DC1868BAA06D5AB7298E5F4D51944D24
                         }
2025-11-08 02:39:10,271 LT1-callback ClientCallback.log INFO client.py                 242   log                       : PTS_LOGTYPE_RECEIVE_EVENT Receive Event 

+11094 ms
 MBTM/SR/BT/BV-35-C HCI?HCI_LE_SET_ADVERTISING_DATA_COMPLETE_EVENT{
                           status=HCI_OK
                         }
2025-11-08 02:39:10,275 LT1-callback ClientCallback.log INFO client.py                 242   log                       : PTS_LOGTYPE_SEND_EVENT Send Event 

+11094 ms
 MBTM/SR/BT/BV-35-C HCI!HCI_LE_SET_ADVERTISE_ENABLE{
                           advertisingEnable=HCI_LE_ADVERTISING_ENABLE
                         }
2025-11-08 02:39:10,278 LT1-callback ClientCallback.log INFO client.py                 242   log                       : PTS_LOGTYPE_RECEIVE_EVENT Receive Event 

+11110 ms
 MBTM/SR/BT/BV-35-C HCI?HCI_LE_SET_ADVERTISE_ENABLE_COMMAND_COMPLETE_EVENT{
                           status=HCI_OK
                         }
2025-11-08 02:39:10,281 LT1-callback ClientCallback.log INFO client.py                 242   log                       : PTS_LOGTYPE_SEND_EVENT Send Event 

+11141 ms
 MBTM/SR/BT/BV-35-C HCI!HCI_LE_SET_ADVERTISE_ENABLE{
                           advertisingEnable=HCI_LE_ADVERTISING_DISABLE
                         }
2025-11-08 02:39:10,284 LT1-callback ClientCallback.log INFO client.py                 242   log                       : PTS_LOGTYPE_RECEIVE_EVENT Receive Event 

+11141 ms
 MBTM/SR/BT/BV-35-C HCI?HCI_LE_SET_ADVERTISE_ENABLE_COMMAND_COMPLETE_EVENT{
                           status=HCI_OK
                         }
2025-11-08 02:39:10,287 LT1-callback ClientCallback.log INFO client.py                 242   log                       : PTS_LOGTYPE_SEND_EVENT Send Event 

+11141 ms
 MBTM/SR/BT/BV-35-C HCI!HCI_LE_SET_ADVERTISE_ENABLE{
                           advertisingEnable=HCI_LE_ADVERTISING_ENABLE
                         }
2025-11-08 02:39:10,291 LT1-callback ClientCallback.log INFO client.py                 242   log                       : PTS_LOGTYPE_RECEIVE_EVENT Receive Event 

+11141 ms
 MBTM/SR/BT/BV-35-C HCI?HCI_LE_SET_ADVERTISE_ENABLE_COMMAND_COMPLETE_EVENT{
                           status=HCI_OK
                         }
2025-11-08 02:39:10,294 LT1-callback ClientCallback.log INFO client.py                 242   log                       : PTS_LOGTYPE_SEND_EVENT Send Event 

+11172 ms
 MBTM/SR/BT/BV-35-C HCI!HCI_LE_SET_ADVERTISE_ENABLE{
                           advertisingEnable=HCI_LE_ADVERTISING_DISABLE
                         }
2025-11-08 02:39:10,297 LT1-callback ClientCallback.log INFO client.py                 242   log                       : PTS_LOGTYPE_RECEIVE_EVENT Receive Event 

+11172 ms
 MBTM/SR/BT/BV-35-C HCI?HCI_LE_SET_ADVERTISE_ENABLE_COMMAND_COMPLETE_EVENT{
                           status=HCI_OK
                         }
2025-11-08 02:39:10,299 LT1-callback ClientCallback.log INFO client.py                 242   log                       : PTS_LOGTYPE_SEND_EVENT Send Event 

+11172 ms
 MBTM/SR/BT/BV-35-C HCI!HCI_LE_SET_ADVERTISE_ENABLE{
                           advertisingEnable=HCI_LE_ADVERTISING_ENABLE
                         }
2025-11-08 02:39:10,302 LT1-callback ClientCallback.log INFO client.py                 242   log                       : PTS_LOGTYPE_RECEIVE_EVENT Receive Event 

+11172 ms
 MBTM/SR/BT/BV-35-C HCI?HCI_LE_SET_ADVERTISE_ENABLE_COMMAND_COMPLETE_EVENT{
                           status=HCI_OK
                         }
2025-11-08 02:39:10,305 LT1-callback ClientCallback.log INFO client.py                 242   log                       : PTS_LOGTYPE_SEND_EVENT Send Event 

+11204 ms
 MBTM/SR/BT/BV-35-C HCI!HCI_LE_SET_ADVERTISE_ENABLE{
                           advertisingEnable=HCI_LE_ADVERTISING_DISABLE
                         }
2025-11-08 02:39:10,309 LT1-callback ClientCallback.log INFO client.py                 242   log                       : PTS_LOGTYPE_RECEIVE_EVENT Receive Event 

+11204 ms
 MBTM/SR/BT/BV-35-C HCI?HCI_LE_SET_ADVERTISE_ENABLE_COMMAND_COMPLETE_EVENT{
                           status=HCI_OK
                         }
2025-11-08 02:39:10,312 LT1-callback ClientCallback.log INFO client.py                 242   log                       : PTS_LOGTYPE_MESSAGE TestCaseEventHandler.Wait, Received 

+11204 ms
 MBTM/SR/BT/BV-35-C MeshTransportEventlowertransportheaderNetworkHeader:
AID:[0x00]
AKF:[
                           0x00
                         ]
SEG:[
                           0x01
                         ]segmentedmessage
SegInfo:[
                           0x802446
                         ]
Segment:[
                           0x5E3DCA0F6B4EAFFAEB1F8C41
                         ]MeshNetworkData::MeshNetworkNetworkHeader:
NID:[
                           0x0E
                         ]
IVI:[
                           0x00
                         ]
TTL:[
                           0x07
                         ]
CTL:[
                           0x00
                         ]
SEQ:[
                           0x00000B
                         ]
SRC:[
                           0x0002
                         ]
DST:[
                           0x0001
                         ]
TransportPDU:[
                           0x808024465E3DCA0F6B4EAFFAEB1F8C41
                         ]
2025-11-08 02:39:10,317 LT1-callback ClientCallback.log INFO client.py                 242   log                       : PTS_LOGTYPE_SEND_EVENT Send Event 

+11297 ms
 MBTM/SR/BT/BV-35-C HCI!HCI_LE_SET_ADVERTISING_DATA{
                           advertisingDataLength=0x1A,
                           advertisingData=0x192A0EB367D7E55E45981391E143D8C6A21273F20886D45C326E
                         }
2025-11-08 02:39:10,321 LT1-callback ClientCallback.log INFO client.py                 242   log                       : PTS_LOGTYPE_RECEIVE_EVENT Receive Event 

+11297 ms
 MBTM/SR/BT/BV-35-C HCI?HCI_LE_SET_ADVERTISING_DATA_COMPLETE_EVENT{
                           status=HCI_OK
                         }
2025-11-08 02:39:10,325 LT1-callback ClientCallback.log INFO client.py                 242   log                       : PTS_LOGTYPE_SEND_EVENT Send Event 

+11297 ms
 MBTM/SR/BT/BV-35-C HCI!HCI_LE_SET_ADVERTISE_ENABLE{
                           advertisingEnable=HCI_LE_ADVERTISING_ENABLE
                         }
2025-11-08 02:39:10,328 LT1-callback ClientCallback.log INFO client.py                 242   log                       : PTS_LOGTYPE_RECEIVE_EVENT Receive Event 

+11313 ms
 MBTM/SR/BT/BV-35-C HCI?HCI_LE_SET_ADVERTISE_ENABLE_COMMAND_COMPLETE_EVENT{
                           status=HCI_OK
                         }
2025-11-08 02:39:10,331 LT1-callback ClientCallback.log INFO client.py                 242   log                       : PTS_LOGTYPE_SEND_EVENT Send Event 

+11344 ms
 MBTM/SR/BT/BV-35-C HCI!HCI_LE_SET_ADVERTISE_ENABLE{
                           advertisingEnable=HCI_LE_ADVERTISING_DISABLE
                         }
2025-11-08 02:39:10,334 LT1-callback ClientCallback.log INFO client.py                 242   log                       : PTS_LOGTYPE_RECEIVE_EVENT Receive Event 

+11344 ms
 MBTM/SR/BT/BV-35-C HCI?HCI_LE_SET_ADVERTISE_ENABLE_COMMAND_COMPLETE_EVENT{
                           status=HCI_OK
                         }
2025-11-08 02:39:10,338 LT1-callback ClientCallback.log INFO client.py                 242   log                       : PTS_LOGTYPE_SEND_EVENT Send Event 

+11344 ms
 MBTM/SR/BT/BV-35-C HCI!HCI_LE_SET_ADVERTISE_ENABLE{
                           advertisingEnable=HCI_LE_ADVERTISING_ENABLE
                         }
2025-11-08 02:39:10,341 LT1-callback ClientCallback.log INFO client.py                 242   log                       : PTS_LOGTYPE_RECEIVE_EVENT Receive Event 

+11344 ms
 MBTM/SR/BT/BV-35-C HCI?HCI_LE_SET_ADVERTISE_ENABLE_COMMAND_COMPLETE_EVENT{
                           status=HCI_OK
                         }
2025-11-08 02:39:10,344 LT1-callback ClientCallback.log INFO client.py                 242   log                       : PTS_LOGTYPE_SEND_EVENT Send Event 

+11375 ms
 MBTM/SR/BT/BV-35-C HCI!HCI_LE_SET_ADVERTISE_ENABLE{
                           advertisingEnable=HCI_LE_ADVERTISING_DISABLE
                         }
2025-11-08 02:39:10,347 LT1-callback ClientCallback.log INFO client.py                 242   log                       : PTS_LOGTYPE_RECEIVE_EVENT Receive Event 

+11375 ms
 MBTM/SR/BT/BV-35-C HCI?HCI_LE_SET_ADVERTISE_ENABLE_COMMAND_COMPLETE_EVENT{
                           status=HCI_OK
                         }
2025-11-08 02:39:10,350 LT1-callback ClientCallback.log INFO client.py                 242   log                       : PTS_LOGTYPE_SEND_EVENT Send Event 

+11375 ms
 MBTM/SR/BT/BV-35-C HCI!HCI_LE_SET_ADVERTISE_ENABLE{
                           advertisingEnable=HCI_LE_ADVERTISING_ENABLE
                         }
2025-11-08 02:39:10,352 LT1-callback ClientCallback.log INFO client.py                 242   log                       : PTS_LOGTYPE_RECEIVE_EVENT Receive Event 

+11375 ms
 MBTM/SR/BT/BV-35-C HCI?HCI_LE_SET_ADVERTISE_ENABLE_COMMAND_COMPLETE_EVENT{
                           status=HCI_OK
                         }
2025-11-08 02:39:10,355 LT1-callback ClientCallback.log INFO client.py                 242   log                       : PTS_LOGTYPE_SEND_EVENT Send Event 

+11407 ms
 MBTM/SR/BT/BV-35-C HCI!HCI_LE_SET_ADVERTISE_ENABLE{
                           advertisingEnable=HCI_LE_ADVERTISING_DISABLE
                         }
2025-11-08 02:39:10,358 LT1-callback ClientCallback.log INFO client.py                 242   log                       : PTS_LOGTYPE_RECEIVE_EVENT Receive Event 

+11407 ms
 MBTM/SR/BT/BV-35-C HCI?HCI_LE_SET_ADVERTISE_ENABLE_COMMAND_COMPLETE_EVENT{
                           status=HCI_OK
                         }
2025-11-08 02:39:10,362 LT1-callback ClientCallback.log INFO client.py                 242   log                       : PTS_LOGTYPE_MESSAGE TestCaseEventHandler.Wait, Received 

+11407 ms
 MBTM/SR/BT/BV-35-C MeshTransportEventlowertransportheaderNetworkHeader:
AID:[0x00]
AKF:[
                           0x00
                         ]
SEG:[
                           0x01
                         ]segmentedmessage
SegInfo:[
                           0x802466
                         ]
Segment:[
                           0xAC321252AAAE5B04DA7FEBC4
                         ]MeshNetworkData::MeshNetworkNetworkHeader:
NID:[
                           0x0E
                         ]
IVI:[
                           0x00
                         ]
TTL:[
                           0x07
                         ]
CTL:[
                           0x00
                         ]
SEQ:[
                           0x00000C
                         ]
SRC:[
                           0x0002
                         ]
DST:[
                           0x0001
                         ]
TransportPDU:[
                           0x80802466AC321252AAAE5B04DA7FEBC4
                         ]
2025-11-08 02:39:10,367 LT1-callback ClientCallback.log INFO client.py                 242   log                       : PTS_LOGTYPE_SEND_EVENT Send Event 

+11532 ms
 MBTM/SR/BT/BV-35-C HCI!HCI_LE_SET_ADVERTISING_DATA{
                           advertisingDataLength=0x1A,
                           advertisingData=0x192A0E9F2C1325F8FADFDD2B8CDC0687265A570832809B1E7071
                         }
2025-11-08 02:39:10,371 LT1-callback ClientCallback.log INFO client.py                 242   log                       : PTS_LOGTYPE_RECEIVE_EVENT Receive Event 

+11547 ms
 MBTM/SR/BT/BV-35-C HCI?HCI_LE_SET_ADVERTISING_DATA_COMPLETE_EVENT{
                           status=HCI_OK
                         }
2025-11-08 02:39:10,374 LT1-callback ClientCallback.log INFO client.py                 242   log                       : PTS_LOGTYPE_SEND_EVENT Send Event 

+11547 ms
 MBTM/SR/BT/BV-35-C HCI!HCI_LE_SET_ADVERTISE_ENABLE{
                           advertisingEnable=HCI_LE_ADVERTISING_ENABLE
                         }
2025-11-08 02:39:10,377 LT1-callback ClientCallback.log INFO client.py                 242   log                       : PTS_LOGTYPE_RECEIVE_EVENT Receive Event 

+11547 ms
 MBTM/SR/BT/BV-35-C HCI?HCI_LE_SET_ADVERTISE_ENABLE_COMMAND_COMPLETE_EVENT{
                           status=HCI_OK
                         }
2025-11-08 02:39:10,380 LT1-callback ClientCallback.log INFO client.py                 242   log                       : PTS_LOGTYPE_SEND_EVENT Send Event 

+11579 ms
 MBTM/SR/BT/BV-35-C HCI!HCI_LE_SET_ADVERTISE_ENABLE{
                           advertisingEnable=HCI_LE_ADVERTISING_DISABLE
                         }
2025-11-08 02:39:10,383 LT1-callback ClientCallback.log INFO client.py                 242   log                       : PTS_LOGTYPE_RECEIVE_EVENT Receive Event 

+11579 ms
 MBTM/SR/BT/BV-35-C HCI?HCI_LE_SET_ADVERTISE_ENABLE_COMMAND_COMPLETE_EVENT{
                           status=HCI_OK
                         }
2025-11-08 02:39:10,386 LT1-callback ClientCallback.log INFO client.py                 242   log                       : PTS_LOGTYPE_SEND_EVENT Send Event 

+11579 ms
 MBTM/SR/BT/BV-35-C HCI!HCI_LE_SET_ADVERTISE_ENABLE{
                           advertisingEnable=HCI_LE_ADVERTISING_ENABLE
                         }
2025-11-08 02:39:10,389 LT1-callback ClientCallback.log INFO client.py                 242   log                       : PTS_LOGTYPE_RECEIVE_EVENT Receive Event 

+11579 ms
 MBTM/SR/BT/BV-35-C HCI?HCI_LE_SET_ADVERTISE_ENABLE_COMMAND_COMPLETE_EVENT{
                           status=HCI_OK
                         }
2025-11-08 02:39:10,392 LT1-callback ClientCallback.log INFO client.py                 242   log                       : PTS_LOGTYPE_SEND_EVENT Send Event 

+11610 ms
 MBTM/SR/BT/BV-35-C HCI!HCI_LE_SET_ADVERTISE_ENABLE{
                           advertisingEnable=HCI_LE_ADVERTISING_DISABLE
                         }
2025-11-08 02:39:10,394 LT1-callback ClientCallback.log INFO client.py                 242   log                       : PTS_LOGTYPE_RECEIVE_EVENT Receive Event 

+11610 ms
 MBTM/SR/BT/BV-35-C HCI?HCI_LE_SET_ADVERTISE_ENABLE_COMMAND_COMPLETE_EVENT{
                           status=HCI_OK
                         }
2025-11-08 02:39:10,397 LT1-callback ClientCallback.log INFO client.py                 242   log                       : PTS_LOGTYPE_SEND_EVENT Send Event 

+11610 ms
 MBTM/SR/BT/BV-35-C HCI!HCI_LE_SET_ADVERTISE_ENABLE{
                           advertisingEnable=HCI_LE_ADVERTISING_ENABLE
                         }
2025-11-08 02:39:10,401 LT1-callback ClientCallback.log INFO client.py                 242   log                       : PTS_LOGTYPE_RECEIVE_EVENT Receive Event 

+11610 ms
 MBTM/SR/BT/BV-35-C HCI?HCI_LE_SET_ADVERTISE_ENABLE_COMMAND_COMPLETE_EVENT{
                           status=HCI_OK
                         }
2025-11-08 02:39:10,404 LT1-callback ClientCallback.log INFO client.py                 242   log                       : PTS_LOGTYPE_SEND_EVENT Send Event 

+11641 ms
 MBTM/SR/BT/BV-35-C HCI!HCI_LE_SET_ADVERTISE_ENABLE{
                           advertisingEnable=HCI_LE_ADVERTISING_DISABLE
                         }
2025-11-08 02:39:10,407 LT1-callback ClientCallback.log INFO client.py                 242   log                       : PTS_LOGTYPE_RECEIVE_EVENT Receive Event 

+11641 ms
 MBTM/SR/BT/BV-35-C HCI?HCI_LE_SET_ADVERTISE_ENABLE_COMMAND_COMPLETE_EVENT{
                           status=HCI_OK
                         }
2025-11-08 02:39:10,411 LT1-callback ClientCallback.log INFO client.py                 242   log                       : PTS_LOGTYPE_MESSAGE TestCaseEventHandler.Wait, Received 

+11641 ms
 MBTM/SR/BT/BV-35-C MeshTransportEventlowertransportheaderNetworkHeader:
AID:[0x00]
AKF:[
                           0x00
                         ]
SEG:[
                           0x01
                         ]segmentedmessage
SegInfo:[
                           0x802486
                         ]
Segment:[
                           0x912712B56A775C326D4D8E49
                         ]MeshNetworkData::MeshNetworkNetworkHeader:
NID:[
                           0x0E
                         ]
IVI:[
                           0x00
                         ]
TTL:[
                           0x07
                         ]
CTL:[
                           0x00
                         ]
SEQ:[
                           0x00000D
                         ]
SRC:[
                           0x0002
                         ]
DST:[
                           0x0001
                         ]
TransportPDU:[
                           0x80802486912712B56A775C326D4D8E49
                         ]
2025-11-08 02:39:10,416 LT1-callback ClientCallback.log INFO client.py                 242   log                       : PTS_LOGTYPE_SEND_EVENT Send Event 

+11782 ms
 MBTM/SR/BT/BV-35-C HCI!HCI_LE_SET_ADVERTISING_DATA{
                           advertisingDataLength=0x1A,
                           advertisingData=0x192A0EE6F21BC8E237835F20152A2181D6103EDCAD7620989F10
                         }
2025-11-08 02:39:10,420 LT1-callback ClientCallback.log INFO client.py                 242   log                       : PTS_LOGTYPE_RECEIVE_EVENT Receive Event 

+11782 ms
 MBTM/SR/BT/BV-35-C HCI?HCI_LE_SET_ADVERTISING_DATA_COMPLETE_EVENT{
                           status=HCI_OK
                         }
2025-11-08 02:39:10,423 LT1-callback ClientCallback.log INFO client.py                 242   log                       : PTS_LOGTYPE_SEND_EVENT Send Event 

+11782 ms
 MBTM/SR/BT/BV-35-C HCI!HCI_LE_SET_ADVERTISE_ENABLE{
                           advertisingEnable=HCI_LE_ADVERTISING_ENABLE
                         }
2025-11-08 02:39:10,426 LT1-callback ClientCallback.log INFO client.py                 242   log                       : PTS_LOGTYPE_RECEIVE_EVENT Receive Event 

+11782 ms
 MBTM/SR/BT/BV-35-C HCI?HCI_LE_SET_ADVERTISE_ENABLE_COMMAND_COMPLETE_EVENT{
                           status=HCI_OK
                         }
2025-11-08 02:39:10,434 LT1-callback ClientCallback.log INFO client.py                 242   log                       : PTS_LOGTYPE_SEND_EVENT Send Event 

+11829 ms
 MBTM/SR/BT/BV-35-C HCI!HCI_LE_SET_ADVERTISE_ENABLE{
                           advertisingEnable=HCI_LE_ADVERTISING_DISABLE
                         }
2025-11-08 02:39:10,438 LT1-callback ClientCallback.log INFO client.py                 242   log                       : PTS_LOGTYPE_RECEIVE_EVENT Receive Event 

+11829 ms
 MBTM/SR/BT/BV-35-C HCI?HCI_LE_SET_ADVERTISE_ENABLE_COMMAND_COMPLETE_EVENT{
                           status=HCI_OK
                         }
2025-11-08 02:39:10,441 LT1-callback ClientCallback.log INFO client.py                 242   log                       : PTS_LOGTYPE_SEND_EVENT Send Event 

+11829 ms
 MBTM/SR/BT/BV-35-C HCI!HCI_LE_SET_ADVERTISE_ENABLE{
                           advertisingEnable=HCI_LE_ADVERTISING_ENABLE
                         }
2025-11-08 02:39:10,444 LT1-callback ClientCallback.log INFO client.py                 242   log                       : PTS_LOGTYPE_RECEIVE_EVENT Receive Event 

+11829 ms
 MBTM/SR/BT/BV-35-C HCI?HCI_LE_SET_ADVERTISE_ENABLE_COMMAND_COMPLETE_EVENT{
                           status=HCI_OK
                         }
2025-11-08 02:39:10,447 LT1-callback ClientCallback.log INFO client.py                 242   log                       : PTS_LOGTYPE_SEND_EVENT Send Event 

+11860 ms
 MBTM/SR/BT/BV-35-C HCI!HCI_LE_SET_ADVERTISE_ENABLE{
                           advertisingEnable=HCI_LE_ADVERTISING_DISABLE
                         }
2025-11-08 02:39:10,450 LT1-callback ClientCallback.log INFO client.py                 242   log                       : PTS_LOGTYPE_RECEIVE_EVENT Receive Event 

+11860 ms
 MBTM/SR/BT/BV-35-C HCI?HCI_LE_SET_ADVERTISE_ENABLE_COMMAND_COMPLETE_EVENT{
                           status=HCI_OK
                         }
2025-11-08 02:39:10,452 LT1-callback ClientCallback.log INFO client.py                 242   log                       : PTS_LOGTYPE_SEND_EVENT Send Event 

+11860 ms
 MBTM/SR/BT/BV-35-C HCI!HCI_LE_SET_ADVERTISE_ENABLE{
                           advertisingEnable=HCI_LE_ADVERTISING_ENABLE
                         }
2025-11-08 02:39:10,455 LT1-callback ClientCallback.log INFO client.py                 242   log                       : PTS_LOGTYPE_RECEIVE_EVENT Receive Event 

+11860 ms
 MBTM/SR/BT/BV-35-C HCI?HCI_LE_SET_ADVERTISE_ENABLE_COMMAND_COMPLETE_EVENT{
                           status=HCI_OK
                         }
2025-11-08 02:39:10,458 LT1-callback ClientCallback.log INFO client.py                 242   log                       : PTS_LOGTYPE_SEND_EVENT Send Event 

+11907 ms
 MBTM/SR/BT/BV-35-C HCI!HCI_LE_SET_ADVERTISE_ENABLE{
                           advertisingEnable=HCI_LE_ADVERTISING_DISABLE
                         }
2025-11-08 02:39:10,461 LT1-callback ClientCallback.log INFO client.py                 242   log                       : PTS_LOGTYPE_RECEIVE_EVENT Receive Event 

+11907 ms
 MBTM/SR/BT/BV-35-C HCI?HCI_LE_SET_ADVERTISE_ENABLE_COMMAND_COMPLETE_EVENT{
                           status=HCI_OK
                         }
2025-11-08 02:39:10,466 LT1-callback ClientCallback.log INFO client.py                 242   log                       : PTS_LOGTYPE_MESSAGE TestCaseEventHandler.Wait, Received 

+11907 ms
 MBTM/SR/BT/BV-35-C MeshTransportEventlowertransportheaderNetworkHeader:
AID:[0x00]
AKF:[
                           0x00
                         ]
SEG:[
                           0x01
                         ]segmentedmessage
SegInfo:[
                           0x8024A6
                         ]
Segment:[
                           0xA1472FED18A48302686BA989
                         ]MeshNetworkData::MeshNetworkNetworkHeader:
NID:[
                           0x0E
                         ]
IVI:[
                           0x00
                         ]
TTL:[
                           0x07
                         ]
CTL:[
                           0x00
                         ]
SEQ:[
                           0x00000E
                         ]
SRC:[
                           0x0002
                         ]
DST:[
                           0x0001
                         ]
TransportPDU:[
                           0x808024A6A1472FED18A48302686BA989
                         ]
2025-11-08 02:39:10,474 LT1-callback ClientCallback.log INFO client.py                 242   log                       : PTS_LOGTYPE_SEND_EVENT Send Event 

+12016 ms
 MBTM/SR/BT/BV-35-C HCI!HCI_LE_SET_ADVERTISING_DATA{
                           advertisingDataLength=0x1A,
                           advertisingData=0x192A0E16A6AF0859222086EFD481B54C08AC4B47FCDB90AE9FFE
                         }
2025-11-08 02:39:10,479 LT1-callback ClientCallback.log INFO client.py                 242   log                       : PTS_LOGTYPE_RECEIVE_EVENT Receive Event 

+12016 ms
 MBTM/SR/BT/BV-35-C HCI?HCI_LE_SET_ADVERTISING_DATA_COMPLETE_EVENT{
                           status=HCI_OK
                         }
2025-11-08 02:39:10,482 LT1-callback ClientCallback.log INFO client.py                 242   log                       : PTS_LOGTYPE_SEND_EVENT Send Event 

+12016 ms
 MBTM/SR/BT/BV-35-C HCI!HCI_LE_SET_ADVERTISE_ENABLE{
                           advertisingEnable=HCI_LE_ADVERTISING_ENABLE
                         }
2025-11-08 02:39:10,485 LT1-callback ClientCallback.log INFO client.py                 242   log                       : PTS_LOGTYPE_RECEIVE_EVENT Receive Event 

+12016 ms
 MBTM/SR/BT/BV-35-C HCI?HCI_LE_SET_ADVERTISE_ENABLE_COMMAND_COMPLETE_EVENT{
                           status=HCI_OK
                         }
2025-11-08 02:39:10,488 LT1-callback ClientCallback.log INFO client.py                 242   log                       : PTS_LOGTYPE_SEND_EVENT Send Event 

+12063 ms
 MBTM/SR/BT/BV-35-C HCI!HCI_LE_SET_ADVERTISE_ENABLE{
                           advertisingEnable=HCI_LE_ADVERTISING_DISABLE
                         }
2025-11-08 02:39:10,491 LT1-callback ClientCallback.log INFO client.py                 242   log                       : PTS_LOGTYPE_RECEIVE_EVENT Receive Event 

+12063 ms
 MBTM/SR/BT/BV-35-C HCI?HCI_LE_SET_ADVERTISE_ENABLE_COMMAND_COMPLETE_EVENT{
                           status=HCI_OK
                         }
2025-11-08 02:39:10,496 LT1-callback ClientCallback.log INFO client.py                 242   log                       : PTS_LOGTYPE_SEND_EVENT Send Event 

+12063 ms
 MBTM/SR/BT/BV-35-C HCI!HCI_LE_SET_ADVERTISE_ENABLE{
                           advertisingEnable=HCI_LE_ADVERTISING_ENABLE
                         }
2025-11-08 02:39:10,500 LT1-callback ClientCallback.log INFO client.py                 242   log                       : PTS_LOGTYPE_RECEIVE_EVENT Receive Event 

+12063 ms
 MBTM/SR/BT/BV-35-C HCI?HCI_LE_SET_ADVERTISE_ENABLE_COMMAND_COMPLETE_EVENT{
                           status=HCI_OK
                         }
2025-11-08 02:39:10,504 LT1-callback ClientCallback.log INFO client.py                 242   log                       : PTS_LOGTYPE_SEND_EVENT Send Event 

+12094 ms
 MBTM/SR/BT/BV-35-C HCI!HCI_LE_SET_ADVERTISE_ENABLE{
                           advertisingEnable=HCI_LE_ADVERTISING_DISABLE
                         }
2025-11-08 02:39:10,508 LT1-callback ClientCallback.log INFO client.py                 242   log                       : PTS_LOGTYPE_RECEIVE_EVENT Receive Event 

+12094 ms
 MBTM/SR/BT/BV-35-C HCI?HCI_LE_SET_ADVERTISE_ENABLE_COMMAND_COMPLETE_EVENT{
                           status=HCI_OK
                         }
2025-11-08 02:39:10,513 LT1-callback ClientCallback.log INFO client.py                 242   log                       : PTS_LOGTYPE_SEND_EVENT Send Event 

+12094 ms
 MBTM/SR/BT/BV-35-C HCI!HCI_LE_SET_ADVERTISE_ENABLE{
                           advertisingEnable=HCI_LE_ADVERTISING_ENABLE
                         }
2025-11-08 02:39:10,517 LT1-callback ClientCallback.log INFO client.py                 242   log                       : PTS_LOGTYPE_RECEIVE_EVENT Receive Event 

+12094 ms
 MBTM/SR/BT/BV-35-C HCI?HCI_LE_SET_ADVERTISE_ENABLE_COMMAND_COMPLETE_EVENT{
                           status=HCI_OK
                         }
2025-11-08 02:39:10,521 LT1-callback ClientCallback.log INFO client.py                 242   log                       : PTS_LOGTYPE_SEND_EVENT Send Event 

+12125 ms
 MBTM/SR/BT/BV-35-C HCI!HCI_LE_SET_ADVERTISE_ENABLE{
                           advertisingEnable=HCI_LE_ADVERTISING_DISABLE
                         }
2025-11-08 02:39:10,525 LT1-callback ClientCallback.log INFO client.py                 242   log                       : PTS_LOGTYPE_RECEIVE_EVENT Receive Event 

+12125 ms
 MBTM/SR/BT/BV-35-C HCI?HCI_LE_SET_ADVERTISE_ENABLE_COMMAND_COMPLETE_EVENT{
                           status=HCI_OK
                         }
2025-11-08 02:39:10,528 LT1-callback ClientCallback.log INFO client.py                 242   log                       : PTS_LOGTYPE_MESSAGE Verdict Description 

+12125 ms
 MBTM/SR/BT/BV-35-C ApplicationLayer Poll Received Value :
Network header = Network Header: 
    NID: [0x0E]
    IVI: [0x00]
    TTL: [0x07]
    CTL: [0x00]
    SEQ: [0x00000F]
    SRC: [0x0002]
    DST: [0x0001]
    TransportPDU: [0x808024C6043388232C8DCAD8E427]
Received Access Payload = 0200F105000001001A000F000000120100000100020003000E000F001200130010001100050004000A000B0014000C0008000900F1053412000004000114031400140414000001000114


2025-11-08 02:39:10,532 LT1-callback ClientCallback.log INFO client.py                 242   log                       : PTS_LOGTYPE_MESSAGE Verdict Description 

+12125 ms
 MBTM/SR/BT/BV-35-C MeshApplicationLayer Broadcast value Configuration Server: 
    Op Code: [0x02] Device Composition Data Status
    Page: [0 (0x00)]
    Data: [0xF105000001001A000F000000120100000100020003000E000F001200130010001100050004000A000B0014000C0008000900F1053412000004000114031400140414000001000114]

2025-11-08 02:39:10,535 LT1-callback ClientCallback.log INFO client.py                 242   log                       : PTS_LOGTYPE_MESSAGE TestCaseEventHandler.Wait, Received 

+12141 ms
 MBTM/SR/BT/BV-35-C MeshTransportEventlowertransportheaderNetworkHeader:
AID:[0x00]
AKF:[
                           0x00
                         ]
SEG:[
                           0x01
                         ]segmentedmessage
SegInfo:[
                           0x8024C6
                         ]
Segment:[
                           0x043388232C8DCAD8E427
                         ]MeshNetworkData::MeshNetworkNetworkHeader:
NID:[
                           0x0E
                         ]
IVI:[
                           0x00
                         ]
TTL:[
                           0x07
                         ]
CTL:[
                           0x00
                         ]
SEQ:[
                           0x00000F
                         ]
SRC:[
                           0x0002
                         ]
DST:[
                           0x0001
                         ]
TransportPDU:[
                           0x808024C6043388232C8DCAD8E427
                         ]
2025-11-08 02:39:10,539 LT1-callback ClientCallback.log INFO client.py                 242   log                       : PTS_LOGTYPE_MESSAGE TestCaseEventHandler.Wait, Received 

+12141 ms
 MBTM/SR/BT/BV-35-C MeshTransportEventUpperTransportaccesspayload0200F105000001001A000F000000120100000100020003000E000F001200130010001100050004000A000B0014000C0008000900F1053412000004000114031400140414000001000114MeshNetworkData::MeshNetworkNetworkHeader:
NID:[0x0E]
IVI:[
                           0x00
                         ]
TTL:[
                           0x07
                         ]
CTL:[
                           0x00
                         ]
SEQ:[
                           0x00000F
                         ]
SRC:[
                           0x0002
                         ]
DST:[
                           0x0001
                         ]
TransportPDU:[
                           0x808024C6043388232C8DCAD8E427
                         ]
2025-11-08 02:39:10,881 LT1-callback ClientCallback.log INFO client.py                 242   log                       : PTS_LOGTYPE_MESSAGE TestCaseEventHandler.Wait, Received 

+12141 ms
 MBTM/SR/BT/BV-35-C MeshApplicationData::NetworkHeader
NetworkHeader:
NID:[0x0E]
IVI:[
                           0x00
                         ]
TTL:[
                           0x07
                         ]
CTL:[
                           0x00
                         ]
SEQ:[
                           0x00000F
                         ]
SRC:[
                           0x0002
                         ]
DST:[
                           0x0001
                         ]
TransportPDU:[
                           0x808024C6043388232C8DCAD8E427
                         ]
MeshApplicationData::ApplicationData
ConfigurationServer:
OpCode:[
                           0x02
                         ]DeviceCompositionDataStatus
Page:[
                           0(0x00)
                         ]
Data:[
                           0xF105000001001A000F000000120100000100020003000E000F001200130010001100050004000A000B0014000C0008000900F1053412000004000114031400140414000001000114
                         ]
2025-11-08 02:39:10,938 LT1-callback ClientCallback.log INFO client.py                 242   log                       : PTS_LOGTYPE_MESSAGE Verdict Description 

+12141 ms
 MBTM/SR/BT/BV-35-C Response received: Op Code: [0x02] Device Composition Data Status

2025-11-08 02:39:10,941 LT1-callback ClientCallback.log INFO client.py                 242   log                       : PTS_LOGTYPE_PRELIMINARY_VERDICT Pass 

+12141 ms
 MBTM/SR/BT/BV-35-C Receive composition data successfully.

2025-11-08 02:39:10,944 LT1-callback ClientCallback.log INFO client.py                 242   log                       : PTS_LOGTYPE_MESSAGE Verdict Description 

+12141 ms
 MBTM/SR/BT/BV-35-C Receive composition data successfully.

2025-11-08 02:39:10,947 LT1-callback ClientCallback.log INFO client.py                 242   log                       : PTS_LOGTYPE_MESSAGE Verdict Description 

+12157 ms
 MBTM/SR/BT/BV-35-C Receive composition data page = 0x00, data = 0xF105000001001A000F000000120100000100020003000E000F001200130010001100050004000A000B0014000C0008000900F1053412000004000114031400140414000001000114

2025-11-08 02:39:10,950 LT1-callback ClientCallback.log INFO client.py                 242   log                       : PTS_LOGTYPE_PRELIMINARY_VERDICT Pass 

+12157 ms
 MBTM/SR/BT/BV-35-C IUT sent composition data block with correct format.

2025-11-08 02:39:10,953 LT1-callback ClientCallback.log INFO client.py                 242   log                       : PTS_LOGTYPE_MESSAGE Verdict Description 

+12157 ms
 MBTM/SR/BT/BV-35-C IUT sent composition data block with correct format.

2025-11-08 02:39:10,956 LT1-callback ClientCallback.log INFO client.py                 242   log                       : PTS_LOGTYPE_MESSAGE Verdict Description 

+12157 ms
 MBTM/SR/BT/BV-35-C SendAndReceive
**** Sending: Op Code: [0x00] AppKey Add
**** Waiting for: Op Code: [0x8003] AppKey Status


2025-11-08 02:39:10,959 LT1-callback ClientCallback.log INFO client.py                 242   log                       : PTS_LOGTYPE_MESSAGE Verdict Description 

+12157 ms
 MBTM/SR/BT/BV-35-C MeshApplicationLayer SendValue 
Configuration Client: 
    Op Code: [0x00] AppKey Add
    NetKey and AppKey Index: [0 (0x000000)]
    AppKey: [0xB6EEB2B74D9B38F4573746FD9BC607E6]
Send Access Payload = 00000000B6EEB2B74D9B38F4573746FD9BC607E6


2025-11-08 02:39:10,962 LT1-callback ClientCallback.log INFO client.py                 242   log                       : PTS_LOGTYPE_SEND_EVENT Send Event 

+12157 ms
 MBTM/SR/BT/BV-35-C HCI!HCI_LE_SET_ADVERTISING_DATA{
                           advertisingDataLength=0x1F,
                           advertisingData=0x1E2A0E9E092515A4B4029DD652C028EDC3CA528B202A6E2ADFD17AA4C3256C
                         }
2025-11-08 02:39:10,965 LT1-callback ClientCallback.log INFO client.py                 242   log                       : PTS_LOGTYPE_RECEIVE_EVENT Receive Event 

+12172 ms
 MBTM/SR/BT/BV-35-C HCI?HCI_LE_SET_ADVERTISING_DATA_COMPLETE_EVENT{
                           status=HCI_OK
                         }
2025-11-08 02:39:10,967 LT1-callback ClientCallback.log INFO client.py                 242   log                       : PTS_LOGTYPE_SEND_EVENT Send Event 

+12172 ms
 MBTM/SR/BT/BV-35-C HCI!HCI_LE_SET_ADVERTISE_ENABLE{
                           advertisingEnable=HCI_LE_ADVERTISING_ENABLE
                         }
2025-11-08 02:39:10,970 LT1-callback ClientCallback.log INFO client.py                 242   log                       : PTS_LOGTYPE_RECEIVE_EVENT Receive Event 

+12172 ms
 MBTM/SR/BT/BV-35-C HCI?HCI_LE_SET_ADVERTISE_ENABLE_COMMAND_COMPLETE_EVENT{
                           status=HCI_OK
                         }
2025-11-08 02:39:10,973 LT1-callback ClientCallback.log INFO client.py                 242   log                       : PTS_LOGTYPE_SEND_EVENT Send Event 

+12204 ms
 MBTM/SR/BT/BV-35-C HCI!HCI_LE_SET_ADVERTISE_ENABLE{
                           advertisingEnable=HCI_LE_ADVERTISING_DISABLE
                         }
2025-11-08 02:39:10,976 LT1-callback ClientCallback.log INFO client.py                 242   log                       : PTS_LOGTYPE_RECEIVE_EVENT Receive Event 

+12204 ms
 MBTM/SR/BT/BV-35-C HCI?HCI_LE_SET_ADVERTISE_ENABLE_COMMAND_COMPLETE_EVENT{
                           status=HCI_OK
                         }
2025-11-08 02:39:10,981 LT1-callback ClientCallback.log INFO client.py                 242   log                       : PTS_LOGTYPE_SEND_EVENT Send Event 

+12204 ms
 MBTM/SR/BT/BV-35-C HCI!HCI_LE_SET_ADVERTISING_DATA{
                           advertisingDataLength=0x1F,
                           advertisingData=0x1E2A0EA74A7C207E3C99D999BE66BC11F9B0EF97451C75C909EC73C4480B58
                         }
2025-11-08 02:39:10,985 LT1-callback ClientCallback.log INFO client.py                 242   log                       : PTS_LOGTYPE_RECEIVE_EVENT Receive Event 

+12204 ms
 MBTM/SR/BT/BV-35-C HCI?HCI_LE_SET_ADVERTISING_DATA_COMPLETE_EVENT{
                           status=HCI_OK
                         }
2025-11-08 02:39:10,989 LT1-callback ClientCallback.log INFO client.py                 242   log                       : PTS_LOGTYPE_SEND_EVENT Send Event 

+12204 ms
 MBTM/SR/BT/BV-35-C HCI!HCI_LE_SET_ADVERTISE_ENABLE{
                           advertisingEnable=HCI_LE_ADVERTISING_ENABLE
                         }
2025-11-08 02:39:10,994 LT1-callback ClientCallback.log INFO client.py                 242   log                       : PTS_LOGTYPE_RECEIVE_EVENT Receive Event 

+12219 ms
 MBTM/SR/BT/BV-35-C HCI?HCI_LE_SET_ADVERTISE_ENABLE_COMMAND_COMPLETE_EVENT{
                           status=HCI_OK
                         }
2025-11-08 02:39:10,998 LT1-callback ClientCallback.log INFO client.py                 242   log                       : PTS_LOGTYPE_SEND_EVENT Send Event 

+12250 ms
 MBTM/SR/BT/BV-35-C HCI!HCI_LE_SET_ADVERTISE_ENABLE{
                           advertisingEnable=HCI_LE_ADVERTISING_DISABLE
                         }
2025-11-08 02:39:11,003 LT1-callback ClientCallback.log INFO client.py                 242   log                       : PTS_LOGTYPE_RECEIVE_EVENT Receive Event 

+12250 ms
 MBTM/SR/BT/BV-35-C HCI?HCI_LE_SET_ADVERTISE_ENABLE_COMMAND_COMPLETE_EVENT{
                           status=HCI_OK
                         }
2025-11-08 02:39:11,007 LT1-callback ClientCallback.log INFO client.py                 242   log                       : PTS_LOGTYPE_MESSAGE TestCaseEventHandler.Wait, Input 

+12329 ms
 MBTM/SR/BT/BV-35-C MeshApplicationData::NetworkHeader
NetworkHeader:
NID:(lt)WildCard:Exists(gt)
IVI:(lt)WildCard:Exists(gt)
TTL:(lt)WildCard:Exists(gt)
CTL:(lt)WildCard:Exists(gt)
SEQ:(lt)WildCard:Exists(gt)
SRC:[0x0002]
DST:[
                           0x0001
                         ]
TransportPDU:(lt)WildCard:Exists(gt)
MeshApplicationData::ApplicationData
ConfigurationClient:
OpCode:[
                           0x8003
                         ]AppKeyStatus
Status:(lt)WildCard:Exists(gt)
NetKeyandAppKeyIndex:[
                           0(0x000000)
                         ]
2025-11-08 02:39:11,012 LT1-callback ClientCallback.log INFO client.py                 242   log                       : PTS_LOGTYPE_MESSAGE Verdict Description 

+12329 ms
 MBTM/SR/BT/BV-35-C ***** Waiting for: MeshApplicationData::Network Header
Network Header: 
    NID: (lt)WildCard: Exists(gt)
    IVI: (lt)WildCard: Exists(gt)
    TTL: (lt)WildCard: Exists(gt)
    CTL: (lt)WildCard: Exists(gt)
    SEQ: (lt)WildCard: Exists(gt)
    SRC: [0x0002]
    DST: [0x0001]
    TransportPDU: (lt)WildCard: Exists(gt)
MeshApplicationData::Application Data
Configuration Client: 
    Op Code: [0x8003] AppKey Status
    Status: (lt)WildCard: Exists(gt)
    NetKey and AppKey Index: [0 (0x000000)]


2025-11-08 02:39:11,016 LT1-callback ClientCallback.log INFO client.py                 242   log                       : PTS_LOGTYPE_MESSAGE TestCaseEventHandler.Wait, Received 

+12329 ms
 MBTM/SR/BT/BV-35-C MeshTransportEventlowertransportheaderTransportHeader:
OpCode:[0x00]SegmentAcknowledgement
SEG:[
                           0x00
                         ]unsegmentedmessage
SeqZero_13_6:[
                           0x00
                         ]
OBO:[
                           0x00
                         ]
RFU:[
                           0x00
                         ]
SeqZero_5_0:[
                           0x0A
                         ]
BlockAck:[
                           0x00000003
                         ]MeshNetworkData::MeshNetworkNetworkHeader:
NID:[
                           0x0E
                         ]
IVI:[
                           0x00
                         ]
TTL:[
                           0x07
                         ]
CTL:[
                           0x01
                         ]
SEQ:[
                           0x000010
                         ]
SRC:[
                           0x0002
                         ]
DST:[
                           0x0001
                         ]
TransportPDU:[
                           0x00002800000003
                         ]
2025-11-08 02:39:11,021 LT1-callback ClientCallback.log INFO client.py                 242   log                       : PTS_LOGTYPE_MESSAGE Verdict Description 

+12422 ms
 MBTM/SR/BT/BV-35-C ApplicationLayer Poll Received Value :
Network header = Network Header: 
    NID: [0x0E]
    IVI: [0x00]
    TTL: [0x07]
    CTL: [0x00]
    SEQ: [0x000011]
    SRC: [0x0002]
    DST: [0x0001]
    TransportPDU: [0x00267610F32FBEAEA9899F]
Received Access Payload = 800300000000


2025-11-08 02:39:11,026 LT1-callback ClientCallback.log INFO client.py                 242   log                       : PTS_LOGTYPE_MESSAGE Verdict Description 

+12438 ms
 MBTM/SR/BT/BV-35-C MeshApplicationLayer Broadcast value Configuration Server: 
    Op Code: [0x8003] AppKey Status
    Status: [0 (0x00)]
    NetKey and AppKey Index: [0 (0x000000)]

2025-11-08 02:39:11,029 LT1-callback ClientCallback.log INFO client.py                 242   log                       : PTS_LOGTYPE_MESSAGE TestCaseEventHandler.Wait, Received 

+12438 ms
 MBTM/SR/BT/BV-35-C MeshTransportEventlowertransportheaderNetworkHeader:
AID:[0x00]
AKF:[
                           0x00
                         ]
SEG:[
                           0x00
                         ]unsegmentedmessage
UpperTransportPDU:[
                           0x267610F32FBEAEA9899F
                         ]MeshNetworkData::MeshNetworkNetworkHeader:
NID:[
                           0x0E
                         ]
IVI:[
                           0x00
                         ]
TTL:[
                           0x07
                         ]
CTL:[
                           0x00
                         ]
SEQ:[
                           0x000011
                         ]
SRC:[
                           0x0002
                         ]
DST:[
                           0x0001
                         ]
TransportPDU:[
                           0x00267610F32FBEAEA9899F
                         ]
2025-11-08 02:39:11,033 LT1-callback ClientCallback.log INFO client.py                 242   log                       : PTS_LOGTYPE_MESSAGE TestCaseEventHandler.Wait, Received 

+12438 ms
 MBTM/SR/BT/BV-35-C MeshTransportEventUpperTransportaccesspayload800300000000MeshNetworkData::MeshNetworkNetworkHeader:
NID:[0x0E]
IVI:[
                           0x00
                         ]
TTL:[
                           0x07
                         ]
CTL:[
                           0x00
                         ]
SEQ:[
                           0x000011
                         ]
SRC:[
                           0x0002
                         ]
DST:[
                           0x0001
                         ]
TransportPDU:[
                           0x00267610F32FBEAEA9899F
                         ]
2025-11-08 02:39:11,039 LT1-callback ClientCallback.log INFO client.py                 242   log                       : PTS_LOGTYPE_MESSAGE TestCaseEventHandler.Wait, Received 

+12438 ms
 MBTM/SR/BT/BV-35-C MeshApplicationData::NetworkHeader
NetworkHeader:
NID:[0x0E]
IVI:[
                           0x00
                         ]
TTL:[
                           0x07
                         ]
CTL:[
                           0x00
                         ]
SEQ:[
                           0x000011
                         ]
SRC:[
                           0x0002
                         ]
DST:[
                           0x0001
                         ]
TransportPDU:[
                           0x00267610F32FBEAEA9899F
                         ]
MeshApplicationData::ApplicationData
ConfigurationServer:
OpCode:[
                           0x8003
                         ]AppKeyStatus
Status:[
                           0(0x00)
                         ]
NetKeyandAppKeyIndex:[
                           0(0x000000)
                         ]
2025-11-08 02:39:11,052 LT1-callback ClientCallback.log INFO client.py                 242   log                       : PTS_LOGTYPE_MESSAGE Verdict Description 

+12438 ms
 MBTM/SR/BT/BV-35-C Response received: Op Code: [0x8003] AppKey Status

2025-11-08 02:39:11,055 LT1-callback ClientCallback.log INFO client.py                 242   log                       : PTS_LOGTYPE_PRELIMINARY_VERDICT Pass 

+12454 ms
 MBTM/SR/BT/BV-35-C App key added successfully.

2025-11-08 02:39:11,058 LT1-callback ClientCallback.log INFO client.py                 242   log                       : PTS_LOGTYPE_MESSAGE Verdict Description 

+12454 ms
 MBTM/SR/BT/BV-35-C App key added successfully.

2025-11-08 02:39:11,061 LT1-callback ClientCallback.log INFO client.py                 242   log                       : PTS_LOGTYPE_MESSAGE Verdict Description 

+12454 ms
 MBTM/SR/BT/BV-35-C SendAndReceive
**** Sending: Op Code: [0x803D] Model App Bind
**** Waiting for: Op Code: [0x803E] Model App Status


2025-11-08 02:39:11,064 LT1-callback ClientCallback.log INFO client.py                 242   log                       : PTS_LOGTYPE_MESSAGE Verdict Description 

+12454 ms
 MBTM/SR/BT/BV-35-C MeshApplicationLayer SendValue 
Configuration Client: 
    Op Code: [0x803D] Model App Bind
    ElementAddress: [2 (0x0002)]
    AppKey Index: [0 (0x0000)]
    Model Identifier: [0x0200]
Send Access Payload = 803D020000000200


2025-11-08 02:39:11,067 LT1-callback ClientCallback.log INFO client.py                 242   log                       : PTS_LOGTYPE_SEND_EVENT Send Event 

+12454 ms
 MBTM/SR/BT/BV-35-C HCI!HCI_LE_SET_ADVERTISING_DATA{
                           advertisingDataLength=0x1F,
                           advertisingData=0x1E2A0E862085C7491A5F68CCEC17072D773EC6BD27A706364767557FBDD9A8
                         }
2025-11-08 02:39:11,072 LT1-callback ClientCallback.log INFO client.py                 242   log                       : PTS_LOGTYPE_RECEIVE_EVENT Receive Event 

+12469 ms
 MBTM/SR/BT/BV-35-C HCI?HCI_LE_SET_ADVERTISING_DATA_COMPLETE_EVENT{
                           status=HCI_OK
                         }
2025-11-08 02:39:11,075 LT1-callback ClientCallback.log INFO client.py                 242   log                       : PTS_LOGTYPE_SEND_EVENT Send Event 

+12469 ms
 MBTM/SR/BT/BV-35-C HCI!HCI_LE_SET_ADVERTISE_ENABLE{
                           advertisingEnable=HCI_LE_ADVERTISING_ENABLE
                         }
2025-11-08 02:39:11,078 LT1-callback ClientCallback.log INFO client.py                 242   log                       : PTS_LOGTYPE_RECEIVE_EVENT Receive Event 

+12469 ms
 MBTM/SR/BT/BV-35-C HCI?HCI_LE_SET_ADVERTISE_ENABLE_COMMAND_COMPLETE_EVENT{
                           status=HCI_OK
                         }
2025-11-08 02:39:11,081 LT1-callback ClientCallback.log INFO client.py                 242   log                       : PTS_LOGTYPE_SEND_EVENT Send Event 

+12500 ms
 MBTM/SR/BT/BV-35-C HCI!HCI_LE_SET_ADVERTISE_ENABLE{
                           advertisingEnable=HCI_LE_ADVERTISING_DISABLE
                         }
2025-11-08 02:39:11,084 LT1-callback ClientCallback.log INFO client.py                 242   log                       : PTS_LOGTYPE_RECEIVE_EVENT Receive Event 

+12500 ms
 MBTM/SR/BT/BV-35-C HCI?HCI_LE_SET_ADVERTISE_ENABLE_COMMAND_COMPLETE_EVENT{
                           status=HCI_OK
                         }
2025-11-08 02:39:11,088 LT1-callback ClientCallback.log INFO client.py                 242   log                       : PTS_LOGTYPE_MESSAGE TestCaseEventHandler.Wait, Input 

+12672 ms
 MBTM/SR/BT/BV-35-C MeshApplicationData::NetworkHeader
NetworkHeader:
NID:(lt)WildCard:Exists(gt)
IVI:(lt)WildCard:Exists(gt)
TTL:(lt)WildCard:Exists(gt)
CTL:(lt)WildCard:Exists(gt)
SEQ:(lt)WildCard:Exists(gt)
SRC:[0x0002]
DST:[
                           0x0001
                         ]
TransportPDU:(lt)WildCard:Exists(gt)
MeshApplicationData::ApplicationData
ConfigurationClient:
OpCode:[
                           0x803E
                         ]ModelAppStatus
Status:(lt)WildCard:Exists(gt)
ElementAddress:(lt)WildCard:Exists(gt)
AppKeyIndex:(lt)WildCard:Exists(gt)
ModelIdentifier:(lt)WildCard:Exists(gt)
2025-11-08 02:39:11,092 LT1-callback ClientCallback.log INFO client.py                 242   log                       : PTS_LOGTYPE_MESSAGE Verdict Description 

+12672 ms
 MBTM/SR/BT/BV-35-C ***** Waiting for: MeshApplicationData::Network Header
Network Header: 
    NID: (lt)WildCard: Exists(gt)
    IVI: (lt)WildCard: Exists(gt)
    TTL: (lt)WildCard: Exists(gt)
    CTL: (lt)WildCard: Exists(gt)
    SEQ: (lt)WildCard: Exists(gt)
    SRC: [0x0002]
    DST: [0x0001]
    TransportPDU: (lt)WildCard: Exists(gt)
MeshApplicationData::Application Data
Configuration Client: 
    Op Code: [0x803E] Model App Status
    Status: (lt)WildCard: Exists(gt)
    ElementAddress: (lt)WildCard: Exists(gt)
    AppKey Index: (lt)WildCard: Exists(gt)
    Model Identifier: (lt)WildCard: Exists(gt)


2025-11-08 02:39:11,097 LT1-callback ClientCallback.log INFO client.py                 242   log                       : PTS_LOGTYPE_MESSAGE TestCaseEventHandler.Wait, Received 

+12672 ms
 MBTM/SR/BT/BV-35-C MeshTransportEventlowertransportheaderTransportHeader:
OpCode:[0x00]SegmentAcknowledgement
SEG:[
                           0x00
                         ]unsegmentedmessage
SeqZero_13_6:[
                           0x00
                         ]
OBO:[
                           0x00
                         ]
RFU:[
                           0x00
                         ]
SeqZero_5_0:[
                           0x0C
                         ]
BlockAck:[
                           0x00000001
                         ]MeshNetworkData::MeshNetworkNetworkHeader:
NID:[
                           0x0E
                         ]
IVI:[
                           0x00
                         ]
TTL:[
                           0x07
                         ]
CTL:[
                           0x01
                         ]
SEQ:[
                           0x000012
                         ]
SRC:[
                           0x0002
                         ]
DST:[
                           0x0001
                         ]
TransportPDU:[
                           0x00003000000001
                         ]
2025-11-08 02:39:11,102 LT1-callback ClientCallback.log INFO client.py                 242   log                       : PTS_LOGTYPE_MESSAGE Verdict Description 

+12766 ms
 MBTM/SR/BT/BV-35-C ApplicationLayer Poll Received Value :
Network header = Network Header: 
    NID: [0x0E]
    IVI: [0x00]
    TTL: [0x07]
    CTL: [0x00]
    SEQ: [0x000013]
    SRC: [0x0002]
    DST: [0x0001]
    TransportPDU: [0x004AE3F22D35204541519816C330]
Received Access Payload = 803E00020000000200


2025-11-08 02:39:11,107 LT1-callback ClientCallback.log INFO client.py                 242   log                       : PTS_LOGTYPE_MESSAGE Verdict Description 

+12766 ms
 MBTM/SR/BT/BV-35-C MeshApplicationLayer Broadcast value Configuration Server: 
    Op Code: [0x803E] Model App Status
    Status: [0 (0x00)]
    ElementAddress: [2 (0x0002)]
    AppKey Index: [0 (0x0000)]
    Model Identifier: [0x0200]

2025-11-08 02:39:11,110 LT1-callback ClientCallback.log INFO client.py                 242   log                       : PTS_LOGTYPE_MESSAGE TestCaseEventHandler.Wait, Received 

+12782 ms
 MBTM/SR/BT/BV-35-C MeshTransportEventlowertransportheaderNetworkHeader:
AID:[0x00]
AKF:[
                           0x00
                         ]
SEG:[
                           0x00
                         ]unsegmentedmessage
UpperTransportPDU:[
                           0x4AE3F22D35204541519816C330
                         ]MeshNetworkData::MeshNetworkNetworkHeader:
NID:[
                           0x0E
                         ]
IVI:[
                           0x00
                         ]
TTL:[
                           0x07
                         ]
CTL:[
                           0x00
                         ]
SEQ:[
                           0x000013
                         ]
SRC:[
                           0x0002
                         ]
DST:[
                           0x0001
                         ]
TransportPDU:[
                           0x004AE3F22D35204541519816C330
                         ]
2025-11-08 02:39:11,114 LT1-callback ClientCallback.log INFO client.py                 242   log                       : PTS_LOGTYPE_MESSAGE TestCaseEventHandler.Wait, Received 

+12782 ms
 MBTM/SR/BT/BV-35-C MeshTransportEventUpperTransportaccesspayload803E00020000000200MeshNetworkData::MeshNetworkNetworkHeader:
NID:[0x0E]
IVI:[
                           0x00
                         ]
TTL:[
                           0x07
                         ]
CTL:[
                           0x00
                         ]
SEQ:[
                           0x000013
                         ]
SRC:[
                           0x0002
                         ]
DST:[
                           0x0001
                         ]
TransportPDU:[
                           0x004AE3F22D35204541519816C330
                         ]
2025-11-08 02:39:11,120 LT1-callback ClientCallback.log INFO client.py                 242   log                       : PTS_LOGTYPE_MESSAGE TestCaseEventHandler.Wait, Received 

+12782 ms
 MBTM/SR/BT/BV-35-C MeshApplicationData::NetworkHeader
NetworkHeader:
NID:[0x0E]
IVI:[
                           0x00
                         ]
TTL:[
                           0x07
                         ]
CTL:[
                           0x00
                         ]
SEQ:[
                           0x000013
                         ]
SRC:[
                           0x0002
                         ]
DST:[
                           0x0001
                         ]
TransportPDU:[
                           0x004AE3F22D35204541519816C330
                         ]
MeshApplicationData::ApplicationData
ConfigurationServer:
OpCode:[
                           0x803E
                         ]ModelAppStatus
Status:[
                           0(0x00)
                         ]
ElementAddress:[
                           2(0x0002)
                         ]
AppKeyIndex:[
                           0(0x0000)
                         ]
ModelIdentifier:[
                           0x0200
                         ]
2025-11-08 02:39:11,125 LT1-callback ClientCallback.log INFO client.py                 242   log                       : PTS_LOGTYPE_MESSAGE Verdict Description 

+12782 ms
 MBTM/SR/BT/BV-35-C Response received: Op Code: [0x803E] Model App Status

2025-11-08 02:39:11,129 LT1-callback ClientCallback.log INFO client.py                 242   log                       : PTS_LOGTYPE_PRELIMINARY_VERDICT Pass 

+12797 ms
 MBTM/SR/BT/BV-35-C App key bind to model id = 0x2 successfully.

2025-11-08 02:39:11,132 LT1-callback ClientCallback.log INFO client.py                 242   log                       : PTS_LOGTYPE_MESSAGE Verdict Description 

+12797 ms
 MBTM/SR/BT/BV-35-C App key bind to model id = 0x2 successfully.

2025-11-08 02:39:11,134 LT1-callback ClientCallback.log INFO client.py                 242   log                       : PTS_LOGTYPE_MESSAGE Verdict Description 

+12797 ms
 MBTM/SR/BT/BV-35-C SendAndReceive
**** Sending: Op Code: [0x803D] Model App Bind
**** Waiting for: Op Code: [0x803E] Model App Status


2025-11-08 02:39:11,137 LT1-callback ClientCallback.log INFO client.py                 242   log                       : PTS_LOGTYPE_MESSAGE Verdict Description 

+12797 ms
 MBTM/SR/BT/BV-35-C MeshApplicationLayer SendValue 
Configuration Client: 
    Op Code: [0x803D] Model App Bind
    ElementAddress: [2 (0x0002)]
    AppKey Index: [0 (0x0000)]
    Model Identifier: [0x0300]
Send Access Payload = 803D020000000300


2025-11-08 02:39:11,140 LT1-callback ClientCallback.log INFO client.py                 242   log                       : PTS_LOGTYPE_SEND_EVENT Send Event 

+12813 ms
 MBTM/SR/BT/BV-35-C HCI!HCI_LE_SET_ADVERTISING_DATA{
                           advertisingDataLength=0x1F,
                           advertisingData=0x1E2A0EE1CE8C99D29D1CD453BC1949D3E7D3B70DF63AB0C1AD7923FC4326BF
                         }
2025-11-08 02:39:11,143 LT1-callback ClientCallback.log INFO client.py                 242   log                       : PTS_LOGTYPE_RECEIVE_EVENT Receive Event 

+12813 ms
 MBTM/SR/BT/BV-35-C HCI?HCI_LE_SET_ADVERTISING_DATA_COMPLETE_EVENT{
                           status=HCI_OK
                         }
2025-11-08 02:39:11,146 LT1-callback ClientCallback.log INFO client.py                 242   log                       : PTS_LOGTYPE_SEND_EVENT Send Event 

+12813 ms
 MBTM/SR/BT/BV-35-C HCI!HCI_LE_SET_ADVERTISE_ENABLE{
                           advertisingEnable=HCI_LE_ADVERTISING_ENABLE
                         }
2025-11-08 02:39:11,149 LT1-callback ClientCallback.log INFO client.py                 242   log                       : PTS_LOGTYPE_RECEIVE_EVENT Receive Event 

+12813 ms
 MBTM/SR/BT/BV-35-C HCI?HCI_LE_SET_ADVERTISE_ENABLE_COMMAND_COMPLETE_EVENT{
                           status=HCI_OK
                         }
2025-11-08 02:39:11,153 LT1-callback ClientCallback.log INFO client.py                 242   log                       : PTS_LOGTYPE_SEND_EVENT Send Event 

+12860 ms
 MBTM/SR/BT/BV-35-C HCI!HCI_LE_SET_ADVERTISE_ENABLE{
                           advertisingEnable=HCI_LE_ADVERTISING_DISABLE
                         }
2025-11-08 02:39:11,157 LT1-callback ClientCallback.log INFO client.py                 242   log                       : PTS_LOGTYPE_RECEIVE_EVENT Receive Event 

+12860 ms
 MBTM/SR/BT/BV-35-C HCI?HCI_LE_SET_ADVERTISE_ENABLE_COMMAND_COMPLETE_EVENT{
                           status=HCI_OK
                         }
2025-11-08 02:39:11,160 LT1-callback ClientCallback.log INFO client.py                 242   log                       : PTS_LOGTYPE_MESSAGE TestCaseEventHandler.Wait, Input 

+13016 ms
 MBTM/SR/BT/BV-35-C MeshApplicationData::NetworkHeader
NetworkHeader:
NID:(lt)WildCard:Exists(gt)
IVI:(lt)WildCard:Exists(gt)
TTL:(lt)WildCard:Exists(gt)
CTL:(lt)WildCard:Exists(gt)
SEQ:(lt)WildCard:Exists(gt)
SRC:[0x0002]
DST:[
                           0x0001
                         ]
TransportPDU:(lt)WildCard:Exists(gt)
MeshApplicationData::ApplicationData
ConfigurationClient:
OpCode:[
                           0x803E
                         ]ModelAppStatus
Status:(lt)WildCard:Exists(gt)
ElementAddress:(lt)WildCard:Exists(gt)
AppKeyIndex:(lt)WildCard:Exists(gt)
ModelIdentifier:(lt)WildCard:Exists(gt)
2025-11-08 02:39:11,164 LT1-callback ClientCallback.log INFO client.py                 242   log                       : PTS_LOGTYPE_MESSAGE Verdict Description 

+13016 ms
 MBTM/SR/BT/BV-35-C ***** Waiting for: MeshApplicationData::Network Header
Network Header: 
    NID: (lt)WildCard: Exists(gt)
    IVI: (lt)WildCard: Exists(gt)
    TTL: (lt)WildCard: Exists(gt)
    CTL: (lt)WildCard: Exists(gt)
    SEQ: (lt)WildCard: Exists(gt)
    SRC: [0x0002]
    DST: [0x0001]
    TransportPDU: (lt)WildCard: Exists(gt)
MeshApplicationData::Application Data
Configuration Client: 
    Op Code: [0x803E] Model App Status
    Status: (lt)WildCard: Exists(gt)
    ElementAddress: (lt)WildCard: Exists(gt)
    AppKey Index: (lt)WildCard: Exists(gt)
    Model Identifier: (lt)WildCard: Exists(gt)


2025-11-08 02:39:11,168 LT1-callback ClientCallback.log INFO client.py                 242   log                       : PTS_LOGTYPE_MESSAGE TestCaseEventHandler.Wait, Received 

+13016 ms
 MBTM/SR/BT/BV-35-C MeshTransportEventlowertransportheaderTransportHeader:
OpCode:[0x00]SegmentAcknowledgement
SEG:[
                           0x00
                         ]unsegmentedmessage
SeqZero_13_6:[
                           0x00
                         ]
OBO:[
                           0x00
                         ]
RFU:[
                           0x00
                         ]
SeqZero_5_0:[
                           0x0D
                         ]
BlockAck:[
                           0x00000001
                         ]MeshNetworkData::MeshNetworkNetworkHeader:
NID:[
                           0x0E
                         ]
IVI:[
                           0x00
                         ]
TTL:[
                           0x07
                         ]
CTL:[
                           0x01
                         ]
SEQ:[
                           0x000014
                         ]
SRC:[
                           0x0002
                         ]
DST:[
                           0x0001
                         ]
TransportPDU:[
                           0x00003400000001
                         ]
2025-11-08 02:39:11,173 LT1-callback ClientCallback.log INFO client.py                 242   log                       : PTS_LOGTYPE_MESSAGE Verdict Description 

+13125 ms
 MBTM/SR/BT/BV-35-C ApplicationLayer Poll Received Value :
Network header = Network Header: 
    NID: [0x0E]
    IVI: [0x00]
    TTL: [0x07]
    CTL: [0x00]
    SEQ: [0x000015]
    SRC: [0x0002]
    DST: [0x0001]
    TransportPDU: [0x002A4459F674349B974A317C0399]
Received Access Payload = 803E00020000000300


2025-11-08 02:39:11,177 LT1-callback ClientCallback.log INFO client.py                 242   log                       : PTS_LOGTYPE_MESSAGE Verdict Description 

+13141 ms
 MBTM/SR/BT/BV-35-C MeshApplicationLayer Broadcast value Configuration Server: 
    Op Code: [0x803E] Model App Status
    Status: [0 (0x00)]
    ElementAddress: [2 (0x0002)]
    AppKey Index: [0 (0x0000)]
    Model Identifier: [0x0300]

2025-11-08 02:39:11,180 LT1-callback ClientCallback.log INFO client.py                 242   log                       : PTS_LOGTYPE_MESSAGE TestCaseEventHandler.Wait, Received 

+13141 ms
 MBTM/SR/BT/BV-35-C MeshTransportEventlowertransportheaderNetworkHeader:
AID:[0x00]
AKF:[
                           0x00
                         ]
SEG:[
                           0x00
                         ]unsegmentedmessage
UpperTransportPDU:[
                           0x2A4459F674349B974A317C0399
                         ]MeshNetworkData::MeshNetworkNetworkHeader:
NID:[
                           0x0E
                         ]
IVI:[
                           0x00
                         ]
TTL:[
                           0x07
                         ]
CTL:[
                           0x00
                         ]
SEQ:[
                           0x000015
                         ]
SRC:[
                           0x0002
                         ]
DST:[
                           0x0001
                         ]
TransportPDU:[
                           0x002A4459F674349B974A317C0399
                         ]
2025-11-08 02:39:11,184 LT1-callback ClientCallback.log INFO client.py                 242   log                       : PTS_LOGTYPE_MESSAGE TestCaseEventHandler.Wait, Received 

+13141 ms
 MBTM/SR/BT/BV-35-C MeshTransportEventUpperTransportaccesspayload803E00020000000300MeshNetworkData::MeshNetworkNetworkHeader:
NID:[0x0E]
IVI:[
                           0x00
                         ]
TTL:[
                           0x07
                         ]
CTL:[
                           0x00
                         ]
SEQ:[
                           0x000015
                         ]
SRC:[
                           0x0002
                         ]
DST:[
                           0x0001
                         ]
TransportPDU:[
                           0x002A4459F674349B974A317C0399
                         ]
2025-11-08 02:39:11,190 LT1-callback ClientCallback.log INFO client.py                 242   log                       : PTS_LOGTYPE_MESSAGE TestCaseEventHandler.Wait, Received 

+13141 ms
 MBTM/SR/BT/BV-35-C MeshApplicationData::NetworkHeader
NetworkHeader:
NID:[0x0E]
IVI:[
                           0x00
                         ]
TTL:[
                           0x07
                         ]
CTL:[
                           0x00
                         ]
SEQ:[
                           0x000015
                         ]
SRC:[
                           0x0002
                         ]
DST:[
                           0x0001
                         ]
TransportPDU:[
                           0x002A4459F674349B974A317C0399
                         ]
MeshApplicationData::ApplicationData
ConfigurationServer:
OpCode:[
                           0x803E
                         ]ModelAppStatus
Status:[
                           0(0x00)
                         ]
ElementAddress:[
                           2(0x0002)
                         ]
AppKeyIndex:[
                           0(0x0000)
                         ]
ModelIdentifier:[
                           0x0300
                         ]
2025-11-08 02:39:11,195 LT1-callback ClientCallback.log INFO client.py                 242   log                       : PTS_LOGTYPE_MESSAGE Verdict Description 

+13141 ms
 MBTM/SR/BT/BV-35-C Response received: Op Code: [0x803E] Model App Status

2025-11-08 02:39:11,200 LT1-callback ClientCallback.log INFO client.py                 242   log                       : PTS_LOGTYPE_PRELIMINARY_VERDICT Pass 

+13157 ms
 MBTM/SR/BT/BV-35-C App key bind to model id = 0x3 successfully.

2025-11-08 02:39:11,203 LT1-callback ClientCallback.log INFO client.py                 242   log                       : PTS_LOGTYPE_MESSAGE Verdict Description 

+13157 ms
 MBTM/SR/BT/BV-35-C App key bind to model id = 0x3 successfully.

2025-11-08 02:39:11,205 LT1-callback ClientCallback.log INFO client.py                 242   log                       : PTS_LOGTYPE_MESSAGE Verdict Description 

+13157 ms
 MBTM/SR/BT/BV-35-C SendAndReceive
**** Sending: Op Code: [0x803D] Model App Bind
**** Waiting for: Op Code: [0x803E] Model App Status


2025-11-08 02:39:11,208 LT1-callback ClientCallback.log INFO client.py                 242   log                       : PTS_LOGTYPE_MESSAGE Verdict Description 

+13157 ms
 MBTM/SR/BT/BV-35-C MeshApplicationLayer SendValue 
Configuration Client: 
    Op Code: [0x803D] Model App Bind
    ElementAddress: [2 (0x0002)]
    AppKey Index: [0 (0x0000)]
    Model Identifier: [0x1400]
Send Access Payload = 803D020000001400


2025-11-08 02:39:11,211 LT1-callback ClientCallback.log INFO client.py                 242   log                       : PTS_LOGTYPE_SEND_EVENT Send Event 

+13157 ms
 MBTM/SR/BT/BV-35-C HCI!HCI_LE_SET_ADVERTISING_DATA{
                           advertisingDataLength=0x1F,
                           advertisingData=0x1E2A0ECD508920C9273DDEA3700FC6B9D8C32E3645CFDE46BBE1B9AB1FA802
                         }
2025-11-08 02:39:11,214 LT1-callback ClientCallback.log INFO client.py                 242   log                       : PTS_LOGTYPE_RECEIVE_EVENT Receive Event 

+13172 ms
 MBTM/SR/BT/BV-35-C HCI?HCI_LE_SET_ADVERTISING_DATA_COMPLETE_EVENT{
                           status=HCI_OK
                         }
2025-11-08 02:39:11,217 LT1-callback ClientCallback.log INFO client.py                 242   log                       : PTS_LOGTYPE_SEND_EVENT Send Event 

+13172 ms
 MBTM/SR/BT/BV-35-C HCI!HCI_LE_SET_ADVERTISE_ENABLE{
                           advertisingEnable=HCI_LE_ADVERTISING_ENABLE
                         }
2025-11-08 02:39:11,220 LT1-callback ClientCallback.log INFO client.py                 242   log                       : PTS_LOGTYPE_RECEIVE_EVENT Receive Event 

+13172 ms
 MBTM/SR/BT/BV-35-C HCI?HCI_LE_SET_ADVERTISE_ENABLE_COMMAND_COMPLETE_EVENT{
                           status=HCI_OK
                         }
2025-11-08 02:39:11,223 LT1-callback ClientCallback.log INFO client.py                 242   log                       : PTS_LOGTYPE_SEND_EVENT Send Event 

+13204 ms
 MBTM/SR/BT/BV-35-C HCI!HCI_LE_SET_ADVERTISE_ENABLE{
                           advertisingEnable=HCI_LE_ADVERTISING_DISABLE
                         }
2025-11-08 02:39:11,226 LT1-callback ClientCallback.log INFO client.py                 242   log                       : PTS_LOGTYPE_RECEIVE_EVENT Receive Event 

+13204 ms
 MBTM/SR/BT/BV-35-C HCI?HCI_LE_SET_ADVERTISE_ENABLE_COMMAND_COMPLETE_EVENT{
                           status=HCI_OK
                         }
2025-11-08 02:39:11,230 LT1-callback ClientCallback.log INFO client.py                 242   log                       : PTS_LOGTYPE_MESSAGE TestCaseEventHandler.Wait, Input 

+13360 ms
 MBTM/SR/BT/BV-35-C MeshApplicationData::NetworkHeader
NetworkHeader:
NID:(lt)WildCard:Exists(gt)
IVI:(lt)WildCard:Exists(gt)
TTL:(lt)WildCard:Exists(gt)
CTL:(lt)WildCard:Exists(gt)
SEQ:(lt)WildCard:Exists(gt)
SRC:[0x0002]
DST:[
                           0x0001
                         ]
TransportPDU:(lt)WildCard:Exists(gt)
MeshApplicationData::ApplicationData
ConfigurationClient:
OpCode:[
                           0x803E
                         ]ModelAppStatus
Status:(lt)WildCard:Exists(gt)
ElementAddress:(lt)WildCard:Exists(gt)
AppKeyIndex:(lt)WildCard:Exists(gt)
ModelIdentifier:(lt)WildCard:Exists(gt)
2025-11-08 02:39:11,237 LT1-callback ClientCallback.log INFO client.py                 242   log                       : PTS_LOGTYPE_MESSAGE Verdict Description 

+13360 ms
 MBTM/SR/BT/BV-35-C ***** Waiting for: MeshApplicationData::Network Header
Network Header: 
    NID: (lt)WildCard: Exists(gt)
    IVI: (lt)WildCard: Exists(gt)
    TTL: (lt)WildCard: Exists(gt)
    CTL: (lt)WildCard: Exists(gt)
    SEQ: (lt)WildCard: Exists(gt)
    SRC: [0x0002]
    DST: [0x0001]
    TransportPDU: (lt)WildCard: Exists(gt)
MeshApplicationData::Application Data
Configuration Client: 
    Op Code: [0x803E] Model App Status
    Status: (lt)WildCard: Exists(gt)
    ElementAddress: (lt)WildCard: Exists(gt)
    AppKey Index: (lt)WildCard: Exists(gt)
    Model Identifier: (lt)WildCard: Exists(gt)


2025-11-08 02:39:11,297 LT1-callback ClientCallback.log INFO client.py                 242   log                       : PTS_LOGTYPE_MESSAGE TestCaseEventHandler.Wait, Received 

+13375 ms
 MBTM/SR/BT/BV-35-C MeshTransportEventlowertransportheaderTransportHeader:
OpCode:[0x00]SegmentAcknowledgement
SEG:[
                           0x00
                         ]unsegmentedmessage
SeqZero_13_6:[
                           0x00
                         ]
OBO:[
                           0x00
                         ]
RFU:[
                           0x00
                         ]
SeqZero_5_0:[
                           0x0E
                         ]
BlockAck:[
                           0x00000001
                         ]MeshNetworkData::MeshNetworkNetworkHeader:
NID:[
                           0x0E
                         ]
IVI:[
                           0x00
                         ]
TTL:[
                           0x07
                         ]
CTL:[
                           0x01
                         ]
SEQ:[
                           0x000016
                         ]
SRC:[
                           0x0002
                         ]
DST:[
                           0x0001
                         ]
TransportPDU:[
                           0x00003800000001
                         ]
2025-11-08 02:39:11,302 LT1-callback ClientCallback.log INFO client.py                 242   log                       : PTS_LOGTYPE_MESSAGE Verdict Description 

+13485 ms
 MBTM/SR/BT/BV-35-C ApplicationLayer Poll Received Value :
Network header = Network Header: 
    NID: [0x0E]
    IVI: [0x00]
    TTL: [0x07]
    CTL: [0x00]
    SEQ: [0x000017]
    SRC: [0x0002]
    DST: [0x0001]
    TransportPDU: [0x00FE8E957C086865D86F391B2669]
Received Access Payload = 803E00020000001400


2025-11-08 02:39:11,307 LT1-callback ClientCallback.log INFO client.py                 242   log                       : PTS_LOGTYPE_MESSAGE Verdict Description 

+13485 ms
 MBTM/SR/BT/BV-35-C MeshApplicationLayer Broadcast value Configuration Server: 
    Op Code: [0x803E] Model App Status
    Status: [0 (0x00)]
    ElementAddress: [2 (0x0002)]
    AppKey Index: [0 (0x0000)]
    Model Identifier: [0x1400]

2025-11-08 02:39:11,310 LT1-callback ClientCallback.log INFO client.py                 242   log                       : PTS_LOGTYPE_MESSAGE TestCaseEventHandler.Wait, Received 

+13485 ms
 MBTM/SR/BT/BV-35-C MeshTransportEventlowertransportheaderNetworkHeader:
AID:[0x00]
AKF:[
                           0x00
                         ]
SEG:[
                           0x00
                         ]unsegmentedmessage
UpperTransportPDU:[
                           0xFE8E957C086865D86F391B2669
                         ]MeshNetworkData::MeshNetworkNetworkHeader:
NID:[
                           0x0E
                         ]
IVI:[
                           0x00
                         ]
TTL:[
                           0x07
                         ]
CTL:[
                           0x00
                         ]
SEQ:[
                           0x000017
                         ]
SRC:[
                           0x0002
                         ]
DST:[
                           0x0001
                         ]
TransportPDU:[
                           0x00FE8E957C086865D86F391B2669
                         ]
2025-11-08 02:39:11,315 LT1-callback ClientCallback.log INFO client.py                 242   log                       : PTS_LOGTYPE_MESSAGE TestCaseEventHandler.Wait, Received 

+13485 ms
 MBTM/SR/BT/BV-35-C MeshTransportEventUpperTransportaccesspayload803E00020000001400MeshNetworkData::MeshNetworkNetworkHeader:
NID:[0x0E]
IVI:[
                           0x00
                         ]
TTL:[
                           0x07
                         ]
CTL:[
                           0x00
                         ]
SEQ:[
                           0x000017
                         ]
SRC:[
                           0x0002
                         ]
DST:[
                           0x0001
                         ]
TransportPDU:[
                           0x00FE8E957C086865D86F391B2669
                         ]
2025-11-08 02:39:11,320 LT1-callback ClientCallback.log INFO client.py                 242   log                       : PTS_LOGTYPE_MESSAGE TestCaseEventHandler.Wait, Received 

+13500 ms
 MBTM/SR/BT/BV-35-C MeshApplicationData::NetworkHeader
NetworkHeader:
NID:[0x0E]
IVI:[
                           0x00
                         ]
TTL:[
                           0x07
                         ]
CTL:[
                           0x00
                         ]
SEQ:[
                           0x000017
                         ]
SRC:[
                           0x0002
                         ]
DST:[
                           0x0001
                         ]
TransportPDU:[
                           0x00FE8E957C086865D86F391B2669
                         ]
MeshApplicationData::ApplicationData
ConfigurationServer:
OpCode:[
                           0x803E
                         ]ModelAppStatus
Status:[
                           0(0x00)
                         ]
ElementAddress:[
                           2(0x0002)
                         ]
AppKeyIndex:[
                           0(0x0000)
                         ]
ModelIdentifier:[
                           0x1400
                         ]
2025-11-08 02:39:11,325 LT1-callback ClientCallback.log INFO client.py                 242   log                       : PTS_LOGTYPE_MESSAGE Verdict Description 

+13500 ms
 MBTM/SR/BT/BV-35-C Response received: Op Code: [0x803E] Model App Status

2025-11-08 02:39:11,329 LT1-callback ClientCallback.log INFO client.py                 242   log                       : PTS_LOGTYPE_PRELIMINARY_VERDICT Pass 

+13500 ms
 MBTM/SR/BT/BV-35-C App key bind to model id = 0x14 successfully.

2025-11-08 02:39:11,332 LT1-callback ClientCallback.log INFO client.py                 242   log                       : PTS_LOGTYPE_MESSAGE Verdict Description 

+13500 ms
 MBTM/SR/BT/BV-35-C App key bind to model id = 0x14 successfully.

2025-11-08 02:39:11,335 LT1-callback ClientCallback.log INFO client.py                 242   log                       : PTS_LOGTYPE_MESSAGE Verdict Description 

+13516 ms
 MBTM/SR/BT/BV-35-C SendAndReceive
**** Sending: Op Code: [0x803D] Model App Bind
**** Waiting for: Op Code: [0x803E] Model App Status


2025-11-08 02:39:11,338 LT1-callback ClientCallback.log INFO client.py                 242   log                       : PTS_LOGTYPE_MESSAGE Verdict Description 

+13532 ms
 MBTM/SR/BT/BV-35-C MeshApplicationLayer SendValue 
Configuration Client: 
    Op Code: [0x803D] Model App Bind
    ElementAddress: [3 (0x0003)]
    AppKey Index: [0 (0x0000)]
    Model Identifier: [0x0114]
Send Access Payload = 803D030000000114


2025-11-08 02:39:11,341 LT1-callback ClientCallback.log INFO client.py                 242   log                       : PTS_LOGTYPE_SEND_EVENT Send Event 

+13532 ms
 MBTM/SR/BT/BV-35-C HCI!HCI_LE_SET_ADVERTISING_DATA{
                           advertisingDataLength=0x1F,
                           advertisingData=0x1E2A0E1B8F64283844A46E66FD0A9D30DF73C0F606C8BD7C3C3A6F7F3441B3
                         }
2025-11-08 02:39:11,344 LT1-callback ClientCallback.log INFO client.py                 242   log                       : PTS_LOGTYPE_RECEIVE_EVENT Receive Event 

+13532 ms
 MBTM/SR/BT/BV-35-C HCI?HCI_LE_SET_ADVERTISING_DATA_COMPLETE_EVENT{
                           status=HCI_OK
                         }
2025-11-08 02:39:11,347 LT1-callback ClientCallback.log INFO client.py                 242   log                       : PTS_LOGTYPE_SEND_EVENT Send Event 

+13532 ms
 MBTM/SR/BT/BV-35-C HCI!HCI_LE_SET_ADVERTISE_ENABLE{
                           advertisingEnable=HCI_LE_ADVERTISING_ENABLE
                         }
2025-11-08 02:39:11,350 LT1-callback ClientCallback.log INFO client.py                 242   log                       : PTS_LOGTYPE_RECEIVE_EVENT Receive Event 

+13547 ms
 MBTM/SR/BT/BV-35-C HCI?HCI_LE_SET_ADVERTISE_ENABLE_COMMAND_COMPLETE_EVENT{
                           status=HCI_OK
                         }
2025-11-08 02:39:11,353 LT1-callback ClientCallback.log INFO client.py                 242   log                       : PTS_LOGTYPE_SEND_EVENT Send Event 

+13579 ms
 MBTM/SR/BT/BV-35-C HCI!HCI_LE_SET_ADVERTISE_ENABLE{
                           advertisingEnable=HCI_LE_ADVERTISING_DISABLE
                         }
2025-11-08 02:39:11,356 LT1-callback ClientCallback.log INFO client.py                 242   log                       : PTS_LOGTYPE_RECEIVE_EVENT Receive Event 

+13579 ms
 MBTM/SR/BT/BV-35-C HCI?HCI_LE_SET_ADVERTISE_ENABLE_COMMAND_COMPLETE_EVENT{
                           status=HCI_OK
                         }
2025-11-08 02:39:11,359 LT1-callback ClientCallback.log INFO client.py                 242   log                       : PTS_LOGTYPE_MESSAGE TestCaseEventHandler.Wait, Input 

+13704 ms
 MBTM/SR/BT/BV-35-C MeshApplicationData::NetworkHeader
NetworkHeader:
NID:(lt)WildCard:Exists(gt)
IVI:(lt)WildCard:Exists(gt)
TTL:(lt)WildCard:Exists(gt)
CTL:(lt)WildCard:Exists(gt)
SEQ:(lt)WildCard:Exists(gt)
SRC:[0x0002]
DST:[
                           0x0001
                         ]
TransportPDU:(lt)WildCard:Exists(gt)
MeshApplicationData::ApplicationData
ConfigurationClient:
OpCode:[
                           0x803E
                         ]ModelAppStatus
Status:(lt)WildCard:Exists(gt)
ElementAddress:(lt)WildCard:Exists(gt)
AppKeyIndex:(lt)WildCard:Exists(gt)
ModelIdentifier:(lt)WildCard:Exists(gt)
2025-11-08 02:39:11,363 LT1-callback ClientCallback.log INFO client.py                 242   log                       : PTS_LOGTYPE_MESSAGE Verdict Description 

+13704 ms
 MBTM/SR/BT/BV-35-C ***** Waiting for: MeshApplicationData::Network Header
Network Header: 
    NID: (lt)WildCard: Exists(gt)
    IVI: (lt)WildCard: Exists(gt)
    TTL: (lt)WildCard: Exists(gt)
    CTL: (lt)WildCard: Exists(gt)
    SEQ: (lt)WildCard: Exists(gt)
    SRC: [0x0002]
    DST: [0x0001]
    TransportPDU: (lt)WildCard: Exists(gt)
MeshApplicationData::Application Data
Configuration Client: 
    Op Code: [0x803E] Model App Status
    Status: (lt)WildCard: Exists(gt)
    ElementAddress: (lt)WildCard: Exists(gt)
    AppKey Index: (lt)WildCard: Exists(gt)
    Model Identifier: (lt)WildCard: Exists(gt)


2025-11-08 02:39:11,368 LT1-callback ClientCallback.log INFO client.py                 242   log                       : PTS_LOGTYPE_MESSAGE TestCaseEventHandler.Wait, Received 

+13704 ms
 MBTM/SR/BT/BV-35-C MeshTransportEventlowertransportheaderTransportHeader:
OpCode:[0x00]SegmentAcknowledgement
SEG:[
                           0x00
                         ]unsegmentedmessage
SeqZero_13_6:[
                           0x00
                         ]
OBO:[
                           0x00
                         ]
RFU:[
                           0x00
                         ]
SeqZero_5_0:[
                           0x0F
                         ]
BlockAck:[
                           0x00000001
                         ]MeshNetworkData::MeshNetworkNetworkHeader:
NID:[
                           0x0E
                         ]
IVI:[
                           0x00
                         ]
TTL:[
                           0x07
                         ]
CTL:[
                           0x01
                         ]
SEQ:[
                           0x000018
                         ]
SRC:[
                           0x0002
                         ]
DST:[
                           0x0001
                         ]
TransportPDU:[
                           0x00003C00000001
                         ]
2025-11-08 02:39:11,374 LT1-callback ClientCallback.log INFO client.py                 242   log                       : PTS_LOGTYPE_MESSAGE Verdict Description 

+13813 ms
 MBTM/SR/BT/BV-35-C ApplicationLayer Poll Received Value :
Network header = Network Header: 
    NID: [0x0E]
    IVI: [0x00]
    TTL: [0x07]
    CTL: [0x00]
    SEQ: [0x000019]
    SRC: [0x0002]
    DST: [0x0001]
    TransportPDU: [0x009006E9C82430017502AF1898CD]
Received Access Payload = 803E00030000000114


2025-11-08 02:39:11,378 LT1-callback ClientCallback.log INFO client.py                 242   log                       : PTS_LOGTYPE_MESSAGE Verdict Description 

+13813 ms
 MBTM/SR/BT/BV-35-C MeshApplicationLayer Broadcast value Configuration Server: 
    Op Code: [0x803E] Model App Status
    Status: [0 (0x00)]
    ElementAddress: [3 (0x0003)]
    AppKey Index: [0 (0x0000)]
    Model Identifier: [0x0114]

2025-11-08 02:39:11,381 LT1-callback ClientCallback.log INFO client.py                 242   log                       : PTS_LOGTYPE_MESSAGE TestCaseEventHandler.Wait, Received 

+13813 ms
 MBTM/SR/BT/BV-35-C MeshTransportEventlowertransportheaderNetworkHeader:
AID:[0x00]
AKF:[
                           0x00
                         ]
SEG:[
                           0x00
                         ]unsegmentedmessage
UpperTransportPDU:[
                           0x9006E9C82430017502AF1898CD
                         ]MeshNetworkData::MeshNetworkNetworkHeader:
NID:[
                           0x0E
                         ]
IVI:[
                           0x00
                         ]
TTL:[
                           0x07
                         ]
CTL:[
                           0x00
                         ]
SEQ:[
                           0x000019
                         ]
SRC:[
                           0x0002
                         ]
DST:[
                           0x0001
                         ]
TransportPDU:[
                           0x009006E9C82430017502AF1898CD
                         ]
2025-11-08 02:39:11,386 LT1-callback ClientCallback.log INFO client.py                 242   log                       : PTS_LOGTYPE_MESSAGE TestCaseEventHandler.Wait, Received 

+13829 ms
 MBTM/SR/BT/BV-35-C MeshTransportEventUpperTransportaccesspayload803E00030000000114MeshNetworkData::MeshNetworkNetworkHeader:
NID:[0x0E]
IVI:[
                           0x00
                         ]
TTL:[
                           0x07
                         ]
CTL:[
                           0x00
                         ]
SEQ:[
                           0x000019
                         ]
SRC:[
                           0x0002
                         ]
DST:[
                           0x0001
                         ]
TransportPDU:[
                           0x009006E9C82430017502AF1898CD
                         ]
2025-11-08 02:39:11,391 LT1-callback ClientCallback.log INFO client.py                 242   log                       : PTS_LOGTYPE_MESSAGE TestCaseEventHandler.Wait, Received 

+13829 ms
 MBTM/SR/BT/BV-35-C MeshApplicationData::NetworkHeader
NetworkHeader:
NID:[0x0E]
IVI:[
                           0x00
                         ]
TTL:[
                           0x07
                         ]
CTL:[
                           0x00
                         ]
SEQ:[
                           0x000019
                         ]
SRC:[
                           0x0002
                         ]
DST:[
                           0x0001
                         ]
TransportPDU:[
                           0x009006E9C82430017502AF1898CD
                         ]
MeshApplicationData::ApplicationData
ConfigurationServer:
OpCode:[
                           0x803E
                         ]ModelAppStatus
Status:[
                           0(0x00)
                         ]
ElementAddress:[
                           3(0x0003)
                         ]
AppKeyIndex:[
                           0(0x0000)
                         ]
ModelIdentifier:[
                           0x0114
                         ]
2025-11-08 02:39:11,396 LT1-callback ClientCallback.log INFO client.py                 242   log                       : PTS_LOGTYPE_MESSAGE Verdict Description 

+13829 ms
 MBTM/SR/BT/BV-35-C Response received: Op Code: [0x803E] Model App Status

2025-11-08 02:39:11,400 LT1-callback ClientCallback.log INFO client.py                 242   log                       : PTS_LOGTYPE_PRELIMINARY_VERDICT Pass 

+13844 ms
 MBTM/SR/BT/BV-35-C App key bind to model id = 0x1401 successfully.

2025-11-08 02:39:11,403 LT1-callback ClientCallback.log INFO client.py                 242   log                       : PTS_LOGTYPE_MESSAGE Verdict Description 

+13844 ms
 MBTM/SR/BT/BV-35-C App key bind to model id = 0x1401 successfully.

2025-11-08 02:39:11,405 LT1-callback ClientCallback.log INFO client.py                 242   log                       : PTS_LOGTYPE_MESSAGE Verdict Description 

+13844 ms
 MBTM/SR/BT/BV-35-C SendAndReceive
**** Sending: Op Code: [0x803D] Model App Bind
**** Waiting for: Op Code: [0x803E] Model App Status


2025-11-08 02:39:11,408 LT1-callback ClientCallback.log INFO client.py                 242   log                       : PTS_LOGTYPE_MESSAGE Verdict Description 

+13844 ms
 MBTM/SR/BT/BV-35-C MeshApplicationLayer SendValue 
Configuration Client: 
    Op Code: [0x803D] Model App Bind
    ElementAddress: [3 (0x0003)]
    AppKey Index: [0 (0x0000)]
    Model Identifier: [0x0314]
Send Access Payload = 803D030000000314


2025-11-08 02:39:11,411 LT1-callback ClientCallback.log INFO client.py                 242   log                       : PTS_LOGTYPE_SEND_EVENT Send Event 

+13860 ms
 MBTM/SR/BT/BV-35-C HCI!HCI_LE_SET_ADVERTISING_DATA{
                           advertisingDataLength=0x1F,
                           advertisingData=0x1E2A0EB9373F1C4EE9E77EAD5EE8DE78DD54512DF8860ADF1F6AD4A9B59D9A
                         }
2025-11-08 02:39:11,414 LT1-callback ClientCallback.log INFO client.py                 242   log                       : PTS_LOGTYPE_RECEIVE_EVENT Receive Event 

+13860 ms
 MBTM/SR/BT/BV-35-C HCI?HCI_LE_SET_ADVERTISING_DATA_COMPLETE_EVENT{
                           status=HCI_OK
                         }
2025-11-08 02:39:11,417 LT1-callback ClientCallback.log INFO client.py                 242   log                       : PTS_LOGTYPE_SEND_EVENT Send Event 

+13860 ms
 MBTM/SR/BT/BV-35-C HCI!HCI_LE_SET_ADVERTISE_ENABLE{
                           advertisingEnable=HCI_LE_ADVERTISING_ENABLE
                         }
2025-11-08 02:39:11,420 LT1-callback ClientCallback.log INFO client.py                 242   log                       : PTS_LOGTYPE_RECEIVE_EVENT Receive Event 

+13860 ms
 MBTM/SR/BT/BV-35-C HCI?HCI_LE_SET_ADVERTISE_ENABLE_COMMAND_COMPLETE_EVENT{
                           status=HCI_OK
                         }
2025-11-08 02:39:11,423 LT1-callback ClientCallback.log INFO client.py                 242   log                       : PTS_LOGTYPE_SEND_EVENT Send Event 

+13891 ms
 MBTM/SR/BT/BV-35-C HCI!HCI_LE_SET_ADVERTISE_ENABLE{
                           advertisingEnable=HCI_LE_ADVERTISING_DISABLE
                         }
2025-11-08 02:39:11,426 LT1-callback ClientCallback.log INFO client.py                 242   log                       : PTS_LOGTYPE_RECEIVE_EVENT Receive Event 

+13891 ms
 MBTM/SR/BT/BV-35-C HCI?HCI_LE_SET_ADVERTISE_ENABLE_COMMAND_COMPLETE_EVENT{
                           status=HCI_OK
                         }
2025-11-08 02:39:11,429 LT1-callback ClientCallback.log INFO client.py                 242   log                       : PTS_LOGTYPE_MESSAGE TestCaseEventHandler.Wait, Input 

+14047 ms
 MBTM/SR/BT/BV-35-C MeshApplicationData::NetworkHeader
NetworkHeader:
NID:(lt)WildCard:Exists(gt)
IVI:(lt)WildCard:Exists(gt)
TTL:(lt)WildCard:Exists(gt)
CTL:(lt)WildCard:Exists(gt)
SEQ:(lt)WildCard:Exists(gt)
SRC:[0x0002]
DST:[
                           0x0001
                         ]
TransportPDU:(lt)WildCard:Exists(gt)
MeshApplicationData::ApplicationData
ConfigurationClient:
OpCode:[
                           0x803E
                         ]ModelAppStatus
Status:(lt)WildCard:Exists(gt)
ElementAddress:(lt)WildCard:Exists(gt)
AppKeyIndex:(lt)WildCard:Exists(gt)
ModelIdentifier:(lt)WildCard:Exists(gt)
2025-11-08 02:39:11,433 LT1-callback ClientCallback.log INFO client.py                 242   log                       : PTS_LOGTYPE_MESSAGE Verdict Description 

+14047 ms
 MBTM/SR/BT/BV-35-C ***** Waiting for: MeshApplicationData::Network Header
Network Header: 
    NID: (lt)WildCard: Exists(gt)
    IVI: (lt)WildCard: Exists(gt)
    TTL: (lt)WildCard: Exists(gt)
    CTL: (lt)WildCard: Exists(gt)
    SEQ: (lt)WildCard: Exists(gt)
    SRC: [0x0002]
    DST: [0x0001]
    TransportPDU: (lt)WildCard: Exists(gt)
MeshApplicationData::Application Data
Configuration Client: 
    Op Code: [0x803E] Model App Status
    Status: (lt)WildCard: Exists(gt)
    ElementAddress: (lt)WildCard: Exists(gt)
    AppKey Index: (lt)WildCard: Exists(gt)
    Model Identifier: (lt)WildCard: Exists(gt)


2025-11-08 02:39:11,437 LT1-callback ClientCallback.log INFO client.py                 242   log                       : PTS_LOGTYPE_MESSAGE TestCaseEventHandler.Wait, Received 

+14047 ms
 MBTM/SR/BT/BV-35-C MeshTransportEventlowertransportheaderTransportHeader:
OpCode:[0x00]SegmentAcknowledgement
SEG:[
                           0x00
                         ]unsegmentedmessage
SeqZero_13_6:[
                           0x00
                         ]
OBO:[
                           0x00
                         ]
RFU:[
                           0x00
                         ]
SeqZero_5_0:[
                           0x10
                         ]
BlockAck:[
                           0x00000001
                         ]MeshNetworkData::MeshNetworkNetworkHeader:
NID:[
                           0x0E
                         ]
IVI:[
                           0x00
                         ]
TTL:[
                           0x07
                         ]
CTL:[
                           0x01
                         ]
SEQ:[
                           0x00001A
                         ]
SRC:[
                           0x0002
                         ]
DST:[
                           0x0001
                         ]
TransportPDU:[
                           0x00004000000001
                         ]
2025-11-08 02:39:11,445 LT1-callback ClientCallback.log INFO client.py                 242   log                       : PTS_LOGTYPE_MESSAGE Verdict Description 

+14172 ms
 MBTM/SR/BT/BV-35-C ApplicationLayer Poll Received Value :
Network header = Network Header: 
    NID: [0x0E]
    IVI: [0x00]
    TTL: [0x07]
    CTL: [0x00]
    SEQ: [0x00001B]
    SRC: [0x0002]
    DST: [0x0001]
    TransportPDU: [0x002BEEB76F26790603D660A0F28D]
Received Access Payload = 803E00030000000314


2025-11-08 02:39:11,498 LT1-callback ClientCallback.log INFO client.py                 242   log                       : PTS_LOGTYPE_MESSAGE Verdict Description 

+14172 ms
 MBTM/SR/BT/BV-35-C MeshApplicationLayer Broadcast value Configuration Server: 
    Op Code: [0x803E] Model App Status
    Status: [0 (0x00)]
    ElementAddress: [3 (0x0003)]
    AppKey Index: [0 (0x0000)]
    Model Identifier: [0x0314]

2025-11-08 02:39:11,501 LT1-callback ClientCallback.log INFO client.py                 242   log                       : PTS_LOGTYPE_MESSAGE TestCaseEventHandler.Wait, Received 

+14172 ms
 MBTM/SR/BT/BV-35-C MeshTransportEventlowertransportheaderNetworkHeader:
AID:[0x00]
AKF:[
                           0x00
                         ]
SEG:[
                           0x00
                         ]unsegmentedmessage
UpperTransportPDU:[
                           0x2BEEB76F26790603D660A0F28D
                         ]MeshNetworkData::MeshNetworkNetworkHeader:
NID:[
                           0x0E
                         ]
IVI:[
                           0x00
                         ]
TTL:[
                           0x07
                         ]
CTL:[
                           0x00
                         ]
SEQ:[
                           0x00001B
                         ]
SRC:[
                           0x0002
                         ]
DST:[
                           0x0001
                         ]
TransportPDU:[
                           0x002BEEB76F26790603D660A0F28D
                         ]
2025-11-08 02:39:11,506 LT1-callback ClientCallback.log INFO client.py                 242   log                       : PTS_LOGTYPE_MESSAGE TestCaseEventHandler.Wait, Received 

+14172 ms
 MBTM/SR/BT/BV-35-C MeshTransportEventUpperTransportaccesspayload803E00030000000314MeshNetworkData::MeshNetworkNetworkHeader:
NID:[0x0E]
IVI:[
                           0x00
                         ]
TTL:[
                           0x07
                         ]
CTL:[
                           0x00
                         ]
SEQ:[
                           0x00001B
                         ]
SRC:[
                           0x0002
                         ]
DST:[
                           0x0001
                         ]
TransportPDU:[
                           0x002BEEB76F26790603D660A0F28D
                         ]
2025-11-08 02:39:11,511 LT1-callback ClientCallback.log INFO client.py                 242   log                       : PTS_LOGTYPE_MESSAGE TestCaseEventHandler.Wait, Received 

+14188 ms
 MBTM/SR/BT/BV-35-C MeshApplicationData::NetworkHeader
NetworkHeader:
NID:[0x0E]
IVI:[
                           0x00
                         ]
TTL:[
                           0x07
                         ]
CTL:[
                           0x00
                         ]
SEQ:[
                           0x00001B
                         ]
SRC:[
                           0x0002
                         ]
DST:[
                           0x0001
                         ]
TransportPDU:[
                           0x002BEEB76F26790603D660A0F28D
                         ]
MeshApplicationData::ApplicationData
ConfigurationServer:
OpCode:[
                           0x803E
                         ]ModelAppStatus
Status:[
                           0(0x00)
                         ]
ElementAddress:[
                           3(0x0003)
                         ]
AppKeyIndex:[
                           0(0x0000)
                         ]
ModelIdentifier:[
                           0x0314
                         ]
2025-11-08 02:39:11,516 LT1-callback ClientCallback.log INFO client.py                 242   log                       : PTS_LOGTYPE_MESSAGE Verdict Description 

+14188 ms
 MBTM/SR/BT/BV-35-C Response received: Op Code: [0x803E] Model App Status

2025-11-08 02:39:11,520 LT1-callback ClientCallback.log INFO client.py                 242   log                       : PTS_LOGTYPE_PRELIMINARY_VERDICT Pass 

+14188 ms
 MBTM/SR/BT/BV-35-C App key bind to model id = 0x1403 successfully.

2025-11-08 02:39:11,523 LT1-callback ClientCallback.log INFO client.py                 242   log                       : PTS_LOGTYPE_MESSAGE Verdict Description 

+14188 ms
 MBTM/SR/BT/BV-35-C App key bind to model id = 0x1403 successfully.

2025-11-08 02:39:11,526 LT1-callback ClientCallback.log INFO client.py                 242   log                       : PTS_LOGTYPE_MESSAGE Verdict Description 

+14204 ms
 MBTM/SR/BT/BV-35-C SendAndReceive
**** Sending: Op Code: [0x803D] Model App Bind
**** Waiting for: Op Code: [0x803E] Model App Status


2025-11-08 02:39:11,529 LT1-callback ClientCallback.log INFO client.py                 242   log                       : PTS_LOGTYPE_MESSAGE Verdict Description 

+14204 ms
 MBTM/SR/BT/BV-35-C MeshApplicationLayer SendValue 
Configuration Client: 
    Op Code: [0x803D] Model App Bind
    ElementAddress: [3 (0x0003)]
    AppKey Index: [0 (0x0000)]
    Model Identifier: [0x0014]
Send Access Payload = 803D030000000014


2025-11-08 02:39:11,532 LT1-callback ClientCallback.log INFO client.py                 242   log                       : PTS_LOGTYPE_SEND_EVENT Send Event 

+14204 ms
 MBTM/SR/BT/BV-35-C HCI!HCI_LE_SET_ADVERTISING_DATA{
                           advertisingDataLength=0x1F,
                           advertisingData=0x1E2A0EC38230E944331E02A399D2206EE4B7E549D2E36B8B29FA140C26502D
                         }
2025-11-08 02:39:11,534 LT1-callback ClientCallback.log INFO client.py                 242   log                       : PTS_LOGTYPE_RECEIVE_EVENT Receive Event 

+14219 ms
 MBTM/SR/BT/BV-35-C HCI?HCI_LE_SET_ADVERTISING_DATA_COMPLETE_EVENT{
                           status=HCI_OK
                         }
2025-11-08 02:39:11,537 LT1-callback ClientCallback.log INFO client.py                 242   log                       : PTS_LOGTYPE_SEND_EVENT Send Event 

+14219 ms
 MBTM/SR/BT/BV-35-C HCI!HCI_LE_SET_ADVERTISE_ENABLE{
                           advertisingEnable=HCI_LE_ADVERTISING_ENABLE
                         }
2025-11-08 02:39:11,541 LT1-callback ClientCallback.log INFO client.py                 242   log                       : PTS_LOGTYPE_RECEIVE_EVENT Receive Event 

+14219 ms
 MBTM/SR/BT/BV-35-C HCI?HCI_LE_SET_ADVERTISE_ENABLE_COMMAND_COMPLETE_EVENT{
                           status=HCI_OK
                         }
2025-11-08 02:39:11,544 LT1-callback ClientCallback.log INFO client.py                 242   log                       : PTS_LOGTYPE_SEND_EVENT Send Event 

+14250 ms
 MBTM/SR/BT/BV-35-C HCI!HCI_LE_SET_ADVERTISE_ENABLE{
                           advertisingEnable=HCI_LE_ADVERTISING_DISABLE
                         }
2025-11-08 02:39:11,547 LT1-callback ClientCallback.log INFO client.py                 242   log                       : PTS_LOGTYPE_RECEIVE_EVENT Receive Event 

+14250 ms
 MBTM/SR/BT/BV-35-C HCI?HCI_LE_SET_ADVERTISE_ENABLE_COMMAND_COMPLETE_EVENT{
                           status=HCI_OK
                         }
2025-11-08 02:39:11,550 LT1-callback ClientCallback.log INFO client.py                 242   log                       : PTS_LOGTYPE_MESSAGE TestCaseEventHandler.Wait, Input 

+14407 ms
 MBTM/SR/BT/BV-35-C MeshApplicationData::NetworkHeader
NetworkHeader:
NID:(lt)WildCard:Exists(gt)
IVI:(lt)WildCard:Exists(gt)
TTL:(lt)WildCard:Exists(gt)
CTL:(lt)WildCard:Exists(gt)
SEQ:(lt)WildCard:Exists(gt)
SRC:[0x0002]
DST:[
                           0x0001
                         ]
TransportPDU:(lt)WildCard:Exists(gt)
MeshApplicationData::ApplicationData
ConfigurationClient:
OpCode:[
                           0x803E
                         ]ModelAppStatus
Status:(lt)WildCard:Exists(gt)
ElementAddress:(lt)WildCard:Exists(gt)
AppKeyIndex:(lt)WildCard:Exists(gt)
ModelIdentifier:(lt)WildCard:Exists(gt)
2025-11-08 02:39:11,553 LT1-callback ClientCallback.log INFO client.py                 242   log                       : PTS_LOGTYPE_MESSAGE Verdict Description 

+14407 ms
 MBTM/SR/BT/BV-35-C ***** Waiting for: MeshApplicationData::Network Header
Network Header: 
    NID: (lt)WildCard: Exists(gt)
    IVI: (lt)WildCard: Exists(gt)
    TTL: (lt)WildCard: Exists(gt)
    CTL: (lt)WildCard: Exists(gt)
    SEQ: (lt)WildCard: Exists(gt)
    SRC: [0x0002]
    DST: [0x0001]
    TransportPDU: (lt)WildCard: Exists(gt)
MeshApplicationData::Application Data
Configuration Client: 
    Op Code: [0x803E] Model App Status
    Status: (lt)WildCard: Exists(gt)
    ElementAddress: (lt)WildCard: Exists(gt)
    AppKey Index: (lt)WildCard: Exists(gt)
    Model Identifier: (lt)WildCard: Exists(gt)


2025-11-08 02:39:11,560 LT1-callback ClientCallback.log INFO client.py                 242   log                       : PTS_LOGTYPE_MESSAGE TestCaseEventHandler.Wait, Received 

+14407 ms
 MBTM/SR/BT/BV-35-C MeshTransportEventlowertransportheaderTransportHeader:
OpCode:[0x00]SegmentAcknowledgement
SEG:[
                           0x00
                         ]unsegmentedmessage
SeqZero_13_6:[
                           0x00
                         ]
OBO:[
                           0x00
                         ]
RFU:[
                           0x00
                         ]
SeqZero_5_0:[
                           0x11
                         ]
BlockAck:[
                           0x00000001
                         ]MeshNetworkData::MeshNetworkNetworkHeader:
NID:[
                           0x0E
                         ]
IVI:[
                           0x00
                         ]
TTL:[
                           0x07
                         ]
CTL:[
                           0x01
                         ]
SEQ:[
                           0x00001C
                         ]
SRC:[
                           0x0002
                         ]
DST:[
                           0x0001
                         ]
TransportPDU:[
                           0x00004400000001
                         ]
2025-11-08 02:39:11,568 LT1-callback ClientCallback.log INFO client.py                 242   log                       : PTS_LOGTYPE_MESSAGE Verdict Description 

+14532 ms
 MBTM/SR/BT/BV-35-C ApplicationLayer Poll Received Value :
Network header = Network Header: 
    NID: [0x0E]
    IVI: [0x00]
    TTL: [0x07]
    CTL: [0x00]
    SEQ: [0x00001D]
    SRC: [0x0002]
    DST: [0x0001]
    TransportPDU: [0x008E1CEA6F10D6C5917ECEC7CBC0]
Received Access Payload = 803E00030000000014


2025-11-08 02:39:11,571 LT1-callback ClientCallback.log INFO client.py                 242   log                       : PTS_LOGTYPE_MESSAGE Verdict Description 

+14532 ms
 MBTM/SR/BT/BV-35-C MeshApplicationLayer Broadcast value Configuration Server: 
    Op Code: [0x803E] Model App Status
    Status: [0 (0x00)]
    ElementAddress: [3 (0x0003)]
    AppKey Index: [0 (0x0000)]
    Model Identifier: [0x0014]

2025-11-08 02:39:11,574 LT1-callback ClientCallback.log INFO client.py                 242   log                       : PTS_LOGTYPE_MESSAGE TestCaseEventHandler.Wait, Received 

+14532 ms
 MBTM/SR/BT/BV-35-C MeshTransportEventlowertransportheaderNetworkHeader:
AID:[0x00]
AKF:[
                           0x00
                         ]
SEG:[
                           0x00
                         ]unsegmentedmessage
UpperTransportPDU:[
                           0x8E1CEA6F10D6C5917ECEC7CBC0
                         ]MeshNetworkData::MeshNetworkNetworkHeader:
NID:[
                           0x0E
                         ]
IVI:[
                           0x00
                         ]
TTL:[
                           0x07
                         ]
CTL:[
                           0x00
                         ]
SEQ:[
                           0x00001D
                         ]
SRC:[
                           0x0002
                         ]
DST:[
                           0x0001
                         ]
TransportPDU:[
                           0x008E1CEA6F10D6C5917ECEC7CBC0
                         ]
2025-11-08 02:39:11,579 LT1-callback ClientCallback.log INFO client.py                 242   log                       : PTS_LOGTYPE_MESSAGE TestCaseEventHandler.Wait, Received 

+14532 ms
 MBTM/SR/BT/BV-35-C MeshTransportEventUpperTransportaccesspayload803E00030000000014MeshNetworkData::MeshNetworkNetworkHeader:
NID:[0x0E]
IVI:[
                           0x00
                         ]
TTL:[
                           0x07
                         ]
CTL:[
                           0x00
                         ]
SEQ:[
                           0x00001D
                         ]
SRC:[
                           0x0002
                         ]
DST:[
                           0x0001
                         ]
TransportPDU:[
                           0x008E1CEA6F10D6C5917ECEC7CBC0
                         ]
2025-11-08 02:39:11,584 LT1-callback ClientCallback.log INFO client.py                 242   log                       : PTS_LOGTYPE_MESSAGE TestCaseEventHandler.Wait, Received 

+14532 ms
 MBTM/SR/BT/BV-35-C MeshApplicationData::NetworkHeader
NetworkHeader:
NID:[0x0E]
IVI:[
                           0x00
                         ]
TTL:[
                           0x07
                         ]
CTL:[
                           0x00
                         ]
SEQ:[
                           0x00001D
                         ]
SRC:[
                           0x0002
                         ]
DST:[
                           0x0001
                         ]
TransportPDU:[
                           0x008E1CEA6F10D6C5917ECEC7CBC0
                         ]
MeshApplicationData::ApplicationData
ConfigurationServer:
OpCode:[
                           0x803E
                         ]ModelAppStatus
Status:[
                           0(0x00)
                         ]
ElementAddress:[
                           3(0x0003)
                         ]
AppKeyIndex:[
                           0(0x0000)
                         ]
ModelIdentifier:[
                           0x0014
                         ]
2025-11-08 02:39:11,592 LT1-callback ClientCallback.log INFO client.py                 242   log                       : PTS_LOGTYPE_MESSAGE Verdict Description 

+14547 ms
 MBTM/SR/BT/BV-35-C Response received: Op Code: [0x803E] Model App Status

2025-11-08 02:39:11,595 LT1-callback ClientCallback.log INFO client.py                 242   log                       : PTS_LOGTYPE_PRELIMINARY_VERDICT Pass 

+14547 ms
 MBTM/SR/BT/BV-35-C App key bind to model id = 0x1400 successfully.

2025-11-08 02:39:11,598 LT1-callback ClientCallback.log INFO client.py                 242   log                       : PTS_LOGTYPE_MESSAGE Verdict Description 

+14547 ms
 MBTM/SR/BT/BV-35-C App key bind to model id = 0x1400 successfully.

2025-11-08 02:39:11,600 LT1-callback ClientCallback.log INFO client.py                 242   log                       : PTS_LOGTYPE_MESSAGE Verdict Description 

+14547 ms
 MBTM/SR/BT/BV-35-C SendAndReceive
**** Sending: Op Code: [0x803D] Model App Bind
**** Waiting for: Op Code: [0x803E] Model App Status


2025-11-08 02:39:11,604 LT1-callback ClientCallback.log INFO client.py                 242   log                       : PTS_LOGTYPE_MESSAGE Verdict Description 

+14547 ms
 MBTM/SR/BT/BV-35-C MeshApplicationLayer SendValue 
Configuration Client: 
    Op Code: [0x803D] Model App Bind
    ElementAddress: [3 (0x0003)]
    AppKey Index: [0 (0x0000)]
    Model Identifier: [0x0414]
Send Access Payload = 803D030000000414


2025-11-08 02:39:11,607 LT1-callback ClientCallback.log INFO client.py                 242   log                       : PTS_LOGTYPE_SEND_EVENT Send Event 

+14563 ms
 MBTM/SR/BT/BV-35-C HCI!HCI_LE_SET_ADVERTISING_DATA{
                           advertisingDataLength=0x1F,
                           advertisingData=0x1E2A0E5545D73DBA564601AF021BE746CB3957EEAEB4D0F2E1C645E00D036C
                         }
2025-11-08 02:39:11,609 LT1-callback ClientCallback.log INFO client.py                 242   log                       : PTS_LOGTYPE_RECEIVE_EVENT Receive Event 

+14563 ms
 MBTM/SR/BT/BV-35-C HCI?HCI_LE_SET_ADVERTISING_DATA_COMPLETE_EVENT{
                           status=HCI_OK
                         }
2025-11-08 02:39:11,612 LT1-callback ClientCallback.log INFO client.py                 242   log                       : PTS_LOGTYPE_SEND_EVENT Send Event 

+14563 ms
 MBTM/SR/BT/BV-35-C HCI!HCI_LE_SET_ADVERTISE_ENABLE{
                           advertisingEnable=HCI_LE_ADVERTISING_ENABLE
                         }
2025-11-08 02:39:11,615 LT1-callback ClientCallback.log INFO client.py                 242   log                       : PTS_LOGTYPE_RECEIVE_EVENT Receive Event 

+14563 ms
 MBTM/SR/BT/BV-35-C HCI?HCI_LE_SET_ADVERTISE_ENABLE_COMMAND_COMPLETE_EVENT{
                           status=HCI_OK
                         }
2025-11-08 02:39:11,618 LT1-callback ClientCallback.log INFO client.py                 242   log                       : PTS_LOGTYPE_SEND_EVENT Send Event 

+14610 ms
 MBTM/SR/BT/BV-35-C HCI!HCI_LE_SET_ADVERTISE_ENABLE{
                           advertisingEnable=HCI_LE_ADVERTISING_DISABLE
                         }
2025-11-08 02:39:11,621 LT1-callback ClientCallback.log INFO client.py                 242   log                       : PTS_LOGTYPE_RECEIVE_EVENT Receive Event 

+14610 ms
 MBTM/SR/BT/BV-35-C HCI?HCI_LE_SET_ADVERTISE_ENABLE_COMMAND_COMPLETE_EVENT{
                           status=HCI_OK
                         }
2025-11-08 02:39:11,624 LT1-callback ClientCallback.log INFO client.py                 242   log                       : PTS_LOGTYPE_MESSAGE TestCaseEventHandler.Wait, Input 

+14750 ms
 MBTM/SR/BT/BV-35-C MeshApplicationData::NetworkHeader
NetworkHeader:
NID:(lt)WildCard:Exists(gt)
IVI:(lt)WildCard:Exists(gt)
TTL:(lt)WildCard:Exists(gt)
CTL:(lt)WildCard:Exists(gt)
SEQ:(lt)WildCard:Exists(gt)
SRC:[0x0002]
DST:[
                           0x0001
                         ]
TransportPDU:(lt)WildCard:Exists(gt)
MeshApplicationData::ApplicationData
ConfigurationClient:
OpCode:[
                           0x803E
                         ]ModelAppStatus
Status:(lt)WildCard:Exists(gt)
ElementAddress:(lt)WildCard:Exists(gt)
AppKeyIndex:(lt)WildCard:Exists(gt)
ModelIdentifier:(lt)WildCard:Exists(gt)
2025-11-08 02:39:11,628 LT1-callback ClientCallback.log INFO client.py                 242   log                       : PTS_LOGTYPE_MESSAGE Verdict Description 

+14750 ms
 MBTM/SR/BT/BV-35-C ***** Waiting for: MeshApplicationData::Network Header
Network Header: 
    NID: (lt)WildCard: Exists(gt)
    IVI: (lt)WildCard: Exists(gt)
    TTL: (lt)WildCard: Exists(gt)
    CTL: (lt)WildCard: Exists(gt)
    SEQ: (lt)WildCard: Exists(gt)
    SRC: [0x0002]
    DST: [0x0001]
    TransportPDU: (lt)WildCard: Exists(gt)
MeshApplicationData::Application Data
Configuration Client: 
    Op Code: [0x803E] Model App Status
    Status: (lt)WildCard: Exists(gt)
    ElementAddress: (lt)WildCard: Exists(gt)
    AppKey Index: (lt)WildCard: Exists(gt)
    Model Identifier: (lt)WildCard: Exists(gt)


2025-11-08 02:39:11,632 LT1-callback ClientCallback.log INFO client.py                 242   log                       : PTS_LOGTYPE_MESSAGE TestCaseEventHandler.Wait, Received 

+14750 ms
 MBTM/SR/BT/BV-35-C MeshTransportEventlowertransportheaderTransportHeader:
OpCode:[0x00]SegmentAcknowledgement
SEG:[
                           0x00
                         ]unsegmentedmessage
SeqZero_13_6:[
                           0x00
                         ]
OBO:[
                           0x00
                         ]
RFU:[
                           0x00
                         ]
SeqZero_5_0:[
                           0x12
                         ]
BlockAck:[
                           0x00000001
                         ]MeshNetworkData::MeshNetworkNetworkHeader:
NID:[
                           0x0E
                         ]
IVI:[
                           0x00
                         ]
TTL:[
                           0x07
                         ]
CTL:[
                           0x01
                         ]
SEQ:[
                           0x00001E
                         ]
SRC:[
                           0x0002
                         ]
DST:[
                           0x0001
                         ]
TransportPDU:[
                           0x00004800000001
                         ]
2025-11-08 02:39:11,638 LT1-callback ClientCallback.log INFO client.py                 242   log                       : PTS_LOGTYPE_MESSAGE Verdict Description 

+14860 ms
 MBTM/SR/BT/BV-35-C ApplicationLayer Poll Received Value :
Network header = Network Header: 
    NID: [0x0E]
    IVI: [0x00]
    TTL: [0x07]
    CTL: [0x00]
    SEQ: [0x00001F]
    SRC: [0x0002]
    DST: [0x0001]
    TransportPDU: [0x005B4CDF1614E66ED8E5B0785F52]
Received Access Payload = 803E00030000000414


2025-11-08 02:39:11,642 LT1-callback ClientCallback.log INFO client.py                 242   log                       : PTS_LOGTYPE_MESSAGE Verdict Description 

+14860 ms
 MBTM/SR/BT/BV-35-C MeshApplicationLayer Broadcast value Configuration Server: 
    Op Code: [0x803E] Model App Status
    Status: [0 (0x00)]
    ElementAddress: [3 (0x0003)]
    AppKey Index: [0 (0x0000)]
    Model Identifier: [0x0414]

2025-11-08 02:39:11,645 LT1-callback ClientCallback.log INFO client.py                 242   log                       : PTS_LOGTYPE_MESSAGE TestCaseEventHandler.Wait, Received 

+14860 ms
 MBTM/SR/BT/BV-35-C MeshTransportEventlowertransportheaderNetworkHeader:
AID:[0x00]
AKF:[
                           0x00
                         ]
SEG:[
                           0x00
                         ]unsegmentedmessage
UpperTransportPDU:[
                           0x5B4CDF1614E66ED8E5B0785F52
                         ]MeshNetworkData::MeshNetworkNetworkHeader:
NID:[
                           0x0E
                         ]
IVI:[
                           0x00
                         ]
TTL:[
                           0x07
                         ]
CTL:[
                           0x00
                         ]
SEQ:[
                           0x00001F
                         ]
SRC:[
                           0x0002
                         ]
DST:[
                           0x0001
                         ]
TransportPDU:[
                           0x005B4CDF1614E66ED8E5B0785F52
                         ]
2025-11-08 02:39:11,652 LT1-callback ClientCallback.log INFO client.py                 242   log                       : PTS_LOGTYPE_MESSAGE TestCaseEventHandler.Wait, Received 

+14860 ms
 MBTM/SR/BT/BV-35-C MeshTransportEventUpperTransportaccesspayload803E00030000000414MeshNetworkData::MeshNetworkNetworkHeader:
NID:[0x0E]
IVI:[
                           0x00
                         ]
TTL:[
                           0x07
                         ]
CTL:[
                           0x00
                         ]
SEQ:[
                           0x00001F
                         ]
SRC:[
                           0x0002
                         ]
DST:[
                           0x0001
                         ]
TransportPDU:[
                           0x005B4CDF1614E66ED8E5B0785F52
                         ]
2025-11-08 02:39:11,657 LT1-callback ClientCallback.log INFO client.py                 242   log                       : PTS_LOGTYPE_MESSAGE TestCaseEventHandler.Wait, Received 

+14860 ms
 MBTM/SR/BT/BV-35-C MeshApplicationData::NetworkHeader
NetworkHeader:
NID:[0x0E]
IVI:[
                           0x00
                         ]
TTL:[
                           0x07
                         ]
CTL:[
                           0x00
                         ]
SEQ:[
                           0x00001F
                         ]
SRC:[
                           0x0002
                         ]
DST:[
                           0x0001
                         ]
TransportPDU:[
                           0x005B4CDF1614E66ED8E5B0785F52
                         ]
MeshApplicationData::ApplicationData
ConfigurationServer:
OpCode:[
                           0x803E
                         ]ModelAppStatus
Status:[
                           0(0x00)
                         ]
ElementAddress:[
                           3(0x0003)
                         ]
AppKeyIndex:[
                           0(0x0000)
                         ]
ModelIdentifier:[
                           0x0414
                         ]
2025-11-08 02:39:11,662 LT1-callback ClientCallback.log INFO client.py                 242   log                       : PTS_LOGTYPE_MESSAGE Verdict Description 

+14875 ms
 MBTM/SR/BT/BV-35-C Response received: Op Code: [0x803E] Model App Status

2025-11-08 02:39:11,667 LT1-callback ClientCallback.log INFO client.py                 242   log                       : PTS_LOGTYPE_PRELIMINARY_VERDICT Pass 

+14875 ms
 MBTM/SR/BT/BV-35-C App key bind to model id = 0x1404 successfully.

2025-11-08 02:39:11,670 LT1-callback ClientCallback.log INFO client.py                 242   log                       : PTS_LOGTYPE_MESSAGE Verdict Description 

+14875 ms
 MBTM/SR/BT/BV-35-C App key bind to model id = 0x1404 successfully.

2025-11-08 02:39:11,673 LT1-callback ClientCallback.log INFO client.py                 242   log                       : PTS_LOGTYPE_MESSAGE Verdict Description 

+14875 ms
 MBTM/SR/BT/BV-35-C SendAndReceive
**** Sending: Op Code: [0x803D] Model App Bind
**** Waiting for: Op Code: [0x803E] Model App Status


2025-11-08 02:39:11,676 LT1-callback ClientCallback.log INFO client.py                 242   log                       : PTS_LOGTYPE_MESSAGE Verdict Description 

+14875 ms
 MBTM/SR/BT/BV-35-C MeshApplicationLayer SendValue 
Configuration Client: 
    Op Code: [0x803D] Model App Bind
    ElementAddress: [4 (0x0004)]
    AppKey Index: [0 (0x0000)]
    Model Identifier: [0x0114]
Send Access Payload = 803D040000000114


2025-11-08 02:39:11,679 LT1-callback ClientCallback.log INFO client.py                 242   log                       : PTS_LOGTYPE_SEND_EVENT Send Event 

+14891 ms
 MBTM/SR/BT/BV-35-C HCI!HCI_LE_SET_ADVERTISING_DATA{
                           advertisingDataLength=0x1F,
                           advertisingData=0x1E2A0EEB6B9F335B6338F49C9F8767C35EA0FCF113D6BD3105E011C5F3F441
                         }
2025-11-08 02:39:11,682 LT1-callback ClientCallback.log INFO client.py                 242   log                       : PTS_LOGTYPE_RECEIVE_EVENT Receive Event 

+14891 ms
 MBTM/SR/BT/BV-35-C HCI?HCI_LE_SET_ADVERTISING_DATA_COMPLETE_EVENT{
                           status=HCI_OK
                         }
2025-11-08 02:39:11,684 LT1-callback ClientCallback.log INFO client.py                 242   log                       : PTS_LOGTYPE_SEND_EVENT Send Event 

+14891 ms
 MBTM/SR/BT/BV-35-C HCI!HCI_LE_SET_ADVERTISE_ENABLE{
                           advertisingEnable=HCI_LE_ADVERTISING_ENABLE
                         }
2025-11-08 02:39:11,687 LT1-callback ClientCallback.log INFO client.py                 242   log                       : PTS_LOGTYPE_RECEIVE_EVENT Receive Event 

+14907 ms
 MBTM/SR/BT/BV-35-C HCI?HCI_LE_SET_ADVERTISE_ENABLE_COMMAND_COMPLETE_EVENT{
                           status=HCI_OK
                         }
2025-11-08 02:39:11,690 LT1-callback ClientCallback.log INFO client.py                 242   log                       : PTS_LOGTYPE_SEND_EVENT Send Event 

+14938 ms
 MBTM/SR/BT/BV-35-C HCI!HCI_LE_SET_ADVERTISE_ENABLE{
                           advertisingEnable=HCI_LE_ADVERTISING_DISABLE
                         }
2025-11-08 02:39:11,693 LT1-callback ClientCallback.log INFO client.py                 242   log                       : PTS_LOGTYPE_RECEIVE_EVENT Receive Event 

+14938 ms
 MBTM/SR/BT/BV-35-C HCI?HCI_LE_SET_ADVERTISE_ENABLE_COMMAND_COMPLETE_EVENT{
                           status=HCI_OK
                         }
2025-11-08 02:39:11,696 LT1-callback ClientCallback.log INFO client.py                 242   log                       : PTS_LOGTYPE_MESSAGE TestCaseEventHandler.Wait, Input 

+15094 ms
 MBTM/SR/BT/BV-35-C MeshApplicationData::NetworkHeader
NetworkHeader:
NID:(lt)WildCard:Exists(gt)
IVI:(lt)WildCard:Exists(gt)
TTL:(lt)WildCard:Exists(gt)
CTL:(lt)WildCard:Exists(gt)
SEQ:(lt)WildCard:Exists(gt)
SRC:[0x0002]
DST:[
                           0x0001
                         ]
TransportPDU:(lt)WildCard:Exists(gt)
MeshApplicationData::ApplicationData
ConfigurationClient:
OpCode:[
                           0x803E
                         ]ModelAppStatus
Status:(lt)WildCard:Exists(gt)
ElementAddress:(lt)WildCard:Exists(gt)
AppKeyIndex:(lt)WildCard:Exists(gt)
ModelIdentifier:(lt)WildCard:Exists(gt)
2025-11-08 02:39:11,701 LT1-callback ClientCallback.log INFO client.py                 242   log                       : PTS_LOGTYPE_MESSAGE Verdict Description 

+15094 ms
 MBTM/SR/BT/BV-35-C ***** Waiting for: MeshApplicationData::Network Header
Network Header: 
    NID: (lt)WildCard: Exists(gt)
    IVI: (lt)WildCard: Exists(gt)
    TTL: (lt)WildCard: Exists(gt)
    CTL: (lt)WildCard: Exists(gt)
    SEQ: (lt)WildCard: Exists(gt)
    SRC: [0x0002]
    DST: [0x0001]
    TransportPDU: (lt)WildCard: Exists(gt)
MeshApplicationData::Application Data
Configuration Client: 
    Op Code: [0x803E] Model App Status
    Status: (lt)WildCard: Exists(gt)
    ElementAddress: (lt)WildCard: Exists(gt)
    AppKey Index: (lt)WildCard: Exists(gt)
    Model Identifier: (lt)WildCard: Exists(gt)


2025-11-08 02:39:11,705 LT1-callback ClientCallback.log INFO client.py                 242   log                       : PTS_LOGTYPE_MESSAGE TestCaseEventHandler.Wait, Received 

+15094 ms
 MBTM/SR/BT/BV-35-C MeshTransportEventlowertransportheaderTransportHeader:
OpCode:[0x00]SegmentAcknowledgement
SEG:[
                           0x00
                         ]unsegmentedmessage
SeqZero_13_6:[
                           0x00
                         ]
OBO:[
                           0x00
                         ]
RFU:[
                           0x00
                         ]
SeqZero_5_0:[
                           0x13
                         ]
BlockAck:[
                           0x00000001
                         ]MeshNetworkData::MeshNetworkNetworkHeader:
NID:[
                           0x0E
                         ]
IVI:[
                           0x00
                         ]
TTL:[
                           0x07
                         ]
CTL:[
                           0x01
                         ]
SEQ:[
                           0x000020
                         ]
SRC:[
                           0x0002
                         ]
DST:[
                           0x0001
                         ]
TransportPDU:[
                           0x00004C00000001
                         ]
2025-11-08 02:39:11,710 LT1-callback ClientCallback.log INFO client.py                 242   log                       : PTS_LOGTYPE_MESSAGE Verdict Description 

+15188 ms
 MBTM/SR/BT/BV-35-C ApplicationLayer Poll Received Value :
Network header = Network Header: 
    NID: [0x0E]
    IVI: [0x00]
    TTL: [0x07]
    CTL: [0x00]
    SEQ: [0x000021]
    SRC: [0x0002]
    DST: [0x0001]
    TransportPDU: [0x00B5524227E71BD05BCA373C6B63]
Received Access Payload = 803E00040000000114


2025-11-08 02:39:11,714 LT1-callback ClientCallback.log INFO client.py                 242   log                       : PTS_LOGTYPE_MESSAGE Verdict Description 

+15204 ms
 MBTM/SR/BT/BV-35-C MeshApplicationLayer Broadcast value Configuration Server: 
    Op Code: [0x803E] Model App Status
    Status: [0 (0x00)]
    ElementAddress: [4 (0x0004)]
    AppKey Index: [0 (0x0000)]
    Model Identifier: [0x0114]

2025-11-08 02:39:11,717 LT1-callback ClientCallback.log INFO client.py                 242   log                       : PTS_LOGTYPE_MESSAGE TestCaseEventHandler.Wait, Received 

+15204 ms
 MBTM/SR/BT/BV-35-C MeshTransportEventlowertransportheaderNetworkHeader:
AID:[0x00]
AKF:[
                           0x00
                         ]
SEG:[
                           0x00
                         ]unsegmentedmessage
UpperTransportPDU:[
                           0xB5524227E71BD05BCA373C6B63
                         ]MeshNetworkData::MeshNetworkNetworkHeader:
NID:[
                           0x0E
                         ]
IVI:[
                           0x00
                         ]
TTL:[
                           0x07
                         ]
CTL:[
                           0x00
                         ]
SEQ:[
                           0x000021
                         ]
SRC:[
                           0x0002
                         ]
DST:[
                           0x0001
                         ]
TransportPDU:[
                           0x00B5524227E71BD05BCA373C6B63
                         ]
2025-11-08 02:39:11,722 LT1-callback ClientCallback.log INFO client.py                 242   log                       : PTS_LOGTYPE_MESSAGE TestCaseEventHandler.Wait, Received 

+15204 ms
 MBTM/SR/BT/BV-35-C MeshTransportEventUpperTransportaccesspayload803E00040000000114MeshNetworkData::MeshNetworkNetworkHeader:
NID:[0x0E]
IVI:[
                           0x00
                         ]
TTL:[
                           0x07
                         ]
CTL:[
                           0x00
                         ]
SEQ:[
                           0x000021
                         ]
SRC:[
                           0x0002
                         ]
DST:[
                           0x0001
                         ]
TransportPDU:[
                           0x00B5524227E71BD05BCA373C6B63
                         ]
2025-11-08 02:39:11,727 LT1-callback ClientCallback.log INFO client.py                 242   log                       : PTS_LOGTYPE_MESSAGE TestCaseEventHandler.Wait, Received 

+15204 ms
 MBTM/SR/BT/BV-35-C MeshApplicationData::NetworkHeader
NetworkHeader:
NID:[0x0E]
IVI:[
                           0x00
                         ]
TTL:[
                           0x07
                         ]
CTL:[
                           0x00
                         ]
SEQ:[
                           0x000021
                         ]
SRC:[
                           0x0002
                         ]
DST:[
                           0x0001
                         ]
TransportPDU:[
                           0x00B5524227E71BD05BCA373C6B63
                         ]
MeshApplicationData::ApplicationData
ConfigurationServer:
OpCode:[
                           0x803E
                         ]ModelAppStatus
Status:[
                           0(0x00)
                         ]
ElementAddress:[
                           4(0x0004)
                         ]
AppKeyIndex:[
                           0(0x0000)
                         ]
ModelIdentifier:[
                           0x0114
                         ]
2025-11-08 02:39:11,733 LT1-callback ClientCallback.log INFO client.py                 242   log                       : PTS_LOGTYPE_MESSAGE Verdict Description 

+15204 ms
 MBTM/SR/BT/BV-35-C Response received: Op Code: [0x803E] Model App Status

2025-11-08 02:39:11,737 LT1-callback ClientCallback.log INFO client.py                 242   log                       : PTS_LOGTYPE_PRELIMINARY_VERDICT Pass 

+15219 ms
 MBTM/SR/BT/BV-35-C App key bind to model id = 0x1401 successfully.

2025-11-08 02:39:11,739 LT1-callback ClientCallback.log INFO client.py                 242   log                       : PTS_LOGTYPE_MESSAGE Verdict Description 

+15219 ms
 MBTM/SR/BT/BV-35-C App key bind to model id = 0x1401 successfully.

2025-11-08 02:39:11,742 LT1-callback ClientCallback.log INFO client.py                 242   log                       : PTS_LOGTYPE_MESSAGE TestCaseEventHandler.Wait, Input 

+15219 ms
 MBTM/SR/BT/BV-35-C MeshTransportEventlowertransportheaderNetworkHeader:
AID:(lt)WildCard:Exists(gt)
AKF:(lt)WildCard:Exists(gt)
SEG:(lt)WildCard:Exists(gt)NetworkHeader:
AID:(lt)WildCard:Exists(gt)
AKF:(lt)WildCard:Exists(gt)
SEG:(lt)WildCard:Exists(gt)
SegInfo:(lt)WildCard:Exists(gt)MeshNetworkData::MeshNetworkNetworkHeader:
NID:(lt)WildCard:Exists(gt)
IVI:(lt)WildCard:Exists(gt)
TTL:(lt)WildCard:Exists(gt)
CTL:[0x00]
SEQ:(lt)WildCard:Exists(gt)
SRC:(lt)WildCard:Exists(gt)
DST:(lt)WildCard:Exists(gt)
2025-11-08 02:39:11,746 LT1-callback ClientCallback.log INFO client.py                 242   log                       : PTS_LOGTYPE_MESSAGE Verdict Description 

+15219 ms
 MBTM/SR/BT/BV-35-C ***** Waiting for: MeshTransport Eventlower transport header Network Header: 
    AID: (lt)WildCard: Exists(gt)
    AKF: (lt)WildCard: Exists(gt)
    SEG: (lt)WildCard: Exists(gt)Network Header: 
    AID: (lt)WildCard: Exists(gt)
    AKF: (lt)WildCard: Exists(gt)
    SEG: (lt)WildCard: Exists(gt)
    SegInfo: (lt)WildCard: Exists(gt)MeshNetworkData:: MeshNetwork Network Header: 
    NID: (lt)WildCard: Exists(gt)
    IVI: (lt)WildCard: Exists(gt)
    TTL: (lt)WildCard: Exists(gt)
    CTL: [0x00]
    SEQ: (lt)WildCard: Exists(gt)
    SRC: (lt)WildCard: Exists(gt)
    DST: (lt)WildCard: Exists(gt)


2025-11-08 02:39:11,750 LT1-callback ClientCallback.log INFO client.py                 242   log                       : PTS_LOGTYPE_MESSAGE Verdict Description 

+16219 ms
 MBTM/SR/BT/BV-35-C Found model 0x1400 at address 0x0003.

2025-11-08 02:39:11,752 LT1-callback ClientCallback.log INFO client.py                 242   log                       : PTS_LOGTYPE_MESSAGE Verdict Description 

+16219 ms
 MBTM/SR/BT/BV-35-C SendAndReceive
**** Sending: Op Code: [0x8300] BLOB Transfer Get
**** Waiting for: Op Code: [0x8303] BLOB Transfer Status


2025-11-08 02:39:11,755 LT1-callback ClientCallback.log INFO client.py                 242   log                       : PTS_LOGTYPE_MESSAGE Verdict Description 

+16219 ms
 MBTM/SR/BT/BV-35-C MeshApplicationLayer SendValue 
BLOB Transfer Client: 
    Op Code: [0x8300] BLOB Transfer Get
Send Access Payload = 8300


2025-11-08 02:39:11,758 LT1-callback ClientCallback.log INFO client.py                 242   log                       : PTS_LOGTYPE_SEND_EVENT Send Event 

+16219 ms
 MBTM/SR/BT/BV-35-C HCI!HCI_LE_SET_ADVERTISING_DATA{
                           advertisingDataLength=0x1D,
                           advertisingData=0x1C2A0EC4A15DAB566CDB98F0DF34D11504ABEDE63B242B0483C77F49F6
                         }
2025-11-08 02:39:11,761 LT1-callback ClientCallback.log INFO client.py                 242   log                       : PTS_LOGTYPE_RECEIVE_EVENT Receive Event 

+16219 ms
 MBTM/SR/BT/BV-35-C HCI?HCI_LE_SET_ADVERTISING_DATA_COMPLETE_EVENT{
                           status=HCI_OK
                         }
2025-11-08 02:39:11,764 LT1-callback ClientCallback.log INFO client.py                 242   log                       : PTS_LOGTYPE_SEND_EVENT Send Event 

+16219 ms
 MBTM/SR/BT/BV-35-C HCI!HCI_LE_SET_ADVERTISE_ENABLE{
                           advertisingEnable=HCI_LE_ADVERTISING_ENABLE
                         }
2025-11-08 02:39:11,767 LT1-callback ClientCallback.log INFO client.py                 242   log                       : PTS_LOGTYPE_RECEIVE_EVENT Receive Event 

+16235 ms
 MBTM/SR/BT/BV-35-C HCI?HCI_LE_SET_ADVERTISE_ENABLE_COMMAND_COMPLETE_EVENT{
                           status=HCI_OK
                         }
2025-11-08 02:39:11,770 LT1-callback ClientCallback.log INFO client.py                 242   log                       : PTS_LOGTYPE_SEND_EVENT Send Event 

+16266 ms
 MBTM/SR/BT/BV-35-C HCI!HCI_LE_SET_ADVERTISE_ENABLE{
                           advertisingEnable=HCI_LE_ADVERTISING_DISABLE
                         }
2025-11-08 02:39:11,772 LT1-callback ClientCallback.log INFO client.py                 242   log                       : PTS_LOGTYPE_RECEIVE_EVENT Receive Event 

+16266 ms
 MBTM/SR/BT/BV-35-C HCI?HCI_LE_SET_ADVERTISE_ENABLE_COMMAND_COMPLETE_EVENT{
                           status=HCI_OK
                         }
2025-11-08 02:39:11,776 LT1-callback ClientCallback.log INFO client.py                 242   log                       : PTS_LOGTYPE_MESSAGE TestCaseEventHandler.Wait, Input 

+16344 ms
 MBTM/SR/BT/BV-35-C MeshApplicationData::NetworkHeader
NetworkHeader:
NID:(lt)WildCard:Exists(gt)
IVI:(lt)WildCard:Exists(gt)
TTL:(lt)WildCard:Exists(gt)
CTL:(lt)WildCard:Exists(gt)
SEQ:(lt)WildCard:Exists(gt)
SRC:[0x0003]
DST:[
                           0x0001
                         ]
TransportPDU:(lt)WildCard:Exists(gt)
MeshApplicationData::ApplicationData
BLOBTransferServer:
OpCode:[
                           0x8303
                         ]BLOBTransferStatus
Status:(lt)WildCard:Exists(gt)
RFU:[
                           0(0x00)
                         ]
TransferMode:(lt)WildCard:Exists(gt)
TransferPhase:(lt)WildCard:Exists(gt)
2025-11-08 02:39:11,780 LT1-callback ClientCallback.log INFO client.py                 242   log                       : PTS_LOGTYPE_MESSAGE Verdict Description 

+16360 ms
 MBTM/SR/BT/BV-35-C ***** Waiting for: MeshApplicationData::Network Header
Network Header: 
    NID: (lt)WildCard: Exists(gt)
    IVI: (lt)WildCard: Exists(gt)
    TTL: (lt)WildCard: Exists(gt)
    CTL: (lt)WildCard: Exists(gt)
    SEQ: (lt)WildCard: Exists(gt)
    SRC: [0x0003]
    DST: [0x0001]
    TransportPDU: (lt)WildCard: Exists(gt)
MeshApplicationData::Application Data
BLOB Transfer Server: 
    Op Code: [0x8303] BLOB Transfer Status
    Status: (lt)WildCard: Exists(gt)
    RFU: [0 (0x00)]
    Transfer Mode: (lt)WildCard: Exists(gt)
    Transfer Phase: (lt)WildCard: Exists(gt)


2025-11-08 02:39:11,784 LT1-callback ClientCallback.log INFO client.py                 242   log                       : PTS_LOGTYPE_MESSAGE TestCaseEventHandler.Wait, Received 

+16360 ms
 MBTM/SR/BT/BV-35-C MeshTransportEventlowertransportheaderTransportHeader:
OpCode:[0x00]SegmentAcknowledgement
SEG:[
                           0x00
                         ]unsegmentedmessage
SeqZero_13_6:[
                           0x00
                         ]
OBO:[
                           0x00
                         ]
RFU:[
                           0x00
                         ]
SeqZero_5_0:[
                           0x14
                         ]
BlockAck:[
                           0x00000001
                         ]MeshNetworkData::MeshNetworkNetworkHeader:
NID:[
                           0x0E
                         ]
IVI:[
                           0x00
                         ]
TTL:[
                           0x07
                         ]
CTL:[
                           0x01
                         ]
SEQ:[
                           0x000022
                         ]
SRC:[
                           0x0003
                         ]
DST:[
                           0x0001
                         ]
TransportPDU:[
                           0x00005000000001
                         ]
2025-11-08 02:39:11,789 LT1-callback ClientCallback.log INFO client.py                 242   log                       : PTS_LOGTYPE_MESSAGE Verdict Description 

+16454 ms
 MBTM/SR/BT/BV-35-C ApplicationLayer Poll Received Value :
Network header = Network Header: 
    NID: [0x0E]
    IVI: [0x00]
    TTL: [0x07]
    CTL: [0x00]
    SEQ: [0x000023]
    SRC: [0x0003]
    DST: [0x0001]
    TransportPDU: [0x55B185C0995B4270F5]
Received Access Payload = 83030000


2025-11-08 02:39:11,794 LT1-callback ClientCallback.log INFO client.py                 242   log                       : PTS_LOGTYPE_MESSAGE Verdict Description 

+16454 ms
 MBTM/SR/BT/BV-35-C MeshApplicationLayer Broadcast value BLOB Transfer Server: 
    Op Code: [0x8303] BLOB Transfer Status
    Status: [0 (0x00)] Success
    RFU: [0 (0x00)]
    Transfer Mode: [0 (0x00)] No Active Transfer
    Transfer Phase: [0 (0x00)] Inactive

2025-11-08 02:39:11,797 LT1-callback ClientCallback.log INFO client.py                 242   log                       : PTS_LOGTYPE_MESSAGE TestCaseEventHandler.Wait, Received 

+16454 ms
 MBTM/SR/BT/BV-35-C MeshTransportEventlowertransportheaderNetworkHeader:
AID:[0x15]
AKF:[
                           0x01
                         ]
SEG:[
                           0x00
                         ]unsegmentedmessage
UpperTransportPDU:[
                           0xB185C0995B4270F5
                         ]MeshNetworkData::MeshNetworkNetworkHeader:
NID:[
                           0x0E
                         ]
IVI:[
                           0x00
                         ]
TTL:[
                           0x07
                         ]
CTL:[
                           0x00
                         ]
SEQ:[
                           0x000023
                         ]
SRC:[
                           0x0003
                         ]
DST:[
                           0x0001
                         ]
TransportPDU:[
                           0x55B185C0995B4270F5
                         ]
2025-11-08 02:39:11,802 LT1-callback ClientCallback.log INFO client.py                 242   log                       : PTS_LOGTYPE_MESSAGE TestCaseEventHandler.Wait, Received 

+16454 ms
 MBTM/SR/BT/BV-35-C MeshTransportEventUpperTransportaccesspayload83030000MeshNetworkData::MeshNetworkNetworkHeader:
NID:[0x0E]
IVI:[
                           0x00
                         ]
TTL:[
                           0x07
                         ]
CTL:[
                           0x00
                         ]
SEQ:[
                           0x000023
                         ]
SRC:[
                           0x0003
                         ]
DST:[
                           0x0001
                         ]
TransportPDU:[
                           0x55B185C0995B4270F5
                         ]
2025-11-08 02:39:11,811 LT1-callback ClientCallback.log INFO client.py                 242   log                       : PTS_LOGTYPE_MESSAGE TestCaseEventHandler.Wait, Received 

+16469 ms
 MBTM/SR/BT/BV-35-C MeshApplicationData::NetworkHeader
NetworkHeader:
NID:[0x0E]
IVI:[
                           0x00
                         ]
TTL:[
                           0x07
                         ]
CTL:[
                           0x00
                         ]
SEQ:[
                           0x000023
                         ]
SRC:[
                           0x0003
                         ]
DST:[
                           0x0001
                         ]
TransportPDU:[
                           0x55B185C0995B4270F5
                         ]
MeshApplicationData::ApplicationData
BLOBTransferServer:
OpCode:[
                           0x8303
                         ]BLOBTransferStatus
Status:[
                           0(0x00)
                         ]Success
RFU:[
                           0(0x00)
                         ]
TransferMode:[
                           0(0x00)
                         ]NoActiveTransfer
TransferPhase:[
                           0(0x00)
                         ]Inactive
2025-11-08 02:39:11,816 LT1-callback ClientCallback.log INFO client.py                 242   log                       : PTS_LOGTYPE_MESSAGE Verdict Description 

+16469 ms
 MBTM/SR/BT/BV-35-C Response received: Op Code: [0x8303] BLOB Transfer Status

2025-11-08 02:39:11,820 LT1-callback ClientCallback.log INFO client.py                 242   log                       : PTS_LOGTYPE_MESSAGE Verdict Description 

+16469 ms
 MBTM/SR/BT/BV-35-C SendAndReceive
**** Sending: Op Code: [0x8305] BLOB Block Get
**** Waiting for: Op Code: [0x67] BLOB Block Status


2025-11-08 02:39:11,825 LT1-callback ClientCallback.log INFO client.py                 242   log                       : PTS_LOGTYPE_MESSAGE Verdict Description 

+16469 ms
 MBTM/SR/BT/BV-35-C MeshApplicationLayer SendValue 
BLOB Transfer Client: 
    Op Code: [0x8305] BLOB Block Get
Send Access Payload = 8305


2025-11-08 02:39:11,829 LT1-callback ClientCallback.log INFO client.py                 242   log                       : PTS_LOGTYPE_SEND_EVENT Send Event 

+16485 ms
 MBTM/SR/BT/BV-35-C HCI!HCI_LE_SET_ADVERTISING_DATA{
                           advertisingDataLength=0x1D,
                           advertisingData=0x1C2A0E9DAC15E4E2B6F4CA58071AC647BAD3A07B8E12CB13ABB4BDF2AF
                         }
2025-11-08 02:39:11,833 LT1-callback ClientCallback.log INFO client.py                 242   log                       : PTS_LOGTYPE_RECEIVE_EVENT Receive Event 

+16485 ms
 MBTM/SR/BT/BV-35-C HCI?HCI_LE_SET_ADVERTISING_DATA_COMPLETE_EVENT{
                           status=HCI_OK
                         }
2025-11-08 02:39:11,837 LT1-callback ClientCallback.log INFO client.py                 242   log                       : PTS_LOGTYPE_SEND_EVENT Send Event 

+16485 ms
 MBTM/SR/BT/BV-35-C HCI!HCI_LE_SET_ADVERTISE_ENABLE{
                           advertisingEnable=HCI_LE_ADVERTISING_ENABLE
                         }
2025-11-08 02:39:11,840 LT1-callback ClientCallback.log INFO client.py                 242   log                       : PTS_LOGTYPE_RECEIVE_EVENT Receive Event 

+16485 ms
 MBTM/SR/BT/BV-35-C HCI?HCI_LE_SET_ADVERTISE_ENABLE_COMMAND_COMPLETE_EVENT{
                           status=HCI_OK
                         }
2025-11-08 02:39:11,843 LT1-callback ClientCallback.log INFO client.py                 242   log                       : PTS_LOGTYPE_SEND_EVENT Send Event 

+16516 ms
 MBTM/SR/BT/BV-35-C HCI!HCI_LE_SET_ADVERTISE_ENABLE{
                           advertisingEnable=HCI_LE_ADVERTISING_DISABLE
                         }
2025-11-08 02:39:11,846 LT1-callback ClientCallback.log INFO client.py                 242   log                       : PTS_LOGTYPE_RECEIVE_EVENT Receive Event 

+16516 ms
 MBTM/SR/BT/BV-35-C HCI?HCI_LE_SET_ADVERTISE_ENABLE_COMMAND_COMPLETE_EVENT{
                           status=HCI_OK
                         }
2025-11-08 02:39:11,848 LT1-callback ClientCallback.log INFO client.py                 242   log                       : PTS_LOGTYPE_SEND_EVENT Send Event 

+16969 ms
 MBTM/SR/BT/BV-35-C HCI!HCI_LE_SET_ADVERTISING_DATA{
                           advertisingDataLength=0x1D,
                           advertisingData=0x1C2A0EC41B96A6C1203AD5BAF3ED9B7B5F3740639E9821FE443393F247
                         }
2025-11-08 02:39:11,851 LT1-callback ClientCallback.log INFO client.py                 242   log                       : PTS_LOGTYPE_RECEIVE_EVENT Receive Event 

+16985 ms
 MBTM/SR/BT/BV-35-C HCI?HCI_LE_SET_ADVERTISING_DATA_COMPLETE_EVENT{
                           status=HCI_OK
                         }
2025-11-08 02:39:11,854 LT1-callback ClientCallback.log INFO client.py                 242   log                       : PTS_LOGTYPE_SEND_EVENT Send Event 

+16985 ms
 MBTM/SR/BT/BV-35-C HCI!HCI_LE_SET_ADVERTISE_ENABLE{
                           advertisingEnable=HCI_LE_ADVERTISING_ENABLE
                         }
2025-11-08 02:39:11,857 LT1-callback ClientCallback.log INFO client.py                 242   log                       : PTS_LOGTYPE_RECEIVE_EVENT Receive Event 

+16985 ms
 MBTM/SR/BT/BV-35-C HCI?HCI_LE_SET_ADVERTISE_ENABLE_COMMAND_COMPLETE_EVENT{
                           status=HCI_OK
                         }
2025-11-08 02:39:11,860 LT1-callback ClientCallback.log INFO client.py                 242   log                       : PTS_LOGTYPE_SEND_EVENT Send Event 

+17016 ms
 MBTM/SR/BT/BV-35-C HCI!HCI_LE_SET_ADVERTISE_ENABLE{
                           advertisingEnable=HCI_LE_ADVERTISING_DISABLE
                         }
2025-11-08 02:39:11,863 LT1-callback ClientCallback.log INFO client.py                 242   log                       : PTS_LOGTYPE_RECEIVE_EVENT Receive Event 

+17016 ms
 MBTM/SR/BT/BV-35-C HCI?HCI_LE_SET_ADVERTISE_ENABLE_COMMAND_COMPLETE_EVENT{
                           status=HCI_OK
                         }
2025-11-08 02:39:11,866 LT1-callback ClientCallback.log INFO client.py                 242   log                       : PTS_LOGTYPE_MESSAGE TestCaseEventHandler.Wait, Input 

+17110 ms
 MBTM/SR/BT/BV-35-C MeshApplicationData::NetworkHeader
NetworkHeader:
NID:(lt)WildCard:Exists(gt)
IVI:(lt)WildCard:Exists(gt)
TTL:(lt)WildCard:Exists(gt)
CTL:(lt)WildCard:Exists(gt)
SEQ:(lt)WildCard:Exists(gt)
SRC:[0x0003]
DST:[
                           0x0001
                         ]
TransportPDU:(lt)WildCard:Exists(gt)
MeshApplicationData::ApplicationData
BLOBTransferServer:
OpCode:[
                           0x67
                         ]BLOBBlockStatus
Status:(lt)WildCard:Exists(gt)
RFU:(lt)WildCard:Exists(gt)
Format:(lt)WildCard:Exists(gt)
BlockNumber:(lt)WildCard:Exists(gt)
ChunkSize:(lt)WildCard:Exists(gt)
2025-11-08 02:39:11,873 LT1-callback ClientCallback.log INFO client.py                 242   log                       : PTS_LOGTYPE_MESSAGE Verdict Description 

+17110 ms
 MBTM/SR/BT/BV-35-C ***** Waiting for: MeshApplicationData::Network Header
Network Header: 
    NID: (lt)WildCard: Exists(gt)
    IVI: (lt)WildCard: Exists(gt)
    TTL: (lt)WildCard: Exists(gt)
    CTL: (lt)WildCard: Exists(gt)
    SEQ: (lt)WildCard: Exists(gt)
    SRC: [0x0003]
    DST: [0x0001]
    TransportPDU: (lt)WildCard: Exists(gt)
MeshApplicationData::Application Data
BLOB Transfer Server: 
    Op Code: [0x67] BLOB Block Status
    Status: (lt)WildCard: Exists(gt)
    RFU: (lt)WildCard: Exists(gt)
    Format: (lt)WildCard: Exists(gt)
    Block Number: (lt)WildCard: Exists(gt)
    Chunk Size: (lt)WildCard: Exists(gt)


2025-11-08 02:39:11,879 LT1-callback ClientCallback.log INFO client.py                 242   log                       : PTS_LOGTYPE_MESSAGE TestCaseEventHandler.Wait, Received 

+17110 ms
 MBTM/SR/BT/BV-35-C MeshTransportEventlowertransportheaderTransportHeader:
OpCode:[0x00]SegmentAcknowledgement
SEG:[
                           0x00
                         ]unsegmentedmessage
SeqZero_13_6:[
                           0x00
                         ]
OBO:[
                           0x00
                         ]
RFU:[
                           0x00
                         ]
SeqZero_5_0:[
                           0x15
                         ]
BlockAck:[
                           0x00000001
                         ]MeshNetworkData::MeshNetworkNetworkHeader:
NID:[
                           0x0E
                         ]
IVI:[
                           0x00
                         ]
TTL:[
                           0x07
                         ]
CTL:[
                           0x01
                         ]
SEQ:[
                           0x000024
                         ]
SRC:[
                           0x0003
                         ]
DST:[
                           0x0001
                         ]
TransportPDU:[
                           0x00005400000001
                         ]
2025-11-08 02:39:11,884 LT1-callback ClientCallback.log INFO client.py                 242   log                       : PTS_LOGTYPE_MESSAGE Verdict Description 

+17204 ms
 MBTM/SR/BT/BV-35-C ApplicationLayer Poll Received Value :
Network header = Network Header: 
    NID: [0x0E]
    IVI: [0x00]
    TTL: [0x07]
    CTL: [0x00]
    SEQ: [0x000025]
    SRC: [0x0003]
    DST: [0x0001]
    TransportPDU: [0x5528B253058B8A7B71702A]
Received Access Payload = 6704FFFFFFFF


2025-11-08 02:39:11,891 LT1-callback ClientCallback.log INFO client.py                 242   log                       : PTS_LOGTYPE_MESSAGE Verdict Description 

+17219 ms
 MBTM/SR/BT/BV-35-C MeshApplicationLayer Broadcast value BLOB Transfer Server: 
    Op Code: [0x67] BLOB Block Status
    Status: [4 (0x04)] Wrong Phase
    RFU: [0 (0x00)]
    Format: [0 (0x00)] All Chunks Missing
    Block Number: [65535 (0xFFFF)]
    Chunk Size: [65535 (0xFFFF)]

2025-11-08 02:39:11,896 LT1-callback ClientCallback.log INFO client.py                 242   log                       : PTS_LOGTYPE_MESSAGE TestCaseEventHandler.Wait, Received 

+17219 ms
 MBTM/SR/BT/BV-35-C MeshTransportEventlowertransportheaderNetworkHeader:
AID:[0x15]
AKF:[
                           0x01
                         ]
SEG:[
                           0x00
                         ]unsegmentedmessage
UpperTransportPDU:[
                           0x28B253058B8A7B71702A
                         ]MeshNetworkData::MeshNetworkNetworkHeader:
NID:[
                           0x0E
                         ]
IVI:[
                           0x00
                         ]
TTL:[
                           0x07
                         ]
CTL:[
                           0x00
                         ]
SEQ:[
                           0x000025
                         ]
SRC:[
                           0x0003
                         ]
DST:[
                           0x0001
                         ]
TransportPDU:[
                           0x5528B253058B8A7B71702A
                         ]
2025-11-08 02:39:11,901 LT1-callback ClientCallback.log INFO client.py                 242   log                       : PTS_LOGTYPE_MESSAGE TestCaseEventHandler.Wait, Received 

+17219 ms
 MBTM/SR/BT/BV-35-C MeshTransportEventUpperTransportaccesspayload6704FFFFFFFFMeshNetworkData::MeshNetworkNetworkHeader:
NID:[0x0E]
IVI:[
                           0x00
                         ]
TTL:[
                           0x07
                         ]
CTL:[
                           0x00
                         ]
SEQ:[
                           0x000025
                         ]
SRC:[
                           0x0003
                         ]
DST:[
                           0x0001
                         ]
TransportPDU:[
                           0x5528B253058B8A7B71702A
                         ]
2025-11-08 02:39:11,906 LT1-callback ClientCallback.log INFO client.py                 242   log                       : PTS_LOGTYPE_MESSAGE TestCaseEventHandler.Wait, Received 

+17219 ms
 MBTM/SR/BT/BV-35-C MeshApplicationData::NetworkHeader
NetworkHeader:
NID:[0x0E]
IVI:[
                           0x00
                         ]
TTL:[
                           0x07
                         ]
CTL:[
                           0x00
                         ]
SEQ:[
                           0x000025
                         ]
SRC:[
                           0x0003
                         ]
DST:[
                           0x0001
                         ]
TransportPDU:[
                           0x5528B253058B8A7B71702A
                         ]
MeshApplicationData::ApplicationData
BLOBTransferServer:
OpCode:[
                           0x67
                         ]BLOBBlockStatus
Status:[
                           4(0x04)
                         ]WrongPhase
RFU:[
                           0(0x00)
                         ]
Format:[
                           0(0x00)
                         ]AllChunksMissing
BlockNumber:[
                           65535(0xFFFF)
                         ]
ChunkSize:[
                           65535(0xFFFF)
                         ]
2025-11-08 02:39:11,912 LT1-callback ClientCallback.log INFO client.py                 242   log                       : PTS_LOGTYPE_MESSAGE Verdict Description 

+17219 ms
 MBTM/SR/BT/BV-35-C Response received: Op Code: [0x67] BLOB Block Status

2025-11-08 02:39:11,917 LT1-callback ClientCallback.log INFO client.py                 242   log                       : PTS_LOGTYPE_MESSAGE TestCaseEventHandler.Wait, Input 

+17235 ms
 MBTM/SR/BT/BV-35-C MeshTransportEventlowertransportheaderNetworkHeader:
AID:(lt)WildCard:Exists(gt)
AKF:(lt)WildCard:Exists(gt)
SEG:(lt)WildCard:Exists(gt)NetworkHeader:
AID:(lt)WildCard:Exists(gt)
AKF:(lt)WildCard:Exists(gt)
SEG:(lt)WildCard:Exists(gt)
SegInfo:(lt)WildCard:Exists(gt)MeshNetworkData::MeshNetworkNetworkHeader:
NID:(lt)WildCard:Exists(gt)
IVI:(lt)WildCard:Exists(gt)
TTL:(lt)WildCard:Exists(gt)
CTL:[0x00]
SEQ:(lt)WildCard:Exists(gt)
SRC:(lt)WildCard:Exists(gt)
DST:(lt)WildCard:Exists(gt)
2025-11-08 02:39:11,921 LT1-callback ClientCallback.log INFO client.py                 242   log                       : PTS_LOGTYPE_MESSAGE Verdict Description 

+17235 ms
 MBTM/SR/BT/BV-35-C ***** Waiting for: MeshTransport Eventlower transport header Network Header: 
    AID: (lt)WildCard: Exists(gt)
    AKF: (lt)WildCard: Exists(gt)
    SEG: (lt)WildCard: Exists(gt)Network Header: 
    AID: (lt)WildCard: Exists(gt)
    AKF: (lt)WildCard: Exists(gt)
    SEG: (lt)WildCard: Exists(gt)
    SegInfo: (lt)WildCard: Exists(gt)MeshNetworkData:: MeshNetwork Network Header: 
    NID: (lt)WildCard: Exists(gt)
    IVI: (lt)WildCard: Exists(gt)
    TTL: (lt)WildCard: Exists(gt)
    CTL: [0x00]
    SEQ: (lt)WildCard: Exists(gt)
    SRC: (lt)WildCard: Exists(gt)
    DST: (lt)WildCard: Exists(gt)


2025-11-08 02:39:11,925 LT1-callback ClientCallback.log INFO client.py                 242   log                       : PTS_LOGTYPE_SEND_EVENT Send Event 

+18235 ms
 MBTM/SR/BT/BV-35-C HCI!HCI_LE_SET_SCAN_ENABLE{
                           leScanEnable=HCI_LE_SCAN_DISABLE,
                           filterDuplicates=HCI_LE_DUPLICATE_FILTERING_DISABLE
                         }
2025-11-08 02:39:11,928 LT1-callback ClientCallback.log INFO client.py                 242   log                       : PTS_LOGTYPE_RECEIVE_EVENT Receive Event 

+18235 ms
 MBTM/SR/BT/BV-35-C HCI?HCI_LE_SET_SCAN_ENABLE_COMPLETE_EVENT{
                           status=HCI_OK
                         }
2025-11-08 02:39:11,931 LT1-callback ClientCallback.log INFO client.py                 242   log                       : PTS_LOGTYPE_SEND_EVENT Send Event 

+18235 ms
 MBTM/SR/BT/BV-35-C HCI!HCI_RESET
2025-11-08 02:39:11,933 LT1-callback ClientCallback.log INFO client.py                 242   log                       : PTS_LOGTYPE_RECEIVE_EVENT Receive Event 

+18235 ms
 MBTM/SR/BT/BV-35-C HCI?HCI_RESET_COMPLETE_EVENT{
                           status=HCI_OK
                         }
2025-11-08 02:39:11,936 LT1-callback ClientCallback.log INFO client.py                 242   log                       : PTS_LOGTYPE_RECEIVE_EVENT Receive Event 

+19250 ms
 MBTM/SR/BT/BV-35-C HCI?HCI_RESET_COMPLETE_EVENT{
                           status=HCI_OK
                         }
2025-11-08 02:39:11,939 LT1-callback ClientCallback.log INFO client.py                 242   log                       : PTS_LOGTYPE_FINAL_VERDICT Final Verdict 

+20782 ms
 MBTM/SR/BT/BV-35-C PASS

2025-11-08 02:39:11,942 LT1-callback ClientCallback.log INFO client.py                 242   log                       : PTS_LOGTYPE_FINAL_VERDICT Encrypted Verdict 

+20782 ms
 MBTM/SR/BT/BV-35-C A1#ZWY4MzQ5MDg3MmQwNTIxOGQzMzQ5YjY2ODA5M2MzNjQ5ZDY4NmY0Yjc2MzIzM2VkNTUyNTFhNGU4Mjg1MjI0NA==#V6MzXQWDzRCVqOB/PfNadJIw/ym45d4aOm1HARynoECs7nEt3sSV5oJZSlhAGrew

2025-11-08 02:39:11,945 LT1-callback ClientCallback.log INFO client.py                 242   log                       : PTS_LOGTYPE_END_TEST Test Case Ended 

+20782 ms
 MBTM/SR/BT/BV-35-C MBTM/SR/BT/BV-35-C

2025-11-08 02:39:13,158 LT1-callback root DEBUG client.py                 303   set_result                : ClientCallback, set_result, run_test_case, PASS
2025-11-08 02:39:13,158 LT1-thread root DEBUG client.py                 1080  _run_test_case            : After run_test_case error_code=0 status='PASS'
2025-11-08 02:39:13,159 LT1-thread root DEBUG testcase.py               755   post_run                  : post_run MBTM MBTM/SR/BT/BV-35-C 0
2025-11-08 02:39:13,159 LT1-thread root DEBUG testcase.py               254   start                     : Starting test function: class=<class 'autopts.ptsprojects.testcase.TestFuncCleanUp'>, func=<bound method Stack.cleanup of <autopts.ptsprojects.stack.stack.Stack object at 0x75f5b4c3ae90>> start_wid=None stop_wid=None post_wid=None skip_call=None call_count=1 args=() kwds={}
2025-11-08 02:39:13,159 LT1-thread root DEBUG testcase.py               266   start                     : Test function parameters: args=(), kwds={}
2025-11-08 02:39:13,159 LT1-thread root DEBUG testcase.py               254   start                     : Starting test function: class=<class 'autopts.ptsprojects.testcase.TestFuncCleanUp'>, func=<bound method ZephyrCtl.stop of <autopts.ptsprojects.zephyr.iutctl.ZephyrCtl object at 0x75f5b4c3b100>> start_wid=None stop_wid=None post_wid=None skip_call=None call_count=1 args=() kwds={}
2025-11-08 02:39:13,159 LT1-thread root DEBUG testcase.py               266   start                     : Test function parameters: args=(), kwds={}
2025-11-08 02:39:13,159 LT1-thread root DEBUG iutctl.py                 412   stop                      : <class 'autopts.ptsprojects.zephyr.iutctl.ZephyrCtl'>.stop
2025-11-08 02:39:13,159 LT1-thread root DEBUG gap.py                    1007  gap_set_powered_off       : gap_set_powered_off
2025-11-08 02:39:13,159 LT1-thread root DEBUG iutctl_common.py          161   send                      : send, 1 5 0 '0'
2025-11-08 02:39:13,159 LT1-thread root DEBUG iutctl_common.py          166   send                      : sending frame '010500010000'
2025-11-08 02:39:13,159 LT1-thread root DEBUG gap.py                    1137  gap_command_rsp_succ      : gap_command_rsp_succ
2025-11-08 02:39:13,160 LT1-thread root DEBUG iutctl_common.py          330   read                      : read
2025-11-08 02:39:13,189 BTPWorkerThread-1796 (_rx_task) root DEBUG iutctl_common.py          123   read                      : Read 5 bytes
2025-11-08 02:39:13,199 BTPWorkerThread-1796 (_rx_task) root DEBUG iutctl_common.py          131   read                      : Received: hdr: Header(svc_id=0x01, op=0x05, ctrl_index=0x00, data_len=0x04) bytearray(b'\x01\x05\x00\x04\x00')
2025-11-08 02:39:13,214 BTPWorkerThread-1796 (_rx_task) root DEBUG iutctl_common.py          139   read                      : Read 4 bytes data
2025-11-08 02:39:13,220 BTPWorkerThread-1796 (_rx_task) root DEBUG iutctl_common.py          154   read                      : Received data: {'12 02 00 00'}, bytearray(b'\x12\x02\x00\x00')
2025-11-08 02:39:13,220 LT1-thread root DEBUG gap.py                    1142  gap_command_rsp_succ      : received Header(svc_id=1, op=5, ctrl_index=0, data_len=4) (b'\x12\x02\x00\x00',)
2025-11-08 02:39:13,220 LT1-thread root DEBUG gap.py                    543   __gap_current_settings_update : __gap_current_settings_update (b'\x12\x02\x00\x00',)
2025-11-08 02:39:13,220 LT1-thread root DEBUG iutctl_common.py          407   close                     : Waiting for _rx_worker to finish ...
2025-11-08 02:39:14,220 LT1-thread root DEBUG iutctl_common.py          407   close                     : Waiting for _rx_worker to finish ...
2025-11-08 02:39:14,221 BTPWorkerThread-1796 (_rx_task) root DEBUG iutctl_common.py          323   _rx_task                  : BTPWorkerThread-1796 (_rx_task) finishing...
2025-11-08 02:39:14,222 LT1-thread root DEBUG rtt.py                    224   stop                      : <class 'autopts.rtt.BTMON'>.stop
2025-11-08 02:39:14,223 LT1-thread root DEBUG rtt.py                    112   stop                      : <class 'autopts.rtt.RTT'>.stop
2025-11-08 02:39:17,226 LT1-thread root DEBUG testcase.py               783   post_run                  : post_run, cleanup running post test case script
2025-11-08 02:39:17,226 LT1-thread root DEBUG testcase.py               791   post_run                  : post_run, run post test case script
2025-11-08 02:39:17,245 LT1-thread root DEBUG client.py                 1110  _run_test_case            : Done TestCase _run_test_case MBTM MBTM/SR/BT/BV-35-C
