Bluetooth monitor ver 5.84
btmon[3563342]: = Note: Linux version 6.8.0-83-generic (x86_64)                                                          0.034665
btmon[3563342]: = Note: Bluetooth subsystem version 2.22                                                                 0.034667
= New Index: 00:00:00:00:00:00 (Primary,UART,hci0)                                                                       0.034668
= Open Index: 00:00:00:00:00:00                                                                                          0.538692
= Index Info: 00:00:00:00:00:00 (Nordic Semiconductor ASA)                                                               0.538696
zephyr.exe[3563344]: @ USER Open: main (privileged) version 2.22                                                {0x0001} 0.538698
zephyr.exe[3563344]: < HCI Command: Reset (0x03|0x0003) plen 0                                                        #1 0.538869
> HCI Event: Command Complete (0x0e) plen 4                                                                           #2 0.539470
      Reset (0x03|0x0003) ncmd 1
        Status: Success (0x00)
zephyr.exe[3563344]: < HCI Command: Read Local Supported Features (0x04|0x0003) plen 0                                #3 0.558624
> HCI Event: Command Complete (0x0e) plen 12                                                                          #4 0.559801
      Read Local Supported Features (0x04|0x0003) ncmd 1
        Status: Success (0x00)
        Features: 0x00 0x00 0x00 0x00 0x60 0x00 0x00 0x00
          BR/EDR Not Supported
          LE Supported (Controller)
zephyr.exe[3563344]: < HCI Command: Read Local Version Information (0x04|0x0001) plen 0                               #5 0.578695
> HCI Event: Command Complete (0x0e) plen 12                                                                          #6 0.579396
      Read Local Version Information (0x04|0x0001) ncmd 1
        Status: Success (0x00)
        HCI version: Reserved (0x0e) - Revision 12520 (0x30e8)
        LMP version: Reserved (0x0e) - Subversion 12520 (0x30e8)
        Manufacturer: Nordic Semiconductor ASA (89)
zephyr.exe[3563344]: < HCI Command: Read Local Supported Commands (0x04|0x0002) plen 0                                #7 0.598675
> HCI Event: Command Complete (0x0e) plen 68                                                                          #8 0.599771
      Read Local Supported Commands (0x04|0x0002) ncmd 1
        Status: Success (0x00)
        Commands: 119 entries
          Disconnect (Octet 0 - Bit 5)
          Read Remote Version Information (Octet 2 - Bit 7)
          Set Event Mask (Octet 5 - Bit 6)
          Reset (Octet 5 - Bit 7)
          Read Connection Accept Timeout (Octet 7 - Bit 2)
          Write Connection Accept Timeout (Octet 7 - Bit 3)
          Read Transmit Power Level (Octet 10 - Bit 2)
          Set Controller To Host Flow Control (Octet 10 - Bit 5)
          Host Buffer Size (Octet 10 - Bit 6)
          Host Number of Completed Packets (Octet 10 - Bit 7)
          Read Local Version Information (Octet 14 - Bit 3)
          Read Local Supported Features (Octet 14 - Bit 5)
          Read BD ADDR (Octet 15 - Bit 1)
          Read RSSI (Octet 15 - Bit 5)
          Set Event Mask Page 2 (Octet 22 - Bit 2)
          LE Set Event Mask (Octet 25 - Bit 0)
          LE Read Buffer Size (Octet 25 - Bit 1)
          LE Read Local Supported Features (Octet 25 - Bit 2)
          LE Set Random Address (Octet 25 - Bit 4)
          LE Set Advertising Parameters (Octet 25 - Bit 5)
          LE Read Advertising Channel TX Power (Octet 25 - Bit 6)
          LE Set Advertising Data (Octet 25 - Bit 7)
          LE Set Scan Response Data (Octet 26 - Bit 0)
          LE Set Advertise Enable (Octet 26 - Bit 1)
          LE Set Scan Parameters (Octet 26 - Bit 2)
          LE Set Scan Enable (Octet 26 - Bit 3)
          LE Create Connection (Octet 26 - Bit 4)
          LE Create Connection Cancel (Octet 26 - Bit 5)
          LE Read Accept List Size (Octet 26 - Bit 6)
          LE Clear Accept List (Octet 26 - Bit 7)
          LE Add Device To Accept List (Octet 27 - Bit 0)
          LE Remove Device From Accept List (Octet 27 - Bit 1)
          LE Connection Update (Octet 27 - Bit 2)
          LE Set Host Channel Classification (Octet 27 - Bit 3)
          LE Read Channel Map (Octet 27 - Bit 4)
          LE Read Remote Used Features (Octet 27 - Bit 5)
          LE Encrypt (Octet 27 - Bit 6)
          LE Rand (Octet 27 - Bit 7)
          LE Start Encryption (Octet 28 - Bit 0)
          LE Long Term Key Request Reply (Octet 28 - Bit 1)
          LE Long Term Key Request Neg Reply (Octet 28 - Bit 2)
          LE Read Supported States (Octet 28 - Bit 3)
          LE Receiver Test (Octet 28 - Bit 4)
          LE Transmitter Test (Octet 28 - Bit 5)
          LE Test End (Octet 28 - Bit 6)
          Read Authenticated Payload Timeout (Octet 32 - Bit 4)
          Write Authenticated Payload Timeout (Octet 32 - Bit 5)
          LE Set Data Length (Octet 33 - Bit 6)
          LE Read Suggested Default Data Length (Octet 33 - Bit 7)
          LE Write Suggested Default Data Length (Octet 34 - Bit 0)
          LE Add Device To Resolving List (Octet 34 - Bit 3)
          LE Remove Device From Resolving List (Octet 34 - Bit 4)
          LE Clear Resolving List (Octet 34 - Bit 5)
          LE Read Resolving List Size (Octet 34 - Bit 6)
          LE Set Address Resolution Enable (Octet 35 - Bit 1)
          LE Set Resolvable Private Address Timeout (Octet 35 - Bit 2)
          LE Read Maximum Data Length (Octet 35 - Bit 3)
          LE Read PHY (Octet 35 - Bit 4)
          LE Set Default PHY (Octet 35 - Bit 5)
          LE Set PHY (Octet 35 - Bit 6)
          LE Enhanced Receiver Test (Octet 35 - Bit 7)
          LE Enhanced Transmitter Test (Octet 36 - Bit 0)
          LE Set Advertising Set Random Address (Octet 36 - Bit 1)
          LE Set Extended Advertising Parameters (Octet 36 - Bit 2)
          LE Set Extended Advertising Data (Octet 36 - Bit 3)
          LE Set Extended Scan Response Data (Octet 36 - Bit 4)
          LE Set Extended Advertising Enable (Octet 36 - Bit 5)
          LE Read Maximum Advertising Data Length (Octet 36 - Bit 6)
          LE Read Number of Supported Advertising Sets (Octet 36 - Bit 7)
          LE Remove Advertising Set (Octet 37 - Bit 0)
          LE Clear Advertising Sets (Octet 37 - Bit 1)
          LE Set Periodic Advertising Parameters (Octet 37 - Bit 2)
          LE Set Periodic Advertising Data (Octet 37 - Bit 3)
          LE Set Periodic Advertising Enable (Octet 37 - Bit 4)
          LE Set Extended Scan Parameters (Octet 37 - Bit 5)
          LE Set Extended Scan Enable (Octet 37 - Bit 6)
          LE Extended Create Connection (Octet 37 - Bit 7)
          LE Periodic Advertising Create Sync (Octet 38 - Bit 0)
          LE Periodic Advertising Create Sync Cancel (Octet 38 - Bit 1)
          LE Periodic Advertising Terminate Sync (Octet 38 - Bit 2)
          LE Add Device To Periodic Advertiser List (Octet 38 - Bit 3)
          LE Remove Device From Periodic Advertiser List (Octet 38 - Bit 4)
          LE Clear Periodic Advertiser List (Octet 38 - Bit 5)
          LE Read Periodic Advertiser List Size (Octet 38 - Bit 6)
          LE Read Transmit Power (Octet 38 - Bit 7)
          LE Read RF Path Compensation (Octet 39 - Bit 0)
          LE Write RF Path Compensation (Octet 39 - Bit 1)
          LE Set Privacy Mode (Octet 39 - Bit 2)
          LE Periodic Advertising Receive Enable (Octet 40 - Bit 5)
          LE Periodic Advertising Sync Transfer (Octet 40 - Bit 6)
          LE Periodic Advertising Set Info Transfer (Octet 40 - Bit 7)
          LE Periodic Advertising Sync Transfer Parameters (Octet 41 - Bit 0)
          LE Set Default Periodic Advertisng Sync Transfer Parameters (Octet 41 - Bit 1)
          LE Read Buffer v2 (Octet 41 - Bit 5)
          LE Read ISO TX Sync (Octet 41 - Bit 6)
          LE Set Connected Isochronous Group Parameters (Octet 41 - Bit 7)
          LE Set Connected Isochronous Group Parameters Test (Octet 42 - Bit 0)
          LE Create Connected Isochronous Stream (Octet 42 - Bit 1)
          LE Remove Connected Isochronous Group (Octet 42 - Bit 2)
          LE Accept Connected Isochronous Stream Request (Octet 42 - Bit 3)
          LE Reject Connected Isochronous Stream Request (Octet 42 - Bit 4)
          LE Create Broadcast Isochronous Group (Octet 42 - Bit 5)
          LE Create Broadcast Isochronous Group Test (Octet 42 - Bit 6)
          LE Terminate Broadcast Isochronous Group (Octet 42 - Bit 7)
          LE Broadcast Isochronous Group Create Sync (Octet 43 - Bit 0)
          LE Broadcast Isochronous Group Terminate Sync (Octet 43 - Bit 1)
          LE Request Peer SCA (Octet 43 - Bit 2)
          LE Setup Isochronous Data Path (Octet 43 - Bit 3)
          LE Remove Isochronous Data Path (Octet 43 - Bit 4)
          LE Isochronous Transmit Test (Octet 43 - Bit 5)
          LE Isochronous Receive Test (Octet 43 - Bit 6)
          LE Isochronous Read Test Counters (Octet 43 - Bit 7)
          LE Isochronous Read Test Counters (Octet 44 - Bit 0)
          LE Set Host Feature (Octet 44 - Bit 1)
          LE Read ISO link quality (Octet 44 - Bit 2)
          Octet 45 - Bit 6 
          Octet 46 - Bit 0 
          Octet 46 - Bit 1 
          Octet 46 - Bit 2 
zephyr.exe[3563344]: < HCI Command: Host Buffer Size (0x03|0x0033) plen 7                                             #9 0.618634
        ACL MTU: 255  ACL max packet: 16
        SCO MTU: 0    SCO max packet: 0
> HCI Event: Command Complete (0x0e) plen 4                                                                          #10 0.619827
      Host Buffer Size (0x03|0x0033) ncmd 1
        Status: Success (0x00)
zephyr.exe[3563344]: < HCI Command: Set Controller To Host Flow Control (0x03|0x0031) plen 1                         #11 0.638691
        Flow control: ACL Data Packets (0x01)
> HCI Event: Command Complete (0x0e) plen 4                                                                          #12 0.639327
      Set Controller To Host Flow Control (0x03|0x0031) ncmd 1
        Status: Success (0x00)
zephyr.exe[3563344]: < HCI Command: LE Read Local Supported Features (0x08|0x0003) plen 0                            #13 0.658708
> HCI Event: Command Complete (0x0e) plen 12                                                                         #14 0.659417
      LE Read Local Supported Features (0x08|0x0003) ncmd 1
        Status: Success (0x00)
        Features: 0xfd 0x79 0x00 0xf7 0x30 0x01 0x00 0x00
          LE Encryption
          Extended Reject Indication
          Peripheral-initiated Features Exchange
          LE Ping
          LE Data Packet Length Extension
          LL Privacy
          Extended Scanner Filter Policies
          LE 2M PHY
          LE Coded PHY
          LE Extended Advertising
          LE Periodic Advertising
          Channel Selection Algorithm #2
          Periodic Advertising Sync Transfer - Sender
          Periodic Advertising Sync Transfer - Recipient
          Sleep Clock Accuracy Updates
          Connected Isochronous Stream - Central
          Connected Isochronous Stream - Peripheral
          Isochronous Broadcaster
          Synchronized Receiver
          Periodic Advertising ADI support
          Connection Subrating
          Unknown features (0x0000010000000000)
zephyr.exe[3563344]: < HCI Command: LE Set Host Feature (0x08|0x0074) plen 2                                         #15 0.678660
        Bit Number: 32
          Connected Isochronous Stream (Host Support)
        Bit Value: 1
> HCI Event: Command Complete (0x0e) plen 4                                                                          #16 0.679277
      LE Set Host Feature (0x08|0x0074) ncmd 1
        Status: Success (0x00)
zephyr.exe[3563344]: < HCI Command: LE Read Buffer v2 (0x08|0x0060) plen 0                                           #17 0.698666
> HCI Event: Command Complete (0x0e) plen 10                                                                         #18 0.699434
      LE Read Buffer v2 (0x08|0x0060) ncmd 1
        Status: Success (0x00)
        ACL MTU: 27
        ACL max packet: 3
        ISO MTU: 318
        ISO max packet: 3
zephyr.exe[3563344]: < HCI Command: LE Read Maximum Advertising Data Length (0x08|0x003a) plen 0                     #19 0.718708
> HCI Event: Command Complete (0x0e) plen 6                                                                          #20 0.719357
      LE Read Maximum Advertising Data Length (0x08|0x003a) ncmd 1
        Status: Success (0x00)
        Max length: 1650
zephyr.exe[3563344]: < HCI Command: LE Read Supported States (0x08|0x001c) plen 0                                    #21 0.738695
> HCI Event: Command Complete (0x0e) plen 12                                                                         #22 0.739622
      LE Read Supported States (0x08|0x001c) ncmd 1
        Status: Success (0x00)
        States: 0x000003ff3e0306ff
          Non-connectable Advertising State
          Scannable Advertising State
          Connectable Advertising State
          High Duty Cycle Directed Advertising State
          Passive Scanning State
          Active Scanning State
          Initiating State
            and Connection State (Central Role)
          Connection State (Peripheral Role)
          Scannable Advertising State
            and Passive Scanning State
          Connectable Advertising State
            and Passive Scanning State
          Non-connectable Advertising State
            and Initiating State
          Scannable Advertising State
            and Initiating State
          Active Scanning State
            and Connection State (Central Role)
          Passive Scanning State
            and Connection State (Peripheral Role)
          Active Scanning State
            and Connection State (Peripheral Role)
          Initiating State
            and Connection State (Central Role)
            and Central Role & Central Role
          Low Duty Cycle Directed Advertising State
          Connectable Advertising State
            and Initiating State
            and Central Role & Peripheral Role
          High Duty Cycle Directed Advertising State
            and Initiating State
            and Central Role & Peripheral Role
          Low Duty Cycle Directed Advertising State
            and Initiating State
            and Central Role & Peripheral Role
          Connectable Advertising State
            and Connection State (Central Role)
            and Central Role & Peripheral Role
          High Duty Cycle Directed Advertising State
            and Connection State (Central Role)
            and Central Role & Peripheral Role
          Low Duty Cycle Directed Advertising State
            and Connection State (Central Role)
            and Central Role & Peripheral Role
          Connectable Advertising State
            and Connection State (Peripheral Role)
            and Central Role & Peripheral Role
          High Duty Cycle Directed Advertising State
            and Connection State (Peripheral Role)
            and Peripheral Role & Peripheral Role
          Low Duty Cycle Directed Advertising State
            and Connection State (Peripheral Role)
            and Peripheral Role & Peripheral Role
          Initiating State
            and Connection State (Peripheral Role)
            and Central Role & Peripheral Role
zephyr.exe[3563344]: < HCI Command: LE Read Maximum Data Length (0x08|0x002f) plen 0                                 #23 0.758700
> HCI Event: Command Complete (0x0e) plen 12                                                                         #24 0.759511
      LE Read Maximum Data Length (0x08|0x002f) ncmd 1
        Status: Success (0x00)
        Max TX octets: 251
        Max TX time: 2704
        Max RX octets: 251
        Max RX time: 2704
zephyr.exe[3563344]: < HCI Command: LE Write Suggested Default Data Length (0x08|0x0024) plen 4                      #25 0.778703
        TX octets: 251
        TX time: 2704
> HCI Event: Command Complete (0x0e) plen 4                                                                          #26 0.779328
      LE Write Suggested Default Data Length (0x08|0x0024) ncmd 1
        Status: Success (0x00)
zephyr.exe[3563344]: < HCI Command: LE Read Resolving List Size (0x08|0x002a) plen 0                                 #27 0.798693
> HCI Event: Command Complete (0x0e) plen 5                                                                          #28 0.799103
      LE Read Resolving List Size (0x08|0x002a) ncmd 1
        Status: Success (0x00)
        Size: 8
zephyr.exe[3563344]: < HCI Command: LE Set Event Mask (0x08|0x0001) plen 8                                           #29 0.818696
        Mask: 0x000002023f87fa5e
          LE Advertising Report
          LE Connection Update Complete
          LE Read Remote Used Features Complete
          LE Long Term Key Request
          LE Data Length Change
          LE Enhanced Connection Complete
          LE PHY Update Complete
          LE Extended Advertising Report
          LE Periodic Advertising Sync Established
          LE Periodic Advertising Report
          LE Periodic Advertising Sync Lost
          LE Extended Scan Timeout
          LE Extended Advertising Set Terminated
          LE Scan Request Received
          LE Periodic Advertising Sync Transfer Rvc
          LE CIS Established
          LE CIS Request
          LE Create BIG Complete
          LE Terminate BIG Complete
          LE BIG Sync Established Complete
          LE BIG Sync Lost
          LE BIG Info Advertising Report
          Unknown mask (0x0000020000000000)
> HCI Event: Command Complete (0x0e) plen 4                                                                          #30 0.819546
      LE Set Event Mask (0x08|0x0001) ncmd 1
        Status: Success (0x00)
zephyr.exe[3563344]: < HCI Command: Set Event Mask (0x03|0x0001) plen 8                                              #31 0.838697
        Mask: 0x2000800002008890
          Disconnection Complete
          Encryption Change
          Read Remote Version Information Complete
          Hardware Error
          Data Buffer Overflow
          Encryption Key Refresh Complete
          LE Meta
> HCI Event: Command Complete (0x0e) plen 4                                                                          #32 0.839671
      Set Event Mask (0x03|0x0001) ncmd 1
        Status: Success (0x00)
zephyr.exe[3563344]: < HCI Command: Read BD ADDR (0x04|0x0009) plen 0                                                #33 0.858697
> HCI Event: Command Complete (0x0e) plen 10                                                                         #34 0.859217
      Read BD ADDR (0x04|0x0009) ncmd 1
        Status: Success (0x00)
        Address: 00:00:00:00:00:00 (OUI 00-00-00)
zephyr.exe[3563344]: < HCI Command: LE Set Random Address (0x08|0x0005) plen 6                                       #35 0.878704
        Address: D5:B6:CC:31:DB:3B (Static)
> HCI Event: Command Complete (0x0e) plen 4                                                                          #36 0.879922
      LE Set Random Address (0x08|0x0005) ncmd 1
        Status: Success (0x00)
zephyr.exe[3563344]: < HCI Command: LE Set Extended Advertising Parameters (0x08|0x0036) plen 25                     #37 3.328736
        Handle: 0x00
        Properties: 0x0013
          Connectable
          Scannable
          Use legacy advertising PDUs: ADV_IND
        Min advertising interval: 100.000 msec (0x00a0)
        Max advertising interval: 150.000 msec (0x00f0)
        Channel map: 37, 38, 39 (0x07)
        Own address type: Random (0x01)
        Peer address type: Public (0x00)
        Peer address: 00:00:00:00:00:00 (OUI 00-00-00)
        Filter policy: Allow Scan Request from Any, Allow Connect Request from Any (0x00)
        TX power: Host has no preference (0x7f)
        Primary PHY: LE 1M (0x01)
        Secondary max skip: 0x00
        Secondary PHY: LE 1M (0x01)
        SID: 0x00
        Scan request notifications: Disabled (0x00)
> HCI Event: Command Complete (0x0e) plen 5                                                                          #38 3.329618
      LE Set Extended Advertising Parameters (0x08|0x0036) ncmd 1
        Status: Success (0x00)
        TX power (selected): 0 dbm (0x00)
zephyr.exe[3563344]: < HCI Command: LE Set Advertising Set Random Address (0x08|0x0035) plen 7                       #39 3.338728
        Advertising handle: 0x00
        Advertising random address: D5:B6:CC:31:DB:3B (Static)
> HCI Event: Command Complete (0x0e) plen 4                                                                          #40 3.339528
      LE Set Advertising Set Random Address (0x08|0x0035) ncmd 1
        Status: Success (0x00)
zephyr.exe[3563344]: < HCI Command: LE Set Extended Advertising Data (0x08|0x0037) plen 22                           #41 3.358707
        Handle: 0x00
        Operation: Complete extended advertising data (0x03)
        Fragment preference: Minimize fragmentation (0x01)
        Data length: 0x12
        Flags: 0x06
          LE General Discoverable Mode
          BR/EDR Not Supported
        Name (complete): Tester_F6B11A
> HCI Event: Command Complete (0x0e) plen 4                                                                          #42 3.359561
      LE Set Extended Advertising Data (0x08|0x0037) ncmd 1
        Status: Success (0x00)
zephyr.exe[3563344]: < HCI Command: LE Set Extended Scan Response Data (0x08|0x0038) plen 4                          #43 3.378735
        Handle: 0x00
        Operation: Complete scan response data (0x03)
        Fragment preference: Minimize fragmentation (0x01)
        Data length: 0x00
> HCI Event: Command Complete (0x0e) plen 4                                                                          #44 3.379631
      LE Set Extended Scan Response Data (0x08|0x0038) ncmd 1
        Status: Success (0x00)
zephyr.exe[3563344]: < HCI Command: LE Set Extended Advertising Enable (0x08|0x0039) plen 6                          #45 3.398745
        Extended advertising: Enabled (0x01)
        Number of sets: 1 (0x01)
        Entry 0
          Handle: 0x00
          Duration: 0 ms (0x00)
          Max ext adv events: 0
> HCI Event: Command Complete (0x0e) plen 4                                                                          #46 3.399431
      LE Set Extended Advertising Enable (0x08|0x0039) ncmd 1
        Status: Success (0x00)
> HCI Event: LE Meta Event (0x3e) plen 31                                                                            #47 3.509051
      LE Enhanced Connection Complete (0x0a)
        Status: Success (0x00)
        Handle: 111
        Role: Peripheral (0x01)
        Peer address type: Public (0x00)
        Peer address: DF:A9:FF:F6:B1:1A (OUI DF-A9-FF)
        Local resolvable private address: 00:00:00:00:00:00 (Non-Resolvable)
        Peer resolvable private address: 00:00:00:00:00:00 (Non-Resolvable)
        Connection interval: 87.50 msec (0x0046)
        Connection latency: 0 (0x0000)
        Supervision timeout: 25120 msec (0x09d0)
        Central clock accuracy: 0x01
> HCI Event: LE Meta Event (0x3e) plen 6                                                                             #48 3.509177
      LE Advertising Set Terminated (0x12)
        Status: Success (0x00)
        Handle: 0
        Connection handle: 111
        Number of completed extended advertising events: 0
zephyr.exe[3563344]: < HCI Command: LE Read Remote Used Features (0x08|0x0016) plen 2                                #49 3.518790
        Handle: 111 Address: DF:A9:FF:F6:B1:1A (OUI DF-A9-FF)
> HCI Event: Command Status (0x0f) plen 4                                                                            #50 3.519591
      LE Read Remote Used Features (0x08|0x0016) ncmd 1
        Status: Success (0x00)
zephyr.exe[3563344]: < ACL Data TX: Handle 111 [1/3] flags 0x00 dlen 7                                               #51 3.538786
      ATT: Exchange MTU Request (0x02) len 2
        Client RX MTU: 251
> HCI Event: Number of Completed Packets (0x13) plen 5                                                               #52 3.685087
        Num handles: 1
        Handle: 111 Address: DF:A9:FF:F6:B1:1A (OUI DF-A9-FF)
        Count: 1
        Buffers: 0/3
        #51: len 7 (0 Kb/s)
        Latency: 146 msec (146-146 msec ~146 msec)
> HCI Event: LE Meta Event (0x3e) plen 12                                                                            #53 3.773039
      LE Read Remote Used Features (0x04)
        Status: Success (0x00)
        Handle: 111 Address: DF:A9:FF:F6:B1:1A (OUI DF-A9-FF)
        Features: 0x2d 0x49 0x00 0xf7 0x67 0xd8 0x00 0x00
          LE Encryption
          Extended Reject Indication
          Peripheral-initiated Features Exchange
          LE Data Packet Length Extension
          LE 2M PHY
          LE Coded PHY
          Channel Selection Algorithm #2
          Periodic Advertising Sync Transfer - Sender
          Periodic Advertising Sync Transfer - Recipient
          Sleep Clock Accuracy Updates
          Connected Isochronous Stream - Central
          Connected Isochronous Stream - Peripheral
          Isochronous Broadcaster
          Synchronized Receiver
          Connected Isochronous Stream (Host Support)
          LE Power Control Request
          LE Power Control Request
          Connection Subrating
          Connection Subrating (Host Support)
          Unknown features (0x0000d80000000000)
> ACL Data RX: Handle 111 flags 0x02 dlen 11                                                                         #54 6.222861
      SMP: Pairing Request (0x01) len 6
        IO capability: KeyboardDisplay (0x04)
        OOB data: Authentication data not present (0x00)
        Authentication requirement: Bonding, MITM, SC, No Keypresses (0x0d)
        Max encryption key size: 16
        Initiator key distribution: EncKey IdKey (0x03)
        Responder key distribution: EncKey IdKey Sign (0x07)
> ACL Data RX: Handle 111 flags 0x02 dlen 7                                                                          #55 6.223228
      ATT: Exchange MTU Response (0x03) len 2
        Server RX MTU: 23
zephyr.exe[3563344]: < HCI Command: Host Number of Completed Packets (0x03|0x0035) plen 5                            #56 6.238813
        Num handles: 1
        Handle: 111 Address: DF:A9:FF:F6:B1:1A (OUI DF-A9-FF)
        Count: 1
zephyr.exe[3563344]: < ACL Data TX: Handle 111 [1/3] flags 0x00 dlen 11                                              #57 6.238842
      SMP: Pairing Response (0x02) len 6
        IO capability: DisplayOnly (0x00)
        OOB data: Authentication data not present (0x00)
        Authentication requirement: Bonding, No MITM, SC, No Keypresses (0x09)
        Max encryption key size: 16
        Initiator key distribution: IdKey (0x02)
        Responder key distribution: Sign (0x04)
zephyr.exe[3563344]: < HCI Command: Host Number of Completed Packets (0x03|0x0035) plen 5                            #58 6.238878
        Num handles: 1
        Handle: 111 Address: DF:A9:FF:F6:B1:1A (OUI DF-A9-FF)
        Count: 1
> HCI Event: Number of Completed Packets (0x13) plen 5                                                               #59 6.398056
        Num handles: 1
        Handle: 111 Address: DF:A9:FF:F6:B1:1A (OUI DF-A9-FF)
        Count: 1
        Buffers: 0/3
        #57: len 11 (0 Kb/s)
        Latency: 159 msec (146-159 msec ~152 msec)
> ACL Data RX: Handle 111 flags 0x02 dlen 27                                                                         #60 6.398212
> ACL Data RX: Handle 111 flags 0x01 dlen 27                                                                         #61 6.398879
> ACL Data RX: Handle 111 flags 0x01 dlen 15                                                                         #62 6.399144
      SMP: Pairing Public Key (0x0c) len 64
        X[32]: 0d65b05b655ec44b0b7f353a17b5f91ec9bb7ecd30c00ced4e5d1f3ff0ac3486
        Y[32]: eb5a03d7895116bca823335025601a77eaa39868e086a73de9001f7a362fad78
zephyr.exe[3563344]: < HCI Command: Host Number of Completed Packets (0x03|0x0035) plen 5                            #63 6.418897
        Num handles: 1
        Handle: 111 Address: DF:A9:FF:F6:B1:1A (OUI DF-A9-FF)
        Count: 1
zephyr.exe[3563344]: < HCI Command: Host Number of Completed Packets (0x03|0x0035) plen 5                            #64 6.418930
        Num handles: 1
        Handle: 111 Address: DF:A9:FF:F6:B1:1A (OUI DF-A9-FF)
        Count: 1
zephyr.exe[3563344]: < HCI Command: Host Number of Completed Packets (0x03|0x0035) plen 5                            #65 6.418984
        Num handles: 1
        Handle: 111 Address: DF:A9:FF:F6:B1:1A (OUI DF-A9-FF)
        Count: 1
zephyr.exe[3563344]: < ACL Data TX: Handle 111 [1/3] flags 0x00 dlen 27                                              #66 6.418996
zephyr.exe[3563344]: < ACL Data TX: Handle 111 flags 0x01 dlen 27                                                    #67 6.419001
zephyr.exe[3563344]: < ACL Data TX: Handle 111 flags 0x01 dlen 15                                                    #68 6.419005
      SMP: Pairing Public Key (0x0c) len 64
        X[32]: 98308440221e2d910f0e54b71e7ec652857aa9b5a0dc65028824cc19db1226e9
        Y[32]: 67a4816bcb62efb21701e31fdb27561a6217575fb007a8bbdabe7e28b6f68482
> HCI Event: Number of Completed Packets (0x13) plen 5                                                               #69 6.485796
        Num handles: 1
        Handle: 111 Address: DF:A9:FF:F6:B1:1A (OUI DF-A9-FF)
        Count: 1
        Buffers: 0/3
        #66: len 27 (3 Kb/s)
        Latency: 66 msec (66-159 msec ~109 msec)
> HCI Event: Number of Completed Packets (0x13) plen 5                                                               #70 6.486411
        Num handles: 1
        Handle: 111 Address: DF:A9:FF:F6:B1:1A (OUI DF-A9-FF)
        Count: 1
        Buffers: underflow/3
        #67: len 27 (3 Kb/s)
        Latency: 67 msec (66-159 msec ~88 msec)
> HCI Event: Number of Completed Packets (0x13) plen 5                                                               #71 6.572699
        Num handles: 1
        Handle: 111 Address: DF:A9:FF:F6:B1:1A (OUI DF-A9-FF)
        Count: 1
        Buffers: underflow/3
        #68: len 15 (0 Kb/s)
        Latency: 153 msec (66-159 msec ~121 msec)
> ACL Data RX: Handle 111 flags 0x02 dlen 21                                                                         #72 7.535489
      SMP: Pairing Confirm (0x03) len 16
        Confirm value[16]: ed293a4f839f659fecbed2b813b393f9
zephyr.exe[3563344]: < HCI Command: Host Number of Completed Packets (0x03|0x0035) plen 5                            #73 7.538884
        Num handles: 1
        Handle: 111 Address: DF:A9:FF:F6:B1:1A (OUI DF-A9-FF)
        Count: 1
zephyr.exe[3563344]: < ACL Data TX: Handle 111 [1/3] flags 0x00 dlen 21                                              #74 7.538890
      SMP: Pairing Confirm (0x03) len 16
        Confirm value[16]: d536d8a3e038afe8a1aa6d20c630fc5d
> HCI Event: Number of Completed Packets (0x13) plen 5                                                               #75 7.710248
        Num handles: 1
        Handle: 111 Address: DF:A9:FF:F6:B1:1A (OUI DF-A9-FF)
        Count: 1
        Buffers: 0/3
        #74: len 21 (0 Kb/s)
        Latency: 171 msec (66-171 msec ~146 msec)
> ACL Data RX: Handle 111 flags 0x02 dlen 21                                                                         #76 7.710546
      SMP: Pairing Random (0x04) len 16
        Random value[16]: 6837d52745cba4450000000000000000
zephyr.exe[3563344]: < HCI Command: Host Number of Completed Packets (0x03|0x0035) plen 5                            #77 7.718890
        Num handles: 1
        Handle: 111 Address: DF:A9:FF:F6:B1:1A (OUI DF-A9-FF)
        Count: 1
zephyr.exe[3563344]: < ACL Data TX: Handle 111 [1/3] flags 0x00 dlen 21                                              #78 7.718895
      SMP: Pairing Random (0x04) len 16
        Random value[16]: 8e6108f966a694cbe26df70bb96773e6
> HCI Event: Number of Completed Packets (0x13) plen 5                                                               #79 7.884975
        Num handles: 1
        Handle: 111 Address: DF:A9:FF:F6:B1:1A (OUI DF-A9-FF)
        Count: 1
        Buffers: 0/3
        #78: len 21 (1 Kb/s)
        Latency: 166 msec (66-171 msec ~156 msec)
> ACL Data RX: Handle 111 flags 0x02 dlen 21                                                                         #80 7.973053
      SMP: Pairing Confirm (0x03) len 16
        Confirm value[16]: 0f16375fcd3189b032a85c4b381216bd
zephyr.exe[3563344]: < HCI Command: Host Number of Completed Packets (0x03|0x0035) plen 5                            #81 7.978911
        Num handles: 1
        Handle: 111 Address: DF:A9:FF:F6:B1:1A (OUI DF-A9-FF)
        Count: 1
zephyr.exe[3563344]: < ACL Data TX: Handle 111 [1/3] flags 0x00 dlen 21                                              #82 7.978955
      SMP: Pairing Confirm (0x03) len 16
        Confirm value[16]: ccdf56217c1c2986e94584f341e5d54b
> HCI Event: Number of Completed Packets (0x13) plen 5                                                               #83 8.147848
        Num handles: 1
        Handle: 111 Address: DF:A9:FF:F6:B1:1A (OUI DF-A9-FF)
        Count: 1
        Buffers: 0/3
        #82: len 21 (1 Kb/s)
        Latency: 168 msec (66-171 msec ~162 msec)
> ACL Data RX: Handle 111 flags 0x02 dlen 21                                                                         #84 8.148028
      SMP: Pairing Random (0x04) len 16
        Random value[16]: 6e881d14e1a3b0870000000000000000
zephyr.exe[3563344]: < HCI Command: Host Number of Completed Packets (0x03|0x0035) plen 5                            #85 8.158859
        Num handles: 1
        Handle: 111 Address: DF:A9:FF:F6:B1:1A (OUI DF-A9-FF)
        Count: 1
zephyr.exe[3563344]: < ACL Data TX: Handle 111 [1/3] flags 0x00 dlen 21                                              #86 8.158880
      SMP: Pairing Random (0x04) len 16
        Random value[16]: 4d02679f89a05211af56d8b3da64d21e
> HCI Event: Number of Completed Packets (0x13) plen 5                                                               #87 8.322852
        Num handles: 1
        Handle: 111 Address: DF:A9:FF:F6:B1:1A (OUI DF-A9-FF)
        Count: 1
        Buffers: 0/3
        #86: len 21 (1 Kb/s)
        Latency: 163 msec (66-171 msec ~163 msec)
> ACL Data RX: Handle 111 flags 0x02 dlen 21                                                                         #88 8.410489
      SMP: Pairing Confirm (0x03) len 16
        Confirm value[16]: 120f5ec713afc8110a6f6ad5df044af1
zephyr.exe[3563344]: < HCI Command: Host Number of Completed Packets (0x03|0x0035) plen 5                            #89 8.418913
        Num handles: 1
        Handle: 111 Address: DF:A9:FF:F6:B1:1A (OUI DF-A9-FF)
        Count: 1
zephyr.exe[3563344]: < ACL Data TX: Handle 111 [1/3] flags 0x00 dlen 21                                              #90 8.418951
      SMP: Pairing Confirm (0x03) len 16
        Confirm value[16]: 62af1ba0e3b3b0e1f0aa9b0ef3feea33
> HCI Event: Number of Completed Packets (0x13) plen 5                                                               #91 8.585192
        Num handles: 1
        Handle: 111 Address: DF:A9:FF:F6:B1:1A (OUI DF-A9-FF)
        Count: 1
        Buffers: 0/3
        #90: len 21 (1 Kb/s)
        Latency: 166 msec (66-171 msec ~164 msec)
> ACL Data RX: Handle 111 flags 0x02 dlen 21                                                                         #92 8.585632
      SMP: Pairing Random (0x04) len 16
        Random value[16]: ada6c0cf1dd926710000000000000000
zephyr.exe[3563344]: < HCI Command: Host Number of Completed Packets (0x03|0x0035) plen 5                            #93 8.598879
        Num handles: 1
        Handle: 111 Address: DF:A9:FF:F6:B1:1A (OUI DF-A9-FF)
        Count: 1
zephyr.exe[3563344]: < ACL Data TX: Handle 111 [1/3] flags 0x00 dlen 21                                              #94 8.598932
      SMP: Pairing Random (0x04) len 16
        Random value[16]: 5e8286bc235a02440d0c3424a2acf8fd
> HCI Event: Number of Completed Packets (0x13) plen 5                                                               #95 8.760019
        Num handles: 1
        Handle: 111 Address: DF:A9:FF:F6:B1:1A (OUI DF-A9-FF)
        Count: 1
        Buffers: 0/3
        #94: len 21 (1 Kb/s)
        Latency: 161 msec (66-171 msec ~162 msec)
> ACL Data RX: Handle 111 flags 0x02 dlen 21                                                                         #96 8.847813
      SMP: Pairing Confirm (0x03) len 16
        Confirm value[16]: efa53b8f2d0b1442be78e8005d8ccb03
zephyr.exe[3563344]: < HCI Command: Host Number of Completed Packets (0x03|0x0035) plen 5                            #97 8.858948
        Num handles: 1
        Handle: 111 Address: DF:A9:FF:F6:B1:1A (OUI DF-A9-FF)
        Count: 1
zephyr.exe[3563344]: < ACL Data TX: Handle 111 [1/3] flags 0x00 dlen 21                                              #98 8.858953
      SMP: Pairing Confirm (0x03) len 16
        Confirm value[16]: 81badf58d57c91aa0b1489505db15344
> HCI Event: Number of Completed Packets (0x13) plen 5                                                               #99 9.023395
        Num handles: 1
        Handle: 111 Address: DF:A9:FF:F6:B1:1A (OUI DF-A9-FF)
        Count: 1
        Buffers: 0/3
        #98: len 21 (1 Kb/s)
        Latency: 164 msec (66-171 msec ~163 msec)
> ACL Data RX: Handle 111 flags 0x02 dlen 21                                                                        #100 9.023397
      SMP: Pairing Random (0x04) len 16
        Random value[16]: d2fc3f382a3692a30000000000000000
zephyr.exe[3563344]: < HCI Command: Host Number of Completed Packets (0x03|0x0035) plen 5                           #101 9.038895
        Num handles: 1
        Handle: 111 Address: DF:A9:FF:F6:B1:1A (OUI DF-A9-FF)
        Count: 1
zephyr.exe[3563344]: < ACL Data TX: Handle 111 [1/3] flags 0x00 dlen 21                                             #102 9.038901
      SMP: Pairing Random (0x04) len 16
        Random value[16]: 5c4a1bcadd27bd58e945097b00bad7ac
> HCI Event: Number of Completed Packets (0x13) plen 5                                                              #103 9.197389
        Num handles: 1
        Handle: 111 Address: DF:A9:FF:F6:B1:1A (OUI DF-A9-FF)
        Count: 1
        Buffers: 0/3
        #102: len 21 (1 Kb/s)
        Latency: 158 msec (66-171 msec ~161 msec)
> ACL Data RX: Handle 111 flags 0x02 dlen 21                                                                        #104 9.285777
      SMP: Pairing Confirm (0x03) len 16
        Confirm value[16]: 11d086e84c10ab297fa1d40c3c226119
zephyr.exe[3563344]: < HCI Command: Host Number of Completed Packets (0x03|0x0035) plen 5                           #105 9.298952
        Num handles: 1
        Handle: 111 Address: DF:A9:FF:F6:B1:1A (OUI DF-A9-FF)
        Count: 1
zephyr.exe[3563344]: < ACL Data TX: Handle 111 [1/3] flags 0x00 dlen 21                                             #106 9.298958
      SMP: Pairing Confirm (0x03) len 16
        Confirm value[16]: fe77c09f2ec995eb4868011773d72829
> HCI Event: Number of Completed Packets (0x13) plen 5                                                              #107 9.460450
        Num handles: 1
        Handle: 111 Address: DF:A9:FF:F6:B1:1A (OUI DF-A9-FF)
        Count: 1
        Buffers: 0/3
        #106: len 21 (1 Kb/s)
        Latency: 161 msec (66-171 msec ~161 msec)
> ACL Data RX: Handle 111 flags 0x02 dlen 21                                                                        #108 9.460509
      SMP: Pairing Random (0x04) len 16
        Random value[16]: 34c03426410587f30000000000000000
zephyr.exe[3563344]: < HCI Command: Host Number of Completed Packets (0x03|0x0035) plen 5                           #109 9.478837
        Num handles: 1
        Handle: 111 Address: DF:A9:FF:F6:B1:1A (OUI DF-A9-FF)
        Count: 1
zephyr.exe[3563344]: < ACL Data TX: Handle 111 [1/3] flags 0x00 dlen 21                                             #110 9.478879
      SMP: Pairing Random (0x04) len 16
        Random value[16]: 32527e6e64e79f33b2e374394db8ab2d
> HCI Event: Number of Completed Packets (0x13) plen 5                                                              #111 9.634832
        Num handles: 1
        Handle: 111 Address: DF:A9:FF:F6:B1:1A (OUI DF-A9-FF)
        Count: 1
        Buffers: 0/3
        #110: len 21 (1 Kb/s)
        Latency: 155 msec (66-171 msec ~158 msec)
> ACL Data RX: Handle 111 flags 0x02 dlen 21                                                                        #112 9.722740
      SMP: Pairing Confirm (0x03) len 16
        Confirm value[16]: b77c14c4b5ae711e226ca7df4fb38e82
zephyr.exe[3563344]: < HCI Command: Host Number of Completed Packets (0x03|0x0035) plen 5                           #113 9.738899
        Num handles: 1
        Handle: 111 Address: DF:A9:FF:F6:B1:1A (OUI DF-A9-FF)
        Count: 1
zephyr.exe[3563344]: < ACL Data TX: Handle 111 [1/3] flags 0x00 dlen 21                                             #114 9.738925
      SMP: Pairing Confirm (0x03) len 16
        Confirm value[16]: 6f8c6e2d36ded746a6b1bd50cc0f8b69
> HCI Event: Number of Completed Packets (0x13) plen 5                                                              #115 9.897600
        Num handles: 1
        Handle: 111 Address: DF:A9:FF:F6:B1:1A (OUI DF-A9-FF)
        Count: 1
        Buffers: 0/3
        #114: len 21 (1 Kb/s)
        Latency: 158 msec (66-171 msec ~158 msec)
> ACL Data RX: Handle 111 flags 0x02 dlen 21                                                                        #116 9.897820
      SMP: Pairing Random (0x04) len 16
        Random value[16]: ab7925f472d206180000000000000000
zephyr.exe[3563344]: < HCI Command: Host Number of Completed Packets (0x03|0x0035) plen 5                           #117 9.898981
        Num handles: 1
        Handle: 111 Address: DF:A9:FF:F6:B1:1A (OUI DF-A9-FF)
        Count: 1
zephyr.exe[3563344]: < ACL Data TX: Handle 111 [1/3] flags 0x00 dlen 21                                             #118 9.898985
      SMP: Pairing Random (0x04) len 16
        Random value[16]: dddbdfe2838e9a8cc6964353c850fef7
> HCI Event: Number of Completed Packets (0x13) plen 5                                                             #119 10.072618
        Num handles: 1
        Handle: 111 Address: DF:A9:FF:F6:B1:1A (OUI DF-A9-FF)
        Count: 1
        Buffers: 0/3
        #118: len 21 (0 Kb/s)
        Latency: 173 msec (66-173 msec ~166 msec)
> ACL Data RX: Handle 111 flags 0x02 dlen 21                                                                       #120 10.160276
      SMP: Pairing Confirm (0x03) len 16
        Confirm value[16]: e49ce1a6f2091e7ba97c952ff6848ab5
zephyr.exe[3563344]: < HCI Command: Host Number of Completed Packets (0x03|0x0035) plen 5                          #121 10.178848
        Num handles: 1
        Handle: 111 Address: DF:A9:FF:F6:B1:1A (OUI DF-A9-FF)
        Count: 1
zephyr.exe[3563344]: < ACL Data TX: Handle 111 [1/3] flags 0x00 dlen 21                                            #122 10.178883
      SMP: Pairing Confirm (0x03) len 16
        Confirm value[16]: 2c9868d1ae95f5455715f2c4e7a91087
> HCI Event: Number of Completed Packets (0x13) plen 5                                                             #123 10.335373
        Num handles: 1
        Handle: 111 Address: DF:A9:FF:F6:B1:1A (OUI DF-A9-FF)
        Count: 1
        Buffers: 0/3
        #122: len 21 (1 Kb/s)
        Latency: 156 msec (66-173 msec ~161 msec)
> ACL Data RX: Handle 111 flags 0x02 dlen 21                                                                       #124 10.335506
      SMP: Pairing Random (0x04) len 16
        Random value[16]: e6d667b092b287a50000000000000000
zephyr.exe[3563344]: < HCI Command: Host Number of Completed Packets (0x03|0x0035) plen 5                          #125 10.338915
        Num handles: 1
        Handle: 111 Address: DF:A9:FF:F6:B1:1A (OUI DF-A9-FF)
        Count: 1
zephyr.exe[3563344]: < ACL Data TX: Handle 111 [1/3] flags 0x00 dlen 21                                            #126 10.338960
      SMP: Pairing Random (0x04) len 16
        Random value[16]: eb9f1915536596b6fc3db1c86b2b1970
> HCI Event: Number of Completed Packets (0x13) plen 5                                                             #127 10.509763
        Num handles: 1
        Handle: 111 Address: DF:A9:FF:F6:B1:1A (OUI DF-A9-FF)
        Count: 1
        Buffers: 0/3
        #126: len 21 (0 Kb/s)
        Latency: 170 msec (66-173 msec ~166 msec)
> ACL Data RX: Handle 111 flags 0x02 dlen 21                                                                       #128 10.597769
      SMP: Pairing Confirm (0x03) len 16
        Confirm value[16]: 4d174375de68eb8e4e784e12ce1ac946
zephyr.exe[3563344]: < HCI Command: Host Number of Completed Packets (0x03|0x0035) plen 5                          #129 10.598941
        Num handles: 1
        Handle: 111 Address: DF:A9:FF:F6:B1:1A (OUI DF-A9-FF)
        Count: 1
zephyr.exe[3563344]: < ACL Data TX: Handle 111 [1/3] flags 0x00 dlen 21                                            #130 10.598962
      SMP: Pairing Confirm (0x03) len 16
        Confirm value[16]: d09182e944fd70ff1e32f48001cf701f
> HCI Event: Number of Completed Packets (0x13) plen 5                                                             #131 10.772654
        Num handles: 1
        Handle: 111 Address: DF:A9:FF:F6:B1:1A (OUI DF-A9-FF)
        Count: 1
        Buffers: 0/3
        #130: len 21 (0 Kb/s)
        Latency: 173 msec (66-173 msec ~169 msec)
> ACL Data RX: Handle 111 flags 0x02 dlen 21                                                                       #132 10.772913
      SMP: Pairing Random (0x04) len 16
        Random value[16]: 9094d60ef94886590000000000000000
zephyr.exe[3563344]: < HCI Command: Host Number of Completed Packets (0x03|0x0035) plen 5                          #133 10.778813
        Num handles: 1
        Handle: 111 Address: DF:A9:FF:F6:B1:1A (OUI DF-A9-FF)
        Count: 1
zephyr.exe[3563344]: < ACL Data TX: Handle 111 [1/3] flags 0x00 dlen 21                                            #134 10.778836
      SMP: Pairing Random (0x04) len 16
        Random value[16]: 5c794dc9ad9f2c3f295ebd5ad5e1c3cf
> HCI Event: Number of Completed Packets (0x13) plen 5                                                             #135 10.947848
        Num handles: 1
        Handle: 111 Address: DF:A9:FF:F6:B1:1A (OUI DF-A9-FF)
        Count: 1
        Buffers: 0/3
        #134: len 21 (0 Kb/s)
        Latency: 169 msec (66-173 msec ~169 msec)
> ACL Data RX: Handle 111 flags 0x02 dlen 21                                                                       #136 11.035269
      SMP: Pairing Confirm (0x03) len 16
        Confirm value[16]: 18edd60180ac34b19c6619e4ccfb14a2
zephyr.exe[3563344]: < HCI Command: Host Number of Completed Packets (0x03|0x0035) plen 5                          #137 11.038838
        Num handles: 1
        Handle: 111 Address: DF:A9:FF:F6:B1:1A (OUI DF-A9-FF)
        Count: 1
zephyr.exe[3563344]: < ACL Data TX: Handle 111 [1/3] flags 0x00 dlen 21                                            #138 11.038888
      SMP: Pairing Confirm (0x03) len 16
        Confirm value[16]: 4a70b882caf28eba7ed5cc48bc56f1d6
> HCI Event: Number of Completed Packets (0x13) plen 5                                                             #139 11.210180
        Num handles: 1
        Handle: 111 Address: DF:A9:FF:F6:B1:1A (OUI DF-A9-FF)
        Count: 1
        Buffers: 0/3
        #138: len 21 (0 Kb/s)
        Latency: 171 msec (66-173 msec ~170 msec)
> ACL Data RX: Handle 111 flags 0x02 dlen 21                                                                       #140 11.210383
      SMP: Pairing Random (0x04) len 16
        Random value[16]: 43e40ade5e433dfe0000000000000000
zephyr.exe[3563344]: < HCI Command: Host Number of Completed Packets (0x03|0x0035) plen 5                          #141 11.218850
        Num handles: 1
        Handle: 111 Address: DF:A9:FF:F6:B1:1A (OUI DF-A9-FF)
        Count: 1
zephyr.exe[3563344]: < ACL Data TX: Handle 111 [1/3] flags 0x00 dlen 21                                            #142 11.218878
      SMP: Pairing Random (0x04) len 16
        Random value[16]: 5c2fff312cdf99c9491988e877355a9a
> HCI Event: Number of Completed Packets (0x13) plen 5                                                             #143 11.384949
        Num handles: 1
        Handle: 111 Address: DF:A9:FF:F6:B1:1A (OUI DF-A9-FF)
        Count: 1
        Buffers: 0/3
        #142: len 21 (1 Kb/s)
        Latency: 166 msec (66-173 msec ~168 msec)
> ACL Data RX: Handle 111 flags 0x02 dlen 21                                                                       #144 11.472694
      SMP: Pairing Confirm (0x03) len 16
        Confirm value[16]: 3f9170e40385cc577ed7ba75324f2f59
zephyr.exe[3563344]: < HCI Command: Host Number of Completed Packets (0x03|0x0035) plen 5                          #145 11.478948
        Num handles: 1
        Handle: 111 Address: DF:A9:FF:F6:B1:1A (OUI DF-A9-FF)
        Count: 1
zephyr.exe[3563344]: < ACL Data TX: Handle 111 [1/3] flags 0x00 dlen 21                                            #146 11.478953
      SMP: Pairing Confirm (0x03) len 16
        Confirm value[16]: d46c9b79a50a404e9d07b7b00c4a6a85
> HCI Event: Number of Completed Packets (0x13) plen 5                                                             #147 11.647633
        Num handles: 1
        Handle: 111 Address: DF:A9:FF:F6:B1:1A (OUI DF-A9-FF)
        Count: 1
        Buffers: 0/3
        #146: len 21 (1 Kb/s)
        Latency: 168 msec (66-173 msec ~168 msec)
> ACL Data RX: Handle 111 flags 0x02 dlen 21                                                                       #148 11.648401
      SMP: Pairing Random (0x04) len 16
        Random value[16]: b594da300da61bfc0000000000000000
zephyr.exe[3563344]: < HCI Command: Host Number of Completed Packets (0x03|0x0035) plen 5                          #149 11.658989
        Num handles: 1
        Handle: 111 Address: DF:A9:FF:F6:B1:1A (OUI DF-A9-FF)
        Count: 1
zephyr.exe[3563344]: < ACL Data TX: Handle 111 [1/3] flags 0x00 dlen 21                                            #150 11.658994
      SMP: Pairing Random (0x04) len 16
        Random value[16]: c629a3a987d808e808655d558dfc1155
> HCI Event: Number of Completed Packets (0x13) plen 5                                                             #151 11.822356
        Num handles: 1
        Handle: 111 Address: DF:A9:FF:F6:B1:1A (OUI DF-A9-FF)
        Count: 1
        Buffers: 0/3
        #150: len 21 (1 Kb/s)
        Latency: 163 msec (66-173 msec ~165 msec)
> ACL Data RX: Handle 111 flags 0x02 dlen 21                                                                       #152 11.910239
      SMP: Pairing Confirm (0x03) len 16
        Confirm value[16]: 45c14d44bcfbb2f458bc5835b7d65aa5
zephyr.exe[3563344]: < HCI Command: Host Number of Completed Packets (0x03|0x0035) plen 5                          #153 11.918996
        Num handles: 1
        Handle: 111 Address: DF:A9:FF:F6:B1:1A (OUI DF-A9-FF)
        Count: 1
zephyr.exe[3563344]: < ACL Data TX: Handle 111 [1/3] flags 0x00 dlen 21                                            #154 11.919025
      SMP: Pairing Confirm (0x03) len 16
        Confirm value[16]: edb9fd3a0b9096de52eec8798b4facfc
> HCI Event: Number of Completed Packets (0x13) plen 5                                                             #155 12.085197
        Num handles: 1
        Handle: 111 Address: DF:A9:FF:F6:B1:1A (OUI DF-A9-FF)
        Count: 1
        Buffers: 0/3
        #154: len 21 (1 Kb/s)
        Latency: 166 msec (66-173 msec ~166 msec)
> ACL Data RX: Handle 111 flags 0x02 dlen 21                                                                       #156 12.085752
      SMP: Pairing Random (0x04) len 16
        Random value[16]: b2a9a39870bf67b40000000000000000
zephyr.exe[3563344]: < HCI Command: Host Number of Completed Packets (0x03|0x0035) plen 5                          #157 12.098940
        Num handles: 1
        Handle: 111 Address: DF:A9:FF:F6:B1:1A (OUI DF-A9-FF)
        Count: 1
zephyr.exe[3563344]: < ACL Data TX: Handle 111 [1/3] flags 0x00 dlen 21                                            #158 12.098995
      SMP: Pairing Random (0x04) len 16
        Random value[16]: 92f20f6ad8f13724432c7fd6001c45ff
> HCI Event: Number of Completed Packets (0x13) plen 5                                                             #159 12.259972
        Num handles: 1
        Handle: 111 Address: DF:A9:FF:F6:B1:1A (OUI DF-A9-FF)
        Count: 1
        Buffers: 0/3
        #158: len 21 (1 Kb/s)
        Latency: 160 msec (66-173 msec ~163 msec)
> ACL Data RX: Handle 111 flags 0x02 dlen 21                                                                       #160 12.347795
      SMP: Pairing Confirm (0x03) len 16
        Confirm value[16]: 64cdd04fafd66a8dffed48fd150a7977
zephyr.exe[3563344]: < HCI Command: Host Number of Completed Packets (0x03|0x0035) plen 5                          #161 12.358937
        Num handles: 1
        Handle: 111 Address: DF:A9:FF:F6:B1:1A (OUI DF-A9-FF)
        Count: 1
zephyr.exe[3563344]: < ACL Data TX: Handle 111 [1/3] flags 0x00 dlen 21                                            #162 12.358943
      SMP: Pairing Confirm (0x03) len 16
        Confirm value[16]: 5ea4f98fd476edc980b263412229d40f
> HCI Event: Number of Completed Packets (0x13) plen 5                                                             #163 12.522822
        Num handles: 1
        Handle: 111 Address: DF:A9:FF:F6:B1:1A (OUI DF-A9-FF)
        Count: 1
        Buffers: 0/3
        #162: len 21 (1 Kb/s)
        Latency: 163 msec (66-173 msec ~163 msec)
> ACL Data RX: Handle 111 flags 0x02 dlen 21                                                                       #164 12.522974
      SMP: Pairing Random (0x04) len 16
        Random value[16]: d9b8a87f14c4fe940000000000000000
zephyr.exe[3563344]: < HCI Command: Host Number of Completed Packets (0x03|0x0035) plen 5                          #165 12.538945
        Num handles: 1
        Handle: 111 Address: DF:A9:FF:F6:B1:1A (OUI DF-A9-FF)
        Count: 1
zephyr.exe[3563344]: < ACL Data TX: Handle 111 [1/3] flags 0x00 dlen 21                                            #166 12.538965
      SMP: Pairing Random (0x04) len 16
        Random value[16]: 23ac32ebbb5e14c8a6b9622f296d277f
> HCI Event: Number of Completed Packets (0x13) plen 5                                                             #167 12.697605
        Num handles: 1
        Handle: 111 Address: DF:A9:FF:F6:B1:1A (OUI DF-A9-FF)
        Count: 1
        Buffers: 0/3
        #166: len 21 (1 Kb/s)
        Latency: 158 msec (66-173 msec ~161 msec)
> ACL Data RX: Handle 111 flags 0x02 dlen 21                                                                       #168 12.785186
      SMP: Pairing Confirm (0x03) len 16
        Confirm value[16]: 60c6b4a8dd68c0011df74113e7cc7b1a
zephyr.exe[3563344]: < HCI Command: Host Number of Completed Packets (0x03|0x0035) plen 5                          #169 12.798999
        Num handles: 1
        Handle: 111 Address: DF:A9:FF:F6:B1:1A (OUI DF-A9-FF)
        Count: 1
zephyr.exe[3563344]: < ACL Data TX: Handle 111 [1/3] flags 0x00 dlen 21                                            #170 12.799005
      SMP: Pairing Confirm (0x03) len 16
        Confirm value[16]: b6e5d81425520c9c80beae4bb1a809f0
> HCI Event: Number of Completed Packets (0x13) plen 5                                                             #171 12.960054
        Num handles: 1
        Handle: 111 Address: DF:A9:FF:F6:B1:1A (OUI DF-A9-FF)
        Count: 1
        Buffers: 0/3
        #170: len 21 (1 Kb/s)
        Latency: 161 msec (66-173 msec ~161 msec)
> ACL Data RX: Handle 111 flags 0x02 dlen 21                                                                       #172 12.960357
      SMP: Pairing Random (0x04) len 16
        Random value[16]: 4f5f712b6443cc590000000000000000
zephyr.exe[3563344]: < HCI Command: Host Number of Completed Packets (0x03|0x0035) plen 5                          #173 12.978965
        Num handles: 1
        Handle: 111 Address: DF:A9:FF:F6:B1:1A (OUI DF-A9-FF)
        Count: 1
zephyr.exe[3563344]: < ACL Data TX: Handle 111 [1/3] flags 0x00 dlen 21                                            #174 12.978976
      SMP: Pairing Random (0x04) len 16
        Random value[16]: 297efe85e67448a15f56bd27e3a3cf1d
> HCI Event: Number of Completed Packets (0x13) plen 5                                                             #175 13.135049
        Num handles: 1
        Handle: 111 Address: DF:A9:FF:F6:B1:1A (OUI DF-A9-FF)
        Count: 1
        Buffers: 0/3
        #174: len 21 (1 Kb/s)
        Latency: 156 msec (66-173 msec ~158 msec)
> ACL Data RX: Handle 111 flags 0x02 dlen 21                                                                       #176 13.222821
      SMP: Pairing Confirm (0x03) len 16
        Confirm value[16]: 1ef1b51cb36066451ef04223c7ce8521
zephyr.exe[3563344]: < HCI Command: Host Number of Completed Packets (0x03|0x0035) plen 5                          #177 13.238992
        Num handles: 1
        Handle: 111 Address: DF:A9:FF:F6:B1:1A (OUI DF-A9-FF)
        Count: 1
zephyr.exe[3563344]: < ACL Data TX: Handle 111 [1/3] flags 0x00 dlen 21                                            #178 13.238997
      SMP: Pairing Confirm (0x03) len 16
        Confirm value[16]: 6c9efeec045413638798e32284f207ef
> HCI Event: Number of Completed Packets (0x13) plen 5                                                             #179 13.397706
        Num handles: 1
        Handle: 111 Address: DF:A9:FF:F6:B1:1A (OUI DF-A9-FF)
        Count: 1
        Buffers: 0/3
        #178: len 21 (1 Kb/s)
        Latency: 158 msec (66-173 msec ~158 msec)
> ACL Data RX: Handle 111 flags 0x02 dlen 21                                                                       #180 13.397789
      SMP: Pairing Random (0x04) len 16
        Random value[16]: b7883e1b9814b4ca0000000000000000
zephyr.exe[3563344]: < HCI Command: Host Number of Completed Packets (0x03|0x0035) plen 5                          #181 13.398882
        Num handles: 1
        Handle: 111 Address: DF:A9:FF:F6:B1:1A (OUI DF-A9-FF)
        Count: 1
zephyr.exe[3563344]: < ACL Data TX: Handle 111 [1/3] flags 0x00 dlen 21                                            #182 13.398907
      SMP: Pairing Random (0x04) len 16
        Random value[16]: 25a9493fd3ce4faf02be7293595bb7c6
> HCI Event: Number of Completed Packets (0x13) plen 5                                                             #183 13.572252
        Num handles: 1
        Handle: 111 Address: DF:A9:FF:F6:B1:1A (OUI DF-A9-FF)
        Count: 1
        Buffers: 0/3
        #182: len 21 (0 Kb/s)
        Latency: 173 msec (66-173 msec ~165 msec)
> ACL Data RX: Handle 111 flags 0x02 dlen 21                                                                       #184 13.660313
      SMP: Pairing Confirm (0x03) len 16
        Confirm value[16]: 647a5fb45dd6383870b89aee955982de
zephyr.exe[3563344]: < HCI Command: Host Number of Completed Packets (0x03|0x0035) plen 5                          #185 13.678955
        Num handles: 1
        Handle: 111 Address: DF:A9:FF:F6:B1:1A (OUI DF-A9-FF)
        Count: 1
zephyr.exe[3563344]: < ACL Data TX: Handle 111 [1/3] flags 0x00 dlen 21                                            #186 13.678979
      SMP: Pairing Confirm (0x03) len 16
        Confirm value[16]: 4c90d42546c30f61237a0486cb241a47
> HCI Event: Number of Completed Packets (0x13) plen 5                                                             #187 13.835289
        Num handles: 1
        Handle: 111 Address: DF:A9:FF:F6:B1:1A (OUI DF-A9-FF)
        Count: 1
        Buffers: 0/3
        #186: len 21 (1 Kb/s)
        Latency: 156 msec (66-173 msec ~161 msec)
> ACL Data RX: Handle 111 flags 0x02 dlen 21                                                                       #188 13.835667
      SMP: Pairing Random (0x04) len 16
        Random value[16]: c43e6201e5e515d90000000000000000
zephyr.exe[3563344]: < HCI Command: Host Number of Completed Packets (0x03|0x0035) plen 5                          #189 13.838995
        Num handles: 1
        Handle: 111 Address: DF:A9:FF:F6:B1:1A (OUI DF-A9-FF)
        Count: 1
zephyr.exe[3563344]: < ACL Data TX: Handle 111 [1/3] flags 0x00 dlen 21                                            #190 13.839000
      SMP: Pairing Random (0x04) len 16
        Random value[16]: 58f6b41f855a6f6c3560debd84e2affc
> HCI Event: Number of Completed Packets (0x13) plen 5                                                             #191 14.009850
        Num handles: 1
        Handle: 111 Address: DF:A9:FF:F6:B1:1A (OUI DF-A9-FF)
        Count: 1
        Buffers: 0/3
        #190: len 21 (0 Kb/s)
        Latency: 170 msec (66-173 msec ~166 msec)
> ACL Data RX: Handle 111 flags 0x02 dlen 21                                                                       #192 14.097801
      SMP: Pairing Confirm (0x03) len 16
        Confirm value[16]: c34d1ef3645e822de033a9b26e5b686f
zephyr.exe[3563344]: < HCI Command: Host Number of Completed Packets (0x03|0x0035) plen 5                          #193 14.099042
        Num handles: 1
        Handle: 111 Address: DF:A9:FF:F6:B1:1A (OUI DF-A9-FF)
        Count: 1
zephyr.exe[3563344]: < ACL Data TX: Handle 111 [1/3] flags 0x00 dlen 21                                            #194 14.099064
      SMP: Pairing Confirm (0x03) len 16
        Confirm value[16]: ed31fd80a45a143cbc2b968ce5b7f5c6
> HCI Event: Number of Completed Packets (0x13) plen 5                                                             #195 14.272544
        Num handles: 1
        Handle: 111 Address: DF:A9:FF:F6:B1:1A (OUI DF-A9-FF)
        Count: 1
        Buffers: 0/3
        #194: len 21 (0 Kb/s)
        Latency: 173 msec (66-173 msec ~169 msec)
> ACL Data RX: Handle 111 flags 0x02 dlen 21                                                                       #196 14.272961
      SMP: Pairing Random (0x04) len 16
        Random value[16]: 1f671eb2c7ce22bc0000000000000000
zephyr.exe[3563344]: < HCI Command: Host Number of Completed Packets (0x03|0x0035) plen 5                          #197 14.278987
        Num handles: 1
        Handle: 111 Address: DF:A9:FF:F6:B1:1A (OUI DF-A9-FF)
        Count: 1
zephyr.exe[3563344]: < ACL Data TX: Handle 111 [1/3] flags 0x00 dlen 21                                            #198 14.278992
      SMP: Pairing Random (0x04) len 16
        Random value[16]: b67e7216d5bf664139eda2b542549666
> HCI Event: Number of Completed Packets (0x13) plen 5                                                             #199 14.447416
        Num handles: 1
        Handle: 111 Address: DF:A9:FF:F6:B1:1A (OUI DF-A9-FF)
        Count: 1
        Buffers: 0/3
        #198: len 21 (1 Kb/s)
        Latency: 168 msec (66-173 msec ~169 msec)
> ACL Data RX: Handle 111 flags 0x02 dlen 21                                                                       #200 14.535148
      SMP: Pairing Confirm (0x03) len 16
        Confirm value[16]: fc59978ced1c685685730164fd5f3163
zephyr.exe[3563344]: < HCI Command: Host Number of Completed Packets (0x03|0x0035) plen 5                          #201 14.538958
        Num handles: 1
        Handle: 111 Address: DF:A9:FF:F6:B1:1A (OUI DF-A9-FF)
        Count: 1
zephyr.exe[3563344]: < ACL Data TX: Handle 111 [1/3] flags 0x00 dlen 21                                            #202 14.538978
      SMP: Pairing Confirm (0x03) len 16
        Confirm value[16]: 4e82db9e53bc5a155d158f603fad6c6c
> HCI Event: Number of Completed Packets (0x13) plen 5                                                             #203 14.710166
        Num handles: 1
        Handle: 111 Address: DF:A9:FF:F6:B1:1A (OUI DF-A9-FF)
        Count: 1
        Buffers: 0/3
        #202: len 21 (0 Kb/s)
        Latency: 171 msec (66-173 msec ~170 msec)
> ACL Data RX: Handle 111 flags 0x02 dlen 21                                                                       #204 14.710743
      SMP: Pairing Random (0x04) len 16
        Random value[16]: e3a5860a6bd7450c0000000000000000
zephyr.exe[3563344]: < HCI Command: Host Number of Completed Packets (0x03|0x0035) plen 5                          #205 14.719002
        Num handles: 1
        Handle: 111 Address: DF:A9:FF:F6:B1:1A (OUI DF-A9-FF)
        Count: 1
zephyr.exe[3563344]: < ACL Data TX: Handle 111 [1/3] flags 0x00 dlen 21                                            #206 14.719007
      SMP: Pairing Random (0x04) len 16
        Random value[16]: ed17f76500c95219dd01e09d1e63f87b
> HCI Event: Number of Completed Packets (0x13) plen 5                                                             #207 14.884764
        Num handles: 1
        Handle: 111 Address: DF:A9:FF:F6:B1:1A (OUI DF-A9-FF)
        Count: 1
        Buffers: 0/3
        #206: len 21 (1 Kb/s)
        Latency: 165 msec (66-173 msec ~167 msec)
> ACL Data RX: Handle 111 flags 0x02 dlen 21                                                                       #208 14.972824
      SMP: Pairing Confirm (0x03) len 16
        Confirm value[16]: f979ffa6872252d44423c4bf7127446c
zephyr.exe[3563344]: < HCI Command: Host Number of Completed Packets (0x03|0x0035) plen 5                          #209 14.979006
        Num handles: 1
        Handle: 111 Address: DF:A9:FF:F6:B1:1A (OUI DF-A9-FF)
        Count: 1
zephyr.exe[3563344]: < ACL Data TX: Handle 111 [1/3] flags 0x00 dlen 21                                            #210 14.979011
      SMP: Pairing Confirm (0x03) len 16
        Confirm value[16]: d30818964efc5332ec399e0d833d97dc
> HCI Event: Number of Completed Packets (0x13) plen 5                                                             #211 15.147465
        Num handles: 1
        Handle: 111 Address: DF:A9:FF:F6:B1:1A (OUI DF-A9-FF)
        Count: 1
        Buffers: 0/3
        #210: len 21 (1 Kb/s)
        Latency: 168 msec (66-173 msec ~168 msec)
> ACL Data RX: Handle 111 flags 0x02 dlen 21                                                                       #212 15.147945
      SMP: Pairing Random (0x04) len 16
        Random value[16]: 113c3a6f724b2afc0000000000000000
zephyr.exe[3563344]: < HCI Command: Host Number of Completed Packets (0x03|0x0035) plen 5                          #213 15.159017
        Num handles: 1
        Handle: 111 Address: DF:A9:FF:F6:B1:1A (OUI DF-A9-FF)
        Count: 1
zephyr.exe[3563344]: < ACL Data TX: Handle 111 [1/3] flags 0x00 dlen 21                                            #214 15.159023
      SMP: Pairing Random (0x04) len 16
        Random value[16]: 81d35d47e1f6006d79c974bd9d9e1ee3
> HCI Event: Number of Completed Packets (0x13) plen 5                                                             #215 15.322877
        Num handles: 1
        Handle: 111 Address: DF:A9:FF:F6:B1:1A (OUI DF-A9-FF)
        Count: 1
        Buffers: 0/3
        #214: len 21 (1 Kb/s)
        Latency: 163 msec (66-173 msec ~166 msec)
> ACL Data RX: Handle 111 flags 0x02 dlen 21                                                                       #216 15.410159
      SMP: Pairing Confirm (0x03) len 16
        Confirm value[16]: 6f0652724f8f466ef0186364fe6499b1
zephyr.exe[3563344]: < HCI Command: Host Number of Completed Packets (0x03|0x0035) plen 5                          #217 15.419008
        Num handles: 1
        Handle: 111 Address: DF:A9:FF:F6:B1:1A (OUI DF-A9-FF)
        Count: 1
zephyr.exe[3563344]: < ACL Data TX: Handle 111 [1/3] flags 0x00 dlen 21                                            #218 15.419014
      SMP: Pairing Confirm (0x03) len 16
        Confirm value[16]: 50427eae91937652178766960cbc0470
> HCI Event: Number of Completed Packets (0x13) plen 5                                                             #219 15.585017
        Num handles: 1
        Handle: 111 Address: DF:A9:FF:F6:B1:1A (OUI DF-A9-FF)
        Count: 1
        Buffers: 0/3
        #218: len 21 (1 Kb/s)
        Latency: 166 msec (66-173 msec ~166 msec)
> ACL Data RX: Handle 111 flags 0x02 dlen 21                                                                       #220 15.585722
      SMP: Pairing Random (0x04) len 16
        Random value[16]: 0d65d40194a24a7d0000000000000000
zephyr.exe[3563344]: < HCI Command: Host Number of Completed Packets (0x03|0x0035) plen 5                          #221 15.599016
        Num handles: 1
        Handle: 111 Address: DF:A9:FF:F6:B1:1A (OUI DF-A9-FF)
        Count: 1
zephyr.exe[3563344]: < ACL Data TX: Handle 111 [1/3] flags 0x00 dlen 21                                            #222 15.599021
      SMP: Pairing Random (0x04) len 16
        Random value[16]: e7f7e0c2476823e41736a7e381bafb7c
> HCI Event: Number of Completed Packets (0x13) plen 5                                                             #223 15.759849
        Num handles: 1
        Handle: 111 Address: DF:A9:FF:F6:B1:1A (OUI DF-A9-FF)
        Count: 1
        Buffers: 0/3
        #222: len 21 (1 Kb/s)
        Latency: 160 msec (66-173 msec ~163 msec)
> ACL Data RX: Handle 111 flags 0x02 dlen 21                                                                       #224 15.847712
      SMP: Pairing Confirm (0x03) len 16
        Confirm value[16]: 81c5346fe58a3be2890a77ff0e5631e8
zephyr.exe[3563344]: < HCI Command: Host Number of Completed Packets (0x03|0x0035) plen 5                          #225 15.859035
        Num handles: 1
        Handle: 111 Address: DF:A9:FF:F6:B1:1A (OUI DF-A9-FF)
        Count: 1
zephyr.exe[3563344]: < ACL Data TX: Handle 111 [1/3] flags 0x00 dlen 21                                            #226 15.859040
      SMP: Pairing Confirm (0x03) len 16
        Confirm value[16]: c45d67d934c716c494e00989b6cdf22d
> HCI Event: Number of Completed Packets (0x13) plen 5                                                             #227 16.022619
        Num handles: 1
        Handle: 111 Address: DF:A9:FF:F6:B1:1A (OUI DF-A9-FF)
        Count: 1
        Buffers: 0/3
        #226: len 21 (1 Kb/s)
        Latency: 163 msec (66-173 msec ~163 msec)
> ACL Data RX: Handle 111 flags 0x02 dlen 21                                                                       #228 16.022943
      SMP: Pairing Random (0x04) len 16
        Random value[16]: c11a5f1658fae4cb0000000000000000
zephyr.exe[3563344]: < HCI Command: Host Number of Completed Packets (0x03|0x0035) plen 5                          #229 16.039020
        Num handles: 1
        Handle: 111 Address: DF:A9:FF:F6:B1:1A (OUI DF-A9-FF)
        Count: 1
zephyr.exe[3563344]: < ACL Data TX: Handle 111 [1/3] flags 0x00 dlen 21                                            #230 16.039026
      SMP: Pairing Random (0x04) len 16
        Random value[16]: fc8b40d9b0b09bc4296bf8753a8f6e1f
> HCI Event: Number of Completed Packets (0x13) plen 5                                                             #231 16.197629
        Num handles: 1
        Handle: 111 Address: DF:A9:FF:F6:B1:1A (OUI DF-A9-FF)
        Count: 1
        Buffers: 0/3
        #230: len 21 (1 Kb/s)
        Latency: 158 msec (66-173 msec ~161 msec)
> ACL Data RX: Handle 111 flags 0x02 dlen 21                                                                       #232 16.372716
      SMP: Pairing DHKey Check (0x0d) len 16
        E[16]: d32d6c27714a4167cf2d5028562b0301
zephyr.exe[3563344]: < HCI Command: Host Number of Completed Packets (0x03|0x0035) plen 5                          #233 16.379035
        Num handles: 1
        Handle: 111 Address: DF:A9:FF:F6:B1:1A (OUI DF-A9-FF)
        Count: 1
zephyr.exe[3563344]: < ACL Data TX: Handle 111 [1/3] flags 0x00 dlen 21                                            #234 16.379040
      SMP: Pairing DHKey Check (0x0d) len 16
        E[16]: 729fa43c94499b76d98c8c5f16cbe5d1
> HCI Event: Number of Completed Packets (0x13) plen 5                                                             #235 16.547833
        Num handles: 1
        Handle: 111 Address: DF:A9:FF:F6:B1:1A (OUI DF-A9-FF)
        Count: 1
        Buffers: 0/3
        #234: len 21 (1 Kb/s)
        Latency: 168 msec (66-173 msec ~164 msec)
> HCI Event: LE Meta Event (0x3e) plen 13                                                                          #236 16.635680
      LE Long Term Key Request (0x05)
        Handle: 111 Address: DF:A9:FF:F6:B1:1A (OUI DF-A9-FF)
        Random number: 0x0000000000000000
        Encrypted diversifier: 0x0000
zephyr.exe[3563344]: < HCI Command: LE Long Term Key Request Reply (0x08|0x001a) plen 18                           #237 16.639001
        Handle: 111 Address: DF:A9:FF:F6:B1:1A (OUI DF-A9-FF)
        Long term key[16]: d8df84a39ddc60b7fbeee279545f957b
> HCI Event: Command Complete (0x0e) plen 6                                                                        #238 16.639834
      LE Long Term Key Request Reply (0x08|0x001a) ncmd 1
        Status: Success (0x00)
        Handle: 111 Address: DF:A9:FF:F6:B1:1A (OUI DF-A9-FF)
> HCI Event: Encryption Change (0x08) plen 4                                                                       #239 17.072532
        Status: Success (0x00)
        Handle: 111 Address: DF:A9:FF:F6:B1:1A (OUI DF-A9-FF)
        Encryption: Enabled with AES-CCM (0x01)
zephyr.exe[3563344]: < ACL Data TX: Handle 111 [1/3] flags 0x00 dlen 21                                            #240 17.188965
      SMP: Signing Information (0x0a) len 16
        Signature key[16]: 6861bdf00de1357c99cea2f6ddb09677
> HCI Event: Number of Completed Packets (0x13) plen 5                                                             #241 17.334987
        Num handles: 1
        Handle: 111 Address: DF:A9:FF:F6:B1:1A (OUI DF-A9-FF)
        Count: 1
        Buffers: 0/3
        #240: len 21 (1 Kb/s)
        Latency: 146 msec (66-173 msec ~155 msec)
> ACL Data RX: Handle 111 flags 0x02 dlen 21                                                                       #242 17.335805
      SMP: Identity Information (0x08) len 16
        Identity resolving key[16]: 0e117f8671de7e994967f2521d263925
> ACL Data RX: Handle 111 flags 0x02 dlen 12                                                                       #243 17.335807
      SMP: Identity Address Information (0x09) len 7
        Address: DF:A9:FF:F6:B1:1A (OUI DF-A9-FF)
zephyr.exe[3563344]: < HCI Command: Host Number of Completed Packets (0x03|0x0035) plen 5                          #244 17.338943
        Num handles: 1
        Handle: 111 Address: DF:A9:FF:F6:B1:1A (OUI DF-A9-FF)
        Count: 1
zephyr.exe[3563344]: < HCI Command: LE Add Device To Resolving List (0x08|0x0027) plen 39                          #245 17.338962
        Address type: Public (0x00)
        Address: DF:A9:FF:F6:B1:1A (OUI DF-A9-FF)
        Peer identity resolving key[16]: 0e117f8671de7e994967f2521d263925
        Local identity resolving key[16]: 00000000000000000000000000000000
> HCI Event: Command Complete (0x0e) plen 4                                                                        #246 17.340306
      LE Add Device To Resolving List (0x08|0x0027) ncmd 1
        Status: Success (0x00)
zephyr.exe[3563344]: < HCI Command: LE Set Privacy Mode (0x08|0x004e) plen 8                                       #247 17.358998
        Peer Identity address type: Public (0x00)
        Peer Identity address: DF:A9:FF:F6:B1:1A (OUI DF-A9-FF)
        Privacy Mode: Use Device Privacy (0x01)
> HCI Event: Command Complete (0x0e) plen 4                                                                        #248 17.360069
      LE Set Privacy Mode (0x08|0x004e) ncmd 1
        Status: Success (0x00)
zephyr.exe[3563344]: < HCI Command: LE Set Address Resolution Enable (0x08|0x002d) plen 1                          #249 17.378996
        Address resolution: Enabled (0x01)
> HCI Event: Command Complete (0x0e) plen 4                                                                        #250 17.379643
      LE Set Address Resolution Enable (0x08|0x002d) ncmd 1
        Status: Success (0x00)
zephyr.exe[3563344]: < HCI Command: Host Number of Completed Packets (0x03|0x0035) plen 5                          #251 17.399009
        Num handles: 1
        Handle: 111 Address: DF:A9:FF:F6:B1:1A (OUI DF-A9-FF)
        Count: 1
> ACL Data RX: Handle 111 flags 0x02 dlen 13                                                                       #252 17.597680
      ATT: Find By Type Value Request (0x06) len 8
        Handle range: 0x0001-0xffff
        Attribute type: Primary Service (0x2800)
          UUID: Generic Telephony Bearer (0x184c)
zephyr.exe[3563344]: < HCI Command: Host Number of Completed Packets (0x03|0x0035) plen 5                          #253 17.598999
        Num handles: 1
        Handle: 111 Address: DF:A9:FF:F6:B1:1A (OUI DF-A9-FF)
        Count: 1
zephyr.exe[3563344]: < ACL Data TX: Handle 111 [1/3] flags 0x00 dlen 9                                             #254 17.599004
      ATT: Find By Type Value Response (0x07) len 4
        Handle range: 0x0024-0x0050
> HCI Event: Number of Completed Packets (0x13) plen 5                                                             #255 17.772527
        Num handles: 1
        Handle: 111 Address: DF:A9:FF:F6:B1:1A (OUI DF-A9-FF)
        Count: 1
        Buffers: 0/3
        #254: len 9 (0 Kb/s)
        Latency: 173 msec (66-173 msec ~164 msec)
> ACL Data RX: Handle 111 flags 0x02 dlen 13                                                                       #256 17.772815
      ATT: Find By Type Value Request (0x06) len 8
        Handle range: 0x0051-0xffff
        Attribute type: Primary Service (0x2800)
          UUID: Generic Telephony Bearer (0x184c)
zephyr.exe[3563344]: < HCI Command: Host Number of Completed Packets (0x03|0x0035) plen 5                          #257 17.779080
        Num handles: 1
        Handle: 111 Address: DF:A9:FF:F6:B1:1A (OUI DF-A9-FF)
        Count: 1
zephyr.exe[3563344]: < ACL Data TX: Handle 111 [1/3] flags 0x00 dlen 9                                             #258 17.779086
      ATT: Error Response (0x01) len 4
        Find By Type Value Request (0x06)
        Handle: 0x0051
        Error: Attribute Not Found (0x0a)
> HCI Event: Number of Completed Packets (0x13) plen 5                                                             #259 17.947618
        Num handles: 1
        Handle: 111 Address: DF:A9:FF:F6:B1:1A (OUI DF-A9-FF)
        Count: 1
        Buffers: 0/3
        #258: len 9 (0 Kb/s)
        Latency: 168 msec (66-173 msec ~166 msec)
> ACL Data RX: Handle 111 flags 0x02 dlen 11                                                                       #260 17.947621
      ATT: Read By Type Request (0x08) len 6
        Handle range: 0x0024-0x0050
        Attribute type: Characteristic (0x2803)
zephyr.exe[3563344]: < HCI Command: Host Number of Completed Packets (0x03|0x0035) plen 5                          #261 17.958980
        Num handles: 1
        Handle: 111 Address: DF:A9:FF:F6:B1:1A (OUI DF-A9-FF)
        Count: 1
zephyr.exe[3563344]: < ACL Data TX: Handle 111 [1/3] flags 0x00 dlen 20                                            #262 17.958986
      ATT: Read By Type Response (0x09) len 15
        Attribute data length: 7
        Attribute data list: 2 entries
        Handle: 0x0025
        Value[5]: 122600b32b
            Properties: 0x12
              Read (0x02)
              Notify (0x10)
            Value Handle: 0x0026
            Value UUID: Bearer Provider Name (0x2bb3)
        Handle: 0x0028
        Value[5]: 022900b42b
            Properties: 0x02
              Read (0x02)
            Value Handle: 0x0029
            Value UUID: Bearer UCI (0x2bb4)
> HCI Event: Number of Completed Packets (0x13) plen 5                                                             #263 18.122393
        Num handles: 1
        Handle: 111 Address: DF:A9:FF:F6:B1:1A (OUI DF-A9-FF)
        Count: 1
        Buffers: 0/3
        #262: len 20 (0 Kb/s)
        Latency: 163 msec (66-173 msec ~164 msec)
> ACL Data RX: Handle 111 flags 0x02 dlen 11                                                                       #264 18.122594
      ATT: Read By Type Request (0x08) len 6
        Handle range: 0x0029-0x0050
        Attribute type: Characteristic (0x2803)
zephyr.exe[3563344]: < HCI Command: Host Number of Completed Packets (0x03|0x0035) plen 5                          #265 18.139000
        Num handles: 1
        Handle: 111 Address: DF:A9:FF:F6:B1:1A (OUI DF-A9-FF)
        Count: 1
zephyr.exe[3563344]: < ACL Data TX: Handle 111 [1/3] flags 0x00 dlen 20                                            #266 18.139005
      ATT: Read By Type Response (0x09) len 15
        Attribute data length: 7
        Attribute data list: 2 entries
        Handle: 0x002a
        Value[5]: 122b00b52b
            Properties: 0x12
              Read (0x02)
              Notify (0x10)
            Value Handle: 0x002b
            Value UUID: Bearer Technology (0x2bb5)
        Handle: 0x002d
        Value[5]: 122e00b62b
            Properties: 0x12
              Read (0x02)
              Notify (0x10)
            Value Handle: 0x002e
            Value UUID: Bearer URI Schemes Supported List (0x2bb6)
> HCI Event: Number of Completed Packets (0x13) plen 5                                                             #267 18.297349
        Num handles: 1
        Handle: 111 Address: DF:A9:FF:F6:B1:1A (OUI DF-A9-FF)
        Count: 1
        Buffers: 0/3
        #266: len 20 (1 Kb/s)
        Latency: 158 msec (66-173 msec ~161 msec)
> ACL Data RX: Handle 111 flags 0x02 dlen 11                                                                       #268 18.297811
      ATT: Read By Type Request (0x08) len 6
        Handle range: 0x002e-0x0050
        Attribute type: Characteristic (0x2803)
zephyr.exe[3563344]: < HCI Command: Host Number of Completed Packets (0x03|0x0035) plen 5                          #269 18.299003
        Num handles: 1
        Handle: 111 Address: DF:A9:FF:F6:B1:1A (OUI DF-A9-FF)
        Count: 1
zephyr.exe[3563344]: < ACL Data TX: Handle 111 [1/3] flags 0x00 dlen 20                                            #270 18.299007
      ATT: Read By Type Response (0x09) len 15
        Attribute data length: 7
        Attribute data list: 2 entries
        Handle: 0x0030
        Value[5]: 123100b72b
            Properties: 0x12
              Read (0x02)
              Notify (0x10)
            Value Handle: 0x0031
            Value UUID: Bearer Signal Strength (0x2bb7)
        Handle: 0x0033
        Value[5]: 0e3400b82b
            Properties: 0x0e
              Read (0x02)
              Write Without Response (0x04)
              Write (0x08)
            Value Handle: 0x0034
            Value UUID: Bearer Signal Strength Reporting Interval (0x2bb8)
> HCI Event: Number of Completed Packets (0x13) plen 5                                                             #271 18.472498
        Num handles: 1
        Handle: 111 Address: DF:A9:FF:F6:B1:1A (OUI DF-A9-FF)
        Count: 1
        Buffers: 0/3
        #270: len 20 (0 Kb/s)
        Latency: 173 msec (66-173 msec ~167 msec)
> ACL Data RX: Handle 111 flags 0x02 dlen 11                                                                       #272 18.472773
      ATT: Read By Type Request (0x08) len 6
        Handle range: 0x0034-0x0050
        Attribute type: Characteristic (0x2803)
zephyr.exe[3563344]: < HCI Command: Host Number of Completed Packets (0x03|0x0035) plen 5                          #273 18.479027
        Num handles: 1
        Handle: 111 Address: DF:A9:FF:F6:B1:1A (OUI DF-A9-FF)
        Count: 1
zephyr.exe[3563344]: < ACL Data TX: Handle 111 [1/3] flags 0x00 dlen 20                                            #274 18.479033
      ATT: Read By Type Response (0x09) len 15
        Attribute data length: 7
        Attribute data list: 2 entries
        Handle: 0x0035
        Value[5]: 123600b92b
            Properties: 0x12
              Read (0x02)
              Notify (0x10)
            Value Handle: 0x0036
            Value UUID: Bearer List Current Calls (0x2bb9)
        Handle: 0x0038
        Value[5]: 023900ba2b
            Properties: 0x02
              Read (0x02)
            Value Handle: 0x0039
            Value UUID: Content Control ID (0x2bba)
> HCI Event: Number of Completed Packets (0x13) plen 5                                                             #275 18.647359
        Num handles: 1
        Handle: 111 Address: DF:A9:FF:F6:B1:1A (OUI DF-A9-FF)
        Count: 1
        Buffers: 0/3
        #274: len 20 (0 Kb/s)
        Latency: 168 msec (66-173 msec ~167 msec)
> ACL Data RX: Handle 111 flags 0x02 dlen 11                                                                       #276 18.647934
      ATT: Read By Type Request (0x08) len 6
        Handle range: 0x0039-0x0050
        Attribute type: Characteristic (0x2803)
zephyr.exe[3563344]: < HCI Command: Host Number of Completed Packets (0x03|0x0035) plen 5                          #277 18.659061
        Num handles: 1
        Handle: 111 Address: DF:A9:FF:F6:B1:1A (OUI DF-A9-FF)
        Count: 1
zephyr.exe[3563344]: < ACL Data TX: Handle 111 [1/3] flags 0x00 dlen 20                                            #278 18.659067
      ATT: Read By Type Response (0x09) len 15
        Attribute data length: 7
        Attribute data list: 2 entries
        Handle: 0x003a
        Value[5]: 123b00bb2b
            Properties: 0x12
              Read (0x02)
              Notify (0x10)
            Value Handle: 0x003b
            Value UUID: Status Flags (0x2bbb)
        Handle: 0x003d
        Value[5]: 123e00bc2b
            Properties: 0x12
              Read (0x02)
              Notify (0x10)
            Value Handle: 0x003e
            Value UUID: Incoming Call Target Bearer URI (0x2bbc)
> HCI Event: Number of Completed Packets (0x13) plen 5                                                             #279 18.822480
        Num handles: 1
        Handle: 111 Address: DF:A9:FF:F6:B1:1A (OUI DF-A9-FF)
        Count: 1
        Buffers: 0/3
        #278: len 20 (0 Kb/s)
        Latency: 163 msec (66-173 msec ~165 msec)
> ACL Data RX: Handle 111 flags 0x02 dlen 11                                                                       #280 18.822619
      ATT: Read By Type Request (0x08) len 6
        Handle range: 0x003e-0x0050
        Attribute type: Characteristic (0x2803)
zephyr.exe[3563344]: < HCI Command: Host Number of Completed Packets (0x03|0x0035) plen 5                          #281 18.839034
        Num handles: 1
        Handle: 111 Address: DF:A9:FF:F6:B1:1A (OUI DF-A9-FF)
        Count: 1
zephyr.exe[3563344]: < ACL Data TX: Handle 111 [1/3] flags 0x00 dlen 20                                            #282 18.839041
      ATT: Read By Type Response (0x09) len 15
        Attribute data length: 7
        Attribute data list: 2 entries
        Handle: 0x0040
        Value[5]: 124100bd2b
            Properties: 0x12
              Read (0x02)
              Notify (0x10)
            Value Handle: 0x0041
            Value UUID: Call State (0x2bbd)
        Handle: 0x0043
        Value[5]: 1c4400be2b
            Properties: 0x1c
              Write Without Response (0x04)
              Write (0x08)
              Notify (0x10)
            Value Handle: 0x0044
            Value UUID: Call Control Point (0x2bbe)
> HCI Event: Number of Completed Packets (0x13) plen 5                                                             #283 18.997363
        Num handles: 1
        Handle: 111 Address: DF:A9:FF:F6:B1:1A (OUI DF-A9-FF)
        Count: 1
        Buffers: 0/3
        #282: len 20 (1 Kb/s)
        Latency: 158 msec (66-173 msec ~162 msec)
> ACL Data RX: Handle 111 flags 0x02 dlen 11                                                                       #284 18.997544
      ATT: Read By Type Request (0x08) len 6
        Handle range: 0x0044-0x0050
        Attribute type: Characteristic (0x2803)
zephyr.exe[3563344]: < HCI Command: Host Number of Completed Packets (0x03|0x0035) plen 5                          #285 18.999012
        Num handles: 1
        Handle: 111 Address: DF:A9:FF:F6:B1:1A (OUI DF-A9-FF)
        Count: 1
zephyr.exe[3563344]: < ACL Data TX: Handle 111 [1/3] flags 0x00 dlen 20                                            #286 18.999018
      ATT: Read By Type Response (0x09) len 15
        Attribute data length: 7
        Attribute data list: 2 entries
        Handle: 0x0046
        Value[5]: 024700bf2b
            Properties: 0x02
              Read (0x02)
            Value Handle: 0x0047
            Value UUID: Call Control Point Optional Opcodes (0x2bbf)
        Handle: 0x0048
        Value[5]: 104900c02b
            Properties: 0x10
              Notify (0x10)
            Value Handle: 0x0049
            Value UUID: Termination Reason (0x2bc0)
> HCI Event: Number of Completed Packets (0x13) plen 5                                                             #287 19.172262
        Num handles: 1
        Handle: 111 Address: DF:A9:FF:F6:B1:1A (OUI DF-A9-FF)
        Count: 1
        Buffers: 0/3
        #286: len 20 (0 Kb/s)
        Latency: 173 msec (66-173 msec ~167 msec)
> ACL Data RX: Handle 111 flags 0x02 dlen 11                                                                       #288 19.172716
      ATT: Read By Type Request (0x08) len 6
        Handle range: 0x0049-0x0050
        Attribute type: Characteristic (0x2803)
zephyr.exe[3563344]: < HCI Command: Host Number of Completed Packets (0x03|0x0035) plen 5                          #289 19.178999
        Num handles: 1
        Handle: 111 Address: DF:A9:FF:F6:B1:1A (OUI DF-A9-FF)
        Count: 1
zephyr.exe[3563344]: < ACL Data TX: Handle 111 [1/3] flags 0x00 dlen 20                                            #290 19.179004
      ATT: Read By Type Response (0x09) len 15
        Attribute data length: 7
        Attribute data list: 2 entries
        Handle: 0x004b
        Value[5]: 124c00c12b
            Properties: 0x12
              Read (0x02)
              Notify (0x10)
            Value Handle: 0x004c
            Value UUID: Incoming Call (0x2bc1)
        Handle: 0x004e
        Value[5]: 124f00c22b
            Properties: 0x12
              Read (0x02)
              Notify (0x10)
            Value Handle: 0x004f
            Value UUID: Call Friendly Name (0x2bc2)
> HCI Event: Number of Completed Packets (0x13) plen 5                                                             #291 19.347587
        Num handles: 1
        Handle: 111 Address: DF:A9:FF:F6:B1:1A (OUI DF-A9-FF)
        Count: 1
        Buffers: 0/3
        #290: len 20 (0 Kb/s)
        Latency: 168 msec (66-173 msec ~168 msec)
> ACL Data RX: Handle 111 flags 0x02 dlen 11                                                                       #292 19.347589
      ATT: Read By Type Request (0x08) len 6
        Handle range: 0x004f-0x0050
        Attribute type: Characteristic (0x2803)
zephyr.exe[3563344]: < HCI Command: Host Number of Completed Packets (0x03|0x0035) plen 5                          #293 19.359074
        Num handles: 1
        Handle: 111 Address: DF:A9:FF:F6:B1:1A (OUI DF-A9-FF)
        Count: 1
zephyr.exe[3563344]: < ACL Data TX: Handle 111 [1/3] flags 0x00 dlen 9                                             #294 19.359084
      ATT: Error Response (0x01) len 4
        Read By Type Request (0x08)
        Handle: 0x004f
        Error: Attribute Not Found (0x0a)
> HCI Event: Number of Completed Packets (0x13) plen 5                                                             #295 19.522396
        Num handles: 1
        Handle: 111 Address: DF:A9:FF:F6:B1:1A (OUI DF-A9-FF)
        Count: 1
        Buffers: 0/3
        #294: len 9 (0 Kb/s)
        Latency: 163 msec (66-173 msec ~165 msec)
> ACL Data RX: Handle 111 flags 0x02 dlen 9                                                                        #296 19.522516
      ATT: Find Information Request (0x04) len 4
        Handle range: 0x0027-0x0027
zephyr.exe[3563344]: < HCI Command: Host Number of Completed Packets (0x03|0x0035) plen 5                          #297 19.539033
        Num handles: 1
        Handle: 111 Address: DF:A9:FF:F6:B1:1A (OUI DF-A9-FF)
        Count: 1
zephyr.exe[3563344]: < ACL Data TX: Handle 111 [1/3] flags 0x00 dlen 10                                            #298 19.539040
      ATT: Find Information Response (0x05) len 5
        Format: UUID-16 (0x01)
        Handle: 0x0027
        UUID: Client Characteristic Configuration (0x2902)
> HCI Event: Number of Completed Packets (0x13) plen 5                                                             #299 19.697708
        Num handles: 1
        Handle: 111 Address: DF:A9:FF:F6:B1:1A (OUI DF-A9-FF)
        Count: 1
        Buffers: 0/3
        #298: len 10 (0 Kb/s)
        Latency: 158 msec (66-173 msec ~162 msec)
> ACL Data RX: Handle 111 flags 0x02 dlen 9                                                                        #300 19.697710
      ATT: Find Information Request (0x04) len 4
        Handle range: 0x002c-0x002c
zephyr.exe[3563344]: < HCI Command: Host Number of Completed Packets (0x03|0x0035) plen 5                          #301 19.698976
        Num handles: 1
        Handle: 111 Address: DF:A9:FF:F6:B1:1A (OUI DF-A9-FF)
        Count: 1
zephyr.exe[3563344]: < ACL Data TX: Handle 111 [1/3] flags 0x00 dlen 10                                            #302 19.699019
      ATT: Find Information Response (0x05) len 5
        Format: UUID-16 (0x01)
        Handle: 0x002c
        UUID: Client Characteristic Configuration (0x2902)
> HCI Event: Number of Completed Packets (0x13) plen 5                                                             #303 19.872697
        Num handles: 1
        Handle: 111 Address: DF:A9:FF:F6:B1:1A (OUI DF-A9-FF)
        Count: 1
        Buffers: 0/3
        #302: len 10 (0 Kb/s)
        Latency: 173 msec (66-173 msec ~167 msec)
> ACL Data RX: Handle 111 flags 0x02 dlen 9                                                                        #304 19.872700
      ATT: Find Information Request (0x04) len 4
        Handle range: 0x002f-0x002f
zephyr.exe[3563344]: < HCI Command: Host Number of Completed Packets (0x03|0x0035) plen 5                          #305 19.878935
        Num handles: 1
        Handle: 111 Address: DF:A9:FF:F6:B1:1A (OUI DF-A9-FF)
        Count: 1
zephyr.exe[3563344]: < ACL Data TX: Handle 111 [1/3] flags 0x00 dlen 10                                            #306 19.878981
      ATT: Find Information Response (0x05) len 5
        Format: UUID-16 (0x01)
        Handle: 0x002f
        UUID: Client Characteristic Configuration (0x2902)
> HCI Event: Number of Completed Packets (0x13) plen 5                                                             #307 20.047436
        Num handles: 1
        Handle: 111 Address: DF:A9:FF:F6:B1:1A (OUI DF-A9-FF)
        Count: 1
        Buffers: 0/3
        #306: len 10 (0 Kb/s)
        Latency: 168 msec (66-173 msec ~168 msec)
> ACL Data RX: Handle 111 flags 0x02 dlen 9                                                                        #308 20.047685
      ATT: Find Information Request (0x04) len 4
        Handle range: 0x0032-0x0032
zephyr.exe[3563344]: < HCI Command: Host Number of Completed Packets (0x03|0x0035) plen 5                          #309 20.059004
        Num handles: 1
        Handle: 111 Address: DF:A9:FF:F6:B1:1A (OUI DF-A9-FF)
        Count: 1
zephyr.exe[3563344]: < ACL Data TX: Handle 111 [1/3] flags 0x00 dlen 10                                            #310 20.059009
      ATT: Find Information Response (0x05) len 5
        Format: UUID-16 (0x01)
        Handle: 0x0032
        UUID: Client Characteristic Configuration (0x2902)
> HCI Event: Number of Completed Packets (0x13) plen 5                                                             #311 20.222506
        Num handles: 1
        Handle: 111 Address: DF:A9:FF:F6:B1:1A (OUI DF-A9-FF)
        Count: 1
        Buffers: 0/3
        #310: len 10 (0 Kb/s)
        Latency: 163 msec (66-173 msec ~165 msec)
> ACL Data RX: Handle 111 flags 0x02 dlen 9                                                                        #312 20.222508
      ATT: Find Information Request (0x04) len 4
        Handle range: 0x0037-0x0037
zephyr.exe[3563344]: < HCI Command: Host Number of Completed Packets (0x03|0x0035) plen 5                          #313 20.239013
        Num handles: 1
        Handle: 111 Address: DF:A9:FF:F6:B1:1A (OUI DF-A9-FF)
        Count: 1
zephyr.exe[3563344]: < ACL Data TX: Handle 111 [1/3] flags 0x00 dlen 10                                            #314 20.239020
      ATT: Find Information Response (0x05) len 5
        Format: UUID-16 (0x01)
        Handle: 0x0037
        UUID: Client Characteristic Configuration (0x2902)
> HCI Event: Number of Completed Packets (0x13) plen 5                                                             #315 20.397369
        Num handles: 1
        Handle: 111 Address: DF:A9:FF:F6:B1:1A (OUI DF-A9-FF)
        Count: 1
        Buffers: 0/3
        #314: len 10 (0 Kb/s)
        Latency: 158 msec (66-173 msec ~162 msec)
> ACL Data RX: Handle 111 flags 0x02 dlen 9                                                                        #316 20.397472
      ATT: Find Information Request (0x04) len 4
        Handle range: 0x003c-0x003c
zephyr.exe[3563344]: < HCI Command: Host Number of Completed Packets (0x03|0x0035) plen 5                          #317 20.399006
        Num handles: 1
        Handle: 111 Address: DF:A9:FF:F6:B1:1A (OUI DF-A9-FF)
        Count: 1
zephyr.exe[3563344]: < ACL Data TX: Handle 111 [1/3] flags 0x00 dlen 10                                            #318 20.399011
      ATT: Find Information Response (0x05) len 5
        Format: UUID-16 (0x01)
        Handle: 0x003c
        UUID: Client Characteristic Configuration (0x2902)
> HCI Event: Number of Completed Packets (0x13) plen 5                                                             #319 20.572493
        Num handles: 1
        Handle: 111 Address: DF:A9:FF:F6:B1:1A (OUI DF-A9-FF)
        Count: 1
        Buffers: 0/3
        #318: len 10 (0 Kb/s)
        Latency: 173 msec (66-173 msec ~167 msec)
> ACL Data RX: Handle 111 flags 0x02 dlen 9                                                                        #320 20.572575
      ATT: Find Information Request (0x04) len 4
        Handle range: 0x003f-0x003f
zephyr.exe[3563344]: < HCI Command: Host Number of Completed Packets (0x03|0x0035) plen 5                          #321 20.578995
        Num handles: 1
        Handle: 111 Address: DF:A9:FF:F6:B1:1A (OUI DF-A9-FF)
        Count: 1
zephyr.exe[3563344]: < ACL Data TX: Handle 111 [1/3] flags 0x00 dlen 10                                            #322 20.579034
      ATT: Find Information Response (0x05) len 5
        Format: UUID-16 (0x01)
        Handle: 0x003f
        UUID: Client Characteristic Configuration (0x2902)
> HCI Event: Number of Completed Packets (0x13) plen 5                                                             #323 20.747456
        Num handles: 1
        Handle: 111 Address: DF:A9:FF:F6:B1:1A (OUI DF-A9-FF)
        Count: 1
        Buffers: 0/3
        #322: len 10 (0 Kb/s)
        Latency: 168 msec (66-173 msec ~168 msec)
> ACL Data RX: Handle 111 flags 0x02 dlen 9                                                                        #324 20.747459
      ATT: Find Information Request (0x04) len 4
        Handle range: 0x0042-0x0042
zephyr.exe[3563344]: < HCI Command: Host Number of Completed Packets (0x03|0x0035) plen 5                          #325 20.759054
        Num handles: 1
        Handle: 111 Address: DF:A9:FF:F6:B1:1A (OUI DF-A9-FF)
        Count: 1
zephyr.exe[3563344]: < ACL Data TX: Handle 111 [1/3] flags 0x00 dlen 10                                            #326 20.759093
      ATT: Find Information Response (0x05) len 5
        Format: UUID-16 (0x01)
        Handle: 0x0042
        UUID: Client Characteristic Configuration (0x2902)
> HCI Event: Number of Completed Packets (0x13) plen 5                                                             #327 20.922304
        Num handles: 1
        Handle: 111 Address: DF:A9:FF:F6:B1:1A (OUI DF-A9-FF)
        Count: 1
        Buffers: 0/3
        #326: len 10 (0 Kb/s)
        Latency: 163 msec (66-173 msec ~165 msec)
> ACL Data RX: Handle 111 flags 0x02 dlen 9                                                                        #328 20.922524
      ATT: Find Information Request (0x04) len 4
        Handle range: 0x0045-0x0045
zephyr.exe[3563344]: < HCI Command: Host Number of Completed Packets (0x03|0x0035) plen 5                          #329 20.938993
        Num handles: 1
        Handle: 111 Address: DF:A9:FF:F6:B1:1A (OUI DF-A9-FF)
        Count: 1
zephyr.exe[3563344]: < ACL Data TX: Handle 111 [1/3] flags 0x00 dlen 10                                            #330 20.939046
      ATT: Find Information Response (0x05) len 5
        Format: UUID-16 (0x01)
        Handle: 0x0045
        UUID: Client Characteristic Configuration (0x2902)
> HCI Event: Number of Completed Packets (0x13) plen 5                                                             #331 21.097376
        Num handles: 1
        Handle: 111 Address: DF:A9:FF:F6:B1:1A (OUI DF-A9-FF)
        Count: 1
        Buffers: 0/3
        #330: len 10 (0 Kb/s)
        Latency: 158 msec (66-173 msec ~161 msec)
> ACL Data RX: Handle 111 flags 0x02 dlen 9                                                                        #332 21.097551
      ATT: Find Information Request (0x04) len 4
        Handle range: 0x004a-0x004a
zephyr.exe[3563344]: < HCI Command: Host Number of Completed Packets (0x03|0x0035) plen 5                          #333 21.098940
        Num handles: 1
        Handle: 111 Address: DF:A9:FF:F6:B1:1A (OUI DF-A9-FF)
        Count: 1
zephyr.exe[3563344]: < ACL Data TX: Handle 111 [1/3] flags 0x00 dlen 10                                            #334 21.098963
      ATT: Find Information Response (0x05) len 5
        Format: UUID-16 (0x01)
        Handle: 0x004a
        UUID: Client Characteristic Configuration (0x2902)
> HCI Event: Number of Completed Packets (0x13) plen 5                                                             #335 21.272371
        Num handles: 1
        Handle: 111 Address: DF:A9:FF:F6:B1:1A (OUI DF-A9-FF)
        Count: 1
        Buffers: 0/3
        #334: len 10 (0 Kb/s)
        Latency: 173 msec (66-173 msec ~167 msec)
> ACL Data RX: Handle 111 flags 0x02 dlen 9                                                                        #336 21.272445
      ATT: Find Information Request (0x04) len 4
        Handle range: 0x004d-0x004d
zephyr.exe[3563344]: < HCI Command: Host Number of Completed Packets (0x03|0x0035) plen 5                          #337 21.278992
        Num handles: 1
        Handle: 111 Address: DF:A9:FF:F6:B1:1A (OUI DF-A9-FF)
        Count: 1
zephyr.exe[3563344]: < ACL Data TX: Handle 111 [1/3] flags 0x00 dlen 10                                            #338 21.279031
      ATT: Find Information Response (0x05) len 5
        Format: UUID-16 (0x01)
        Handle: 0x004d
        UUID: Client Characteristic Configuration (0x2902)
> HCI Event: Number of Completed Packets (0x13) plen 5                                                             #339 21.447280
        Num handles: 1
        Handle: 111 Address: DF:A9:FF:F6:B1:1A (OUI DF-A9-FF)
        Count: 1
        Buffers: 0/3
        #338: len 10 (0 Kb/s)
        Latency: 168 msec (66-173 msec ~167 msec)
> ACL Data RX: Handle 111 flags 0x02 dlen 9                                                                        #340 21.447416
      ATT: Find Information Request (0x04) len 4
        Handle range: 0x0050-0x0050
zephyr.exe[3563344]: < HCI Command: Host Number of Completed Packets (0x03|0x0035) plen 5                          #341 21.459014
        Num handles: 1
        Handle: 111 Address: DF:A9:FF:F6:B1:1A (OUI DF-A9-FF)
        Count: 1
zephyr.exe[3563344]: < ACL Data TX: Handle 111 [1/3] flags 0x00 dlen 10                                            #342 21.459025
      ATT: Find Information Response (0x05) len 5
        Format: UUID-16 (0x01)
        Handle: 0x0050
        UUID: Client Characteristic Configuration (0x2902)
> HCI Event: Number of Completed Packets (0x13) plen 5                                                             #343 21.622407
        Num handles: 1
        Handle: 111 Address: DF:A9:FF:F6:B1:1A (OUI DF-A9-FF)
        Count: 1
        Buffers: 0/3
        #342: len 10 (0 Kb/s)
        Latency: 163 msec (66-173 msec ~165 msec)
> ACL Data RX: Handle 111 flags 0x02 dlen 9                                                                        #344 21.622506
      ATT: Write Request (0x12) len 4
        Handle: 0x0042
          Data[2]: 0000
zephyr.exe[3563344]: < HCI Command: Host Number of Completed Packets (0x03|0x0035) plen 5                          #345 21.639002
        Num handles: 1
        Handle: 111 Address: DF:A9:FF:F6:B1:1A (OUI DF-A9-FF)
        Count: 1
zephyr.exe[3563344]: < ACL Data TX: Handle 111 [1/3] flags 0x00 dlen 5                                             #346 21.639007
      ATT: Write Response (0x13) len 0
> HCI Event: Number of Completed Packets (0x13) plen 5                                                             #347 21.797622
        Num handles: 1
        Handle: 111 Address: DF:A9:FF:F6:B1:1A (OUI DF-A9-FF)
        Count: 1
        Buffers: 0/3
        #346: len 5 (0 Kb/s)
        Latency: 158 msec (66-173 msec ~162 msec)
> ACL Data RX: Handle 111 flags 0x02 dlen 9                                                                        #348 21.797625
      ATT: Write Request (0x12) len 4
        Handle: 0x0042
          Data[2]: 0100
zephyr.exe[3563344]: < HCI Command: Host Number of Completed Packets (0x03|0x0035) plen 5                          #349 21.799055
        Num handles: 1
        Handle: 111 Address: DF:A9:FF:F6:B1:1A (OUI DF-A9-FF)
        Count: 1
zephyr.exe[3563344]: < ACL Data TX: Handle 111 [1/3] flags 0x00 dlen 5                                             #350 21.799099
      ATT: Write Response (0x13) len 0
> HCI Event: Number of Completed Packets (0x13) plen 5                                                             #351 21.972329
        Num handles: 1
        Handle: 111 Address: DF:A9:FF:F6:B1:1A (OUI DF-A9-FF)
        Count: 1
        Buffers: 0/3
        #350: len 5 (0 Kb/s)
        Latency: 173 msec (66-173 msec ~167 msec)
> ACL Data RX: Handle 111 flags 0x02 dlen 9                                                                        #352 21.972345
      ATT: Write Request (0x12) len 4
        Handle: 0x004d
          Data[2]: 0000
zephyr.exe[3563344]: < HCI Command: Host Number of Completed Packets (0x03|0x0035) plen 5                          #353 21.979028
        Num handles: 1
        Handle: 111 Address: DF:A9:FF:F6:B1:1A (OUI DF-A9-FF)
        Count: 1
zephyr.exe[3563344]: < ACL Data TX: Handle 111 [1/3] flags 0x00 dlen 5                                             #354 21.979033
      ATT: Write Response (0x13) len 0
> HCI Event: Number of Completed Packets (0x13) plen 5                                                             #355 22.147178
        Num handles: 1
        Handle: 111 Address: DF:A9:FF:F6:B1:1A (OUI DF-A9-FF)
        Count: 1
        Buffers: 0/3
        #354: len 5 (0 Kb/s)
        Latency: 168 msec (66-173 msec ~167 msec)
> ACL Data RX: Handle 111 flags 0x02 dlen 9                                                                        #356 22.147476
      ATT: Write Request (0x12) len 4
        Handle: 0x004d
          Data[2]: 0100
zephyr.exe[3563344]: < HCI Command: Host Number of Completed Packets (0x03|0x0035) plen 5                          #357 22.159106
        Num handles: 1
        Handle: 111 Address: DF:A9:FF:F6:B1:1A (OUI DF-A9-FF)
        Count: 1
zephyr.exe[3563344]: < ACL Data TX: Handle 111 [1/3] flags 0x00 dlen 5                                             #358 22.159111
      ATT: Write Response (0x13) len 0
> HCI Event: Number of Completed Packets (0x13) plen 5                                                             #359 22.322383
        Num handles: 1
        Handle: 111 Address: DF:A9:FF:F6:B1:1A (OUI DF-A9-FF)
        Count: 1
        Buffers: 0/3
        #358: len 5 (0 Kb/s)
        Latency: 163 msec (66-173 msec ~165 msec)
> ACL Data RX: Handle 111 flags 0x02 dlen 9                                                                        #360 22.322589
      ATT: Write Request (0x12) len 4
        Handle: 0x004a
          Data[2]: 0000
zephyr.exe[3563344]: < HCI Command: Host Number of Completed Packets (0x03|0x0035) plen 5                          #361 22.339087
        Num handles: 1
        Handle: 111 Address: DF:A9:FF:F6:B1:1A (OUI DF-A9-FF)
        Count: 1
zephyr.exe[3563344]: < ACL Data TX: Handle 111 [1/3] flags 0x00 dlen 5                                             #362 22.339092
      ATT: Write Response (0x13) len 0
> HCI Event: Number of Completed Packets (0x13) plen 5                                                             #363 22.497719
        Num handles: 1
        Handle: 111 Address: DF:A9:FF:F6:B1:1A (OUI DF-A9-FF)
        Count: 1
        Buffers: 0/3
        #362: len 5 (0 Kb/s)
        Latency: 158 msec (66-173 msec ~162 msec)
> ACL Data RX: Handle 111 flags 0x02 dlen 9                                                                        #364 22.497721
      ATT: Write Request (0x12) len 4
        Handle: 0x004a
          Data[2]: 0100
zephyr.exe[3563344]: < HCI Command: Host Number of Completed Packets (0x03|0x0035) plen 5                          #365 22.499087
        Num handles: 1
        Handle: 111 Address: DF:A9:FF:F6:B1:1A (OUI DF-A9-FF)
        Count: 1
zephyr.exe[3563344]: < ACL Data TX: Handle 111 [1/3] flags 0x00 dlen 5                                             #366 22.499092
      ATT: Write Response (0x13) len 0
> HCI Event: Number of Completed Packets (0x13) plen 5                                                             #367 22.672421
        Num handles: 1
        Handle: 111 Address: DF:A9:FF:F6:B1:1A (OUI DF-A9-FF)
        Count: 1
        Buffers: 0/3
        #366: len 5 (0 Kb/s)
        Latency: 173 msec (66-173 msec ~167 msec)
> ACL Data RX: Handle 111 flags 0x02 dlen 9                                                                        #368 22.672545
      ATT: Write Request (0x12) len 4
        Handle: 0x0045
          Data[2]: 0000
zephyr.exe[3563344]: < HCI Command: Host Number of Completed Packets (0x03|0x0035) plen 5                          #369 22.679050
        Num handles: 1
        Handle: 111 Address: DF:A9:FF:F6:B1:1A (OUI DF-A9-FF)
        Count: 1
zephyr.exe[3563344]: < ACL Data TX: Handle 111 [1/3] flags 0x00 dlen 5                                             #370 22.679055
      ATT: Write Response (0x13) len 0
> HCI Event: Number of Completed Packets (0x13) plen 5                                                             #371 22.847359
        Num handles: 1
        Handle: 111 Address: DF:A9:FF:F6:B1:1A (OUI DF-A9-FF)
        Count: 1
        Buffers: 0/3
        #370: len 5 (0 Kb/s)
        Latency: 168 msec (66-173 msec ~168 msec)
> ACL Data RX: Handle 111 flags 0x02 dlen 9                                                                        #372 22.847361
      ATT: Write Request (0x12) len 4
        Handle: 0x0045
          Data[2]: 0100
zephyr.exe[3563344]: < HCI Command: Host Number of Completed Packets (0x03|0x0035) plen 5                          #373 22.859063
        Num handles: 1
        Handle: 111 Address: DF:A9:FF:F6:B1:1A (OUI DF-A9-FF)
        Count: 1
zephyr.exe[3563344]: < ACL Data TX: Handle 111 [1/3] flags 0x00 dlen 5                                             #374 22.859103
      ATT: Write Response (0x13) len 0
> HCI Event: Number of Completed Packets (0x13) plen 5                                                             #375 23.022312
        Num handles: 1
        Handle: 111 Address: DF:A9:FF:F6:B1:1A (OUI DF-A9-FF)
        Count: 1
        Buffers: 0/3
        #374: len 5 (0 Kb/s)
        Latency: 163 msec (66-173 msec ~165 msec)
> ACL Data RX: Handle 111 flags 0x02 dlen 9                                                                        #376 23.022446
      ATT: Write Request (0x12) len 4
        Handle: 0x003f
          Data[2]: 0000
zephyr.exe[3563344]: < HCI Command: Host Number of Completed Packets (0x03|0x0035) plen 5                          #377 23.039044
        Num handles: 1
        Handle: 111 Address: DF:A9:FF:F6:B1:1A (OUI DF-A9-FF)
        Count: 1
zephyr.exe[3563344]: < ACL Data TX: Handle 111 [1/3] flags 0x00 dlen 5                                             #378 23.039050
      ATT: Write Response (0x13) len 0
> HCI Event: Number of Completed Packets (0x13) plen 5                                                             #379 23.197410
        Num handles: 1
        Handle: 111 Address: DF:A9:FF:F6:B1:1A (OUI DF-A9-FF)
        Count: 1
        Buffers: 0/3
        #378: len 5 (0 Kb/s)
        Latency: 158 msec (66-173 msec ~161 msec)
> ACL Data RX: Handle 111 flags 0x02 dlen 9                                                                        #380 23.197478
      ATT: Write Request (0x12) len 4
        Handle: 0x003f
          Data[2]: 0100
zephyr.exe[3563344]: < HCI Command: Host Number of Completed Packets (0x03|0x0035) plen 5                          #381 23.199070
        Num handles: 1
        Handle: 111 Address: DF:A9:FF:F6:B1:1A (OUI DF-A9-FF)
        Count: 1
zephyr.exe[3563344]: < ACL Data TX: Handle 111 [1/3] flags 0x00 dlen 5                                             #382 23.199090
      ATT: Write Response (0x13) len 0
> HCI Event: Number of Completed Packets (0x13) plen 5                                                             #383 23.372228
        Num handles: 1
        Handle: 111 Address: DF:A9:FF:F6:B1:1A (OUI DF-A9-FF)
        Count: 1
        Buffers: 0/3
        #382: len 5 (0 Kb/s)
        Latency: 173 msec (66-173 msec ~167 msec)
> ACL Data RX: Handle 111 flags 0x02 dlen 9                                                                        #384 23.372691
      ATT: Write Request 