2023-04-11 22:16:29,097 root DEBUG client.py                 782   run_test_case_thread_entry : Starting TestCase wrapper GATT GATT/SR/GAW/BI-08-C
2023-04-11 22:16:29,097 root DEBUG testcase.py               718   pre_run                   : pre_run GATT GATT/SR/GAW/BI-08-C
2023-04-11 22:16:29,097 root DEBUG testcase.py               720   pre_run                   : About to run test case GATT GATT/SR/GAW/BI-08-C with commands:
2023-04-11 22:16:29,097 root DEBUG testcase.py               723   pre_run                   : 0) class=<class 'autopts.ptsprojects.testcase.TestFunc'>, func=<bound method ZephyrCtl.start of <autopts.ptsprojects.zephyr.iutctl.ZephyrCtl object at 0x000002AB6EA55A30>> start_wid=None stop_wid=None post_wid=None skip_call=None call_count=0 args=(<autopts.ptsprojects.zephyr.ztestcase.ZTestCase object at 0x000002AB6EE60070>,) kwds={}
2023-04-11 22:16:29,098 root DEBUG testcase.py               723   pre_run                   : 1) class=<class 'autopts.ptsprojects.testcase.TestFunc'>, func=<bound method ZephyrCtl.wait_iut_ready_event of <autopts.ptsprojects.zephyr.iutctl.ZephyrCtl object at 0x000002AB6EA55A30>> start_wid=None stop_wid=None post_wid=None skip_call=None call_count=0 args=() kwds={}
2023-04-11 22:16:29,098 root DEBUG testcase.py               723   pre_run                   : 2) class=<class 'autopts.ptsprojects.testcase.TestFunc'>, func=<function core_reg_svc_gap at 0x000002AB6D157D30> start_wid=None stop_wid=None post_wid=None skip_call=None call_count=55 args=() kwds={}
2023-04-11 22:16:29,098 root DEBUG testcase.py               723   pre_run                   : 3) class=<class 'autopts.ptsprojects.testcase.TestFunc'>, func=<bound method Stack.gap_init of <autopts.ptsprojects.stack.Stack object at 0x000002AB6EA55910>> start_wid=None stop_wid=None post_wid=None skip_call=None call_count=55 args=(b'Tester_6015B9',) kwds={}
2023-04-11 22:16:29,098 root DEBUG testcase.py               723   pre_run                   : 4) class=<class 'autopts.ptsprojects.testcase.TestFunc'>, func=<function core_reg_svc_gatt at 0x000002AB6D157E50> start_wid=None stop_wid=None post_wid=None skip_call=None call_count=55 args=() kwds={}
2023-04-11 22:16:29,098 root DEBUG testcase.py               723   pre_run                   : 5) class=<class 'autopts.ptsprojects.testcase.TestFunc'>, func=<function gap_read_ctrl_info at 0x000002AB6D168E50> start_wid=None stop_wid=None post_wid=None skip_call=None call_count=55 args=() kwds={}
2023-04-11 22:16:29,098 root DEBUG testcase.py               723   pre_run                   : 6) class=<class 'autopts.ptsprojects.testcase.TestFunc'>, func=<function test_cases_server.<locals>.<lambda> at 0x000002AB6ECBDA60> start_wid=None stop_wid=None post_wid=None skip_call=None call_count=55 args=() kwds={}
2023-04-11 22:16:29,098 root DEBUG testcase.py               723   pre_run                   : 7) class=<class 'autopts.ptsprojects.testcase.TestFunc'>, func=<function test_cases_server.<locals>.<lambda> at 0x000002AB6ECBDB80> start_wid=None stop_wid=None post_wid=None skip_call=None call_count=55 args=() kwds={}
2023-04-11 22:16:29,098 root DEBUG testcase.py               723   pre_run                   : 8) class=<class 'autopts.ptsprojects.testcase.TestFunc'>, func=<function test_cases_server.<locals>.<lambda> at 0x000002AB6ECBDC10> start_wid=None stop_wid=None post_wid=None skip_call=None call_count=55 args=() kwds={}
2023-04-11 22:16:29,098 root DEBUG testcase.py               723   pre_run                   : 9) class=<class 'autopts.ptsprojects.testcase.TestFunc'>, func=<function gap_set_io_cap at 0x000002AB6D1684C0> start_wid=None stop_wid=None post_wid=None skip_call=None call_count=55 args=(0,) kwds={}
2023-04-11 22:16:29,098 root DEBUG testcase.py               723   pre_run                   : 10) class=<class 'autopts.ptsprojects.testcase.TestFunc'>, func=<bound method Stack.gatt_init of <autopts.ptsprojects.stack.Stack object at 0x000002AB6EA55910>> start_wid=None stop_wid=None post_wid=None skip_call=None call_count=55 args=() kwds={}
2023-04-11 22:16:29,098 root DEBUG testcase.py               723   pre_run                   : 11) class=<class 'autopts.ptsprojects.testcase.TestFunc'>, func=<function gatts_add_svc at 0x000002AB6D1764C0> start_wid=None stop_wid=None post_wid=None skip_call=None call_count=55 args=(1, 'AA40') kwds={}
2023-04-11 22:16:29,099 root DEBUG testcase.py               723   pre_run                   : 12) class=<class 'autopts.ptsprojects.testcase.TestFunc'>, func=<function gatts_add_char at 0x000002AB6D1765E0> start_wid=None stop_wid=None post_wid=None skip_call=None call_count=55 args=(0, 10, 3, 'AA50') kwds={}
2023-04-11 22:16:29,099 root DEBUG testcase.py               723   pre_run                   : 13) class=<class 'autopts.ptsprojects.testcase.TestFunc'>, func=<function gatts_set_val at 0x000002AB6D176670> start_wid=None stop_wid=None post_wid=None skip_call=None call_count=55 args=(0, '0123456789ABCDEF') kwds={}
2023-04-11 22:16:29,099 root DEBUG testcase.py               723   pre_run                   : 14) class=<class 'autopts.ptsprojects.testcase.TestFunc'>, func=<function gatts_add_char at 0x000002AB6D1765E0> start_wid=None stop_wid=None post_wid=None skip_call=None call_count=55 args=(0, 10, 12, 'AA51') kwds={}
2023-04-11 22:16:29,099 root DEBUG testcase.py               723   pre_run                   : 15) class=<class 'autopts.ptsprojects.testcase.TestFunc'>, func=<function gatts_set_val at 0x000002AB6D176670> start_wid=None stop_wid=None post_wid=None skip_call=None call_count=55 args=(0, '0123456789ABCDEF') kwds={}
2023-04-11 22:16:29,099 root DEBUG testcase.py               723   pre_run                   : 16) class=<class 'autopts.ptsprojects.testcase.TestFunc'>, func=<function gatts_add_char at 0x000002AB6D1765E0> start_wid=None stop_wid=None post_wid=None skip_call=None call_count=55 args=(0, 10, 48, 'AA52') kwds={}
2023-04-11 22:16:29,099 root DEBUG testcase.py               723   pre_run                   : 17) class=<class 'autopts.ptsprojects.testcase.TestFunc'>, func=<function gatts_set_val at 0x000002AB6D176670> start_wid=None stop_wid=None post_wid=None skip_call=None call_count=55 args=(0, '0123456789ABCDEF') kwds={}
2023-04-11 22:16:29,099 root DEBUG testcase.py               723   pre_run                   : 18) class=<class 'autopts.ptsprojects.testcase.TestFunc'>, func=<function gatts_add_char at 0x000002AB6D1765E0> start_wid=None stop_wid=None post_wid=None skip_call=None call_count=55 args=(0, 10, 192, 'AA53') kwds={}
2023-04-11 22:16:29,099 root DEBUG testcase.py               723   pre_run                   : 19) class=<class 'autopts.ptsprojects.testcase.TestFunc'>, func=<function gatts_set_val at 0x000002AB6D176670> start_wid=None stop_wid=None post_wid=None skip_call=None call_count=55 args=(0, '0123456789ABCDEF') kwds={}
2023-04-11 22:16:29,099 root DEBUG testcase.py               723   pre_run                   : 20) class=<class 'autopts.ptsprojects.testcase.TestFunc'>, func=<function gatts_add_char at 0x000002AB6D1765E0> start_wid=None stop_wid=None post_wid=None skip_call=None call_count=55 args=(0, 58, 3, 'AA54') kwds={}
2023-04-11 22:16:29,099 root DEBUG testcase.py               723   pre_run                   : 21) class=<class 'autopts.ptsprojects.testcase.TestFunc'>, func=<function gatts_set_val at 0x000002AB6D176670> start_wid=None stop_wid=None post_wid=None skip_call=None call_count=55 args=(0, '0123456789ABCDEF') kwds={}
2023-04-11 22:16:29,099 root DEBUG testcase.py               723   pre_run                   : 22) class=<class 'autopts.ptsprojects.testcase.TestFunc'>, func=<function gatts_add_desc at 0x000002AB6D176700> start_wid=None stop_wid=None post_wid=None skip_call=None call_count=55 args=(0, 3, '2902') kwds={}
2023-04-11 22:16:29,099 root DEBUG testcase.py               723   pre_run                   : 23) class=<class 'autopts.ptsprojects.testcase.TestFunc'>, func=<function gatts_add_char at 0x000002AB6D1765E0> start_wid=None stop_wid=None post_wid=None skip_call=None call_count=55 args=(0, 58, 3, 'AA55') kwds={}
2023-04-11 22:16:29,099 root DEBUG testcase.py               723   pre_run                   : 24) class=<class 'autopts.ptsprojects.testcase.TestFunc'>, func=<function gatts_set_val at 0x000002AB6D176670> start_wid=None stop_wid=None post_wid=None skip_call=None call_count=55 args=(0, '0123456789ABCDEF') kwds={}
2023-04-11 22:16:29,099 root DEBUG testcase.py               723   pre_run                   : 25) class=<class 'autopts.ptsprojects.testcase.TestFunc'>, func=<function gatts_add_desc at 0x000002AB6D176700> start_wid=None stop_wid=None post_wid=None skip_call=None call_count=55 args=(0, 3, '2902') kwds={}
2023-04-11 22:16:29,099 root DEBUG testcase.py               723   pre_run                   : 26) class=<class 'autopts.ptsprojects.testcase.TestFunc'>, func=<function gatts_add_char at 0x000002AB6D1765E0> start_wid=None stop_wid=None post_wid=None skip_call=None call_count=55 args=(0, 70, 3, 'AA56') kwds={}
2023-04-11 22:16:29,100 root DEBUG testcase.py               723   pre_run                   : 27) class=<class 'autopts.ptsprojects.testcase.TestFunc'>, func=<function gatts_set_val at 0x000002AB6D176670> start_wid=None stop_wid=None post_wid=None skip_call=None call_count=55 args=(0, '0123456789ABCDEF') kwds={}
2023-04-11 22:16:29,100 root DEBUG testcase.py               723   pre_run                   : 28) class=<class 'autopts.ptsprojects.testcase.TestFunc'>, func=<function gatts_add_char at 0x000002AB6D1765E0> start_wid=None stop_wid=None post_wid=None skip_call=None call_count=55 args=(0, 70, 48, 'AA57') kwds={}
2023-04-11 22:16:29,100 root DEBUG testcase.py               723   pre_run                   : 29) class=<class 'autopts.ptsprojects.testcase.TestFunc'>, func=<function gatts_set_val at 0x000002AB6D176670> start_wid=None stop_wid=None post_wid=None skip_call=None call_count=55 args=(0, '0123456789ABCDEF') kwds={}
2023-04-11 22:16:29,100 root DEBUG testcase.py               723   pre_run                   : 30) class=<class 'autopts.ptsprojects.testcase.TestFunc'>, func=<function gatts_add_char at 0x000002AB6D1765E0> start_wid=None stop_wid=None post_wid=None skip_call=None call_count=55 args=(0, 138, 3, 'AA58') kwds={}
2023-04-11 22:16:29,100 root DEBUG testcase.py               723   pre_run                   : 31) class=<class 'autopts.ptsprojects.testcase.TestFunc'>, func=<function gatts_set_val at 0x000002AB6D176670> start_wid=None stop_wid=None post_wid=None skip_call=None call_count=55 args=(0, '0123456789ABCDEF') kwds={}
2023-04-11 22:16:29,100 root DEBUG testcase.py               723   pre_run                   : 32) class=<class 'autopts.ptsprojects.testcase.TestFunc'>, func=<function gatts_add_desc at 0x000002AB6D176700> start_wid=None stop_wid=None post_wid=None skip_call=None call_count=55 args=(0, 1, '2900') kwds={}
2023-04-11 22:16:29,100 root DEBUG testcase.py               723   pre_run                   : 33) class=<class 'autopts.ptsprojects.testcase.TestFunc'>, func=<function gatts_set_val at 0x000002AB6D176670> start_wid=None stop_wid=None post_wid=None skip_call=None call_count=55 args=(0, '0100') kwds={}
2023-04-11 22:16:29,100 root DEBUG testcase.py               723   pre_run                   : 34) class=<class 'autopts.ptsprojects.testcase.TestFunc'>, func=<function gatts_add_char at 0x000002AB6D1765E0> start_wid=None stop_wid=None post_wid=None skip_call=None call_count=55 args=(0, 10, 12, 'AA59') kwds={}
2023-04-11 22:16:29,100 root DEBUG testcase.py               723   pre_run                   : 35) class=<class 'autopts.ptsprojects.testcase.TestFunc'>, func=<function gatts_set_val at 0x000002AB6D176670> start_wid=None stop_wid=None post_wid=None skip_call=None call_count=55 args=(0, '0123456789ABCDEF') kwds={}
2023-04-11 22:16:29,100 root DEBUG testcase.py               723   pre_run                   : 36) class=<class 'autopts.ptsprojects.testcase.TestFunc'>, func=<function gatts_set_enc_key_size at 0x000002AB6D176940> start_wid=None stop_wid=None post_wid=None skip_call=None call_count=55 args=(0, 15) kwds={}
2023-04-11 22:16:29,100 root DEBUG testcase.py               723   pre_run                   : 37) class=<class 'autopts.ptsprojects.testcase.TestFunc'>, func=<function gatts_add_char at 0x000002AB6D1765E0> start_wid=None stop_wid=None post_wid=None skip_call=None call_count=55 args=(0, 10, 12, 'AA5A') kwds={}
2023-04-11 22:16:29,100 root DEBUG testcase.py               723   pre_run                   : 38) class=<class 'autopts.ptsprojects.testcase.TestFunc'>, func=<function gatts_set_val at 0x000002AB6D176670> start_wid=None stop_wid=None post_wid=None skip_call=None call_count=55 args=(0, '0123456789ABCDEF') kwds={}
2023-04-11 22:16:29,100 root DEBUG testcase.py               723   pre_run                   : 39) class=<class 'autopts.ptsprojects.testcase.TestFunc'>, func=<function gatts_set_enc_key_size at 0x000002AB6D176940> start_wid=None stop_wid=None post_wid=None skip_call=None call_count=55 args=(0, 15) kwds={}
2023-04-11 22:16:29,100 root DEBUG testcase.py               723   pre_run                   : 40) class=<class 'autopts.ptsprojects.testcase.TestFunc'>, func=<function gatts_add_char at 0x000002AB6D1765E0> start_wid=None stop_wid=None post_wid=None skip_call=None call_count=55 args=(0, 10, 3, 'F000BB5004514000B123456789ABCDEF') kwds={}
2023-04-11 22:16:29,100 root DEBUG testcase.py               723   pre_run                   : 41) class=<class 'autopts.ptsprojects.testcase.TestFunc'>, func=<function gatts_set_val at 0x000002AB6D176670> start_wid=None stop_wid=None post_wid=None skip_call=None call_count=55 args=(0, '0123456789ABCDEF') kwds={}
2023-04-11 22:16:29,101 root DEBUG testcase.py               723   pre_run                   : 42) class=<class 'autopts.ptsprojects.testcase.TestFunc'>, func=<function gatts_add_svc at 0x000002AB6D1764C0> start_wid=None stop_wid=None post_wid=None skip_call=None call_count=55 args=(0, 'AA41') kwds={}
2023-04-11 22:16:29,101 root DEBUG testcase.py               723   pre_run                   : 43) class=<class 'autopts.ptsprojects.testcase.TestFunc'>, func=<function gatts_add_inc_svc at 0x000002AB6D176550> start_wid=None stop_wid=None post_wid=None skip_call=None call_count=55 args=(1,) kwds={}
2023-04-11 22:16:29,101 root DEBUG testcase.py               723   pre_run                   : 44) class=<class 'autopts.ptsprojects.testcase.TestFunc'>, func=<function gatts_add_char at 0x000002AB6D1765E0> start_wid=None stop_wid=None post_wid=None skip_call=None call_count=55 args=(0, 10, 3, 'AA50') kwds={}
2023-04-11 22:16:29,101 root DEBUG testcase.py               723   pre_run                   : 45) class=<class 'autopts.ptsprojects.testcase.TestFunc'>, func=<function gatts_set_val at 0x000002AB6D176670> start_wid=None stop_wid=None post_wid=None skip_call=None call_count=55 args=(0, '0123456789ABCDEF0123456789ABCDEF0123456789ABCDEF0123456789ABCDEF') kwds={}
2023-04-11 22:16:29,101 root DEBUG testcase.py               723   pre_run                   : 46) class=<class 'autopts.ptsprojects.testcase.TestFunc'>, func=<function gatts_add_char at 0x000002AB6D1765E0> start_wid=None stop_wid=None post_wid=None skip_call=None call_count=55 args=(0, 10, 3, 'AA51') kwds={}
2023-04-11 22:16:29,101 root DEBUG testcase.py               723   pre_run                   : 47) class=<class 'autopts.ptsprojects.testcase.TestFunc'>, func=<function gatts_set_val at 0x000002AB6D176670> start_wid=None stop_wid=None post_wid=None skip_call=None call_count=55 args=(0, 'FEDCBA9876543210FEDCBA9876543210FEDCBA9876543210FEDCBA9876543210') kwds={}
2023-04-11 22:16:29,101 root DEBUG testcase.py               723   pre_run                   : 48) class=<class 'autopts.ptsprojects.testcase.TestFunc'>, func=<function gatts_add_char at 0x000002AB6D1765E0> start_wid=None stop_wid=None post_wid=None skip_call=None call_count=55 args=(0, 10, 12, 'AA52') kwds={}
2023-04-11 22:16:29,101 root DEBUG testcase.py               723   pre_run                   : 49) class=<class 'autopts.ptsprojects.testcase.TestFunc'>, func=<function gatts_set_val at 0x000002AB6D176670> start_wid=None stop_wid=None post_wid=None skip_call=None call_count=55 args=(0, 'FEDCBA9876543210FEDCBA9876543210FEDCBA9876543210FEDCBA9876543210FEDCBA9876543210FEDCBA9876543210FEDCBA9876543210') kwds={}
2023-04-11 22:16:29,101 root DEBUG testcase.py               723   pre_run                   : 50) class=<class 'autopts.ptsprojects.testcase.TestFunc'>, func=<function gatts_set_enc_key_size at 0x000002AB6D176940> start_wid=None stop_wid=None post_wid=None skip_call=None call_count=55 args=(0, 15) kwds={}
2023-04-11 22:16:29,101 root DEBUG testcase.py               723   pre_run                   : 51) class=<class 'autopts.ptsprojects.testcase.TestFunc'>, func=<function gatts_add_char at 0x000002AB6D1765E0> start_wid=None stop_wid=None post_wid=None skip_call=None call_count=55 args=(0, 2, 1, 'AA53') kwds={}
2023-04-11 22:16:29,101 root DEBUG testcase.py               723   pre_run                   : 52) class=<class 'autopts.ptsprojects.testcase.TestFunc'>, func=<function gatts_set_val at 0x000002AB6D176670> start_wid=None stop_wid=None post_wid=None skip_call=None call_count=55 args=(0, '0123456789ABCDEF0123456789ABCDEF0123456789ABCDEF0123456789ABCDEF0123456789ABCDEF0123456789ABCDEF0123456789ABCDEF0123456789ABCDEF0123456789ABCDEF0123456789ABCDEF') kwds={}
2023-04-11 22:16:29,101 root DEBUG testcase.py               723   pre_run                   : 53) class=<class 'autopts.ptsprojects.testcase.TestFunc'>, func=<function gatts_add_desc at 0x000002AB6D176700> start_wid=None stop_wid=None post_wid=None skip_call=None call_count=55 args=(0, 3, 'AA54') kwds={}
2023-04-11 22:16:29,101 root DEBUG testcase.py               723   pre_run                   : 54) class=<class 'autopts.ptsprojects.testcase.TestFunc'>, func=<function gatts_set_val at 0x000002AB6D176670> start_wid=None stop_wid=None post_wid=None skip_call=None call_count=55 args=(0, '01010101010101010101010101010101010101010101010101010101010101010101010101010101010101010101010101010101010101010101010101010101') kwds={}
2023-04-11 22:16:29,101 root DEBUG testcase.py               723   pre_run                   : 55) class=<class 'autopts.ptsprojects.testcase.TestFunc'>, func=<function gatts_add_char at 0x000002AB6D1765E0> start_wid=None stop_wid=None post_wid=None skip_call=None call_count=55 args=(0, 10, 3, 'AA55') kwds={}
2023-04-11 22:16:29,101 root DEBUG testcase.py               723   pre_run                   : 56) class=<class 'autopts.ptsprojects.testcase.TestFunc'>, func=<function gatts_set_val at 0x000002AB6D176670> start_wid=None stop_wid=None post_wid=None skip_call=None call_count=55 args=(0, '0123456789ABCDEF0123456789ABCDEF0123456789ABCDEF0123456789ABCDEF0123456789ABCDEF0123456789ABCDEF0123456789ABCDEF0123456789ABCDEF0123456789ABCDEF0123456789ABCDEF') kwds={}
2023-04-11 22:16:29,102 root DEBUG testcase.py               723   pre_run                   : 57) class=<class 'autopts.ptsprojects.testcase.TestFunc'>, func=<function gatts_start_server at 0x000002AB6D1768B0> start_wid=None stop_wid=None post_wid=None skip_call=None call_count=55 args=() kwds={}
2023-04-11 22:16:29,102 root DEBUG testcase.py               723   pre_run                   : 58) class=<class 'autopts.ptsprojects.testcase.TestFuncCleanUp'>, func=<bound method Stack.cleanup of <autopts.ptsprojects.stack.Stack object at 0x000002AB6EA55910>> start_wid=None stop_wid=None post_wid=None skip_call=None call_count=0 args=() kwds={}
2023-04-11 22:16:29,102 root DEBUG testcase.py               723   pre_run                   : 59) class=<class 'autopts.ptsprojects.testcase.TestFuncCleanUp'>, func=<bound method ZephyrCtl.stop of <autopts.ptsprojects.zephyr.iutctl.ZephyrCtl object at 0x000002AB6EA55A30>> start_wid=None stop_wid=None post_wid=None skip_call=None call_count=0 args=() kwds={}
2023-04-11 22:16:29,102 root DEBUG testcase.py               730   pre_run                   : post_run, run pre test case script
2023-04-11 22:16:29,105 root DEBUG testcase.py               246   start                     : Starting test function: class=<class 'autopts.ptsprojects.testcase.TestFunc'>, func=<bound method ZephyrCtl.start of <autopts.ptsprojects.zephyr.iutctl.ZephyrCtl object at 0x000002AB6EA55A30>> start_wid=None stop_wid=None post_wid=None skip_call=None call_count=1 args=(<autopts.ptsprojects.zephyr.ztestcase.ZTestCase object at 0x000002AB6EE60070>,) kwds={}
2023-04-11 22:16:29,105 root DEBUG testcase.py               258   start                     : Test function parameters: args=(<autopts.ptsprojects.zephyr.ztestcase.ZTestCase object at 0x000002AB6EE60070>,), kwds={}
2023-04-11 22:16:29,106 root DEBUG iutctl.py                 100   start                     : <class 'autopts.ptsprojects.zephyr.iutctl.ZephyrCtl'>.start
2023-04-11 22:16:29,106 root DEBUG iutctl.py                 161   flush_serial              : <class 'autopts.ptsprojects.zephyr.iutctl.ZephyrCtl'>.flush_serial
2023-04-11 22:16:30,177 root DEBUG iutctl.py                 126   start                     : Starting socat process: socat.exe -x -v tcp:192.168.9.43:57968,retry=100,interval=1 /dev/ttyS4,raw,b115200
2023-04-11 22:16:30,180 root DEBUG iutctl_common.py          272   accept                    : accept
2023-04-11 22:16:30,198 root DEBUG testcase.py               246   start                     : Starting test function: class=<class 'autopts.ptsprojects.testcase.TestFunc'>, func=<bound method ZephyrCtl.wait_iut_ready_event of <autopts.ptsprojects.zephyr.iutctl.ZephyrCtl object at 0x000002AB6EA55A30>> start_wid=None stop_wid=None post_wid=None skip_call=None call_count=1 args=() kwds={}
2023-04-11 22:16:30,199 root DEBUG testcase.py               258   start                     : Test function parameters: args=(), kwds={}
2023-04-11 22:16:30,199 root DEBUG iutctl.py                 200   reset                     : <class 'autopts.ptsprojects.zephyr.iutctl.ZephyrCtl'>.reset
2023-04-11 22:16:30,199 root DEBUG iutctl.py                 237   stop                      : <class 'autopts.ptsprojects.zephyr.iutctl.ZephyrCtl'>.stop
2023-04-11 22:16:31,208 root DEBUG __init__.py               48    reset                     : About to reset DUT: 'nrfjprog -r -s 683989059'
2023-04-11 22:16:31,735 root DEBUG iutctl.py                 100   start                     : <class 'autopts.ptsprojects.zephyr.iutctl.ZephyrCtl'>.start
2023-04-11 22:16:31,736 root DEBUG iutctl.py                 161   flush_serial              : <class 'autopts.ptsprojects.zephyr.iutctl.ZephyrCtl'>.flush_serial
2023-04-11 22:16:32,810 root DEBUG iutctl.py                 126   start                     : Starting socat process: socat.exe -x -v tcp:192.168.9.43:57970,retry=100,interval=1 /dev/ttyS4,raw,b115200
2023-04-11 22:16:32,814 root DEBUG iutctl_common.py          272   accept                    : accept
2023-04-11 22:16:32,834 root DEBUG iutctl.py                 161   flush_serial              : <class 'autopts.ptsprojects.zephyr.iutctl.ZephyrCtl'>.flush_serial
2023-04-11 22:16:32,834 root DEBUG __init__.py               48    reset                     : About to reset DUT: 'nrfjprog -r -s 683989059'
2023-04-11 22:16:33,379 root DEBUG iutctl_common.py          211   read                      : read
2023-04-11 22:16:33,648 root DEBUG iutctl_common.py          70    read                      : Read 5 bytes
2023-04-11 22:16:33,664 root DEBUG iutctl_common.py          79    read                      : Received: hdr: Header(svc_id=0, op=128, ctrl_index=255, data_len=0) bytearray(b'\x00\x80\xff\x00\x00')
2023-04-11 22:16:33,680 root DEBUG iutctl_common.py          92    read                      : Received data: "('',)", bytearray(b'')
2023-04-11 22:16:33,696 root DEBUG btp.py                    618   event_handler             : event_handler Header(svc_id=0, op=128, ctrl_index=255, data_len=0) (b'',)
2023-04-11 22:16:33,712 root ERROR btp.py                    698   event_handler             : Unhandled event! svc_id 0 op 128
2023-04-11 22:16:33,712 root DEBUG iutctl.py                 230   wait_iut_ready_event      : IUT ready event received OK
2023-04-11 22:16:33,712 root DEBUG testcase.py               246   start                     : Starting test function: class=<class 'autopts.ptsprojects.testcase.TestFunc'>, func=<function core_reg_svc_gap at 0x000002AB6D157D30> start_wid=None stop_wid=None post_wid=None skip_call=None call_count=56 args=() kwds={}
2023-04-11 22:16:33,712 root DEBUG testcase.py               258   start                     : Test function parameters: args=(), kwds={}
2023-04-11 22:16:33,712 root DEBUG btp.py                    402   core_reg_svc_gap          : core_reg_svc_gap
2023-04-11 22:16:33,712 root DEBUG iutctl_common.py          98    send                      : send, 0 3 255 '1'
2023-04-11 22:16:33,712 root DEBUG iutctl_common.py          103   send                      : sending frame '0003ff010001'
2023-04-11 22:16:33,712 root DEBUG btp.py                    529   core_reg_svc_rsp_succ     : core_reg_svc_rsp_succ
2023-04-11 22:16:33,713 root DEBUG iutctl_common.py          211   read                      : read
2023-04-11 22:16:33,776 root DEBUG iutctl_common.py          70    read                      : Read 5 bytes
2023-04-11 22:16:33,776 root DEBUG iutctl_common.py          79    read                      : Received: hdr: Header(svc_id=0, op=3, ctrl_index=255, data_len=0) bytearray(b'\x00\x03\xff\x00\x00')
2023-04-11 22:16:33,808 root DEBUG iutctl_common.py          92    read                      : Received data: "('',)", bytearray(b'')
2023-04-11 22:16:33,856 root DEBUG btp.py                    540   core_reg_svc_rsp_succ     : received Header(svc_id=0, op=3, ctrl_index=255, data_len=0) (b'',)
2023-04-11 22:16:33,856 root DEBUG btp.py                    541   core_reg_svc_rsp_succ     : expected ((0, 3, 255, 0), (b'',))
2023-04-11 22:16:33,856 root DEBUG btp.py                    546   core_reg_svc_rsp_succ     : response is valid
2023-04-11 22:16:33,856 root DEBUG testcase.py               246   start                     : Starting test function: class=<class 'autopts.ptsprojects.testcase.TestFunc'>, func=<bound method Stack.gap_init of <autopts.ptsprojects.stack.Stack object at 0x000002AB6EA55910>> start_wid=None stop_wid=None post_wid=None skip_call=None call_count=56 args=(b'Tester_6015B9',) kwds={}
2023-04-11 22:16:33,856 root DEBUG testcase.py               258   start                     : Test function parameters: args=(b'Tester_6015B9',), kwds={}
2023-04-11 22:16:33,856 root DEBUG testcase.py               246   start                     : Starting test function: class=<class 'autopts.ptsprojects.testcase.TestFunc'>, func=<function core_reg_svc_gatt at 0x000002AB6D157E50> start_wid=None stop_wid=None post_wid=None skip_call=None call_count=56 args=() kwds={}
2023-04-11 22:16:33,856 root DEBUG testcase.py               258   start                     : Test function parameters: args=(), kwds={}
2023-04-11 22:16:33,856 root DEBUG btp.py                    420   core_reg_svc_gatt         : core_reg_svc_gatt
2023-04-11 22:16:33,857 root DEBUG iutctl_common.py          98    send                      : send, 0 3 255 '2'
2023-04-11 22:16:33,857 root DEBUG iutctl_common.py          103   send                      : sending frame '0003ff010002'
2023-04-11 22:16:33,857 root DEBUG btp.py                    529   core_reg_svc_rsp_succ     : core_reg_svc_rsp_succ
2023-04-11 22:16:33,857 root DEBUG iutctl_common.py          211   read                      : read
2023-04-11 22:16:33,920 root DEBUG iutctl_common.py          70    read                      : Read 5 bytes
2023-04-11 22:16:33,936 root DEBUG iutctl_common.py          79    read                      : Received: hdr: Header(svc_id=0, op=3, ctrl_index=255, data_len=0) bytearray(b'\x00\x03\xff\x00\x00')
2023-04-11 22:16:33,952 root DEBUG iutctl_common.py          92    read                      : Received data: "('',)", bytearray(b'')
2023-04-11 22:16:33,968 root DEBUG btp.py                    540   core_reg_svc_rsp_succ     : received Header(svc_id=0, op=3, ctrl_index=255, data_len=0) (b'',)
2023-04-11 22:16:33,968 root DEBUG btp.py                    541   core_reg_svc_rsp_succ     : expected ((0, 3, 255, 0), (b'',))
2023-04-11 22:16:33,968 root DEBUG btp.py                    546   core_reg_svc_rsp_succ     : response is valid
2023-04-11 22:16:33,968 root DEBUG testcase.py               246   start                     : Starting test function: class=<class 'autopts.ptsprojects.testcase.TestFunc'>, func=<function gap_read_ctrl_info at 0x000002AB6D168E50> start_wid=None stop_wid=None post_wid=None skip_call=None call_count=56 args=() kwds={}
2023-04-11 22:16:33,968 root DEBUG testcase.py               258   start                     : Test function parameters: args=(), kwds={}
2023-04-11 22:16:33,968 root DEBUG gap.py                    875   gap_read_ctrl_info        : gap_read_ctrl_info
2023-04-11 22:16:33,968 root DEBUG iutctl_common.py          98    send                      : send, 1 3 0 ''
2023-04-11 22:16:33,969 root DEBUG iutctl_common.py          103   send                      : sending frame '0103000000'
2023-04-11 22:16:33,969 root DEBUG iutctl_common.py          211   read                      : read
2023-04-11 22:16:34,063 root DEBUG iutctl_common.py          70    read                      : Read 5 bytes
2023-04-11 22:16:34,079 root DEBUG iutctl_common.py          79    read                      : Received: hdr: Header(svc_id=1, op=3, ctrl_index=0, data_len=277) bytearray(b'\x01\x03\x00\x15\x01')
2023-04-11 22:16:34,095 root DEBUG iutctl_common.py          92    read                      : Received data: "('p\x1fÄvçÜ\x13\x06\x00\x00\x13\x82\x00\x00\x00\x00\x00btp_tester\x00\x00\x00\x00\x00\x00\x00\x00\x00\x00\x00\x00\x00\x00\x00\x00\x00\x00\x00\x00\x00\x00\x00\x00\x00\x00\x00\x00\x00\x00\x00\x00\x00\x00\x00\x00\x00\x00\x00\x00\x00\x00\x00\x00\x00\x00\x00\x00\x00\x00\x00\x00\x00\x00\x00\x00\x00\x00\x00\x00\x00\x00\x00\x00\x00\x00\x00\x00\x00\x00\x00\x00\x00\x00\x00\x00\x00\x00\x00\x00\x00\x00\x00\x00\x00\x00\x00\x00\x00\x00\x00\x00\x00\x00\x00\x00\x00\x00\x00\x00\x00\x00\x00\x00\x00\x00\x00\x00\x00\x00\x00\x00\x00\x00\x00\x00\x00\x00\x00\x00\x00\x00\x00\x00\x00\x00\x00\x00\x00\x00\x00\x00\x00\x00\x00\x00\x00\x00\x00\x00\x00\x00\x00\x00\x00\x00\x00\x00\x00\x00\x00\x00\x00\x00\x00\x00\x00\x00\x00\x00\x00\x00\x00\x00\x00\x00\x00\x00\x00\x00\x00\x00\x00\x00\x00\x00\x00\x00\x00\x00\x00\x00\x00\x00\x00\x00\x00\x00\x00\x00\x00\x00\x00\x00\x00\x00\x00\x00\x00\x00\x00\x00\x00\x00\x00\x00\x00\x00\x00\x00\x00\x00\x00\x00\x00\x00\x00\x00\x00\x00\x00\x00\x00\x00\x00\x00\x00\x00\x00\x00\x00\x00\x00\x00\x00\x00\x00\x00\x00\x00\x00\x00\x00\x00\x00\x00\x00\x00\x00\x00',)", bytearray(b'p\x1f\xc4v\xe7\xdc\x13\x06\x00\x00\x13\x82\x00\x00\x00\x00\x00btp_tester\x00\x00\x00\x00\x00\x00\x00\x00\x00\x00\x00\x00\x00\x00\x00\x00\x00\x00\x00\x00\x00\x00\x00\x00\x00\x00\x00\x00\x00\x00\x00\x00\x00\x00\x00\x00\x00\x00\x00\x00\x00\x00\x00\x00\x00\x00\x00\x00\x00\x00\x00\x00\x00\x00\x00\x00\x00\x00\x00\x00\x00\x00\x00\x00\x00\x00\x00\x00\x00\x00\x00\x00\x00\x00\x00\x00\x00\x00\x00\x00\x00\x00\x00\x00\x00\x00\x00\x00\x00\x00\x00\x00\x00\x00\x00\x00\x00\x00\x00\x00\x00\x00\x00\x00\x00\x00\x00\x00\x00\x00\x00\x00\x00\x00\x00\x00\x00\x00\x00\x00\x00\x00\x00\x00\x00\x00\x00\x00\x00\x00\x00\x00\x00\x00\x00\x00\x00\x00\x00\x00\x00\x00\x00\x00\x00\x00\x00\x00\x00\x00\x00\x00\x00\x00\x00\x00\x00\x00\x00\x00\x00\x00\x00\x00\x00\x00\x00\x00\x00\x00\x00\x00\x00\x00\x00\x00\x00\x00\x00\x00\x00\x00\x00\x00\x00\x00\x00\x00\x00\x00\x00\x00\x00\x00\x00\x00\x00\x00\x00\x00\x00\x00\x00\x00\x00\x00\x00\x00\x00\x00\x00\x00\x00\x00\x00\x00\x00\x00\x00\x00\x00\x00\x00\x00\x00\x00\x00\x00\x00\x00\x00\x00\x00\x00\x00\x00\x00\x00\x00\x00\x00\x00\x00\x00\x00\x00\x00\x00\x00\x00')
2023-04-11 22:16:34,127 root DEBUG gap.py                    882   gap_read_ctrl_info        : received Header(svc_id=1, op=3, ctrl_index=0, data_len=277) (b'p\x1f\xc4v\xe7\xdc\x13\x06\x00\x00\x13\x82\x00\x00\x00\x00\x00btp_tester\x00\x00\x00\x00\x00\x00\x00\x00\x00\x00\x00\x00\x00\x00\x00\x00\x00\x00\x00\x00\x00\x00\x00\x00\x00\x00\x00\x00\x00\x00\x00\x00\x00\x00\x00\x00\x00\x00\x00\x00\x00\x00\x00\x00\x00\x00\x00\x00\x00\x00\x00\x00\x00\x00\x00\x00\x00\x00\x00\x00\x00\x00\x00\x00\x00\x00\x00\x00\x00\x00\x00\x00\x00\x00\x00\x00\x00\x00\x00\x00\x00\x00\x00\x00\x00\x00\x00\x00\x00\x00\x00\x00\x00\x00\x00\x00\x00\x00\x00\x00\x00\x00\x00\x00\x00\x00\x00\x00\x00\x00\x00\x00\x00\x00\x00\x00\x00\x00\x00\x00\x00\x00\x00\x00\x00\x00\x00\x00\x00\x00\x00\x00\x00\x00\x00\x00\x00\x00\x00\x00\x00\x00\x00\x00\x00\x00\x00\x00\x00\x00\x00\x00\x00\x00\x00\x00\x00\x00\x00\x00\x00\x00\x00\x00\x00\x00\x00\x00\x00\x00\x00\x00\x00\x00\x00\x00\x00\x00\x00\x00\x00\x00\x00\x00\x00\x00\x00\x00\x00\x00\x00\x00\x00\x00\x00\x00\x00\x00\x00\x00\x00\x00\x00\x00\x00\x00\x00\x00\x00\x00\x00\x00\x00\x00\x00\x00\x00\x00\x00\x00\x00\x00\x00\x00\x00\x00\x00\x00\x00\x00\x00\x00\x00\x00\x00\x00\x00\x00\x00\x00\x00\x00\x00\x00\x00\x00\x00\x00\x00\x00',)
2023-04-11 22:16:34,127 root DEBUG gap.py                    903   gap_read_ctrl_info        : IUT address 'dce776c41f70' 'random'
2023-04-11 22:16:34,127 root DEBUG gap.py                    346   __gap_current_settings_update : __gap_current_settings_update 33299
2023-04-11 22:16:34,127 root DEBUG testcase.py               246   start                     : Starting test function: class=<class 'autopts.ptsprojects.testcase.TestFunc'>, func=<function test_cases_server.<locals>.<lambda> at 0x000002AB6ECBDA60> start_wid=None stop_wid=None post_wid=None skip_call=None call_count=56 args=() kwds={}
2023-04-11 22:16:34,127 root DEBUG testcase.py               258   start                     : Test function parameters: args=(), kwds={}
2023-04-11 22:16:34,130 root DEBUG testcase.py               246   start                     : Starting test function: class=<class 'autopts.ptsprojects.testcase.TestFunc'>, func=<function test_cases_server.<locals>.<lambda> at 0x000002AB6ECBDB80> start_wid=None stop_wid=None post_wid=None skip_call=None call_count=56 args=() kwds={}
2023-04-11 22:16:34,130 root DEBUG testcase.py               258   start                     : Test function parameters: args=(), kwds={}
2023-04-11 22:16:34,130 root DEBUG testcase.py               246   start                     : Starting test function: class=<class 'autopts.ptsprojects.testcase.TestFunc'>, func=<function test_cases_server.<locals>.<lambda> at 0x000002AB6ECBDC10> start_wid=None stop_wid=None post_wid=None skip_call=None call_count=56 args=() kwds={}
2023-04-11 22:16:34,130 root DEBUG testcase.py               258   start                     : Test function parameters: args=(), kwds={}
2023-04-11 22:16:34,132 root DEBUG testcase.py               246   start                     : Starting test function: class=<class 'autopts.ptsprojects.testcase.TestFunc'>, func=<function gap_set_io_cap at 0x000002AB6D1684C0> start_wid=None stop_wid=None post_wid=None skip_call=None call_count=56 args=(0,) kwds={}
2023-04-11 22:16:34,132 root DEBUG testcase.py               258   start                     : Test function parameters: args=(0,), kwds={}
2023-04-11 22:16:34,132 root DEBUG gap.py                    597   gap_set_io_cap            : gap_set_io_cap 0
2023-04-11 22:16:34,132 root DEBUG iutctl_common.py          98    send                      : send, 1 16 0 '\x00'
2023-04-11 22:16:34,132 root DEBUG iutctl_common.py          103   send                      : sending frame '011000010000'
2023-04-11 22:16:34,132 root DEBUG gap.py                    910   gap_command_rsp_succ      : gap_command_rsp_succ
2023-04-11 22:16:34,132 root DEBUG iutctl_common.py          211   read                      : read
2023-04-11 22:16:34,174 root DEBUG iutctl_common.py          70    read                      : Read 5 bytes
2023-04-11 22:16:34,190 root DEBUG iutctl_common.py          79    read                      : Received: hdr: Header(svc_id=1, op=16, ctrl_index=0, data_len=0) bytearray(b'\x01\x10\x00\x00\x00')
2023-04-11 22:16:34,221 root DEBUG iutctl_common.py          92    read                      : Received data: "('',)", bytearray(b'')
2023-04-11 22:16:34,269 root DEBUG gap.py                    915   gap_command_rsp_succ      : received Header(svc_id=1, op=16, ctrl_index=0, data_len=0) (b'',)
2023-04-11 22:16:34,269 root DEBUG testcase.py               246   start                     : Starting test function: class=<class 'autopts.ptsprojects.testcase.TestFunc'>, func=<bound method Stack.gatt_init of <autopts.ptsprojects.stack.Stack object at 0x000002AB6EA55910>> start_wid=None stop_wid=None post_wid=None skip_call=None call_count=56 args=() kwds={}
2023-04-11 22:16:34,269 root DEBUG testcase.py               258   start                     : Test function parameters: args=(), kwds={}
2023-04-11 22:16:34,269 root DEBUG testcase.py               246   start                     : Starting test function: class=<class 'autopts.ptsprojects.testcase.TestFunc'>, func=<function gatts_add_svc at 0x000002AB6D1764C0> start_wid=None stop_wid=None post_wid=None skip_call=None call_count=56 args=(1, 'AA40') kwds={}
2023-04-11 22:16:34,269 root DEBUG testcase.py               258   start                     : Test function parameters: args=(1, 'AA40'), kwds={}
2023-04-11 22:16:34,269 root DEBUG gatt.py                   124   gatts_add_svc             : gatts_add_svc 1 'AA40'
2023-04-11 22:16:34,269 root DEBUG iutctl_common.py          98    send                      : send, 2 2 0 "bytearray(b'\\x01\\x02\\xaa@')"
2023-04-11 22:16:34,269 root DEBUG iutctl_common.py          103   send                      : sending frame '02020004000102aa40'
2023-04-11 22:16:34,270 root DEBUG gatt.py                   1141  gatt_command_rsp_succ     : gatt_command_rsp_succ
2023-04-11 22:16:34,270 root DEBUG iutctl_common.py          211   read                      : read
2023-04-11 22:16:34,349 root DEBUG iutctl_common.py          70    read                      : Read 5 bytes
2023-04-11 22:16:34,365 root DEBUG iutctl_common.py          79    read                      : Received: hdr: Header(svc_id=2, op=2, ctrl_index=0, data_len=2) bytearray(b'\x02\x02\x00\x02\x00')
2023-04-11 22:16:34,413 root DEBUG iutctl_common.py          92    read                      : Received data: "('\x00\x00',)", bytearray(b'\x00\x00')
2023-04-11 22:16:34,461 root DEBUG gatt.py                   1146  gatt_command_rsp_succ     : received Header(svc_id=2, op=2, ctrl_index=0, data_len=2) (b'\x00\x00',)
2023-04-11 22:16:34,461 root DEBUG testcase.py               246   start                     : Starting test function: class=<class 'autopts.ptsprojects.testcase.TestFunc'>, func=<function gatts_add_char at 0x000002AB6D1765E0> start_wid=None stop_wid=None post_wid=None skip_call=None call_count=56 args=(0, 10, 3, 'AA50') kwds={}
2023-04-11 22:16:34,461 root DEBUG testcase.py               258   start                     : Test function parameters: args=(0, 10, 3, 'AA50'), kwds={}
2023-04-11 22:16:34,461 root DEBUG gatt.py                   158   gatts_add_char            : gatts_add_char 0 10 3 'AA50'
2023-04-11 22:16:34,461 root DEBUG iutctl_common.py          98    send                      : send, 2 3 0 "bytearray(b'\\x00\\x00\\n\\x03\\x02\\xaaP')"
2023-04-11 22:16:34,461 root DEBUG iutctl_common.py          103   send                      : sending frame '020300070000000a0302aa50'
2023-04-11 22:16:34,461 root DEBUG gatt.py                   1141  gatt_command_rsp_succ     : gatt_command_rsp_succ
2023-04-11 22:16:34,461 root DEBUG iutctl_common.py          211   read                      : read
2023-04-11 22:16:34,509 root DEBUG iutctl_common.py          70    read                      : Read 5 bytes
2023-04-11 22:16:34,525 root DEBUG iutctl_common.py          79    read                      : Received: hdr: Header(svc_id=2, op=3, ctrl_index=0, data_len=2) bytearray(b'\x02\x03\x00\x02\x00')
2023-04-11 22:16:34,573 root DEBUG iutctl_common.py          92    read                      : Received data: "('\x00\x00',)", bytearray(b'\x00\x00')
2023-04-11 22:16:34,573 root DEBUG gatt.py                   1146  gatt_command_rsp_succ     : received Header(svc_id=2, op=3, ctrl_index=0, data_len=2) (b'\x00\x00',)
2023-04-11 22:16:34,573 root DEBUG testcase.py               246   start                     : Starting test function: class=<class 'autopts.ptsprojects.testcase.TestFunc'>, func=<function gatts_set_val at 0x000002AB6D176670> start_wid=None stop_wid=None post_wid=None skip_call=None call_count=56 args=(0, '0123456789ABCDEF') kwds={}
2023-04-11 22:16:34,573 root DEBUG testcase.py               258   start                     : Test function parameters: args=(0, '0123456789ABCDEF'), kwds={}
2023-04-11 22:16:34,573 root DEBUG gatt.py                   190   gatts_set_val             : gatts_set_val 0 '0123456789ABCDEF' 
2023-04-11 22:16:34,573 root DEBUG iutctl_common.py          98    send                      : send, 2 6 0 "bytearray(b'\\x00\\x00\\x08\\x00\\x01#Eg\\x89\\xab\\xcd\\xef')"
2023-04-11 22:16:34,574 root DEBUG iutctl_common.py          103   send                      : sending frame '0206000c00000008000123456789abcdef'
2023-04-11 22:16:34,574 root DEBUG gatt.py                   1141  gatt_command_rsp_succ     : gatt_command_rsp_succ
2023-04-11 22:16:34,574 root DEBUG iutctl_common.py          211   read                      : read
2023-04-11 22:16:34,653 root DEBUG iutctl_common.py          70    read                      : Read 5 bytes
2023-04-11 22:16:34,685 root DEBUG iutctl_common.py          79    read                      : Received: hdr: Header(svc_id=2, op=6, ctrl_index=0, data_len=0) bytearray(b'\x02\x06\x00\x00\x00')
2023-04-11 22:16:34,717 root DEBUG iutctl_common.py          92    read                      : Received data: "('',)", bytearray(b'')
2023-04-11 22:16:34,749 root DEBUG gatt.py                   1146  gatt_command_rsp_succ     : received Header(svc_id=2, op=6, ctrl_index=0, data_len=0) (b'',)
2023-04-11 22:16:34,749 root DEBUG testcase.py               246   start                     : Starting test function: class=<class 'autopts.ptsprojects.testcase.TestFunc'>, func=<function gatts_add_char at 0x000002AB6D1765E0> start_wid=None stop_wid=None post_wid=None skip_call=None call_count=56 args=(0, 10, 12, 'AA51') kwds={}
2023-04-11 22:16:34,749 root DEBUG testcase.py               258   start                     : Test function parameters: args=(0, 10, 12, 'AA51'), kwds={}
2023-04-11 22:16:34,749 root DEBUG gatt.py                   158   gatts_add_char            : gatts_add_char 0 10 12 'AA51'
2023-04-11 22:16:34,749 root DEBUG iutctl_common.py          98    send                      : send, 2 3 0 "bytearray(b'\\x00\\x00\\n\\x0c\\x02\\xaaQ')"
2023-04-11 22:16:34,749 root DEBUG iutctl_common.py          103   send                      : sending frame '020300070000000a0c02aa51'
2023-04-11 22:16:34,749 root DEBUG gatt.py                   1141  gatt_command_rsp_succ     : gatt_command_rsp_succ
2023-04-11 22:16:34,749 root DEBUG iutctl_common.py          211   read                      : read
2023-04-11 22:16:34,845 root DEBUG iutctl_common.py          70    read                      : Read 5 bytes
2023-04-11 22:16:34,861 root DEBUG iutctl_common.py          79    read                      : Received: hdr: Header(svc_id=2, op=3, ctrl_index=0, data_len=2) bytearray(b'\x02\x03\x00\x02\x00')
2023-04-11 22:16:34,909 root DEBUG iutctl_common.py          92    read                      : Received data: "('\x00\x00',)", bytearray(b'\x00\x00')
2023-04-11 22:16:34,956 root DEBUG gatt.py                   1146  gatt_command_rsp_succ     : received Header(svc_id=2, op=3, ctrl_index=0, data_len=2) (b'\x00\x00',)
2023-04-11 22:16:34,956 root DEBUG testcase.py               246   start                     : Starting test function: class=<class 'autopts.ptsprojects.testcase.TestFunc'>, func=<function gatts_set_val at 0x000002AB6D176670> start_wid=None stop_wid=None post_wid=None skip_call=None call_count=56 args=(0, '0123456789ABCDEF') kwds={}
2023-04-11 22:16:34,956 root DEBUG testcase.py               258   start                     : Test function parameters: args=(0, '0123456789ABCDEF'), kwds={}
2023-04-11 22:16:34,956 root DEBUG gatt.py                   190   gatts_set_val             : gatts_set_val 0 '0123456789ABCDEF' 
2023-04-11 22:16:34,956 root DEBUG iutctl_common.py          98    send                      : send, 2 6 0 "bytearray(b'\\x00\\x00\\x08\\x00\\x01#Eg\\x89\\xab\\xcd\\xef')"
2023-04-11 22:16:34,956 root DEBUG iutctl_common.py          103   send                      : sending frame '0206000c00000008000123456789abcdef'
2023-04-11 22:16:34,956 root DEBUG gatt.py                   1141  gatt_command_rsp_succ     : gatt_command_rsp_succ
2023-04-11 22:16:34,957 root DEBUG iutctl_common.py          211   read                      : read
2023-04-11 22:16:35,020 root DEBUG iutctl_common.py          70    read                      : Read 5 bytes
2023-04-11 22:16:35,052 root DEBUG iutctl_common.py          79    read                      : Received: hdr: Header(svc_id=2, op=6, ctrl_index=0, data_len=0) bytearray(b'\x02\x06\x00\x00\x00')
2023-04-11 22:16:35,084 root DEBUG iutctl_common.py          92    read                      : Received data: "('',)", bytearray(b'')
2023-04-11 22:16:35,084 root DEBUG gatt.py                   1146  gatt_command_rsp_succ     : received Header(svc_id=2, op=6, ctrl_index=0, data_len=0) (b'',)
2023-04-11 22:16:35,084 root DEBUG testcase.py               246   start                     : Starting test function: class=<class 'autopts.ptsprojects.testcase.TestFunc'>, func=<function gatts_add_char at 0x000002AB6D1765E0> start_wid=None stop_wid=None post_wid=None skip_call=None call_count=56 args=(0, 10, 48, 'AA52') kwds={}
2023-04-11 22:16:35,084 root DEBUG testcase.py               258   start                     : Test function parameters: args=(0, 10, 48, 'AA52'), kwds={}
2023-04-11 22:16:35,084 root DEBUG gatt.py                   158   gatts_add_char            : gatts_add_char 0 10 48 'AA52'
2023-04-11 22:16:35,084 root DEBUG iutctl_common.py          98    send                      : send, 2 3 0 "bytearray(b'\\x00\\x00\\n0\\x02\\xaaR')"
2023-04-11 22:16:35,084 root DEBUG iutctl_common.py          103   send                      : sending frame '020300070000000a3002aa52'
2023-04-11 22:16:35,085 root DEBUG gatt.py                   1141  gatt_command_rsp_succ     : gatt_command_rsp_succ
2023-04-11 22:16:35,085 root DEBUG iutctl_common.py          211   read                      : read
2023-04-11 22:16:35,164 root DEBUG iutctl_common.py          70    read                      : Read 5 bytes
2023-04-11 22:16:35,180 root DEBUG iutctl_common.py          79    read                      : Received: hdr: Header(svc_id=2, op=3, ctrl_index=0, data_len=2) bytearray(b'\x02\x03\x00\x02\x00')
2023-04-11 22:16:35,244 root DEBUG iutctl_common.py          92    read                      : Received data: "('\x00\x00',)", bytearray(b'\x00\x00')
2023-04-11 22:16:35,292 root DEBUG gatt.py                   1146  gatt_command_rsp_succ     : received Header(svc_id=2, op=3, ctrl_index=0, data_len=2) (b'\x00\x00',)
2023-04-11 22:16:35,292 root DEBUG testcase.py               246   start                     : Starting test function: class=<class 'autopts.ptsprojects.testcase.TestFunc'>, func=<function gatts_set_val at 0x000002AB6D176670> start_wid=None stop_wid=None post_wid=None skip_call=None call_count=56 args=(0, '0123456789ABCDEF') kwds={}
2023-04-11 22:16:35,292 root DEBUG testcase.py               258   start                     : Test function parameters: args=(0, '0123456789ABCDEF'), kwds={}
2023-04-11 22:16:35,292 root DEBUG gatt.py                   190   gatts_set_val             : gatts_set_val 0 '0123456789ABCDEF' 
2023-04-11 22:16:35,292 root DEBUG iutctl_common.py          98    send                      : send, 2 6 0 "bytearray(b'\\x00\\x00\\x08\\x00\\x01#Eg\\x89\\xab\\xcd\\xef')"
2023-04-11 22:16:35,292 root DEBUG iutctl_common.py          103   send                      : sending frame '0206000c00000008000123456789abcdef'
2023-04-11 22:16:35,292 root DEBUG gatt.py                   1141  gatt_command_rsp_succ     : gatt_command_rsp_succ
2023-04-11 22:16:35,292 root DEBUG iutctl_common.py          211   read                      : read
2023-04-11 22:16:35,372 root DEBUG iutctl_common.py          70    read                      : Read 5 bytes
2023-04-11 22:16:35,388 root DEBUG iutctl_common.py          79    read                      : Received: hdr: Header(svc_id=2, op=6, ctrl_index=0, data_len=0) bytearray(b'\x02\x06\x00\x00\x00')
2023-04-11 22:16:35,420 root DEBUG iutctl_common.py          92    read                      : Received data: "('',)", bytearray(b'')
2023-04-11 22:16:35,420 root DEBUG gatt.py                   1146  gatt_command_rsp_succ     : received Header(svc_id=2, op=6, ctrl_index=0, data_len=0) (b'',)
2023-04-11 22:16:35,420 root DEBUG testcase.py               246   start                     : Starting test function: class=<class 'autopts.ptsprojects.testcase.TestFunc'>, func=<function gatts_add_char at 0x000002AB6D1765E0> start_wid=None stop_wid=None post_wid=None skip_call=None call_count=56 args=(0, 10, 192, 'AA53') kwds={}
2023-04-11 22:16:35,420 root DEBUG testcase.py               258   start                     : Test function parameters: args=(0, 10, 192, 'AA53'), kwds={}
2023-04-11 22:16:35,420 root DEBUG gatt.py                   158   gatts_add_char            : gatts_add_char 0 10 192 'AA53'
2023-04-11 22:16:35,420 root DEBUG iutctl_common.py          98    send                      : send, 2 3 0 "bytearray(b'\\x00\\x00\\n\\xc0\\x02\\xaaS')"
2023-04-11 22:16:35,420 root DEBUG iutctl_common.py          103   send                      : sending frame '020300070000000ac002aa53'
2023-04-11 22:16:35,421 root DEBUG gatt.py                   1141  gatt_command_rsp_succ     : gatt_command_rsp_succ
2023-04-11 22:16:35,421 root DEBUG iutctl_common.py          211   read                      : read
2023-04-11 22:16:35,500 root DEBUG iutctl_common.py          70    read                      : Read 5 bytes
2023-04-11 22:16:35,532 root DEBUG iutctl_common.py          79    read                      : Received: hdr: Header(svc_id=2, op=3, ctrl_index=0, data_len=2) bytearray(b'\x02\x03\x00\x02\x00')
2023-04-11 22:16:35,564 root DEBUG iutctl_common.py          92    read                      : Received data: "('\x00\x00',)", bytearray(b'\x00\x00')
2023-04-11 22:16:35,580 root DEBUG gatt.py                   1146  gatt_command_rsp_succ     : received Header(svc_id=2, op=3, ctrl_index=0, data_len=2) (b'\x00\x00',)
2023-04-11 22:16:35,580 root DEBUG testcase.py               246   start                     : Starting test function: class=<class 'autopts.ptsprojects.testcase.TestFunc'>, func=<function gatts_set_val at 0x000002AB6D176670> start_wid=None stop_wid=None post_wid=None skip_call=None call_count=56 args=(0, '0123456789ABCDEF') kwds={}
2023-04-11 22:16:35,580 root DEBUG testcase.py               258   start                     : Test function parameters: args=(0, '0123456789ABCDEF'), kwds={}
2023-04-11 22:16:35,580 root DEBUG gatt.py                   190   gatts_set_val             : gatts_set_val 0 '0123456789ABCDEF' 
2023-04-11 22:16:35,580 root DEBUG iutctl_common.py          98    send                      : send, 2 6 0 "bytearray(b'\\x00\\x00\\x08\\x00\\x01#Eg\\x89\\xab\\xcd\\xef')"
2023-04-11 22:16:35,580 root DEBUG iutctl_common.py          103   send                      : sending frame '0206000c00000008000123456789abcdef'
2023-04-11 22:16:35,580 root DEBUG gatt.py                   1141  gatt_command_rsp_succ     : gatt_command_rsp_succ
2023-04-11 22:16:35,580 root DEBUG iutctl_common.py          211   read                      : read
2023-04-11 22:16:35,644 root DEBUG iutctl_common.py          70    read                      : Read 5 bytes
2023-04-11 22:16:35,660 root DEBUG iutctl_common.py          79    read                      : Received: hdr: Header(svc_id=2, op=6, ctrl_index=0, data_len=0) bytearray(b'\x02\x06\x00\x00\x00')
2023-04-11 22:16:35,676 root DEBUG iutctl_common.py          92    read                      : Received data: "('',)", bytearray(b'')
2023-04-11 22:16:35,676 root DEBUG gatt.py                   1146  gatt_command_rsp_succ     : received Header(svc_id=2, op=6, ctrl_index=0, data_len=0) (b'',)
2023-04-11 22:16:35,676 root DEBUG testcase.py               246   start                     : Starting test function: class=<class 'autopts.ptsprojects.testcase.TestFunc'>, func=<function gatts_add_char at 0x000002AB6D1765E0> start_wid=None stop_wid=None post_wid=None skip_call=None call_count=56 args=(0, 58, 3, 'AA54') kwds={}
2023-04-11 22:16:35,676 root DEBUG testcase.py               258   start                     : Test function parameters: args=(0, 58, 3, 'AA54'), kwds={}
2023-04-11 22:16:35,676 root DEBUG gatt.py                   158   gatts_add_char            : gatts_add_char 0 58 3 'AA54'
2023-04-11 22:16:35,676 root DEBUG iutctl_common.py          98    send                      : send, 2 3 0 "bytearray(b'\\x00\\x00:\\x03\\x02\\xaaT')"
2023-04-11 22:16:35,676 root DEBUG iutctl_common.py          103   send                      : sending frame '020300070000003a0302aa54'
2023-04-11 22:16:35,677 root DEBUG gatt.py                   1141  gatt_command_rsp_succ     : gatt_command_rsp_succ
2023-04-11 22:16:35,677 root DEBUG iutctl_common.py          211   read                      : read
2023-04-11 22:16:35,739 root DEBUG iutctl_common.py          70    read                      : Read 5 bytes
2023-04-11 22:16:35,755 root DEBUG iutctl_common.py          79    read                      : Received: hdr: Header(svc_id=2, op=3, ctrl_index=0, data_len=2) bytearray(b'\x02\x03\x00\x02\x00')
2023-04-11 22:16:35,771 root DEBUG iutctl_common.py          92    read                      : Received data: "('\x00\x00',)", bytearray(b'\x00\x00')
2023-04-11 22:16:35,803 root DEBUG gatt.py                   1146  gatt_command_rsp_succ     : received Header(svc_id=2, op=3, ctrl_index=0, data_len=2) (b'\x00\x00',)
2023-04-11 22:16:35,803 root DEBUG testcase.py               246   start                     : Starting test function: class=<class 'autopts.ptsprojects.testcase.TestFunc'>, func=<function gatts_set_val at 0x000002AB6D176670> start_wid=None stop_wid=None post_wid=None skip_call=None call_count=56 args=(0, '0123456789ABCDEF') kwds={}
2023-04-11 22:16:35,803 root DEBUG testcase.py               258   start                     : Test function parameters: args=(0, '0123456789ABCDEF'), kwds={}
2023-04-11 22:16:35,803 root DEBUG gatt.py                   190   gatts_set_val             : gatts_set_val 0 '0123456789ABCDEF' 
2023-04-11 22:16:35,803 root DEBUG iutctl_common.py          98    send                      : send, 2 6 0 "bytearray(b'\\x00\\x00\\x08\\x00\\x01#Eg\\x89\\xab\\xcd\\xef')"
2023-04-11 22:16:35,803 root DEBUG iutctl_common.py          103   send                      : sending frame '0206000c00000008000123456789abcdef'
2023-04-11 22:16:35,803 root DEBUG gatt.py                   1141  gatt_command_rsp_succ     : gatt_command_rsp_succ
2023-04-11 22:16:35,803 root DEBUG iutctl_common.py          211   read                      : read
2023-04-11 22:16:35,851 root DEBUG iutctl_common.py          70    read                      : Read 5 bytes
2023-04-11 22:16:35,883 root DEBUG iutctl_common.py          79    read                      : Received: hdr: Header(svc_id=2, op=6, ctrl_index=0, data_len=0) bytearray(b'\x02\x06\x00\x00\x00')
2023-04-11 22:16:35,915 root DEBUG iutctl_common.py          92    read                      : Received data: "('',)", bytearray(b'')
2023-04-11 22:16:35,963 root DEBUG gatt.py                   1146  gatt_command_rsp_succ     : received Header(svc_id=2, op=6, ctrl_index=0, data_len=0) (b'',)
2023-04-11 22:16:35,963 root DEBUG testcase.py               246   start                     : Starting test function: class=<class 'autopts.ptsprojects.testcase.TestFunc'>, func=<function gatts_add_desc at 0x000002AB6D176700> start_wid=None stop_wid=None post_wid=None skip_call=None call_count=56 args=(0, 3, '2902') kwds={}
2023-04-11 22:16:35,963 root DEBUG testcase.py               258   start                     : Test function parameters: args=(0, 3, '2902'), kwds={}
2023-04-11 22:16:35,963 root DEBUG gatt.py                   217   gatts_add_desc            : gatts_add_desc 0 3 '2902'
2023-04-11 22:16:35,963 root DEBUG iutctl_common.py          98    send                      : send, 2 4 0 "bytearray(b'\\x00\\x00\\x03\\x02\\x02)')"
2023-04-11 22:16:35,963 root DEBUG iutctl_common.py          103   send                      : sending frame '0204000600000003020229'
2023-04-11 22:16:35,963 root DEBUG gatt.py                   1141  gatt_command_rsp_succ     : gatt_command_rsp_succ
2023-04-11 22:16:35,963 root DEBUG iutctl_common.py          211   read                      : read
2023-04-11 22:16:36,027 root DEBUG iutctl_common.py          70    read                      : Read 5 bytes
2023-04-11 22:16:36,043 root DEBUG iutctl_common.py          79    read                      : Received: hdr: Header(svc_id=2, op=4, ctrl_index=0, data_len=2) bytearray(b'\x02\x04\x00\x02\x00')
2023-04-11 22:16:36,075 root DEBUG iutctl_common.py          92    read                      : Received data: "('\x00\x00',)", bytearray(b'\x00\x00')
2023-04-11 22:16:36,091 root DEBUG gatt.py                   1146  gatt_command_rsp_succ     : received Header(svc_id=2, op=4, ctrl_index=0, data_len=2) (b'\x00\x00',)
2023-04-11 22:16:36,091 root DEBUG testcase.py               246   start                     : Starting test function: class=<class 'autopts.ptsprojects.testcase.TestFunc'>, func=<function gatts_add_char at 0x000002AB6D1765E0> start_wid=None stop_wid=None post_wid=None skip_call=None call_count=56 args=(0, 58, 3, 'AA55') kwds={}
2023-04-11 22:16:36,091 root DEBUG testcase.py               258   start                     : Test function parameters: args=(0, 58, 3, 'AA55'), kwds={}
2023-04-11 22:16:36,091 root DEBUG gatt.py                   158   gatts_add_char            : gatts_add_char 0 58 3 'AA55'
2023-04-11 22:16:36,091 root DEBUG iutctl_common.py          98    send                      : send, 2 3 0 "bytearray(b'\\x00\\x00:\\x03\\x02\\xaaU')"
2023-04-11 22:16:36,091 root DEBUG iutctl_common.py          103   send                      : sending frame '020300070000003a0302aa55'
2023-04-11 22:16:36,091 root DEBUG gatt.py                   1141  gatt_command_rsp_succ     : gatt_command_rsp_succ
2023-04-11 22:16:36,092 root DEBUG iutctl_common.py          211   read                      : read
2023-04-11 22:16:36,171 root DEBUG iutctl_common.py          70    read                      : Read 5 bytes
2023-04-11 22:16:36,203 root DEBUG iutctl_common.py          79    read                      : Received: hdr: Header(svc_id=2, op=3, ctrl_index=0, data_len=2) bytearray(b'\x02\x03\x00\x02\x00')
2023-04-11 22:16:36,251 root DEBUG iutctl_common.py          92    read                      : Received data: "('\x00\x00',)", bytearray(b'\x00\x00')
2023-04-11 22:16:36,299 root DEBUG gatt.py                   1146  gatt_command_rsp_succ     : received Header(svc_id=2, op=3, ctrl_index=0, data_len=2) (b'\x00\x00',)
2023-04-11 22:16:36,299 root DEBUG testcase.py               246   start                     : Starting test function: class=<class 'autopts.ptsprojects.testcase.TestFunc'>, func=<function gatts_set_val at 0x000002AB6D176670> start_wid=None stop_wid=None post_wid=None skip_call=None call_count=56 args=(0, '0123456789ABCDEF') kwds={}
2023-04-11 22:16:36,299 root DEBUG testcase.py               258   start                     : Test function parameters: args=(0, '0123456789ABCDEF'), kwds={}
2023-04-11 22:16:36,299 root DEBUG gatt.py                   190   gatts_set_val             : gatts_set_val 0 '0123456789ABCDEF' 
2023-04-11 22:16:36,299 root DEBUG iutctl_common.py          98    send                      : send, 2 6 0 "bytearray(b'\\x00\\x00\\x08\\x00\\x01#Eg\\x89\\xab\\xcd\\xef')"
2023-04-11 22:16:36,299 root DEBUG iutctl_common.py          103   send                      : sending frame '0206000c00000008000123456789abcdef'
2023-04-11 22:16:36,299 root DEBUG gatt.py                   1141  gatt_command_rsp_succ     : gatt_command_rsp_succ
2023-04-11 22:16:36,299 root DEBUG iutctl_common.py          211   read                      : read
2023-04-11 22:16:36,363 root DEBUG iutctl_common.py          70    read                      : Read 5 bytes
2023-04-11 22:16:36,411 root DEBUG iutctl_common.py          79    read                      : Received: hdr: Header(svc_id=2, op=6, ctrl_index=0, data_len=0) bytearray(b'\x02\x06\x00\x00\x00')
2023-04-11 22:16:36,443 root DEBUG iutctl_common.py          92    read                      : Received data: "('',)", bytearray(b'')
2023-04-11 22:16:36,475 root DEBUG gatt.py                   1146  gatt_command_rsp_succ     : received Header(svc_id=2, op=6, ctrl_index=0, data_len=0) (b'',)
2023-04-11 22:16:36,475 root DEBUG testcase.py               246   start                     : Starting test function: class=<class 'autopts.ptsprojects.testcase.TestFunc'>, func=<function gatts_add_desc at 0x000002AB6D176700> start_wid=None stop_wid=None post_wid=None skip_call=None call_count=56 args=(0, 3, '2902') kwds={}
2023-04-11 22:16:36,475 root DEBUG testcase.py               258   start                     : Test function parameters: args=(0, 3, '2902'), kwds={}
2023-04-11 22:16:36,475 root DEBUG gatt.py                   217   gatts_add_desc            : gatts_add_desc 0 3 '2902'
2023-04-11 22:16:36,475 root DEBUG iutctl_common.py          98    send                      : send, 2 4 0 "bytearray(b'\\x00\\x00\\x03\\x02\\x02)')"
2023-04-11 22:16:36,475 root DEBUG iutctl_common.py          103   send                      : sending frame '0204000600000003020229'
2023-04-11 22:16:36,475 root DEBUG gatt.py                   1141  gatt_command_rsp_succ     : gatt_command_rsp_succ
2023-04-11 22:16:36,475 root DEBUG iutctl_common.py          211   read                      : read
2023-04-11 22:16:36,555 root DEBUG iutctl_common.py          70    read                      : Read 5 bytes
2023-04-11 22:16:36,587 root DEBUG iutctl_common.py          79    read                      : Received: hdr: Header(svc_id=2, op=4, ctrl_index=0, data_len=2) bytearray(b'\x02\x04\x00\x02\x00')
2023-04-11 22:16:36,651 root DEBUG iutctl_common.py          92    read                      : Received data: "('\x00\x00',)", bytearray(b'\x00\x00')
2023-04-11 22:16:36,699 root DEBUG gatt.py                   1146  gatt_command_rsp_succ     : received Header(svc_id=2, op=4, ctrl_index=0, data_len=2) (b'\x00\x00',)
2023-04-11 22:16:36,699 root DEBUG testcase.py               246   start                     : Starting test function: class=<class 'autopts.ptsprojects.testcase.TestFunc'>, func=<function gatts_add_char at 0x000002AB6D1765E0> start_wid=None stop_wid=None post_wid=None skip_call=None call_count=56 args=(0, 70, 3, 'AA56') kwds={}
2023-04-11 22:16:36,699 root DEBUG testcase.py               258   start                     : Test function parameters: args=(0, 70, 3, 'AA56'), kwds={}
2023-04-11 22:16:36,699 root DEBUG gatt.py                   158   gatts_add_char            : gatts_add_char 0 70 3 'AA56'
2023-04-11 22:16:36,699 root DEBUG iutctl_common.py          98    send                      : send, 2 3 0 "bytearray(b'\\x00\\x00F\\x03\\x02\\xaaV')"
2023-04-11 22:16:36,699 root DEBUG iutctl_common.py          103   send                      : sending frame '02030007000000460302aa56'
2023-04-11 22:16:36,699 root DEBUG gatt.py                   1141  gatt_command_rsp_succ     : gatt_command_rsp_succ
2023-04-11 22:16:36,699 root DEBUG iutctl_common.py          211   read                      : read
2023-04-11 22:16:36,779 root DEBUG iutctl_common.py          70    read                      : Read 5 bytes
2023-04-11 22:16:36,811 root DEBUG iutctl_common.py          79    read                      : Received: hdr: Header(svc_id=2, op=3, ctrl_index=0, data_len=2) bytearray(b'\x02\x03\x00\x02\x00')
2023-04-11 22:16:36,859 root DEBUG iutctl_common.py          92    read                      : Received data: "('\x00\x00',)", bytearray(b'\x00\x00')
2023-04-11 22:16:36,891 root DEBUG gatt.py                   1146  gatt_command_rsp_succ     : received Header(svc_id=2, op=3, ctrl_index=0, data_len=2) (b'\x00\x00',)
2023-04-11 22:16:36,891 root DEBUG testcase.py               246   start                     : Starting test function: class=<class 'autopts.ptsprojects.testcase.TestFunc'>, func=<function gatts_set_val at 0x000002AB6D176670> start_wid=None stop_wid=None post_wid=None skip_call=None call_count=56 args=(0, '0123456789ABCDEF') kwds={}
2023-04-11 22:16:36,891 root DEBUG testcase.py               258   start                     : Test function parameters: args=(0, '0123456789ABCDEF'), kwds={}
2023-04-11 22:16:36,891 root DEBUG gatt.py                   190   gatts_set_val             : gatts_set_val 0 '0123456789ABCDEF' 
2023-04-11 22:16:36,891 root DEBUG iutctl_common.py          98    send                      : send, 2 6 0 "bytearray(b'\\x00\\x00\\x08\\x00\\x01#Eg\\x89\\xab\\xcd\\xef')"
2023-04-11 22:16:36,891 root DEBUG iutctl_common.py          103   send                      : sending frame '0206000c00000008000123456789abcdef'
2023-04-11 22:16:36,892 root DEBUG gatt.py                   1141  gatt_command_rsp_succ     : gatt_command_rsp_succ
2023-04-11 22:16:36,892 root DEBUG iutctl_common.py          211   read                      : read
2023-04-11 22:16:36,955 root DEBUG iutctl_common.py          70    read                      : Read 5 bytes
2023-04-11 22:16:36,987 root DEBUG iutctl_common.py          79    read                      : Received: hdr: Header(svc_id=2, op=6, ctrl_index=0, data_len=0) bytearray(b'\x02\x06\x00\x00\x00')
2023-04-11 22:16:37,003 root DEBUG iutctl_common.py          92    read                      : Received data: "('',)", bytearray(b'')
2023-04-11 22:16:37,019 root DEBUG gatt.py                   1146  gatt_command_rsp_succ     : received Header(svc_id=2, op=6, ctrl_index=0, data_len=0) (b'',)
2023-04-11 22:16:37,019 root DEBUG testcase.py               246   start                     : Starting test function: class=<class 'autopts.ptsprojects.testcase.TestFunc'>, func=<function gatts_add_char at 0x000002AB6D1765E0> start_wid=None stop_wid=None post_wid=None skip_call=None call_count=56 args=(0, 70, 48, 'AA57') kwds={}
2023-04-11 22:16:37,019 root DEBUG testcase.py               258   start                     : Test function parameters: args=(0, 70, 48, 'AA57'), kwds={}
2023-04-11 22:16:37,019 root DEBUG gatt.py                   158   gatts_add_char            : gatts_add_char 0 70 48 'AA57'
2023-04-11 22:16:37,019 root DEBUG iutctl_common.py          98    send                      : send, 2 3 0 "bytearray(b'\\x00\\x00F0\\x02\\xaaW')"
2023-04-11 22:16:37,019 root DEBUG iutctl_common.py          103   send                      : sending frame '02030007000000463002aa57'
2023-04-11 22:16:37,019 root DEBUG gatt.py                   1141  gatt_command_rsp_succ     : gatt_command_rsp_succ
2023-04-11 22:16:37,019 root DEBUG iutctl_common.py          211   read                      : read
2023-04-11 22:16:37,083 root DEBUG iutctl_common.py          70    read                      : Read 5 bytes
2023-04-11 22:16:37,099 root DEBUG iutctl_common.py          79    read                      : Received: hdr: Header(svc_id=2, op=3, ctrl_index=0, data_len=2) bytearray(b'\x02\x03\x00\x02\x00')
2023-04-11 22:16:37,163 root DEBUG iutctl_common.py          92    read                      : Received data: "('\x00\x00',)", bytearray(b'\x00\x00')
2023-04-11 22:16:37,211 root DEBUG gatt.py                   1146  gatt_command_rsp_succ     : received Header(svc_id=2, op=3, ctrl_index=0, data_len=2) (b'\x00\x00',)
2023-04-11 22:16:37,211 root DEBUG testcase.py               246   start                     : Starting test function: class=<class 'autopts.ptsprojects.testcase.TestFunc'>, func=<function gatts_set_val at 0x000002AB6D176670> start_wid=None stop_wid=None post_wid=None skip_call=None call_count=56 args=(0, '0123456789ABCDEF') kwds={}
2023-04-11 22:16:37,211 root DEBUG testcase.py               258   start                     : Test function parameters: args=(0, '0123456789ABCDEF'), kwds={}
2023-04-11 22:16:37,211 root DEBUG gatt.py                   190   gatts_set_val             : gatts_set_val 0 '0123456789ABCDEF' 
2023-04-11 22:16:37,211 root DEBUG iutctl_common.py          98    send                      : send, 2 6 0 "bytearray(b'\\x00\\x00\\x08\\x00\\x01#Eg\\x89\\xab\\xcd\\xef')"
2023-04-11 22:16:37,211 root DEBUG iutctl_common.py          103   send                      : sending frame '0206000c00000008000123456789abcdef'
2023-04-11 22:16:37,211 root DEBUG gatt.py                   1141  gatt_command_rsp_succ     : gatt_command_rsp_succ
2023-04-11 22:16:37,211 root DEBUG iutctl_common.py          211   read                      : read
2023-04-11 22:16:37,275 root DEBUG iutctl_common.py          70    read                      : Read 5 bytes
2023-04-11 22:16:37,307 root DEBUG iutctl_common.py          79    read                      : Received: hdr: Header(svc_id=2, op=6, ctrl_index=0, data_len=0) bytearray(b'\x02\x06\x00\x00\x00')
2023-04-11 22:16:37,323 root DEBUG iutctl_common.py          92    read                      : Received data: "('',)", bytearray(b'')
2023-04-11 22:16:37,355 root DEBUG gatt.py                   1146  gatt_command_rsp_succ     : received Header(svc_id=2, op=6, ctrl_index=0, data_len=0) (b'',)
2023-04-11 22:16:37,355 root DEBUG testcase.py               246   start                     : Starting test function: class=<class 'autopts.ptsprojects.testcase.TestFunc'>, func=<function gatts_add_char at 0x000002AB6D1765E0> start_wid=None stop_wid=None post_wid=None skip_call=None call_count=56 args=(0, 138, 3, 'AA58') kwds={}
2023-04-11 22:16:37,355 root DEBUG testcase.py               258   start                     : Test function parameters: args=(0, 138, 3, 'AA58'), kwds={}
2023-04-11 22:16:37,355 root DEBUG gatt.py                   158   gatts_add_char            : gatts_add_char 0 138 3 'AA58'
2023-04-11 22:16:37,355 root DEBUG iutctl_common.py          98    send                      : send, 2 3 0 "bytearray(b'\\x00\\x00\\x8a\\x03\\x02\\xaaX')"
2023-04-11 22:16:37,355 root DEBUG iutctl_common.py          103   send                      : sending frame '020300070000008a0302aa58'
2023-04-11 22:16:37,355 root DEBUG gatt.py                   1141  gatt_command_rsp_succ     : gatt_command_rsp_succ
2023-04-11 22:16:37,355 root DEBUG iutctl_common.py          211   read                      : read
2023-04-11 22:16:37,435 root DEBUG iutctl_common.py          70    read                      : Read 5 bytes
2023-04-11 22:16:37,467 root DEBUG iutctl_common.py          79    read                      : Received: hdr: Header(svc_id=2, op=3, ctrl_index=0, data_len=2) bytearray(b'\x02\x03\x00\x02\x00')
2023-04-11 22:16:37,499 root DEBUG iutctl_common.py          92    read                      : Received data: "('\x00\x00',)", bytearray(b'\x00\x00')
2023-04-11 22:16:37,515 root DEBUG gatt.py                   1146  gatt_command_rsp_succ     : received Header(svc_id=2, op=3, ctrl_index=0, data_len=2) (b'\x00\x00',)
2023-04-11 22:16:37,515 root DEBUG testcase.py               246   start                     : Starting test function: class=<class 'autopts.ptsprojects.testcase.TestFunc'>, func=<function gatts_set_val at 0x000002AB6D176670> start_wid=None stop_wid=None post_wid=None skip_call=None call_count=56 args=(0, '0123456789ABCDEF') kwds={}
2023-04-11 22:16:37,515 root DEBUG testcase.py               258   start                     : Test function parameters: args=(0, '0123456789ABCDEF'), kwds={}
2023-04-11 22:16:37,515 root DEBUG gatt.py                   190   gatts_set_val             : gatts_set_val 0 '0123456789ABCDEF' 
2023-04-11 22:16:37,515 root DEBUG iutctl_common.py          98    send                      : send, 2 6 0 "bytearray(b'\\x00\\x00\\x08\\x00\\x01#Eg\\x89\\xab\\xcd\\xef')"
2023-04-11 22:16:37,515 root DEBUG iutctl_common.py          103   send                      : sending frame '0206000c00000008000123456789abcdef'
2023-04-11 22:16:37,515 root DEBUG gatt.py                   1141  gatt_command_rsp_succ     : gatt_command_rsp_succ
2023-04-11 22:16:37,516 root DEBUG iutctl_common.py          211   read                      : read
2023-04-11 22:16:37,578 root DEBUG iutctl_common.py          70    read                      : Read 5 bytes
2023-04-11 22:16:37,594 root DEBUG iutctl_common.py          79    read                      : Received: hdr: Header(svc_id=2, op=6, ctrl_index=0, data_len=0) bytearray(b'\x02\x06\x00\x00\x00')
2023-04-11 22:16:37,610 root DEBUG iutctl_common.py          92    read                      : Received data: "('',)", bytearray(b'')
2023-04-11 22:16:37,626 root DEBUG gatt.py                   1146  gatt_command_rsp_succ     : received Header(svc_id=2, op=6, ctrl_index=0, data_len=0) (b'',)
2023-04-11 22:16:37,626 root DEBUG testcase.py               246   start                     : Starting test function: class=<class 'autopts.ptsprojects.testcase.TestFunc'>, func=<function gatts_add_desc at 0x000002AB6D176700> start_wid=None stop_wid=None post_wid=None skip_call=None call_count=56 args=(0, 1, '2900') kwds={}
2023-04-11 22:16:37,626 root DEBUG testcase.py               258   start                     : Test function parameters: args=(0, 1, '2900'), kwds={}
2023-04-11 22:16:37,626 root DEBUG gatt.py                   217   gatts_add_desc            : gatts_add_desc 0 1 '2900'
2023-04-11 22:16:37,626 root DEBUG iutctl_common.py          98    send                      : send, 2 4 0 "bytearray(b'\\x00\\x00\\x01\\x02\\x00)')"
2023-04-11 22:16:37,626 root DEBUG iutctl_common.py          103   send                      : sending frame '0204000600000001020029'
2023-04-11 22:16:37,626 root DEBUG gatt.py                   1141  gatt_command_rsp_succ     : gatt_command_rsp_succ
2023-04-11 22:16:37,626 root DEBUG iutctl_common.py          211   read                      : read
2023-04-11 22:16:37,706 root DEBUG iutctl_common.py          70    read                      : Read 5 bytes
2023-04-11 22:16:37,737 root DEBUG iutctl_common.py          79    read                      : Received: hdr: Header(svc_id=2, op=4, ctrl_index=0, data_len=2) bytearray(b'\x02\x04\x00\x02\x00')
2023-04-11 22:16:37,801 root DEBUG iutctl_common.py          92    read                      : Received data: "('\x00\x00',)", bytearray(b'\x00\x00')
2023-04-11 22:16:37,817 root DEBUG gatt.py                   1146  gatt_command_rsp_succ     : received Header(svc_id=2, op=4, ctrl_index=0, data_len=2) (b'\x00\x00',)
2023-04-11 22:16:37,817 root DEBUG testcase.py               246   start                     : Starting test function: class=<class 'autopts.ptsprojects.testcase.TestFunc'>, func=<function gatts_set_val at 0x000002AB6D176670> start_wid=None stop_wid=None post_wid=None skip_call=None call_count=56 args=(0, '0100') kwds={}
2023-04-11 22:16:37,817 root DEBUG testcase.py               258   start                     : Test function parameters: args=(0, '0100'), kwds={}
2023-04-11 22:16:37,817 root DEBUG gatt.py                   190   gatts_set_val             : gatts_set_val 0 '0100' 
2023-04-11 22:16:37,817 root DEBUG iutctl_common.py          98    send                      : send, 2 6 0 "bytearray(b'\\x00\\x00\\x02\\x00\\x01\\x00')"
2023-04-11 22:16:37,817 root DEBUG iutctl_common.py          103   send                      : sending frame '0206000600000002000100'
2023-04-11 22:16:37,817 root DEBUG gatt.py                   1141  gatt_command_rsp_succ     : gatt_command_rsp_succ
2023-04-11 22:16:37,817 root DEBUG iutctl_common.py          211   read                      : read
2023-04-11 22:16:37,897 root DEBUG iutctl_common.py          70    read                      : Read 5 bytes
2023-04-11 22:16:37,913 root DEBUG iutctl_common.py          79    read                      : Received: hdr: Header(svc_id=2, op=6, ctrl_index=0, data_len=0) bytearray(b'\x02\x06\x00\x00\x00')
2023-04-11 22:16:37,945 root DEBUG iutctl_common.py          92    read                      : Received data: "('',)", bytearray(b'')
2023-04-11 22:16:37,977 root DEBUG gatt.py                   1146  gatt_command_rsp_succ     : received Header(svc_id=2, op=6, ctrl_index=0, data_len=0) (b'',)
2023-04-11 22:16:37,977 root DEBUG testcase.py               246   start                     : Starting test function: class=<class 'autopts.ptsprojects.testcase.TestFunc'>, func=<function gatts_add_char at 0x000002AB6D1765E0> start_wid=None stop_wid=None post_wid=None skip_call=None call_count=56 args=(0, 10, 12, 'AA59') kwds={}
2023-04-11 22:16:37,977 root DEBUG testcase.py               258   start                     : Test function parameters: args=(0, 10, 12, 'AA59'), kwds={}
2023-04-11 22:16:37,977 root DEBUG gatt.py                   158   gatts_add_char            : gatts_add_char 0 10 12 'AA59'
2023-04-11 22:16:37,977 root DEBUG iutctl_common.py          98    send                      : send, 2 3 0 "bytearray(b'\\x00\\x00\\n\\x0c\\x02\\xaaY')"
2023-04-11 22:16:37,977 root DEBUG iutctl_common.py          103   send                      : sending frame '020300070000000a0c02aa59'
2023-04-11 22:16:37,977 root DEBUG gatt.py                   1141  gatt_command_rsp_succ     : gatt_command_rsp_succ
2023-04-11 22:16:37,977 root DEBUG iutctl_common.py          211   read                      : read
2023-04-11 22:16:38,057 root DEBUG iutctl_common.py          70    read                      : Read 5 bytes
2023-04-11 22:16:38,089 root DEBUG iutctl_common.py          79    read                      : Received: hdr: Header(svc_id=2, op=3, ctrl_index=0, data_len=2) bytearray(b'\x02\x03\x00\x02\x00')
2023-04-11 22:16:38,153 root DEBUG iutctl_common.py          92    read                      : Received data: "('\x00\x00',)", bytearray(b'\x00\x00')
2023-04-11 22:16:38,169 root DEBUG gatt.py                   1146  gatt_command_rsp_succ     : received Header(svc_id=2, op=3, ctrl_index=0, data_len=2) (b'\x00\x00',)
2023-04-11 22:16:38,169 root DEBUG testcase.py               246   start                     : Starting test function: class=<class 'autopts.ptsprojects.testcase.TestFunc'>, func=<function gatts_set_val at 0x000002AB6D176670> start_wid=None stop_wid=None post_wid=None skip_call=None call_count=56 args=(0, '0123456789ABCDEF') kwds={}
2023-04-11 22:16:38,169 root DEBUG testcase.py               258   start                     : Test function parameters: args=(0, '0123456789ABCDEF'), kwds={}
2023-04-11 22:16:38,169 root DEBUG gatt.py                   190   gatts_set_val             : gatts_set_val 0 '0123456789ABCDEF' 
2023-04-11 22:16:38,169 root DEBUG iutctl_common.py          98    send                      : send, 2 6 0 "bytearray(b'\\x00\\x00\\x08\\x00\\x01#Eg\\x89\\xab\\xcd\\xef')"
2023-04-11 22:16:38,170 root DEBUG iutctl_common.py          103   send                      : sending frame '0206000c00000008000123456789abcdef'
2023-04-11 22:16:38,170 root DEBUG gatt.py                   1141  gatt_command_rsp_succ     : gatt_command_rsp_succ
2023-04-11 22:16:38,170 root DEBUG iutctl_common.py          211   read                      : read
2023-04-11 22:16:38,249 root DEBUG iutctl_common.py          70    read                      : Read 5 bytes
2023-04-11 22:16:38,281 root DEBUG iutctl_common.py          79    read                      : Received: hdr: Header(svc_id=2, op=6, ctrl_index=0, data_len=0) bytearray(b'\x02\x06\x00\x00\x00')
2023-04-11 22:16:38,313 root DEBUG iutctl_common.py          92    read                      : Received data: "('',)", bytearray(b'')
2023-04-11 22:16:38,345 root DEBUG gatt.py                   1146  gatt_command_rsp_succ     : received Header(svc_id=2, op=6, ctrl_index=0, data_len=0) (b'',)
2023-04-11 22:16:38,345 root DEBUG testcase.py               246   start                     : Starting test function: class=<class 'autopts.ptsprojects.testcase.TestFunc'>, func=<function gatts_set_enc_key_size at 0x000002AB6D176940> start_wid=None stop_wid=None post_wid=None skip_call=None call_count=56 args=(0, 15) kwds={}
2023-04-11 22:16:38,345 root DEBUG testcase.py               258   start                     : Test function parameters: args=(0, 15), kwds={}
2023-04-11 22:16:38,345 root DEBUG gatt.py                   295   gatts_set_enc_key_size    : gatts_set_enc_key_size 0 15
2023-04-11 22:16:38,345 root DEBUG iutctl_common.py          98    send                      : send, 2 9 0 "bytearray(b'\\x00\\x00\\x0f')"
2023-04-11 22:16:38,345 root DEBUG iutctl_common.py          103   send                      : sending frame '020900030000000f'
2023-04-11 22:16:38,345 root DEBUG gatt.py                   1141  gatt_command_rsp_succ     : gatt_command_rsp_succ
2023-04-11 22:16:38,345 root DEBUG iutctl_common.py          211   read                      : read
2023-04-11 22:16:38,425 root DEBUG iutctl_common.py          70    read                      : Read 5 bytes
2023-04-11 22:16:38,425 root DEBUG iutctl_common.py          79    read                      : Received: hdr: Header(svc_id=2, op=9, ctrl_index=0, data_len=0) bytearray(b'\x02\t\x00\x00\x00')
2023-04-11 22:16:38,425 root DEBUG iutctl_common.py          92    read                      : Received data: "('',)", bytearray(b'')
2023-04-11 22:16:38,457 root DEBUG gatt.py                   1146  gatt_command_rsp_succ     : received Header(svc_id=2, op=9, ctrl_index=0, data_len=0) (b'',)
2023-04-11 22:16:38,457 root DEBUG testcase.py               246   start                     : Starting test function: class=<class 'autopts.ptsprojects.testcase.TestFunc'>, func=<function gatts_add_char at 0x000002AB6D1765E0> start_wid=None stop_wid=None post_wid=None skip_call=None call_count=56 args=(0, 10, 12, 'AA5A') kwds={}
2023-04-11 22:16:38,457 root DEBUG testcase.py               258   start                     : Test function parameters: args=(0, 10, 12, 'AA5A'), kwds={}
2023-04-11 22:16:38,457 root DEBUG gatt.py                   158   gatts_add_char            : gatts_add_char 0 10 12 'AA5A'
2023-04-11 22:16:38,457 root DEBUG iutctl_common.py          98    send                      : send, 2 3 0 "bytearray(b'\\x00\\x00\\n\\x0c\\x02\\xaaZ')"
2023-04-11 22:16:38,457 root DEBUG iutctl_common.py          103   send                      : sending frame '020300070000000a0c02aa5a'
2023-04-11 22:16:38,457 root DEBUG gatt.py                   1141  gatt_command_rsp_succ     : gatt_command_rsp_succ
2023-04-11 22:16:38,458 root DEBUG iutctl_common.py          211   read                      : read
2023-04-11 22:16:38,537 root DEBUG iutctl_common.py          70    read                      : Read 5 bytes
2023-04-11 22:16:38,569 root DEBUG iutctl_common.py          79    read                      : Received: hdr: Header(svc_id=2, op=3, ctrl_index=0, data_len=2) bytearray(b'\x02\x03\x00\x02\x00')
2023-04-11 22:16:38,601 root DEBUG iutctl_common.py          92    read                      : Received data: "('\x00\x00',)", bytearray(b'\x00\x00')
2023-04-11 22:16:38,649 root DEBUG gatt.py                   1146  gatt_command_rsp_succ     : received Header(svc_id=2, op=3, ctrl_index=0, data_len=2) (b'\x00\x00',)
2023-04-11 22:16:38,649 root DEBUG testcase.py               246   start                     : Starting test function: class=<class 'autopts.ptsprojects.testcase.TestFunc'>, func=<function gatts_set_val at 0x000002AB6D176670> start_wid=None stop_wid=None post_wid=None skip_call=None call_count=56 args=(0, '0123456789ABCDEF') kwds={}
2023-04-11 22:16:38,649 root DEBUG testcase.py               258   start                     : Test function parameters: args=(0, '0123456789ABCDEF'), kwds={}
2023-04-11 22:16:38,649 root DEBUG gatt.py                   190   gatts_set_val             : gatts_set_val 0 '0123456789ABCDEF' 
2023-04-11 22:16:38,649 root DEBUG iutctl_common.py          98    send                      : send, 2 6 0 "bytearray(b'\\x00\\x00\\x08\\x00\\x01#Eg\\x89\\xab\\xcd\\xef')"
2023-04-11 22:16:38,650 root DEBUG iutctl_common.py          103   send                      : sending frame '0206000c00000008000123456789abcdef'
2023-04-11 22:16:38,650 root DEBUG gatt.py                   1141  gatt_command_rsp_succ     : gatt_command_rsp_succ
2023-04-11 22:16:38,650 root DEBUG iutctl_common.py          211   read                      : read
2023-04-11 22:16:38,713 root DEBUG iutctl_common.py          70    read                      : Read 5 bytes
2023-04-11 22:16:38,745 root DEBUG iutctl_common.py          79    read                      : Received: hdr: Header(svc_id=2, op=6, ctrl_index=0, data_len=0) bytearray(b'\x02\x06\x00\x00\x00')
2023-04-11 22:16:38,761 root DEBUG iutctl_common.py          92    read                      : Received data: "('',)", bytearray(b'')
2023-04-11 22:16:38,777 root DEBUG gatt.py                   1146  gatt_command_rsp_succ     : received Header(svc_id=2, op=6, ctrl_index=0, data_len=0) (b'',)
2023-04-11 22:16:38,777 root DEBUG testcase.py               246   start                     : Starting test function: class=<class 'autopts.ptsprojects.testcase.TestFunc'>, func=<function gatts_set_enc_key_size at 0x000002AB6D176940> start_wid=None stop_wid=None post_wid=None skip_call=None call_count=56 args=(0, 15) kwds={}
2023-04-11 22:16:38,777 root DEBUG testcase.py               258   start                     : Test function parameters: args=(0, 15), kwds={}
2023-04-11 22:16:38,777 root DEBUG gatt.py                   295   gatts_set_enc_key_size    : gatts_set_enc_key_size 0 15
2023-04-11 22:16:38,777 root DEBUG iutctl_common.py          98    send                      : send, 2 9 0 "bytearray(b'\\x00\\x00\\x0f')"
2023-04-11 22:16:38,777 root DEBUG iutctl_common.py          103   send                      : sending frame '020900030000000f'
2023-04-11 22:16:38,777 root DEBUG gatt.py                   1141  gatt_command_rsp_succ     : gatt_command_rsp_succ
2023-04-11 22:16:38,778 root DEBUG iutctl_common.py          211   read                      : read
2023-04-11 22:16:38,841 root DEBUG iutctl_common.py          70    read                      : Read 5 bytes
2023-04-11 22:16:38,857 root DEBUG iutctl_common.py          79    read                      : Received: hdr: Header(svc_id=2, op=9, ctrl_index=0, data_len=0) bytearray(b'\x02\t\x00\x00\x00')
2023-04-11 22:16:38,873 root DEBUG iutctl_common.py          92    read                      : Received data: "('',)", bytearray(b'')
2023-04-11 22:16:38,953 root DEBUG gatt.py                   1146  gatt_command_rsp_succ     : received Header(svc_id=2, op=9, ctrl_index=0, data_len=0) (b'',)
2023-04-11 22:16:38,953 root DEBUG testcase.py               246   start                     : Starting test function: class=<class 'autopts.ptsprojects.testcase.TestFunc'>, func=<function gatts_add_char at 0x000002AB6D1765E0> start_wid=None stop_wid=None post_wid=None skip_call=None call_count=56 args=(0, 10, 3, 'F000BB5004514000B123456789ABCDEF') kwds={}
2023-04-11 22:16:38,953 root DEBUG testcase.py               258   start                     : Test function parameters: args=(0, 10, 3, 'F000BB5004514000B123456789ABCDEF'), kwds={}
2023-04-11 22:16:38,953 root DEBUG gatt.py                   158   gatts_add_char            : gatts_add_char 0 10 3 'F000BB5004514000B123456789ABCDEF'
2023-04-11 22:16:38,953 root DEBUG iutctl_common.py          98    send                      : send, 2 3 0 "bytearray(b'\\x00\\x00\\n\\x03\\x10\\xf0\\x00\\xbbP\\x04Q@\\x00\\xb1#Eg\\x89\\xab\\xcd\\xef')"
2023-04-11 22:16:38,953 root DEBUG iutctl_common.py          103   send                      : sending frame '020300150000000a0310f000bb5004514000b123456789abcdef'
2023-04-11 22:16:38,953 root DEBUG gatt.py                   1141  gatt_command_rsp_succ     : gatt_command_rsp_succ
2023-04-11 22:16:38,953 root DEBUG iutctl_common.py          211   read                      : read
2023-04-11 22:16:39,033 root DEBUG iutctl_common.py          70    read                      : Read 5 bytes
2023-04-11 22:16:39,049 root DEBUG iutctl_common.py          79    read                      : Received: hdr: Header(svc_id=2, op=3, ctrl_index=0, data_len=2) bytearray(b'\x02\x03\x00\x02\x00')
2023-04-11 22:16:39,065 root DEBUG iutctl_common.py          92    read                      : Received data: "('\x00\x00',)", bytearray(b'\x00\x00')
2023-04-11 22:16:39,081 root DEBUG gatt.py                   1146  gatt_command_rsp_succ     : received Header(svc_id=2, op=3, ctrl_index=0, data_len=2) (b'\x00\x00',)
2023-04-11 22:16:39,081 root DEBUG testcase.py               246   start                     : Starting test function: class=<class 'autopts.ptsprojects.testcase.TestFunc'>, func=<function gatts_set_val at 0x000002AB6D176670> start_wid=None stop_wid=None post_wid=None skip_call=None call_count=56 args=(0, '0123456789ABCDEF') kwds={}
2023-04-11 22:16:39,081 root DEBUG testcase.py               258   start                     : Test function parameters: args=(0, '0123456789ABCDEF'), kwds={}
2023-04-11 22:16:39,081 root DEBUG gatt.py                   190   gatts_set_val             : gatts_set_val 0 '0123456789ABCDEF' 
2023-04-11 22:16:39,081 root DEBUG iutctl_common.py          98    send                      : send, 2 6 0 "bytearray(b'\\x00\\x00\\x08\\x00\\x01#Eg\\x89\\xab\\xcd\\xef')"
2023-04-11 22:16:39,081 root DEBUG iutctl_common.py          103   send                      : sending frame '0206000c00000008000123456789abcdef'
2023-04-11 22:16:39,081 root DEBUG gatt.py                   1141  gatt_command_rsp_succ     : gatt_command_rsp_succ
2023-04-11 22:16:39,082 root DEBUG iutctl_common.py          211   read                      : read
2023-04-11 22:16:39,145 root DEBUG iutctl_common.py          70    read                      : Read 5 bytes
2023-04-11 22:16:39,161 root DEBUG iutctl_common.py          79    read                      : Received: hdr: Header(svc_id=2, op=6, ctrl_index=0, data_len=0) bytearray(b'\x02\x06\x00\x00\x00')
2023-04-11 22:16:39,162 root DEBUG iutctl_common.py          92    read                      : Received data: "('',)", bytearray(b'')
2023-04-11 22:16:39,177 root DEBUG gatt.py                   1146  gatt_command_rsp_succ     : received Header(svc_id=2, op=6, ctrl_index=0, data_len=0) (b'',)
2023-04-11 22:16:39,177 root DEBUG testcase.py               246   start                     : Starting test function: class=<class 'autopts.ptsprojects.testcase.TestFunc'>, func=<function gatts_add_svc at 0x000002AB6D1764C0> start_wid=None stop_wid=None post_wid=None skip_call=None call_count=56 args=(0, 'AA41') kwds={}
2023-04-11 22:16:39,177 root DEBUG testcase.py               258   start                     : Test function parameters: args=(0, 'AA41'), kwds={}
2023-04-11 22:16:39,177 root DEBUG gatt.py                   124   gatts_add_svc             : gatts_add_svc 0 'AA41'
2023-04-11 22:16:39,177 root DEBUG iutctl_common.py          98    send                      : send, 2 2 0 "bytearray(b'\\x00\\x02\\xaaA')"
2023-04-11 22:16:39,177 root DEBUG iutctl_common.py          103   send                      : sending frame '02020004000002aa41'
2023-04-11 22:16:39,177 root DEBUG gatt.py                   1141  gatt_command_rsp_succ     : gatt_command_rsp_succ
2023-04-11 22:16:39,177 root DEBUG iutctl_common.py          211   read                      : read
2023-04-11 22:16:39,257 root DEBUG iutctl_common.py          70    read                      : Read 5 bytes
2023-04-11 22:16:39,273 root DEBUG iutctl_common.py          79    read                      : Received: hdr: Header(svc_id=2, op=2, ctrl_index=0, data_len=2) bytearray(b'\x02\x02\x00\x02\x00')
2023-04-11 22:16:39,289 root DEBUG iutctl_common.py          92    read                      : Received data: "('\x00\x00',)", bytearray(b'\x00\x00')
2023-04-11 22:16:39,321 root DEBUG gatt.py                   1146  gatt_command_rsp_succ     : received Header(svc_id=2, op=2, ctrl_index=0, data_len=2) (b'\x00\x00',)
2023-04-11 22:16:39,321 root DEBUG testcase.py               246   start                     : Starting test function: class=<class 'autopts.ptsprojects.testcase.TestFunc'>, func=<function gatts_add_inc_svc at 0x000002AB6D176550> start_wid=None stop_wid=None post_wid=None skip_call=None call_count=56 args=(1,) kwds={}
2023-04-11 22:16:39,321 root DEBUG testcase.py               258   start                     : Test function parameters: args=(1,), kwds={}
2023-04-11 22:16:39,321 root DEBUG gatt.py                   141   gatts_add_inc_svc         : gatts_add_inc_svc 1
2023-04-11 22:16:39,321 root DEBUG iutctl_common.py          98    send                      : send, 2 5 0 "bytearray(b'\\x01\\x00')"
2023-04-11 22:16:39,321 root DEBUG iutctl_common.py          103   send                      : sending frame '02050002000100'
2023-04-11 22:16:39,321 root DEBUG gatt.py                   1141  gatt_command_rsp_succ     : gatt_command_rsp_succ
2023-04-11 22:16:39,321 root DEBUG iutctl_common.py          211   read                      : read
2023-04-11 22:16:39,385 root DEBUG iutctl_common.py          70    read                      : Read 5 bytes
2023-04-11 22:16:39,417 root DEBUG iutctl_common.py          79    read                      : Received: hdr: Header(svc_id=2, op=5, ctrl_index=0, data_len=2) bytearray(b'\x02\x05\x00\x02\x00')
2023-04-11 22:16:39,465 root DEBUG iutctl_common.py          92    read                      : Received data: "('\x00\x00',)", bytearray(b'\x00\x00')
2023-04-11 22:16:39,513 root DEBUG gatt.py                   1146  gatt_command_rsp_succ     : received Header(svc_id=2, op=5, ctrl_index=0, data_len=2) (b'\x00\x00',)
2023-04-11 22:16:39,513 root DEBUG testcase.py               246   start                     : Starting test function: class=<class 'autopts.ptsprojects.testcase.TestFunc'>, func=<function gatts_add_char at 0x000002AB6D1765E0> start_wid=None stop_wid=None post_wid=None skip_call=None call_count=56 args=(0, 10, 3, 'AA50') kwds={}
2023-04-11 22:16:39,513 root DEBUG testcase.py               258   start                     : Test function parameters: args=(0, 10, 3, 'AA50'), kwds={}
2023-04-11 22:16:39,513 root DEBUG gatt.py                   158   gatts_add_char            : gatts_add_char 0 10 3 'AA50'
2023-04-11 22:16:39,513 root DEBUG iutctl_common.py          98    send                      : send, 2 3 0 "bytearray(b'\\x00\\x00\\n\\x03\\x02\\xaaP')"
2023-04-11 22:16:39,513 root DEBUG iutctl_common.py          103   send                      : sending frame '020300070000000a0302aa50'
2023-04-11 22:16:39,513 root DEBUG gatt.py                   1141  gatt_command_rsp_succ     : gatt_command_rsp_succ
2023-04-11 22:16:39,514 root DEBUG iutctl_common.py          211   read                      : read
2023-04-11 22:16:39,593 root DEBUG iutctl_common.py          70    read                      : Read 5 bytes
2023-04-11 22:16:39,625 root DEBUG iutctl_common.py          79    read                      : Received: hdr: Header(svc_id=2, op=3, ctrl_index=0, data_len=2) bytearray(b'\x02\x03\x00\x02\x00')
2023-04-11 22:16:39,657 root DEBUG iutctl_common.py          92    read                      : Received data: "('\x00\x00',)", bytearray(b'\x00\x00')
2023-04-11 22:16:39,705 root DEBUG gatt.py                   1146  gatt_command_rsp_succ     : received Header(svc_id=2, op=3, ctrl_index=0, data_len=2) (b'\x00\x00',)
2023-04-11 22:16:39,705 root DEBUG testcase.py               246   start                     : Starting test function: class=<class 'autopts.ptsprojects.testcase.TestFunc'>, func=<function gatts_set_val at 0x000002AB6D176670> start_wid=None stop_wid=None post_wid=None skip_call=None call_count=56 args=(0, '0123456789ABCDEF0123456789ABCDEF0123456789ABCDEF0123456789ABCDEF') kwds={}
2023-04-11 22:16:39,705 root DEBUG testcase.py               258   start                     : Test function parameters: args=(0, '0123456789ABCDEF0123456789ABCDEF0123456789ABCDEF0123456789ABCDEF'), kwds={}
2023-04-11 22:16:39,705 root DEBUG gatt.py                   190   gatts_set_val             : gatts_set_val 0 '0123456789ABCDEF0123456789ABCDEF0123456789ABCDEF0123456789ABCDEF' 
2023-04-11 22:16:39,705 root DEBUG iutctl_common.py          98    send                      : send, 2 6 0 "bytearray(b'\\x00\\x00 \\x00\\x01#Eg\\x89\\xab\\xcd\\xef\\x01#Eg\\x89\\xab\\xcd\\xef\\x01#Eg\\x89\\xab\\xcd\\xef\\x01#Eg\\x89\\xab\\xcd\\xef')"
2023-04-11 22:16:39,706 root DEBUG iutctl_common.py          103   send                      : sending frame '0206002400000020000123456789abcdef0123456789abcdef0123456789abcdef0123456789abcdef'
2023-04-11 22:16:39,706 root DEBUG gatt.py                   1141  gatt_command_rsp_succ     : gatt_command_rsp_succ
2023-04-11 22:16:39,706 root DEBUG iutctl_common.py          211   read                      : read
2023-04-11 22:16:39,769 root DEBUG iutctl_common.py          70    read                      : Read 5 bytes
2023-04-11 22:16:39,770 root DEBUG iutctl_common.py          79    read                      : Received: hdr: Header(svc_id=2, op=6, ctrl_index=0, data_len=0) bytearray(b'\x02\x06\x00\x00\x00')
2023-04-11 22:16:39,785 root DEBUG iutctl_common.py          92    read                      : Received data: "('',)", bytearray(b'')
2023-04-11 22:16:39,801 root DEBUG gatt.py                   1146  gatt_command_rsp_succ     : received Header(svc_id=2, op=6, ctrl_index=0, data_len=0) (b'',)
2023-04-11 22:16:39,801 root DEBUG testcase.py               246   start                     : Starting test function: class=<class 'autopts.ptsprojects.testcase.TestFunc'>, func=<function gatts_add_char at 0x000002AB6D1765E0> start_wid=None stop_wid=None post_wid=None skip_call=None call_count=56 args=(0, 10, 3, 'AA51') kwds={}
2023-04-11 22:16:39,801 root DEBUG testcase.py               258   start                     : Test function parameters: args=(0, 10, 3, 'AA51'), kwds={}
2023-04-11 22:16:39,801 root DEBUG gatt.py                   158   gatts_add_char            : gatts_add_char 0 10 3 'AA51'
2023-04-11 22:16:39,801 root DEBUG iutctl_common.py          98    send                      : send, 2 3 0 "bytearray(b'\\x00\\x00\\n\\x03\\x02\\xaaQ')"
2023-04-11 22:16:39,801 root DEBUG iutctl_common.py          103   send                      : sending frame '020300070000000a0302aa51'
2023-04-11 22:16:39,801 root DEBUG gatt.py                   1141  gatt_command_rsp_succ     : gatt_command_rsp_succ
2023-04-11 22:16:39,802 root DEBUG iutctl_common.py          211   read                      : read
2023-04-11 22:16:39,881 root DEBUG iutctl_common.py          70    read                      : Read 5 bytes
2023-04-11 22:16:39,913 root DEBUG iutctl_common.py          79    read                      : Received: hdr: Header(svc_id=2, op=3, ctrl_index=0, data_len=2) bytearray(b'\x02\x03\x00\x02\x00')
2023-04-11 22:16:39,977 root DEBUG iutctl_common.py          92    read                      : Received data: "('\x00\x00',)", bytearray(b'\x00\x00')
2023-04-11 22:16:40,009 root DEBUG gatt.py                   1146  gatt_command_rsp_succ     : received Header(svc_id=2, op=3, ctrl_index=0, data_len=2) (b'\x00\x00',)
2023-04-11 22:16:40,009 root DEBUG testcase.py               246   start                     : Starting test function: class=<class 'autopts.ptsprojects.testcase.TestFunc'>, func=<function gatts_set_val at 0x000002AB6D176670> start_wid=None stop_wid=None post_wid=None skip_call=None call_count=56 args=(0, 'FEDCBA9876543210FEDCBA9876543210FEDCBA9876543210FEDCBA9876543210') kwds={}
2023-04-11 22:16:40,009 root DEBUG testcase.py               258   start                     : Test function parameters: args=(0, 'FEDCBA9876543210FEDCBA9876543210FEDCBA9876543210FEDCBA9876543210'), kwds={}
2023-04-11 22:16:40,009 root DEBUG gatt.py                   190   gatts_set_val             : gatts_set_val 0 'FEDCBA9876543210FEDCBA9876543210FEDCBA9876543210FEDCBA9876543210' 
2023-04-11 22:16:40,009 root DEBUG iutctl_common.py          98    send                      : send, 2 6 0 "bytearray(b'\\x00\\x00 \\x00\\xfe\\xdc\\xba\\x98vT2\\x10\\xfe\\xdc\\xba\\x98vT2\\x10\\xfe\\xdc\\xba\\x98vT2\\x10\\xfe\\xdc\\xba\\x98vT2\\x10')"
2023-04-11 22:16:40,009 root DEBUG iutctl_common.py          103   send                      : sending frame '020600240000002000fedcba9876543210fedcba9876543210fedcba9876543210fedcba9876543210'
2023-04-11 22:16:40,009 root DEBUG gatt.py                   1141  gatt_command_rsp_succ     : gatt_command_rsp_succ
2023-04-11 22:16:40,010 root DEBUG iutctl_common.py          211   read                      : read
2023-04-11 22:16:40,073 root DEBUG iutctl_common.py          70    read                      : Read 5 bytes
2023-04-11 22:16:40,089 root DEBUG iutctl_common.py          79    read                      : Received: hdr: Header(svc_id=2, op=6, ctrl_index=0, data_len=0) bytearray(b'\x02\x06\x00\x00\x00')
2023-04-11 22:16:40,105 root DEBUG iutctl_common.py          92    read                      : Received data: "('',)", bytearray(b'')
2023-04-11 22:16:40,121 root DEBUG gatt.py                   1146  gatt_command_rsp_succ     : received Header(svc_id=2, op=6, ctrl_index=0, data_len=0) (b'',)
2023-04-11 22:16:40,121 root DEBUG testcase.py               246   start                     : Starting test function: class=<class 'autopts.ptsprojects.testcase.TestFunc'>, func=<function gatts_add_char at 0x000002AB6D1765E0> start_wid=None stop_wid=None post_wid=None skip_call=None call_count=56 args=(0, 10, 12, 'AA52') kwds={}
2023-04-11 22:16:40,121 root DEBUG testcase.py               258   start                     : Test function parameters: args=(0, 10, 12, 'AA52'), kwds={}
2023-04-11 22:16:40,121 root DEBUG gatt.py                   158   gatts_add_char            : gatts_add_char 0 10 12 'AA52'
2023-04-11 22:16:40,121 root DEBUG iutctl_common.py          98    send                      : send, 2 3 0 "bytearray(b'\\x00\\x00\\n\\x0c\\x02\\xaaR')"
2023-04-11 22:16:40,121 root DEBUG iutctl_common.py          103   send                      : sending frame '020300070000000a0c02aa52'
2023-04-11 22:16:40,121 root DEBUG gatt.py                   1141  gatt_command_rsp_succ     : gatt_command_rsp_succ
2023-04-11 22:16:40,121 root DEBUG iutctl_common.py          211   read                      : read
2023-04-11 22:16:40,201 root DEBUG iutctl_common.py          70    read                      : Read 5 bytes
2023-04-11 22:16:40,233 root DEBUG iutctl_common.py          79    read                      : Received: hdr: Header(svc_id=2, op=3, ctrl_index=0, data_len=2) bytearray(b'\x02\x03\x00\x02\x00')
2023-04-11 22:16:40,297 root DEBUG iutctl_common.py          92    read                      : Received data: "('\x00\x00',)", bytearray(b'\x00\x00')
2023-04-11 22:16:40,345 root DEBUG gatt.py                   1146  gatt_command_rsp_succ     : received Header(svc_id=2, op=3, ctrl_index=0, data_len=2) (b'\x00\x00',)
2023-04-11 22:16:40,345 root DEBUG testcase.py               246   start                     : Starting test function: class=<class 'autopts.ptsprojects.testcase.TestFunc'>, func=<function gatts_set_val at 0x000002AB6D176670> start_wid=None stop_wid=None post_wid=None skip_call=None call_count=56 args=(0, 'FEDCBA9876543210FEDCBA9876543210FEDCBA9876543210FEDCBA9876543210FEDCBA9876543210FEDCBA9876543210FEDCBA9876543210') kwds={}
2023-04-11 22:16:40,345 root DEBUG testcase.py               258   start                     : Test function parameters: args=(0, 'FEDCBA9876543210FEDCBA9876543210FEDCBA9876543210FEDCBA9876543210FEDCBA9876543210FEDCBA9876543210FEDCBA9876543210'), kwds={}
2023-04-11 22:16:40,345 root DEBUG gatt.py                   190   gatts_set_val             : gatts_set_val 0 'FEDCBA9876543210FEDCBA9876543210FEDCBA9876543210FEDCBA9876543210FEDCBA9876543210FEDCBA9876543210FEDCBA9876543210' 
2023-04-11 22:16:40,345 root DEBUG iutctl_common.py          98    send                      : send, 2 6 0 "bytearray(b'\\x00\\x008\\x00\\xfe\\xdc\\xba\\x98vT2\\x10\\xfe\\xdc\\xba\\x98vT2\\x10\\xfe\\xdc\\xba\\x98vT2\\x10\\xfe\\xdc\\xba\\x98vT2\\x10\\xfe\\xdc\\xba\\x98vT2\\x10\\xfe\\xdc\\xba\\x98vT2\\x10\\xfe\\xdc\\xba\\x98vT2\\x10')"
2023-04-11 22:16:40,345 root DEBUG iutctl_common.py          103   send                      : sending frame '0206003c0000003800fedcba9876543210fedcba9876543210fedcba9876543210fedcba9876543210fedcba9876543210fedcba9876543210fedcba9876543210'
2023-04-11 22:16:40,345 root DEBUG gatt.py                   1141  gatt_command_rsp_succ     : gatt_command_rsp_succ
2023-04-11 22:16:40,346 root DEBUG iutctl_common.py          211   read                      : read
2023-04-11 22:16:40,425 root DEBUG iutctl_common.py          70    read                      : Read 5 bytes
2023-04-11 22:16:40,441 root DEBUG iutctl_common.py          79    read                      : Received: hdr: Header(svc_id=2, op=6, ctrl_index=0, data_len=0) bytearray(b'\x02\x06\x00\x00\x00')
2023-04-11 22:16:40,505 root DEBUG iutctl_common.py          92    read                      : Received data: "('',)", bytearray(b'')
2023-04-11 22:16:40,537 root DEBUG gatt.py                   1146  gatt_command_rsp_succ     : received Header(svc_id=2, op=6, ctrl_index=0, data_len=0) (b'',)
2023-04-11 22:16:40,537 root DEBUG testcase.py               246   start                     : Starting test function: class=<class 'autopts.ptsprojects.testcase.TestFunc'>, func=<function gatts_set_enc_key_size at 0x000002AB6D176940> start_wid=None stop_wid=None post_wid=None skip_call=None call_count=56 args=(0, 15) kwds={}
2023-04-11 22:16:40,537 root DEBUG testcase.py               258   start                     : Test function parameters: args=(0, 15), kwds={}
2023-04-11 22:16:40,537 root DEBUG gatt.py                   295   gatts_set_enc_key_size    : gatts_set_enc_key_size 0 15
2023-04-11 22:16:40,537 root DEBUG iutctl_common.py          98    send                      : send, 2 9 0 "bytearray(b'\\x00\\x00\\x0f')"
2023-04-11 22:16:40,537 root DEBUG iutctl_common.py          103   send                      : sending frame '020900030000000f'
2023-04-11 22:16:40,538 root DEBUG gatt.py                   1141  gatt_command_rsp_succ     : gatt_command_rsp_succ
2023-04-11 22:16:40,538 root DEBUG iutctl_common.py          211   read                      : read
2023-04-11 22:16:40,617 root DEBUG iutctl_common.py          70    read                      : Read 5 bytes
2023-04-11 22:16:40,633 root DEBUG iutctl_common.py          79    read                      : Received: hdr: Header(svc_id=2, op=9, ctrl_index=0, data_len=0) bytearray(b'\x02\t\x00\x00\x00')
2023-04-11 22:16:40,665 root DEBUG iutctl_common.py          92    read                      : Received data: "('',)", bytearray(b'')
2023-04-11 22:16:40,697 root DEBUG gatt.py                   1146  gatt_command_rsp_succ     : received Header(svc_id=2, op=9, ctrl_index=0, data_len=0) (b'',)
2023-04-11 22:16:40,697 root DEBUG testcase.py               246   start                     : Starting test function: class=<class 'autopts.ptsprojects.testcase.TestFunc'>, func=<function gatts_add_char at 0x000002AB6D1765E0> start_wid=None stop_wid=None post_wid=None skip_call=None call_count=56 args=(0, 2, 1, 'AA53') kwds={}
2023-04-11 22:16:40,697 root DEBUG testcase.py               258   start                     : Test function parameters: args=(0, 2, 1, 'AA53'), kwds={}
2023-04-11 22:16:40,697 root DEBUG gatt.py                   158   gatts_add_char            : gatts_add_char 0 2 1 'AA53'
2023-04-11 22:16:40,697 root DEBUG iutctl_common.py          98    send                      : send, 2 3 0 "bytearray(b'\\x00\\x00\\x02\\x01\\x02\\xaaS')"
2023-04-11 22:16:40,697 root DEBUG iutctl_common.py          103   send                      : sending frame '02030007000000020102aa53'
2023-04-11 22:16:40,697 root DEBUG gatt.py                   1141  gatt_command_rsp_succ     : gatt_command_rsp_succ
2023-04-11 22:16:40,698 root DEBUG iutctl_common.py          211   read                      : read
2023-04-11 22:16:40,777 root DEBUG iutctl_common.py          70    read                      : Read 5 bytes
2023-04-11 22:16:40,809 root DEBUG iutctl_common.py          79    read                      : Received: hdr: Header(svc_id=2, op=3, ctrl_index=0, data_len=2) bytearray(b'\x02\x03\x00\x02\x00')
2023-04-11 22:16:40,841 root DEBUG iutctl_common.py          92    read                      : Received data: "('\x00\x00',)", bytearray(b'\x00\x00')
2023-04-11 22:16:40,889 root DEBUG gatt.py                   1146  gatt_command_rsp_succ     : received Header(svc_id=2, op=3, ctrl_index=0, data_len=2) (b'\x00\x00',)
2023-04-11 22:16:40,889 root DEBUG testcase.py               246   start                     : Starting test function: class=<class 'autopts.ptsprojects.testcase.TestFunc'>, func=<function gatts_set_val at 0x000002AB6D176670> start_wid=None stop_wid=None post_wid=None skip_call=None call_count=56 args=(0, '0123456789ABCDEF0123456789ABCDEF0123456789ABCDEF0123456789ABCDEF0123456789ABCDEF0123456789ABCDEF0123456789ABCDEF0123456789ABCDEF0123456789ABCDEF0123456789ABCDEF') kwds={}
2023-04-11 22:16:40,889 root DEBUG testcase.py               258   start                     : Test function parameters: args=(0, '0123456789ABCDEF0123456789ABCDEF0123456789ABCDEF0123456789ABCDEF0123456789ABCDEF0123456789ABCDEF0123456789ABCDEF0123456789ABCDEF0123456789ABCDEF0123456789ABCDEF'), kwds={}
2023-04-11 22:16:40,889 root DEBUG gatt.py                   190   gatts_set_val             : gatts_set_val 0 '0123456789ABCDEF0123456789ABCDEF0123456789ABCDEF0123456789ABCDEF0123456789ABCDEF0123456789ABCDEF0123456789ABCDEF0123456789ABCDEF0123456789ABCDEF0123456789ABCDEF' 
2023-04-11 22:16:40,889 root DEBUG iutctl_common.py          98    send                      : send, 2 6 0 "bytearray(b'\\x00\\x00P\\x00\\x01#Eg\\x89\\xab\\xcd\\xef\\x01#Eg\\x89\\xab\\xcd\\xef\\x01#Eg\\x89\\xab\\xcd\\xef\\x01#Eg\\x89\\xab\\xcd\\xef\\x01#Eg\\x89\\xab\\xcd\\xef\\x01#Eg\\x89\\xab\\xcd\\xef\\x01#Eg\\x89\\xab\\xcd\\xef\\x01#Eg\\x89\\xab\\xcd\\xef\\x01#Eg\\x89\\xab\\xcd\\xef\\x01#Eg\\x89\\xab\\xcd\\xef')"
2023-04-11 22:16:40,889 root DEBUG iutctl_common.py          103   send                      : sending frame '0206005400000050000123456789abcdef0123456789abcdef0123456789abcdef0123456789abcdef0123456789abcdef0123456789abcdef0123456789abcdef0123456789abcdef0123456789abcdef0123456789abcdef'
2023-04-11 22:16:40,889 root DEBUG gatt.py                   1141  gatt_command_rsp_succ     : gatt_command_rsp_succ
2023-04-11 22:16:40,890 root DEBUG iutctl_common.py          211   read                      : read
2023-04-11 22:16:40,952 root DEBUG iutctl_common.py          70    read                      : Read 5 bytes
2023-04-11 22:16:40,968 root DEBUG iutctl_common.py          79    read                      : Received: hdr: Header(svc_id=2, op=6, ctrl_index=0, data_len=0) bytearray(b'\x02\x06\x00\x00\x00')
2023-04-11 22:16:40,984 root DEBUG iutctl_common.py          92    read                      : Received data: "('',)", bytearray(b'')
2023-04-11 22:16:41,032 root DEBUG gatt.py                   1146  gatt_command_rsp_succ     : received Header(svc_id=2, op=6, ctrl_index=0, data_len=0) (b'',)
2023-04-11 22:16:41,032 root DEBUG testcase.py               246   start                     : Starting test function: class=<class 'autopts.ptsprojects.testcase.TestFunc'>, func=<function gatts_add_desc at 0x000002AB6D176700> start_wid=None stop_wid=None post_wid=None skip_call=None call_count=56 args=(0, 3, 'AA54') kwds={}
2023-04-11 22:16:41,032 root DEBUG testcase.py               258   start                     : Test function parameters: args=(0, 3, 'AA54'), kwds={}
2023-04-11 22:16:41,032 root DEBUG gatt.py                   217   gatts_add_desc            : gatts_add_desc 0 3 'AA54'
2023-04-11 22:16:41,032 root DEBUG iutctl_common.py          98    send                      : send, 2 4 0 "bytearray(b'\\x00\\x00\\x03\\x02T\\xaa')"
2023-04-11 22:16:41,032 root DEBUG iutctl_common.py          103   send                      : sending frame '02040006000000030254aa'
2023-04-11 22:16:41,032 root DEBUG gatt.py                   1141  gatt_command_rsp_succ     : gatt_command_rsp_succ
2023-04-11 22:16:41,033 root DEBUG iutctl_common.py          211   read                      : read
2023-04-11 22:16:41,111 root DEBUG iutctl_common.py          70    read                      : Read 5 bytes
2023-04-11 22:16:41,143 root DEBUG iutctl_common.py          79    read                      : Received: hdr: Header(svc_id=2, op=4, ctrl_index=0, data_len=2) bytearray(b'\x02\x04\x00\x02\x00')
2023-04-11 22:16:41,207 root DEBUG iutctl_common.py          92    read                      : Received data: "('\x00\x00',)", bytearray(b'\x00\x00')
2023-04-11 22:16:41,239 root DEBUG gatt.py                   1146  gatt_command_rsp_succ     : received Header(svc_id=2, op=4, ctrl_index=0, data_len=2) (b'\x00\x00',)
2023-04-11 22:16:41,239 root DEBUG testcase.py               246   start                     : Starting test function: class=<class 'autopts.ptsprojects.testcase.TestFunc'>, func=<function gatts_set_val at 0x000002AB6D176670> start_wid=None stop_wid=None post_wid=None skip_call=None call_count=56 args=(0, '01010101010101010101010101010101010101010101010101010101010101010101010101010101010101010101010101010101010101010101010101010101') kwds={}
2023-04-11 22:16:41,239 root DEBUG testcase.py               258   start                     : Test function parameters: args=(0, '01010101010101010101010101010101010101010101010101010101010101010101010101010101010101010101010101010101010101010101010101010101'), kwds={}
2023-04-11 22:16:41,239 root DEBUG gatt.py                   190   gatts_set_val             : gatts_set_val 0 '01010101010101010101010101010101010101010101010101010101010101010101010101010101010101010101010101010101010101010101010101010101' 
2023-04-11 22:16:41,239 root DEBUG iutctl_common.py          98    send                      : send, 2 6 0 "bytearray(b'\\x00\\x00@\\x00\\x01\\x01\\x01\\x01\\x01\\x01\\x01\\x01\\x01\\x01\\x01\\x01\\x01\\x01\\x01\\x01\\x01\\x01\\x01\\x01\\x01\\x01\\x01\\x01\\x01\\x01\\x01\\x01\\x01\\x01\\x01\\x01\\x01\\x01\\x01\\x01\\x01\\x01\\x01\\x01\\x01\\x01\\x01\\x01\\x01\\x01\\x01\\x01\\x01\\x01\\x01\\x01\\x01\\x01\\x01\\x01\\x01\\x01\\x01\\x01\\x01\\x01\\x01\\x01')"
2023-04-11 22:16:41,239 root DEBUG iutctl_common.py          103   send                      : sending frame '02060044000000400001010101010101010101010101010101010101010101010101010101010101010101010101010101010101010101010101010101010101010101010101010101'
2023-04-11 22:16:41,240 root DEBUG gatt.py                   1141  gatt_command_rsp_succ     : gatt_command_rsp_succ
2023-04-11 22:16:41,240 root DEBUG iutctl_common.py          211   read                      : read
2023-04-11 22:16:41,319 root DEBUG iutctl_common.py          70    read                      : Read 5 bytes
2023-04-11 22:16:41,319 root DEBUG iutctl_common.py          79    read                      : Received: hdr: Header(svc_id=2, op=6, ctrl_index=0, data_len=0) bytearray(b'\x02\x06\x00\x00\x00')
2023-04-11 22:16:41,335 root DEBUG iutctl_common.py          92    read                      : Received data: "('',)", bytearray(b'')
2023-04-11 22:16:41,351 root DEBUG gatt.py                   1146  gatt_command_rsp_succ     : received Header(svc_id=2, op=6, ctrl_index=0, data_len=0) (b'',)
2023-04-11 22:16:41,351 root DEBUG testcase.py               246   start                     : Starting test function: class=<class 'autopts.ptsprojects.testcase.TestFunc'>, func=<function gatts_add_char at 0x000002AB6D1765E0> start_wid=None stop_wid=None post_wid=None skip_call=None call_count=56 args=(0, 10, 3, 'AA55') kwds={}
2023-04-11 22:16:41,351 root DEBUG testcase.py               258   start                     : Test function parameters: args=(0, 10, 3, 'AA55'), kwds={}
2023-04-11 22:16:41,351 root DEBUG gatt.py                   158   gatts_add_char            : gatts_add_char 0 10 3 'AA55'
2023-04-11 22:16:41,351 root DEBUG iutctl_common.py          98    send                      : send, 2 3 0 "bytearray(b'\\x00\\x00\\n\\x03\\x02\\xaaU')"
2023-04-11 22:16:41,351 root DEBUG iutctl_common.py          103   send                      : sending frame '020300070000000a0302aa55'
2023-04-11 22:16:41,351 root DEBUG gatt.py                   1141  gatt_command_rsp_succ     : gatt_command_rsp_succ
2023-04-11 22:16:41,351 root DEBUG iutctl_common.py          211   read                      : read
2023-04-11 22:16:41,431 root DEBUG iutctl_common.py          70    read                      : Read 5 bytes
2023-04-11 22:16:41,463 root DEBUG iutctl_common.py          79    read                      : Received: hdr: Header(svc_id=2, op=3, ctrl_index=0, data_len=2) bytearray(b'\x02\x03\x00\x02\x00')
2023-04-11 22:16:41,495 root DEBUG iutctl_common.py          92    read                      : Received data: "('\x00\x00',)", bytearray(b'\x00\x00')
2023-04-11 22:16:41,511 root DEBUG gatt.py                   1146  gatt_command_rsp_succ     : received Header(svc_id=2, op=3, ctrl_index=0, data_len=2) (b'\x00\x00',)
2023-04-11 22:16:41,511 root DEBUG testcase.py               246   start                     : Starting test function: class=<class 'autopts.ptsprojects.testcase.TestFunc'>, func=<function gatts_set_val at 0x000002AB6D176670> start_wid=None stop_wid=None post_wid=None skip_call=None call_count=56 args=(0, '0123456789ABCDEF0123456789ABCDEF0123456789ABCDEF0123456789ABCDEF0123456789ABCDEF0123456789ABCDEF0123456789ABCDEF0123456789ABCDEF0123456789ABCDEF0123456789ABCDEF') kwds={}
2023-04-11 22:16:41,511 root DEBUG testcase.py               258   start                     : Test function parameters: args=(0, '0123456789ABCDEF0123456789ABCDEF0123456789ABCDEF0123456789ABCDEF0123456789ABCDEF0123456789ABCDEF0123456789ABCDEF0123456789ABCDEF0123456789ABCDEF0123456789ABCDEF'), kwds={}
2023-04-11 22:16:41,511 root DEBUG gatt.py                   190   gatts_set_val             : gatts_set_val 0 '0123456789ABCDEF0123456789ABCDEF0123456789ABCDEF0123456789ABCDEF0123456789ABCDEF0123456789ABCDEF0123456789ABCDEF0123456789ABCDEF0123456789ABCDEF0123456789ABCDEF' 
2023-04-11 22:16:41,511 root DEBUG iutctl_common.py          98    send                      : send, 2 6 0 "bytearray(b'\\x00\\x00P\\x00\\x01#Eg\\x89\\xab\\xcd\\xef\\x01#Eg\\x89\\xab\\xcd\\xef\\x01#Eg\\x89\\xab\\xcd\\xef\\x01#Eg\\x89\\xab\\xcd\\xef\\x01#Eg\\x89\\xab\\xcd\\xef\\x01#Eg\\x89\\xab\\xcd\\xef\\x01#Eg\\x89\\xab\\xcd\\xef\\x01#Eg\\x89\\xab\\xcd\\xef\\x01#Eg\\x89\\xab\\xcd\\xef\\x01#Eg\\x89\\xab\\xcd\\xef')"
2023-04-11 22:16:41,511 root DEBUG iutctl_common.py          103   send                      : sending frame '0206005400000050000123456789abcdef0123456789abcdef0123456789abcdef0123456789abcdef0123456789abcdef0123456789abcdef0123456789abcdef0123456789abcdef0123456789abcdef0123456789abcdef'
2023-04-11 22:16:41,511 root DEBUG gatt.py                   1141  gatt_command_rsp_succ     : gatt_command_rsp_succ
2023-04-11 22:16:41,511 root DEBUG iutctl_common.py          211   read                      : read
2023-04-11 22:16:41,575 root DEBUG iutctl_common.py          70    read                      : Read 5 bytes
2023-04-11 22:16:41,591 root DEBUG iutctl_common.py          79    read                      : Received: hdr: Header(svc_id=2, op=6, ctrl_index=0, data_len=0) bytearray(b'\x02\x06\x00\x00\x00')
2023-04-11 22:16:41,607 root DEBUG iutctl_common.py          92    read                      : Received data: "('',)", bytearray(b'')
2023-04-11 22:16:41,623 root DEBUG gatt.py                   1146  gatt_command_rsp_succ     : received Header(svc_id=2, op=6, ctrl_index=0, data_len=0) (b'',)
2023-04-11 22:16:41,623 root DEBUG testcase.py               246   start                     : Starting test function: class=<class 'autopts.ptsprojects.testcase.TestFunc'>, func=<function gatts_start_server at 0x000002AB6D1768B0> start_wid=None stop_wid=None post_wid=None skip_call=None call_count=56 args=() kwds={}
2023-04-11 22:16:41,623 root DEBUG testcase.py               258   start                     : Test function parameters: args=(), kwds={}
2023-04-11 22:16:41,623 root DEBUG gatt.py                   286   gatts_start_server        : gatts_start_server
2023-04-11 22:16:41,623 root DEBUG iutctl_common.py          98    send                      : send, 2 7 0 ''
2023-04-11 22:16:41,623 root DEBUG iutctl_common.py          103   send                      : sending frame '0207000000'
2023-04-11 22:16:41,623 root DEBUG gatt.py                   1141  gatt_command_rsp_succ     : gatt_command_rsp_succ
2023-04-11 22:16:41,623 root DEBUG iutctl_common.py          211   read                      : read
2023-04-11 22:16:41,703 root DEBUG iutctl_common.py          70    read                      : Read 5 bytes
2023-04-11 22:16:41,719 root DEBUG iutctl_common.py          79    read                      : Received: hdr: Header(svc_id=2, op=7, ctrl_index=0, data_len=3) bytearray(b'\x02\x07\x00\x03\x00')
2023-04-11 22:16:41,735 root DEBUG iutctl_common.py          92    read                      : Received data: "('\x00\x00\x00',)", bytearray(b'\x00\x00\x00')
2023-04-11 22:16:41,751 root DEBUG gatt.py                   1146  gatt_command_rsp_succ     : received Header(svc_id=2, op=7, ctrl_index=0, data_len=3) (b'\x00\x00\x00',)
2023-04-11 22:16:41,751 root DEBUG client.py                 272   set_current_test_case     : CallbackThread.set_current_test_case GATT/SR/GAW/BI-08-C
2023-04-11 22:16:50,171 ClientCallback.on_implicit_send INFO client.py                 171   on_implicit_send          : ********************
2023-04-11 22:16:50,172 ClientCallback.on_implicit_send INFO client.py                 172   on_implicit_send          : BEGIN OnImplicitSend:
2023-04-11 22:16:50,172 ClientCallback.on_implicit_send INFO client.py                 173   on_implicit_send          : project_name: GATT
2023-04-11 22:16:50,172 ClientCallback.on_implicit_send INFO client.py                 174   on_implicit_send          : wid: 1
2023-04-11 22:16:50,172 ClientCallback.on_implicit_send INFO client.py                 175   on_implicit_send          : test_case_name: GATT/SR/GAW/BI-08-C
2023-04-11 22:16:50,172 ClientCallback.on_implicit_send INFO client.py                 176   on_implicit_send          : description: Please prepare IUT into a connectable mode.

Description: Verify that the Implementation Under Test (IUT) can accept GATT connect request from PTS.
2023-04-11 22:16:50,172 ClientCallback.on_implicit_send INFO client.py                 177   on_implicit_send          : style: MMI_Style_Ok_Cancel2 0x11141
2023-04-11 22:16:50,172 ClientCallback.on_implicit_send INFO client.py                 183   on_implicit_send          : Calling test cases on_implicit_send
2023-04-11 22:16:50,172 root DEBUG testcase.py               675   on_implicit_send          : GATT GATT/SR/GAW/BI-08-C on_implicit_send
2023-04-11 22:16:50,172 root DEBUG testcase.py               619   join_post_wid_thread      : GATT GATT/SR/GAW/BI-08-C join_post_wid_thread
2023-04-11 22:16:50,172 root DEBUG testcase.py               621   join_post_wid_thread      : self.post_wid_thread None
2023-04-11 22:16:50,172 root DEBUG gatt_wid.py               22    gatt_wid_hdl              : gatt_wid_hdl, 1, 'Please prepare IUT into a connectable mode.\n\nDescription: Verify that the Implementation Under Test (IUT) can accept GATT connect request from PTS.', GATT/SR/GAW/BI-08-C
2023-04-11 22:16:50,172 root DEBUG gap.py                    696   gap_set_conn              : gap_set_conn
2023-04-11 22:16:50,172 root DEBUG gap.py                    747   gap_set_gendiscov         : gap_set_gendiscov
2023-04-11 22:16:50,172 root DEBUG iutctl_common.py          98    send                      : send, 1 8 0 '1'
2023-04-11 22:16:50,172 root DEBUG iutctl_common.py          103   send                      : sending frame '010800010001'
2023-04-11 22:16:50,173 root DEBUG gap.py                    910   gap_command_rsp_succ      : gap_command_rsp_succ
2023-04-11 22:16:50,173 root DEBUG iutctl_common.py          211   read                      : read
2023-04-11 22:16:50,233 root DEBUG iutctl_common.py          70    read                      : Read 5 bytes
2023-04-11 22:16:50,249 root DEBUG iutctl_common.py          79    read                      : Received: hdr: Header(svc_id=1, op=8, ctrl_index=0, data_len=4) bytearray(b'\x01\x08\x00\x04\x00')
2023-04-11 22:16:50,281 root DEBUG iutctl_common.py          92    read                      : Received data: "('\x1b\x82\x00\x00',)", bytearray(b'\x1b\x82\x00\x00')
2023-04-11 22:16:50,297 root DEBUG gap.py                    915   gap_command_rsp_succ      : received Header(svc_id=1, op=8, ctrl_index=0, data_len=4) (b'\x1b\x82\x00\x00',)
2023-04-11 22:16:50,297 root DEBUG gap.py                    346   __gap_current_settings_update : __gap_current_settings_update (b'\x1b\x82\x00\x00',)
2023-04-11 22:16:50,297 root DEBUG gap.py                    395   gap_adv_ind_on            : gap_adv_ind_on {9: b'Tester_6015B9'} None
2023-04-11 22:16:50,297 root DEBUG iutctl_common.py          98    send                      : send, 1 10 0 "bytearray(b'\\x0f\\x00\\t\\rTester_6015B9\\xff\\xff\\xff\\xff\\x00')"
2023-04-11 22:16:50,297 root DEBUG iutctl_common.py          103   send                      : sending frame '010a0016000f00090d5465737465725f363031354239ffffffff00'
2023-04-11 22:16:50,298 root DEBUG gap.py                    910   gap_command_rsp_succ      : gap_command_rsp_succ
2023-04-11 22:16:50,298 root DEBUG iutctl_common.py          211   read                      : read
2023-04-11 22:16:50,361 root DEBUG iutctl_common.py          70    read                      : Read 5 bytes
2023-04-11 22:16:50,377 root DEBUG iutctl_common.py          79    read                      : Received: hdr: Header(svc_id=1, op=10, ctrl_index=0, data_len=4) bytearray(b'\x01\n\x00\x04\x00')
2023-04-11 22:16:50,425 root DEBUG iutctl_common.py          92    read                      : Received data: "('\x1b\x86\x00\x00',)", bytearray(b'\x1b\x86\x00\x00')
2023-04-11 22:16:50,457 root DEBUG gap.py                    915   gap_command_rsp_succ      : received Header(svc_id=1, op=10, ctrl_index=0, data_len=4) (b'\x1b\x86\x00\x00',)
2023-04-11 22:16:50,457 root DEBUG gap.py                    346   __gap_current_settings_update : __gap_current_settings_update (b'\x1b\x86\x00\x00',)
2023-04-11 22:16:50,457 root DEBUG testcase.py               713   on_implicit_send          : Sending response 'OK' to wid 1 test case GATT/SR/GAW/BI-08-C
2023-04-11 22:16:50,457 ClientCallback.on_implicit_send INFO client.py                 188   on_implicit_send          : test case returned on_implicit_send, response: OK
2023-04-11 22:16:50,457 ClientCallback.on_implicit_send INFO client.py                 198   on_implicit_send          : END OnImplicitSend:
2023-04-11 22:16:50,457 ClientCallback.on_implicit_send INFO client.py                 199   on_implicit_send          : ********************
2023-04-11 22:16:50,872 root DEBUG iutctl_common.py          70    read                      : Read 5 bytes
2023-04-11 22:16:50,872 root DEBUG iutctl_common.py          79    read                      : Received: hdr: Header(svc_id=1, op=130, ctrl_index=0, data_len=13) bytearray(b'\x01\x82\x00\r\x00')
2023-04-11 22:16:50,873 root DEBUG iutctl_common.py          92    read                      : Received data: "('\x00¹\x15`è\x07À8\x00\x00\x00Ð\x07',)", bytearray(b'\x00\xb9\x15`\xe8\x07\xc08\x00\x00\x00\xd0\x07')
2023-04-11 22:16:50,873 root DEBUG btp.py                    618   event_handler             : event_handler Header(svc_id=1, op=130, ctrl_index=0, data_len=13) (b'\x00\xb9\x15`\xe8\x07\xc08\x00\x00\x00\xd0\x07',)
2023-04-11 22:16:50,873 root DEBUG gap.py                    151   gap_connected_ev_         : gap_connected_ev_ b'\x00\xb9\x15`\xe8\x07\xc08\x00\x00\x00\xd0\x07'
2023-04-11 22:16:50,873 root DEBUG iutctl_common.py          70    read                      : Read 5 bytes
2023-04-11 22:16:50,873 root DEBUG iutctl_common.py          79    read                      : Received: hdr: Header(svc_id=1, op=128, ctrl_index=0, data_len=4) bytearray(b'\x01\x80\x00\x04\x00')
2023-04-11 22:16:50,873 root DEBUG iutctl_common.py          92    read                      : Received data: "('\x1b\x82\x00\x00',)", bytearray(b'\x1b\x82\x00\x00')
2023-04-11 22:16:50,873 root DEBUG btp.py                    618   event_handler             : event_handler Header(svc_id=1, op=128, ctrl_index=0, data_len=4) (b'\x1b\x82\x00\x00',)
2023-04-11 22:16:50,873 root DEBUG gap.py                    119   gap_new_settings_ev_      : gap_new_settings_ev_ b'\x1b\x82\x00\x00'
2023-04-11 22:16:50,873 root DEBUG gap.py                    346   __gap_current_settings_update : __gap_current_settings_update 33307
2023-04-11 22:16:53,415 ClientCallback.on_implicit_send INFO client.py                 171   on_implicit_send          : ********************
2023-04-11 22:16:53,415 ClientCallback.on_implicit_send INFO client.py                 172   on_implicit_send          : BEGIN OnImplicitSend:
2023-04-11 22:16:53,415 ClientCallback.on_implicit_send INFO client.py                 173   on_implicit_send          : project_name: GATT
2023-04-11 22:16:53,415 ClientCallback.on_implicit_send INFO client.py                 174   on_implicit_send          : wid: 120
2023-04-11 22:16:53,415 ClientCallback.on_implicit_send INFO client.py                 175   on_implicit_send          : test_case_name: GATT/SR/GAW/BI-08-C
2023-04-11 22:16:53,415 ClientCallback.on_implicit_send INFO client.py                 176   on_implicit_send          : description: Enter Handle(0x) response with Write Not Permitted. 

Description: Verify that the Implementation Under Test (IUT) can respond Write Not Permitted.
2023-04-11 22:16:53,416 ClientCallback.on_implicit_send INFO client.py                 177   on_implicit_send          : style: MMI_Style_Edit1 0x12040
2023-04-11 22:16:53,416 ClientCallback.on_implicit_send INFO client.py                 183   on_implicit_send          : Calling test cases on_implicit_send
2023-04-11 22:16:53,416 root DEBUG testcase.py               675   on_implicit_send          : GATT GATT/SR/GAW/BI-08-C on_implicit_send
2023-04-11 22:16:53,416 root DEBUG testcase.py               619   join_post_wid_thread      : GATT GATT/SR/GAW/BI-08-C join_post_wid_thread
2023-04-11 22:16:53,416 root DEBUG testcase.py               621   join_post_wid_thread      : self.post_wid_thread None
2023-04-11 22:16:53,416 root DEBUG gatt_wid.py               22    gatt_wid_hdl              : gatt_wid_hdl, 120, 'Enter Handle(0x) response with Write Not Permitted. \n\nDescription: Verify that the Implementation Under Test (IUT) can respond Write Not Permitted.', GATT/SR/GAW/BI-08-C
2023-04-11 22:16:53,416 root DEBUG gatt.py                   403   gatts_get_attrs           : gatts_get_attrs 1 65535 '2803'
2023-04-11 22:16:53,416 root DEBUG iutctl_common.py          98    send                      : send, 2 28 0 "bytearray(b'\\x01\\x00\\xff\\xff\\x02\\x03(')"
2023-04-11 22:16:53,416 root DEBUG iutctl_common.py          103   send                      : sending frame '021c0007000100ffff020328'
2023-04-11 22:16:53,416 root DEBUG iutctl_common.py          211   read                      : read
2023-04-11 22:16:53,493 root DEBUG iutctl_common.py          70    read                      : Read 5 bytes
2023-04-11 22:16:53,493 root DEBUG iutctl_common.py          79    read                      : Received: hdr: Header(svc_id=2, op=28, ctrl_index=0, data_len=145) bytearray(b'\x02\x1c\x00\x91\x00')
2023-04-11 22:16:53,541 root DEBUG iutctl_common.py          92    read                      : Received data: "('\x18\x02\x00\x01\x02\x03(\x05\x00\x01\x02\x03(\x07\x00\x01\x02\x03(\t\x00\x01\x02\x03(\x0c\x00\x01\x02\x03(\x0e\x00\x01\x02\x03(\x10\x00\x01\x02\x03(\x13\x00\x01\x02\x03(\x15\x00\x01\x02\x03(\x17\x00\x01\x02\x03(\x19\x00\x01\x02\x03(\x1b\x00\x01\x02\x03(\x1e\x00\x01\x02\x03(!\x00\x01\x02\x03(#\x00\x01\x02\x03(%\x00\x01\x02\x03((\x00\x01\x02\x03(*\x00\x01\x02\x03(,\x00\x01\x02\x03(0\x00\x01\x02\x03(2\x00\x01\x02\x03(4\x00\x01\x02\x03(6\x00\x01\x02\x03(9\x00\x01\x02\x03(',)", bytearray(b'\x18\x02\x00\x01\x02\x03(\x05\x00\x01\x02\x03(\x07\x00\x01\x02\x03(\t\x00\x01\x02\x03(\x0c\x00\x01\x02\x03(\x0e\x00\x01\x02\x03(\x10\x00\x01\x02\x03(\x13\x00\x01\x02\x03(\x15\x00\x01\x02\x03(\x17\x00\x01\x02\x03(\x19\x00\x01\x02\x03(\x1b\x00\x01\x02\x03(\x1e\x00\x01\x02\x03(!\x00\x01\x02\x03(#\x00\x01\x02\x03(%\x00\x01\x02\x03((\x00\x01\x02\x03(*\x00\x01\x02\x03(,\x00\x01\x02\x03(0\x00\x01\x02\x03(2\x00\x01\x02\x03(4\x00\x01\x02\x03(6\x00\x01\x02\x03(9\x00\x01\x02\x03(')
2023-04-11 22:16:53,557 root DEBUG gatt.py                   434   gatts_get_attrs           : received Header(svc_id=2, op=28, ctrl_index=0, data_len=145) (b'\x18\x02\x00\x01\x02\x03(\x05\x00\x01\x02\x03(\x07\x00\x01\x02\x03(\t\x00\x01\x02\x03(\x0c\x00\x01\x02\x03(\x0e\x00\x01\x02\x03(\x10\x00\x01\x02\x03(\x13\x00\x01\x02\x03(\x15\x00\x01\x02\x03(\x17\x00\x01\x02\x03(\x19\x00\x01\x02\x03(\x1b\x00\x01\x02\x03(\x1e\x00\x01\x02\x03(!\x00\x01\x02\x03(#\x00\x01\x02\x03(%\x00\x01\x02\x03((\x00\x01\x02\x03(*\x00\x01\x02\x03(,\x00\x01\x02\x03(0\x00\x01\x02\x03(2\x00\x01\x02\x03(4\x00\x01\x02\x03(6\x00\x01\x02\x03(9\x00\x01\x02\x03(',)
2023-04-11 22:16:53,557 root DEBUG gatt.py                   367   dec_gatts_get_attrs_rp    : dec_gatts_get_attrs_rp b'\x18\x02\x00\x01\x02\x03(\x05\x00\x01\x02\x03(\x07\x00\x01\x02\x03(\t\x00\x01\x02\x03(\x0c\x00\x01\x02\x03(\x0e\x00\x01\x02\x03(\x10\x00\x01\x02\x03(\x13\x00\x01\x02\x03(\x15\x00\x01\x02\x03(\x17\x00\x01\x02\x03(\x19\x00\x01\x02\x03(\x1b\x00\x01\x02\x03(\x1e\x00\x01\x02\x03(!\x00\x01\x02\x03(#\x00\x01\x02\x03(%\x00\x01\x02\x03((\x00\x01\x02\x03(*\x00\x01\x02\x03(,\x00\x01\x02\x03(0\x00\x01\x02\x03(2\x00\x01\x02\x03(4\x00\x01\x02\x03(6\x00\x01\x02\x03(9\x00\x01\x02\x03(' 145
2023-04-11 22:16:53,557 root DEBUG gatt.py                   396   dec_gatts_get_attrs_rp    : handle 2 perm 1 type_uuid '2803'
2023-04-11 22:16:53,557 root DEBUG gatt.py                   396   dec_gatts_get_attrs_rp    : handle 5 perm 1 type_uuid '2803'
2023-04-11 22:16:53,557 root DEBUG gatt.py                   396   dec_gatts_get_attrs_rp    : handle 7 perm 1 type_uuid '2803'
2023-04-11 22:16:53,557 root DEBUG gatt.py                   396   dec_gatts_get_attrs_rp    : handle 9 perm 1 type_uuid '2803'
2023-04-11 22:16:53,557 root DEBUG gatt.py                   396   dec_gatts_get_attrs_rp    : handle 12 perm 1 type_uuid '2803'
2023-04-11 22:16:53,557 root DEBUG gatt.py                   396   dec_gatts_get_attrs_rp    : handle 14 perm 1 type_uuid '2803'
2023-04-11 22:16:53,557 root DEBUG gatt.py                   396   dec_gatts_get_attrs_rp    : handle 16 perm 1 type_uuid '2803'
2023-04-11 22:16:53,558 root DEBUG gatt.py                   396   dec_gatts_get_attrs_rp    : handle 19 perm 1 type_uuid '2803'
2023-04-11 22:16:53,558 root DEBUG gatt.py                   396   dec_gatts_get_attrs_rp    : handle 21 perm 1 type_uuid '2803'
2023-04-11 22:16:53,558 root DEBUG gatt.py                   396   dec_gatts_get_attrs_rp    : handle 23 perm 1 type_uuid '2803'
2023-04-11 22:16:53,558 root DEBUG gatt.py                   396   dec_gatts_get_attrs_rp    : handle 25 perm 1 type_uuid '2803'
2023-04-11 22:16:53,558 root DEBUG gatt.py                   396   dec_gatts_get_attrs_rp    : handle 27 perm 1 type_uuid '2803'
2023-04-11 22:16:53,558 root DEBUG gatt.py                   396   dec_gatts_get_attrs_rp    : handle 30 perm 1 type_uuid '2803'
2023-04-11 22:16:53,558 root DEBUG gatt.py                   396   dec_gatts_get_attrs_rp    : handle 33 perm 1 type_uuid '2803'
2023-04-11 22:16:53,558 root DEBUG gatt.py                   396   dec_gatts_get_attrs_rp    : handle 35 perm 1 type_uuid '2803'
2023-04-11 22:16:53,558 root DEBUG gatt.py                   396   dec_gatts_get_attrs_rp    : handle 37 perm 1 type_uuid '2803'
2023-04-11 22:16:53,558 root DEBUG gatt.py                   396   dec_gatts_get_attrs_rp    : handle 40 perm 1 type_uuid '2803'
2023-04-11 22:16:53,558 root DEBUG gatt.py                   396   dec_gatts_get_attrs_rp    : handle 42 perm 1 type_uuid '2803'
2023-04-11 22:16:53,558 root DEBUG gatt.py                   396   dec_gatts_get_attrs_rp    : handle 44 perm 1 type_uuid '2803'
2023-04-11 22:16:53,558 root DEBUG gatt.py                   396   dec_gatts_get_attrs_rp    : handle 48 perm 1 type_uuid '2803'
2023-04-11 22:16:53,558 root DEBUG gatt.py                   396   dec_gatts_get_attrs_rp    : handle 50 perm 1 type_uuid '2803'
2023-04-11 22:16:53,558 root DEBUG gatt.py                   396   dec_gatts_get_attrs_rp    : handle 52 perm 1 type_uuid '2803'
2023-04-11 22:16:53,558 root DEBUG gatt.py                   396   dec_gatts_get_attrs_rp    : handle 54 perm 1 type_uuid '2803'
2023-04-11 22:16:53,558 root DEBUG gatt.py                   396   dec_gatts_get_attrs_rp    : handle 57 perm 1 type_uuid '2803'
2023-04-11 22:16:53,559 root DEBUG gatt.py                   443   gatts_get_attr_val        : gatts_get_attr_val 2
2023-04-11 22:16:53,559 root DEBUG iutctl_common.py          98    send                      : send, 2 29 0 "bytearray(b'\\x00\\xb9\\x15`\\xe8\\x07\\xc0\\x02\\x00')"
2023-04-11 22:16:53,559 root DEBUG iutctl_common.py          103   send                      : sending frame '021d00090000b91560e807c00200'
2023-04-11 22:16:53,559 root DEBUG iutctl_common.py          211   read                      : read
2023-04-11 22:16:53,637 root DEBUG iutctl_common.py          70    read                      : Read 5 bytes
2023-04-11 22:16:53,653 root DEBUG iutctl_common.py          79    read                      : Received: hdr: Header(svc_id=2, op=29, ctrl_index=0, data_len=8) bytearray(b'\x02\x1d\x00\x08\x00')
2023-04-11 22:16:53,669 root DEBUG iutctl_common.py          92    read                      : Received data: "('\x00\x05\x00 \x03\x00\x05*',)", bytearray(b'\x00\x05\x00 \x03\x00\x05*')
2023-04-11 22:16:53,669 root DEBUG gatt.py                   462   gatts_get_attr_val        : received Header(svc_id=2, op=29, ctrl_index=0, data_len=8) (b'\x00\x05\x00 \x03\x00\x05*',)
2023-04-11 22:16:53,669 root DEBUG gatt.py                   403   gatts_get_attrs           : gatts_get_attrs 3 3 None
2023-04-11 22:16:53,669 root DEBUG iutctl_common.py          98    send                      : send, 2 28 0 "bytearray(b'\\x03\\x00\\x03\\x00\\x00')"
2023-04-11 22:16:53,669 root DEBUG iutctl_common.py          103   send                      : sending frame '021c0005000300030000'
2023-04-11 22:16:53,669 root DEBUG iutctl_common.py          211   read                      : read
2023-04-11 22:16:53,749 root DEBUG iutctl_common.py          70    read                      : Read 5 bytes
2023-04-11 22:16:53,749 root DEBUG iutctl_common.py          79    read                      : Received: hdr: Header(svc_id=2, op=28, ctrl_index=0, data_len=7) bytearray(b'\x02\x1c\x00\x07\x00')
2023-04-11 22:16:53,781 root DEBUG iutctl_common.py          92    read                      : Received data: "('\x01\x03\x00\x00\x02\x05*',)", bytearray(b'\x01\x03\x00\x00\x02\x05*')
2023-04-11 22:16:53,813 root DEBUG gatt.py                   434   gatts_get_attrs           : received Header(svc_id=2, op=28, ctrl_index=0, data_len=7) (b'\x01\x03\x00\x00\x02\x05*',)
2023-04-11 22:16:53,813 root DEBUG gatt.py                   367   dec_gatts_get_attrs_rp    : dec_gatts_get_attrs_rp b'\x01\x03\x00\x00\x02\x05*' 7
2023-04-11 22:16:53,813 root DEBUG gatt.py                   396   dec_gatts_get_attrs_rp    : handle 3 perm 0 type_uuid '2A05'
2023-04-11 22:16:53,813 root DEBUG testcase.py               713   on_implicit_send          : Sending response '0003' to wid 120 test case GATT/SR/GAW/BI-08-C
2023-04-11 22:16:53,813 ClientCallback.on_implicit_send INFO client.py                 188   on_implicit_send          : test case returned on_implicit_send, response: 0003
2023-04-11 22:16:53,813 ClientCallback.on_implicit_send INFO client.py                 198   on_implicit_send          : END OnImplicitSend:
2023-04-11 22:16:53,813 ClientCallback.on_implicit_send INFO client.py                 199   on_implicit_send          : ********************
2023-04-11 22:16:55,284 root DEBUG iutctl_common.py          70    read                      : Read 5 bytes
2023-04-11 22:16:55,284 root DEBUG iutctl_common.py          79    read                      : Received: hdr: Header(svc_id=1, op=131, ctrl_index=0, data_len=7) bytearray(b'\x01\x83\x00\x07\x00')
2023-04-11 22:16:55,284 root DEBUG iutctl_common.py          92    read                      : Received data: "('\x00¹\x15`è\x07À',)", bytearray(b'\x00\xb9\x15`\xe8\x07\xc0')
2023-04-11 22:16:55,285 root DEBUG btp.py                    618   event_handler             : event_handler Header(svc_id=1, op=131, ctrl_index=0, data_len=7) (b'\x00\xb9\x15`\xe8\x07\xc0',)
2023-04-11 22:16:55,285 root DEBUG gap.py                    166   gap_disconnected_ev_      : gap_disconnected_ev_ b'\x00\xb9\x15`\xe8\x07\xc0'
2023-04-11 22:16:58,834 ClientCallback.log INFO client.py                 135   log                       : PTS_LOGTYPE_START_TEST Start Test Case 

+2016 ms
 GATT/SR/GAW/BI-08-C GATT/SR/GAW/BI-08-C

2023-04-11 22:16:58,835 root DEBUG testcase.py               464   log                       : New status GATT GATT/SR/GAW/BI-08-C - Started
2023-04-11 22:16:58,978 ClientCallback.log INFO client.py                 135   log                       : PTS_LOGTYPE_FINAL_VERDICT Final Verdict 

+14734 ms
 GATT/SR/GAW/BI-08-C PASS

2023-04-11 22:16:58,978 root DEBUG testcase.py               464   log                       : New status GATT GATT/SR/GAW/BI-08-C - PASS
2023-04-11 22:16:58,980 ClientCallback.log INFO client.py                 135   log                       : PTS_LOGTYPE_FINAL_VERDICT Encrypted Verdict 

+14734 ms
 GATT/SR/GAW/BI-08-C A1#ZWY4MzQ5MDg3MmQwNTIxOGQzMzQ5YjY2ODA5M2MzNjQ5ZDY4NmY0Yjc2MzIzM2VkNTUyNTFhNGU4Mjg1MjI0NA==#oNcYNX+OERJk/WN/wEb9RcyYSOnI80Vpb5EMrtjbbaQN8bM3aBtlwkdlyuY+cF1l

2023-04-11 22:16:59,044 ClientCallback.log INFO client.py                 135   log                       : PTS_LOGTYPE_END_TEST Test Case Ended 

+14734 ms
 GATT/SR/GAW/BI-08-C GATT/SR/GAW/BI-08-C

2023-04-11 22:16:59,173 root DEBUG client.py                 803   run_test_case_thread_entry : After run_test_case error_code='' status='PASS'
2023-04-11 22:16:59,173 root DEBUG client.py                 280   error_code                : CallbackThread.error_code
2023-04-11 22:16:59,173 root DEBUG client.py                 294   cleanup                   : CallbackThread.cleanup
2023-04-11 22:17:00,189 root DEBUG testcase.py               758   post_run                  : post_run GATT GATT/SR/GAW/BI-08-C 
2023-04-11 22:17:00,189 root DEBUG testcase.py               246   start                     : Starting test function: class=<class 'autopts.ptsprojects.testcase.TestFuncCleanUp'>, func=<bound method Stack.cleanup of <autopts.ptsprojects.stack.Stack object at 0x000002AB6EA55910>> start_wid=None stop_wid=None post_wid=None skip_call=None call_count=1 args=() kwds={}
2023-04-11 22:17:00,189 root DEBUG testcase.py               258   start                     : Test function parameters: args=(), kwds={}
2023-04-11 22:17:00,189 root DEBUG client.py                 289   clear_pending_responses   : CallbackThread.clear_pending_responses
2023-04-11 22:17:00,189 root DEBUG client.py                 289   clear_pending_responses   : CallbackThread.clear_pending_responses
2023-04-11 22:17:00,189 root DEBUG testcase.py               246   start                     : Starting test function: class=<class 'autopts.ptsprojects.testcase.TestFuncCleanUp'>, func=<bound method ZephyrCtl.stop of <autopts.ptsprojects.zephyr.iutctl.ZephyrCtl object at 0x000002AB6EA55A30>> start_wid=None stop_wid=None post_wid=None skip_call=None call_count=1 args=() kwds={}
2023-04-11 22:17:00,189 root DEBUG testcase.py               258   start                     : Test function parameters: args=(), kwds={}
2023-04-11 22:17:00,189 root DEBUG iutctl.py                 237   stop                      : <class 'autopts.ptsprojects.zephyr.iutctl.ZephyrCtl'>.stop
2023-04-11 22:17:00,317 root DEBUG __init__.py               48    reset                     : About to reset DUT: 'nrfjprog -r -s 683989059'
2023-04-11 22:17:03,881 root DEBUG testcase.py               783   post_run                  : post_run, cleanup running pre test case script
2023-04-11 22:17:03,881 root DEBUG testcase.py               793   post_run                  : post_run, run post test case script
2023-04-11 22:17:03,947 root DEBUG client.py                 833   run_test_case_thread_entry : Done TestCase wrapper GATT GATT/SR/GAW/BI-08-C
