2026-02-14 04:23:38,406 LT1-thread root DEBUG client.py                 82    logger_log                : Starting TestCase _run_test_case MESH MESH/NODE/NET/BV-04-C
2026-02-14 04:23:38,406 LT1-thread root DEBUG client.py                 82    logger_log                : pre_run MESH MESH/NODE/NET/BV-04-C
2026-02-14 04:23:38,406 LT1-thread root DEBUG client.py                 82    logger_log                : About to run test case MESH MESH/NODE/NET/BV-04-C with commands:
2026-02-14 04:23:38,406 LT1-thread root DEBUG client.py                 82    logger_log                : 0) class=<class 'autopts.ptsprojects.testcase.TestFunc'>, func=<bound method ZephyrCtl.remove_flash_bin of <autopts.ptsprojects.zephyr.iutctl.ZephyrCtl object at 0x7e7d94e32f60>> start_wid=None stop_wid=None post_wid=None skip_call=None call_count=0 args=() kwds={}
2026-02-14 04:23:38,406 LT1-thread root DEBUG client.py                 82    logger_log                : 1) class=<class 'autopts.ptsprojects.testcase.TestFunc'>, func=<bound method Stack.core_init of <autopts.ptsprojects.stack.stack.Stack object at 0x7e7d91676870>> start_wid=None stop_wid=None post_wid=None skip_call=None call_count=0 args=() kwds={}
2026-02-14 04:23:38,406 LT1-thread root DEBUG client.py                 82    logger_log                : 2) class=<class 'autopts.ptsprojects.testcase.TestFunc'>, func=<bound method IutCtl.start of <autopts.ptsprojects.zephyr.iutctl.ZephyrCtl object at 0x7e7d94e32f60>> start_wid=None stop_wid=None post_wid=None skip_call=None call_count=0 args=(<autopts.ptsprojects.zephyr.ztestcase.ZTestCase object at 0x7e7d904a42c0>,) kwds={}
2026-02-14 04:23:38,406 LT1-thread root DEBUG client.py                 82    logger_log                : 3) class=<class 'autopts.ptsprojects.testcase.TestFunc'>, func=<bound method IutCtl.wait_iut_ready_event of <autopts.ptsprojects.zephyr.iutctl.ZephyrCtl object at 0x7e7d94e32f60>> start_wid=None stop_wid=None post_wid=None skip_call=None call_count=0 args=(False,) kwds={}
2026-02-14 04:23:38,406 LT1-thread root DEBUG client.py                 82    logger_log                : 4) class=<class 'autopts.ptsprojects.testcase.TestFunc'>, func=<function core_reg_svc_gap at 0x7e7d935d0e00> start_wid=None stop_wid=None post_wid=None skip_call=None call_count=100 args=() kwds={}
2026-02-14 04:23:38,406 LT1-thread root DEBUG client.py                 82    logger_log                : 5) class=<class 'autopts.ptsprojects.testcase.TestFunc'>, func=<function core_reg_svc_gatt at 0x7e7d935d0f40> start_wid=None stop_wid=None post_wid=None skip_call=None call_count=100 args=() kwds={}
2026-02-14 04:23:38,406 LT1-thread root DEBUG client.py                 82    logger_log                : 6) class=<class 'autopts.ptsprojects.testcase.TestFunc'>, func=<function core_reg_svc_mesh at 0x7e7d935d11c0> start_wid=None stop_wid=None post_wid=None skip_call=None call_count=100 args=() kwds={}
2026-02-14 04:23:38,406 LT1-thread root DEBUG client.py                 82    logger_log                : 7) class=<class 'autopts.ptsprojects.testcase.TestFunc'>, func=<function mesh_init at 0x7e7d92d52840> start_wid=None stop_wid=None post_wid=None skip_call=None call_count=100 args=() kwds={}
2026-02-14 04:23:38,406 LT1-thread root DEBUG client.py                 82    logger_log                : 8) class=<class 'autopts.ptsprojects.testcase.TestFunc'>, func=<function gap_read_ctrl_info at 0x7e7d935dfa60> start_wid=None stop_wid=None post_wid=None skip_call=None call_count=100 args=() kwds={}
2026-02-14 04:23:38,406 LT1-thread root DEBUG client.py                 82    logger_log                : 9) class=<class 'autopts.ptsprojects.testcase.TestFunc'>, func=<function test_cases.<locals>.<lambda> at 0x7e7d90d39d00> start_wid=None stop_wid=None post_wid=None skip_call=None call_count=100 args=() kwds={}
2026-02-14 04:23:38,406 LT1-thread root DEBUG client.py                 82    logger_log                : 10) class=<class 'autopts.ptsprojects.testcase.TestFunc'>, func=<function test_cases.<locals>.<lambda> at 0x7e7d90d39da0> start_wid=None stop_wid=None post_wid=None skip_call=None call_count=100 args=() kwds={}
2026-02-14 04:23:38,407 LT1-thread root DEBUG client.py                 82    logger_log                : 11) class=<class 'autopts.ptsprojects.testcase.TestFunc'>, func=<function test_cases.<locals>.<lambda> at 0x7e7d90d39e40> start_wid=None stop_wid=None post_wid=None skip_call=None call_count=100 args=() kwds={}
2026-02-14 04:23:38,407 LT1-thread root DEBUG client.py                 82    logger_log                : 12) class=<class 'autopts.ptsprojects.testcase.TestFunc'>, func=<function test_cases.<locals>.<lambda> at 0x7e7d90d39ee0> start_wid=None stop_wid=None post_wid=None skip_call=None call_count=100 args=() kwds={}
2026-02-14 04:23:38,407 LT1-thread root DEBUG client.py                 82    logger_log                : 13) class=<class 'autopts.ptsprojects.testcase.TestFunc'>, func=<function test_cases.<locals>.<lambda> at 0x7e7d90d39f80> start_wid=None stop_wid=None post_wid=None skip_call=None call_count=100 args=() kwds={}
2026-02-14 04:23:38,407 LT1-thread root DEBUG client.py                 82    logger_log                : 14) class=<class 'autopts.ptsprojects.testcase.TestFunc'>, func=<function test_cases.<locals>.<lambda> at 0x7e7d90d3a020> start_wid=None stop_wid=None post_wid=None skip_call=None call_count=100 args=() kwds={}
2026-02-14 04:23:38,407 LT1-thread root DEBUG client.py                 82    logger_log                : 15) class=<class 'autopts.ptsprojects.testcase.TestFunc'>, func=<function test_cases.<locals>.<lambda> at 0x7e7d90d3a0c0> start_wid=None stop_wid=None post_wid=None skip_call=None call_count=100 args=() kwds={}
2026-02-14 04:23:38,407 LT1-thread root DEBUG client.py                 82    logger_log                : 16) class=<class 'autopts.ptsprojects.testcase.TestFunc'>, func=<function test_cases.<locals>.<lambda> at 0x7e7d90d3a160> start_wid=None stop_wid=None post_wid=None skip_call=None call_count=100 args=() kwds={}
2026-02-14 04:23:38,407 LT1-thread root DEBUG client.py                 82    logger_log                : 17) class=<class 'autopts.ptsprojects.testcase.TestFunc'>, func=<function test_cases.<locals>.<lambda> at 0x7e7d90d3a200> start_wid=None stop_wid=None post_wid=None skip_call=None call_count=100 args=() kwds={}
2026-02-14 04:23:38,407 LT1-thread root DEBUG client.py                 82    logger_log                : 18) class=<class 'autopts.ptsprojects.testcase.TestFuncCleanUp'>, func=<bound method Stack.cleanup of <autopts.ptsprojects.stack.stack.Stack object at 0x7e7d91676870>> start_wid=None stop_wid=None post_wid=None skip_call=None call_count=0 args=() kwds={}
2026-02-14 04:23:38,407 LT1-thread root DEBUG client.py                 82    logger_log                : 19) class=<class 'autopts.ptsprojects.testcase.TestFuncCleanUp'>, func=<bound method ZephyrCtl.stop of <autopts.ptsprojects.zephyr.iutctl.ZephyrCtl object at 0x7e7d94e32f60>> start_wid=None stop_wid=None post_wid=None skip_call=None call_count=0 args=() kwds={}
2026-02-14 04:23:38,407 LT1-thread root DEBUG client.py                 82    logger_log                : pre_run, run pre test case script
2026-02-14 04:23:38,407 LT1-thread root DEBUG client.py                 82    logger_log                : Starting test function: class=<class 'autopts.ptsprojects.testcase.TestFunc'>, func=<bound method ZephyrCtl.remove_flash_bin of <autopts.ptsprojects.zephyr.iutctl.ZephyrCtl object at 0x7e7d94e32f60>> start_wid=None stop_wid=None post_wid=None skip_call=None call_count=1 args=() kwds={}
2026-02-14 04:23:38,407 LT1-thread root DEBUG client.py                 82    logger_log                : Test function parameters: args=(), kwds={}
2026-02-14 04:23:38,407 LT1-thread root DEBUG client.py                 82    logger_log                : Starting test function: class=<class 'autopts.ptsprojects.testcase.TestFunc'>, func=<bound method Stack.core_init of <autopts.ptsprojects.stack.stack.Stack object at 0x7e7d91676870>> start_wid=None stop_wid=None post_wid=None skip_call=None call_count=1 args=() kwds={}
2026-02-14 04:23:38,407 LT1-thread root DEBUG client.py                 82    logger_log                : Test function parameters: args=(), kwds={}
2026-02-14 04:23:38,408 LT1-thread root DEBUG client.py                 82    logger_log                : Starting test function: class=<class 'autopts.ptsprojects.testcase.TestFunc'>, func=<bound method IutCtl.start of <autopts.ptsprojects.zephyr.iutctl.ZephyrCtl object at 0x7e7d94e32f60>> start_wid=None stop_wid=None post_wid=None skip_call=None call_count=1 args=(<autopts.ptsprojects.zephyr.ztestcase.ZTestCase object at 0x7e7d904a42c0>,) kwds={}
2026-02-14 04:23:38,408 LT1-thread root DEBUG client.py                 82    logger_log                : Test function parameters: args=(<autopts.ptsprojects.zephyr.ztestcase.ZTestCase object at 0x7e7d904a42c0>,), kwds={}
2026-02-14 04:23:38,408 LT1-thread root DEBUG client.py                 82    logger_log                : <class 'autopts.ptsprojects.zephyr.iutctl.ZephyrCtl'>.start
2026-02-14 04:23:38,408 LT1-thread root DEBUG client.py                 82    logger_log                : <class 'autopts.rtt.BTMON'>.start
2026-02-14 04:23:38,412 LT1-thread root DEBUG client.py                 82    logger_log                : Starting native process: /home/codecoup/workspace/zephyrproject/zephyr/tests/bluetooth/tester/build/zephyr/zephyr.exe --bt-dev=hci1 --attach_uart_cmd="socat %s,rawer,b1000000, UNIX-CONNECT:/tmp/bt-stack-tester1057789983 &"
2026-02-14 04:23:38,412 LT1-thread root DEBUG client.py                 82    logger_log                : Starting native process: /home/codecoup/workspace/zephyrproject/zephyr/tests/bluetooth/tester/build/zephyr/zephyr.exe --bt-dev=hci1 --attach_uart_cmd="socat %s,rawer,b1000000, UNIX-CONNECT:/tmp/bt-stack-tester1057789983 &"
2026-02-14 04:23:38,413 LT1-thread root DEBUG client.py                 82    logger_log                : accept
2026-02-14 04:23:38,420 BTPWorkerThread-3610 (_rx_task) root DEBUG client.py                 82    logger_log                : BTPWorkerThread-3610 (_rx_task) started
2026-02-14 04:23:38,421 LT1-thread root DEBUG client.py                 82    logger_log                : Starting test function: class=<class 'autopts.ptsprojects.testcase.TestFunc'>, func=<bound method IutCtl.wait_iut_ready_event of <autopts.ptsprojects.zephyr.iutctl.ZephyrCtl object at 0x7e7d94e32f60>> start_wid=None stop_wid=None post_wid=None skip_call=None call_count=1 args=(False,) kwds={}
2026-02-14 04:23:38,421 LT1-thread root DEBUG client.py                 82    logger_log                : Test function parameters: args=(False,), kwds={}
2026-02-14 04:23:38,421 BTPWorkerThread-3610 (_rx_task) root DEBUG client.py                 82    logger_log                : Read 5 bytes
2026-02-14 04:23:38,421 BTPWorkerThread-3610 (_rx_task) root DEBUG client.py                 82    logger_log                : Received: hdr: Header(svc_id=0x00, op=0x80, ctrl_index=0xff, data_len=0x00) bytearray(b'\x00\x80\xff\x00\x00')
2026-02-14 04:23:38,422 BTPWorkerThread-3610 (_rx_task) root DEBUG client.py                 82    logger_log                : Received data: {''}, bytearray(b'')
2026-02-14 04:23:38,422 BTPWorkerThread-3610 (_rx_task) root DEBUG client.py                 82    logger_log                : event_handler Header(svc_id=0, op=128, ctrl_index=255, data_len=0) (b'',)
2026-02-14 04:23:38,422 BTPWorkerThread-3610 (_rx_task) root DEBUG client.py                 82    logger_log                : core_iut_ready_ev
2026-02-14 04:23:38,921 LT1-thread root DEBUG client.py                 82    logger_log                : IUT ready event received OK
2026-02-14 04:23:38,921 LT1-thread root DEBUG client.py                 82    logger_log                : Starting test function: class=<class 'autopts.ptsprojects.testcase.TestFunc'>, func=<function core_reg_svc_gap at 0x7e7d935d0e00> start_wid=None stop_wid=None post_wid=None skip_call=None call_count=101 args=() kwds={}
2026-02-14 04:23:38,922 LT1-thread root DEBUG client.py                 82    logger_log                : Test function parameters: args=(), kwds={}
2026-02-14 04:23:38,922 LT1-thread root DEBUG client.py                 82    logger_log                : core_reg_svc_univ: gap_reg (GAP)
2026-02-14 04:23:38,922 LT1-thread root DEBUG client.py                 82    logger_log                : send, 0 3 255 '1'
2026-02-14 04:23:38,923 LT1-thread root DEBUG client.py                 82    logger_log                : sending frame '0003ff010001'
2026-02-14 04:23:38,923 LT1-thread root DEBUG client.py                 82    logger_log                : core_reg_svc_rsp_succ
2026-02-14 04:23:38,923 LT1-thread root DEBUG client.py                 82    logger_log                : read
2026-02-14 04:23:39,297 BTPWorkerThread-3610 (_rx_task) root DEBUG client.py                 82    logger_log                : Read 5 bytes
2026-02-14 04:23:39,307 BTPWorkerThread-3610 (_rx_task) root DEBUG client.py                 82    logger_log                : Received: hdr: Header(svc_id=0x00, op=0x03, ctrl_index=0xff, data_len=0x00) bytearray(b'\x00\x03\xff\x00\x00')
2026-02-14 04:23:39,318 BTPWorkerThread-3610 (_rx_task) root DEBUG client.py                 82    logger_log                : Received data: {''}, bytearray(b'')
2026-02-14 04:23:39,328 LT1-thread root DEBUG client.py                 82    logger_log                : received Header(svc_id=0, op=3, ctrl_index=255, data_len=0) (b'',)
2026-02-14 04:23:39,328 LT1-thread root DEBUG client.py                 82    logger_log                : expected ((0, 3, 255, 0), (b'',))
2026-02-14 04:23:39,328 LT1-thread root DEBUG client.py                 82    logger_log                : response is valid
2026-02-14 04:23:39,328 LT1-thread root DEBUG client.py                 82    logger_log                : Reading supported commands for service: GAP
2026-02-14 04:23:39,328 LT1-thread root DEBUG client.py                 82    logger_log                : send, 1 1 255 ''
2026-02-14 04:23:39,328 LT1-thread root DEBUG client.py                 82    logger_log                : sending frame '0101ff0000'
2026-02-14 04:23:39,328 LT1-thread root DEBUG client.py                 82    logger_log                : read
2026-02-14 04:23:39,342 BTPWorkerThread-3610 (_rx_task) root DEBUG client.py                 82    logger_log                : Read 5 bytes
2026-02-14 04:23:39,353 BTPWorkerThread-3610 (_rx_task) root DEBUG client.py                 82    logger_log                : Received: hdr: Header(svc_id=0x01, op=0x01, ctrl_index=0xff, data_len=0x07) bytearray(b'\x01\x01\xff\x07\x00')
2026-02-14 04:23:39,368 BTPWorkerThread-3610 (_rx_task) root DEBUG client.py                 82    logger_log                : Read 7 bytes data
2026-02-14 04:23:39,373 BTPWorkerThread-3610 (_rx_task) root DEBUG client.py                 82    logger_log                : Received data: {'6e ff 7f 1f fe f7 0e'}, bytearray(b'n\xff\x7f\x1f\xfe\xf7\x0e')
2026-02-14 04:23:39,389 LT1-thread root DEBUG client.py                 82    logger_log                : Starting test function: class=<class 'autopts.ptsprojects.testcase.TestFunc'>, func=<function core_reg_svc_gatt at 0x7e7d935d0f40> start_wid=None stop_wid=None post_wid=None skip_call=None call_count=101 args=() kwds={}
2026-02-14 04:23:39,389 LT1-thread root DEBUG client.py                 82    logger_log                : Test function parameters: args=(), kwds={}
2026-02-14 04:23:39,389 LT1-thread root DEBUG client.py                 82    logger_log                : core_reg_svc_univ: gatt_reg (GATT)
2026-02-14 04:23:39,389 LT1-thread root DEBUG client.py                 82    logger_log                : send, 0 3 255 '2'
2026-02-14 04:23:39,389 LT1-thread root DEBUG client.py                 82    logger_log                : sending frame '0003ff010002'
2026-02-14 04:23:39,389 LT1-thread root DEBUG client.py                 82    logger_log                : core_reg_svc_rsp_succ
2026-02-14 04:23:39,389 LT1-thread root DEBUG client.py                 82    logger_log                : read
2026-02-14 04:23:39,407 BTPWorkerThread-3610 (_rx_task) root DEBUG client.py                 82    logger_log                : Read 5 bytes
2026-02-14 04:23:39,413 BTPWorkerThread-3610 (_rx_task) root DEBUG client.py                 82    logger_log                : Received: hdr: Header(svc_id=0x00, op=0x03, ctrl_index=0xff, data_len=0x00) bytearray(b'\x00\x03\xff\x00\x00')
2026-02-14 04:23:39,428 BTPWorkerThread-3610 (_rx_task) root DEBUG client.py                 82    logger_log                : Received data: {''}, bytearray(b'')
2026-02-14 04:23:39,438 LT1-thread root DEBUG client.py                 82    logger_log                : received Header(svc_id=0, op=3, ctrl_index=255, data_len=0) (b'',)
2026-02-14 04:23:39,438 LT1-thread root DEBUG client.py                 82    logger_log                : expected ((0, 3, 255, 0), (b'',))
2026-02-14 04:23:39,438 LT1-thread root DEBUG client.py                 82    logger_log                : response is valid
2026-02-14 04:23:39,438 LT1-thread root DEBUG client.py                 82    logger_log                : Reading supported commands for service: GATT
2026-02-14 04:23:39,438 LT1-thread root DEBUG client.py                 82    logger_log                : send, 2 1 255 ''
2026-02-14 04:23:39,438 LT1-thread root DEBUG client.py                 82    logger_log                : sending frame '0201ff0000'
2026-02-14 04:23:39,439 LT1-thread root DEBUG client.py                 82    logger_log                : read
2026-02-14 04:23:39,452 BTPWorkerThread-3610 (_rx_task) root DEBUG client.py                 82    logger_log                : Read 5 bytes
2026-02-14 04:23:39,463 BTPWorkerThread-3610 (_rx_task) root DEBUG client.py                 82    logger_log                : Received: hdr: Header(svc_id=0x02, op=0x01, ctrl_index=0xff, data_len=0x05) bytearray(b'\x02\x01\xff\x05\x00')
2026-02-14 04:23:39,478 BTPWorkerThread-3610 (_rx_task) root DEBUG client.py                 82    logger_log                : Read 5 bytes data
2026-02-14 04:23:39,488 BTPWorkerThread-3610 (_rx_task) root DEBUG client.py                 82    logger_log                : Received data: {'fe fe bf fd 0f'}, bytearray(b'\xfe\xfe\xbf\xfd\x0f')
2026-02-14 04:23:39,499 LT1-thread root DEBUG client.py                 82    logger_log                : Starting test function: class=<class 'autopts.ptsprojects.testcase.TestFunc'>, func=<function core_reg_svc_mesh at 0x7e7d935d11c0> start_wid=None stop_wid=None post_wid=None skip_call=None call_count=101 args=() kwds={}
2026-02-14 04:23:39,499 LT1-thread root DEBUG client.py                 82    logger_log                : Test function parameters: args=(), kwds={}
2026-02-14 04:23:39,499 LT1-thread root DEBUG client.py                 82    logger_log                : core_reg_svc_univ: mesh_reg (MESH)
2026-02-14 04:23:39,499 LT1-thread root DEBUG client.py                 82    logger_log                : send, 0 3 255 '4'
2026-02-14 04:23:39,499 LT1-thread root DEBUG client.py                 82    logger_log                : sending frame '0003ff010004'
2026-02-14 04:23:39,499 LT1-thread root DEBUG client.py                 82    logger_log                : core_reg_svc_rsp_succ
2026-02-14 04:23:39,499 LT1-thread root DEBUG client.py                 82    logger_log                : read
2026-02-14 04:23:39,517 BTPWorkerThread-3610 (_rx_task) root DEBUG client.py                 82    logger_log                : Read 5 bytes
2026-02-14 04:23:39,528 BTPWorkerThread-3610 (_rx_task) root DEBUG client.py                 82    logger_log                : Received: hdr: Header(svc_id=0x00, op=0x03, ctrl_index=0xff, data_len=0x00) bytearray(b'\x00\x03\xff\x00\x00')
2026-02-14 04:23:39,538 BTPWorkerThread-3610 (_rx_task) root DEBUG client.py                 82    logger_log                : Received data: {''}, bytearray(b'')
2026-02-14 04:23:39,548 LT1-thread root DEBUG client.py                 82    logger_log                : received Header(svc_id=0, op=3, ctrl_index=255, data_len=0) (b'',)
2026-02-14 04:23:39,548 LT1-thread root DEBUG client.py                 82    logger_log                : expected ((0, 3, 255, 0), (b'',))
2026-02-14 04:23:39,548 LT1-thread root DEBUG client.py                 82    logger_log                : response is valid
2026-02-14 04:23:39,549 LT1-thread root DEBUG client.py                 82    logger_log                : Reading supported commands for service: MESH
2026-02-14 04:23:39,549 LT1-thread root DEBUG client.py                 82    logger_log                : send, 4 1 255 ''
2026-02-14 04:23:39,549 LT1-thread root DEBUG client.py                 82    logger_log                : sending frame '0401ff0000'
2026-02-14 04:23:39,549 LT1-thread root DEBUG client.py                 82    logger_log                : read
2026-02-14 04:23:39,562 BTPWorkerThread-3610 (_rx_task) root DEBUG client.py                 82    logger_log                : Read 5 bytes
2026-02-14 04:23:39,573 BTPWorkerThread-3610 (_rx_task) root DEBUG client.py                 82    logger_log                : Received: hdr: Header(svc_id=0x04, op=0x01, ctrl_index=0xff, data_len=0x10) bytearray(b'\x04\x01\xff\x10\x00')
2026-02-14 04:23:39,588 BTPWorkerThread-3610 (_rx_task) root DEBUG client.py                 82    logger_log                : Read 16 bytes data
2026-02-14 04:23:39,598 BTPWorkerThread-3610 (_rx_task) root DEBUG client.py                 82    logger_log                : Received data: {'fe ff 7f ff ff ff ff ff ff ff ff fe ff f1 87 01'}, bytearray(b'\xfe\xff\x7f\xff\xff\xff\xff\xff\xff\xff\xff\xfe\xff\xf1\x87\x01')
2026-02-14 04:23:39,609 LT1-thread root DEBUG client.py                 82    logger_log                : Starting test function: class=<class 'autopts.ptsprojects.testcase.TestFunc'>, func=<function mesh_init at 0x7e7d92d52840> start_wid=None stop_wid=None post_wid=None skip_call=None call_count=101 args=() kwds={}
2026-02-14 04:23:39,609 LT1-thread root DEBUG client.py                 82    logger_log                : Test function parameters: args=(), kwds={}
2026-02-14 04:23:39,609 LT1-thread root DEBUG client.py                 82    logger_log                : mesh_init 0
2026-02-14 04:23:39,609 LT1-thread root DEBUG client.py                 82    logger_log                : send, 4 4 0 "bytearray(b'\\x00')"
2026-02-14 04:23:39,609 LT1-thread root DEBUG client.py                 82    logger_log                : sending frame '040400010000'
2026-02-14 04:23:39,609 LT1-thread root DEBUG client.py                 82    logger_log                : read
2026-02-14 04:23:39,633 BTPWorkerThread-3610 (_rx_task) root DEBUG client.py                 82    logger_log                : Read 5 bytes
2026-02-14 04:23:39,643 BTPWorkerThread-3610 (_rx_task) root DEBUG client.py                 82    logger_log                : Received: hdr: Header(svc_id=0x04, op=0x04, ctrl_index=0x00, data_len=0x00) bytearray(b'\x04\x04\x00\x00\x00')
2026-02-14 04:23:39,654 BTPWorkerThread-3610 (_rx_task) root DEBUG client.py                 82    logger_log                : Received data: {''}, bytearray(b'')
2026-02-14 04:23:39,664 LT1-thread root DEBUG client.py                 82    logger_log                : Starting test function: class=<class 'autopts.ptsprojects.testcase.TestFunc'>, func=<function gap_read_ctrl_info at 0x7e7d935dfa60> start_wid=None stop_wid=None post_wid=None skip_call=None call_count=101 args=() kwds={}
2026-02-14 04:23:39,664 LT1-thread root DEBUG client.py                 82    logger_log                : Test function parameters: args=(), kwds={}
2026-02-14 04:23:39,664 LT1-thread root DEBUG client.py                 82    logger_log                : gap_read_ctrl_info
2026-02-14 04:23:39,664 LT1-thread root DEBUG client.py                 82    logger_log                : send, 1 3 0 ''
2026-02-14 04:23:39,664 LT1-thread root DEBUG client.py                 82    logger_log                : sending frame '0103000000'
2026-02-14 04:23:39,664 LT1-thread root DEBUG client.py                 82    logger_log                : read
2026-02-14 04:23:39,677 BTPWorkerThread-3610 (_rx_task) root DEBUG client.py                 82    logger_log                : Read 5 bytes
2026-02-14 04:23:39,688 BTPWorkerThread-3610 (_rx_task) root DEBUG client.py                 82    logger_log                : Received: hdr: Header(svc_id=0x01, op=0x03, ctrl_index=0x00, data_len=0x115) bytearray(b'\x01\x03\x00\x15\x01')
2026-02-14 04:23:39,703 BTPWorkerThread-3610 (_rx_task) root DEBUG client.py                 82    logger_log                : Read 277 bytes data
2026-02-14 04:23:39,713 BTPWorkerThread-3610 (_rx_task) root DEBUG client.py                 82    logger_log                : Received data: {'3b db 31 cc b6 d5 13 06 02 00 13 82 00 00 00 00 00 62 74 70 5f 74 65 73 74 65 72 00 00 00 00 00 00 00 00 00 00 00 00 00 00 00 00 00 00 00 00 00 00 00 00 00 00 00 00 00 00 00 00 00 00 00 00 00 00 00 00 00 00 00 00 00 00 00 00 00 00 00 00 00 00 00 00 00 00 00 00 00 00 00 00 00 00 00 00 00 00 00 00 00 00 00 00 00 00 00 00 00 00 00 00 00 00 00 00 00 00 00 00 00 00 00 00 00 00 00 00 00 00 00 00 00 00 00 00 00 00 00 00 00 00 00 00 00 00 00 00 00 00 00 00 00 00 00 00 00 00 00 00 00 00 00 00 00 00 00 00 00 00 00 00 00 00 00 00 00 00 00 00 00 00 00 00 00 00 00 00 00 00 00 00 00 00 00 00 00 00 00 00 00 00 00 00 00 00 00 00 00 00 00 00 00 00 00 00 00 00 00 00 00 00 00 00 00 00 00 00 00 00 00 00 00 00 00 00 00 00 00 00 00 00 00 00 00 00 00 00 00 00 00 00 00 00 00 00 00 00 00 00 00 00 00 00 00 00 00 00 00 00 00 00 00 00 00 00 00 00'}, bytearray(b';\xdb1\xcc\xb6\xd5\x13\x06\x02\x00\x13\x82\x00\x00\x00\x00\x00btp_tester\x00\x00\x00\x00\x00\x00\x00\x00\x00\x00\x00\x00\x00\x00\x00\x00\x00\x00\x00\x00\x00\x00\x00\x00\x00\x00\x00\x00\x00\x00\x00\x00\x00\x00\x00\x00\x00\x00\x00\x00\x00\x00\x00\x00\x00\x00\x00\x00\x00\x00\x00\x00\x00\x00\x00\x00\x00\x00\x00\x00\x00\x00\x00\x00\x00\x00\x00\x00\x00\x00\x00\x00\x00\x00\x00\x00\x00\x00\x00\x00\x00\x00\x00\x00\x00\x00\x00\x00\x00\x00\x00\x00\x00\x00\x00\x00\x00\x00\x00\x00\x00\x00\x00\x00\x00\x00\x00\x00\x00\x00\x00\x00\x00\x00\x00\x00\x00\x00\x00\x00\x00\x00\x00\x00\x00\x00\x00\x00\x00\x00\x00\x00\x00\x00\x00\x00\x00\x00\x00\x00\x00\x00\x00\x00\x00\x00\x00\x00\x00\x00\x00\x00\x00\x00\x00\x00\x00\x00\x00\x00\x00\x00\x00\x00\x00\x00\x00\x00\x00\x00\x00\x00\x00\x00\x00\x00\x00\x00\x00\x00\x00\x00\x00\x00\x00\x00\x00\x00\x00\x00\x00\x00\x00\x00\x00\x00\x00\x00\x00\x00\x00\x00\x00\x00\x00\x00\x00\x00\x00\x00\x00\x00\x00\x00\x00\x00\x00\x00\x00\x00\x00\x00\x00\x00\x00\x00\x00\x00\x00\x00\x00\x00\x00\x00\x00\x00\x00\x00\x00\x00\x00\x00\x00\x00\x00\x00\x00\x00\x00\x00')
2026-02-14 04:23:39,724 LT1-thread root DEBUG client.py                 82    logger_log                : received Header(svc_id=1, op=3, ctrl_index=0, data_len=277) (b';\xdb1\xcc\xb6\xd5\x13\x06\x02\x00\x13\x82\x00\x00\x00\x00\x00btp_tester\x00\x00\x00\x00\x00\x00\x00\x00\x00\x00\x00\x00\x00\x00\x00\x00\x00\x00\x00\x00\x00\x00\x00\x00\x00\x00\x00\x00\x00\x00\x00\x00\x00\x00\x00\x00\x00\x00\x00\x00\x00\x00\x00\x00\x00\x00\x00\x00\x00\x00\x00\x00\x00\x00\x00\x00\x00\x00\x00\x00\x00\x00\x00\x00\x00\x00\x00\x00\x00\x00\x00\x00\x00\x00\x00\x00\x00\x00\x00\x00\x00\x00\x00\x00\x00\x00\x00\x00\x00\x00\x00\x00\x00\x00\x00\x00\x00\x00\x00\x00\x00\x00\x00\x00\x00\x00\x00\x00\x00\x00\x00\x00\x00\x00\x00\x00\x00\x00\x00\x00\x00\x00\x00\x00\x00\x00\x00\x00\x00\x00\x00\x00\x00\x00\x00\x00\x00\x00\x00\x00\x00\x00\x00\x00\x00\x00\x00\x00\x00\x00\x00\x00\x00\x00\x00\x00\x00\x00\x00\x00\x00\x00\x00\x00\x00\x00\x00\x00\x00\x00\x00\x00\x00\x00\x00\x00\x00\x00\x00\x00\x00\x00\x00\x00\x00\x00\x00\x00\x00\x00\x00\x00\x00\x00\x00\x00\x00\x00\x00\x00\x00\x00\x00\x00\x00\x00\x00\x00\x00\x00\x00\x00\x00\x00\x00\x00\x00\x00\x00\x00\x00\x00\x00\x00\x00\x00\x00\x00\x00\x00\x00\x00\x00\x00\x00\x00\x00\x00\x00\x00\x00\x00\x00\x00\x00\x00\x00\x00\x00\x00',)
2026-02-14 04:23:39,724 LT1-thread root DEBUG client.py                 82    logger_log                : IUT address 'd5b6cc31db3b' 'random'
2026-02-14 04:23:39,724 LT1-thread root DEBUG client.py                 82    logger_log                : __gap_current_settings_update 33299
2026-02-14 04:23:39,724 LT1-thread root DEBUG client.py                 82    logger_log                : Starting test function: class=<class 'autopts.ptsprojects.testcase.TestFunc'>, func=<function test_cases.<locals>.<lambda> at 0x7e7d90d39d00> start_wid=None stop_wid=None post_wid=None skip_call=None call_count=101 args=() kwds={}
2026-02-14 04:23:39,724 LT1-thread root DEBUG client.py                 82    logger_log                : Test function parameters: args=(), kwds={}
2026-02-14 04:23:39,730 LT1-thread root DEBUG client.py                 82    logger_log                : Starting test function: class=<class 'autopts.ptsprojects.testcase.TestFunc'>, func=<function test_cases.<locals>.<lambda> at 0x7e7d90d39da0> start_wid=None stop_wid=None post_wid=None skip_call=None call_count=101 args=() kwds={}
2026-02-14 04:23:39,730 LT1-thread root DEBUG client.py                 82    logger_log                : Test function parameters: args=(), kwds={}
2026-02-14 04:23:39,736 LT1-thread root DEBUG client.py                 82    logger_log                : Starting test function: class=<class 'autopts.ptsprojects.testcase.TestFunc'>, func=<function test_cases.<locals>.<lambda> at 0x7e7d90d39e40> start_wid=None stop_wid=None post_wid=None skip_call=None call_count=101 args=() kwds={}
2026-02-14 04:23:39,736 LT1-thread root DEBUG client.py                 82    logger_log                : Test function parameters: args=(), kwds={}
2026-02-14 04:23:39,741 LT1-thread root DEBUG client.py                 82    logger_log                : Starting test function: class=<class 'autopts.ptsprojects.testcase.TestFunc'>, func=<function test_cases.<locals>.<lambda> at 0x7e7d90d39ee0> start_wid=None stop_wid=None post_wid=None skip_call=None call_count=101 args=() kwds={}
2026-02-14 04:23:39,741 LT1-thread root DEBUG client.py                 82    logger_log                : Test function parameters: args=(), kwds={}
2026-02-14 04:23:39,746 LT1-thread root DEBUG client.py                 82    logger_log                : Starting test function: class=<class 'autopts.ptsprojects.testcase.TestFunc'>, func=<function test_cases.<locals>.<lambda> at 0x7e7d90d39f80> start_wid=None stop_wid=None post_wid=None skip_call=None call_count=101 args=() kwds={}
2026-02-14 04:23:39,746 LT1-thread root DEBUG client.py                 82    logger_log                : Test function parameters: args=(), kwds={}
2026-02-14 04:23:39,752 LT1-thread root DEBUG client.py                 82    logger_log                : Starting test function: class=<class 'autopts.ptsprojects.testcase.TestFunc'>, func=<function test_cases.<locals>.<lambda> at 0x7e7d90d3a020> start_wid=None stop_wid=None post_wid=None skip_call=None call_count=101 args=() kwds={}
2026-02-14 04:23:39,752 LT1-thread root DEBUG client.py                 82    logger_log                : Test function parameters: args=(), kwds={}
2026-02-14 04:23:39,758 LT1-thread root DEBUG client.py                 82    logger_log                : Starting test function: class=<class 'autopts.ptsprojects.testcase.TestFunc'>, func=<function test_cases.<locals>.<lambda> at 0x7e7d90d3a0c0> start_wid=None stop_wid=None post_wid=None skip_call=None call_count=101 args=() kwds={}
2026-02-14 04:23:39,758 LT1-thread root DEBUG client.py                 82    logger_log                : Test function parameters: args=(), kwds={}
2026-02-14 04:23:39,758 LT1-thread root DEBUG client.py                 82    logger_log                : Starting test function: class=<class 'autopts.ptsprojects.testcase.TestFunc'>, func=<function test_cases.<locals>.<lambda> at 0x7e7d90d3a160> start_wid=None stop_wid=None post_wid=None skip_call=None call_count=101 args=() kwds={}
2026-02-14 04:23:39,758 LT1-thread root DEBUG client.py                 82    logger_log                : Test function parameters: args=(), kwds={}
2026-02-14 04:23:39,763 LT1-thread root DEBUG client.py                 82    logger_log                : Starting test function: class=<class 'autopts.ptsprojects.testcase.TestFunc'>, func=<function test_cases.<locals>.<lambda> at 0x7e7d90d3a200> start_wid=None stop_wid=None post_wid=None skip_call=None call_count=101 args=() kwds={}
2026-02-14 04:23:39,763 LT1-thread root DEBUG client.py                 82    logger_log                : Test function parameters: args=(), kwds={}
2026-02-14 04:23:39,770 LT1-thread root DEBUG client.py                 82    logger_log                : ClientCallback.get_result run_test_case
2026-02-14 04:23:41,499 LT1-callback ClientCallback.on_implicit_send INFO client.py                 82    logger_log                : 
    ********************
    BEGIN OnImplicitSend:
    project_name: MESH
    wid: 13
    test_case_name: MESH/NODE/NET/BV-04-C
    description: There is no shared security information. Please remove any security information if any. PTS is waiting for beacon to start provisioning from IUT with UUID value indicated in 'TSPX_device_uuid'
    style: MMI_Style_Ok_Cancel2 0x11141
2026-02-14 04:23:41,499 LT1-callback ClientCallback.on_implicit_send INFO client.py                 82    logger_log                : Calling test cases on_implicit_send
2026-02-14 04:23:41,499 LT1-callback ClientCallback.on_implicit_send INFO client.py                 82    logger_log                : 
    on_implicit_send returned response: WAIT
    END OnImplicitSend
    ********************
2026-02-14 04:23:41,770 LT1-thread root DEBUG client.py                 82    logger_log                : MESH MESH/NODE/NET/BV-04-C on_implicit_send
2026-02-14 04:23:41,770 LT1-thread root DEBUG client.py                 82    logger_log                : mesh_wid_hdl, 13, There is no shared security information. Please remove any security information if any. PTS is waiting for beacon to start provisioning from IUT with UUID value indicated in 'TSPX_device_uuid', MESH/NODE/NET/BV-04-C
2026-02-14 04:23:41,770 LT1-thread root DEBUG client.py                 82    logger_log                : mesh_config_prov
2026-02-14 04:23:41,770 LT1-thread root DEBUG client.py                 82    logger_log                : send, 4 2 0 "bytearray(b'\\x8d\\t\\x1d.0\\xc0I\\x11\\x88\\xfc\\x94\\x87*\\x9c\\x1e\\x86\\x00\\x01\\x02\\x03\\x04\\x05\\x06\\x07\\x08\\t\\n\\x0b\\x0c\\r\\x0e\\x0f\\x00\\x00\\x00\\x00\\x00\\x00\\x00\\x00\\x00\\x00\\x00\\x00\\x00\\x00\\x00\\x00\\x10\\x02\\x08\\x00\\x01\\x0c\\x00\\x00')"
2026-02-14 04:23:41,770 LT1-thread root DEBUG client.py                 82    logger_log                : sending frame '04020038008d091d2e30c0491188fc94872a9c1e86000102030405060708090a0b0c0d0e0f0000000000000000000000000000000010020800010c0000'
2026-02-14 04:23:41,771 LT1-thread root DEBUG client.py                 82    logger_log                : read
2026-02-14 04:23:41,787 BTPWorkerThread-3610 (_rx_task) root DEBUG client.py                 82    logger_log                : Read 5 bytes
2026-02-14 04:23:41,788 BTPWorkerThread-3610 (_rx_task) root DEBUG client.py                 82    logger_log                : Received: hdr: Header(svc_id=0x04, op=0x02, ctrl_index=0x00, data_len=0x00) bytearray(b'\x04\x02\x00\x00\x00')
2026-02-14 04:23:41,788 BTPWorkerThread-3610 (_rx_task) root DEBUG client.py                 82    logger_log                : Received data: {''}, bytearray(b'')
2026-02-14 04:23:41,788 LT1-thread root DEBUG client.py                 82    logger_log                : mesh_start
2026-02-14 04:23:41,788 LT1-thread root DEBUG client.py                 82    logger_log                : send, 4 120 0 ''
2026-02-14 04:23:41,788 LT1-thread root DEBUG client.py                 82    logger_log                : sending frame '0478000000'
2026-02-14 04:23:41,788 LT1-thread root DEBUG client.py                 82    logger_log                : read
2026-02-14 04:23:41,897 BTPWorkerThread-3610 (_rx_task) root DEBUG client.py                 82    logger_log                : Read 5 bytes
2026-02-14 04:23:41,908 BTPWorkerThread-3610 (_rx_task) root DEBUG client.py                 82    logger_log                : Received: hdr: Header(svc_id=0x04, op=0x78, ctrl_index=0x00, data_len=0x00) bytearray(b'\x04x\x00\x00\x00')
2026-02-14 04:23:41,918 BTPWorkerThread-3610 (_rx_task) root DEBUG client.py                 82    logger_log                : Received data: {''}, bytearray(b'')
2026-02-14 04:23:41,928 LT1-thread root DEBUG client.py                 82    logger_log                : Sending response 'OK' to wid 13 test case MESH/NODE/NET/BV-04-C
2026-02-14 04:23:41,930 LT1-thread root DEBUG client.py                 82    logger_log                : ClientCallback.get_result run_test_case
2026-02-14 04:23:41,932 LT1-callback ClientCallback.log INFO client.py                 82    logger_log                : PTS_LOGTYPE_IMPLICIT_SEND PTS ControlServer  MESH/NODE/NET/BV-04-C Server: SUCCESS with response=OK
2026-02-14 04:23:42,107 BTPWorkerThread-3610 (_rx_task) root DEBUG client.py                 82    logger_log                : Read 5 bytes
2026-02-14 04:23:42,107 BTPWorkerThread-3610 (_rx_task) root DEBUG client.py                 82    logger_log                : Received: hdr: Header(svc_id=0x04, op=0x84, ctrl_index=0x00, data_len=0x01) bytearray(b'\x04\x84\x00\x01\x00')
2026-02-14 04:23:42,107 BTPWorkerThread-3610 (_rx_task) root DEBUG client.py                 82    logger_log                : Read 1 bytes data
2026-02-14 04:23:42,108 BTPWorkerThread-3610 (_rx_task) root DEBUG client.py                 82    logger_log                : Received data: {'00'}, bytearray(b'\x00')
2026-02-14 04:23:42,108 BTPWorkerThread-3610 (_rx_task) root DEBUG client.py                 82    logger_log                : event_handler Header(svc_id=4, op=132, ctrl_index=0, data_len=1) (b'\x00',)
2026-02-14 04:23:42,108 BTPWorkerThread-3610 (_rx_task) root DEBUG client.py                 82    logger_log                : mesh_prov_link_open_ev b'\x00'
2026-02-14 04:23:45,348 BTPWorkerThread-3610 (_rx_task) root DEBUG client.py                 82    logger_log                : Read 5 bytes
2026-02-14 04:23:45,348 BTPWorkerThread-3610 (_rx_task) root DEBUG client.py                 82    logger_log                : Received: hdr: Header(svc_id=0x04, op=0x83, ctrl_index=0x00, data_len=0x00) bytearray(b'\x04\x83\x00\x00\x00')
2026-02-14 04:23:45,348 BTPWorkerThread-3610 (_rx_task) root DEBUG client.py                 82    logger_log                : Received data: {''}, bytearray(b'')
2026-02-14 04:23:45,348 BTPWorkerThread-3610 (_rx_task) root DEBUG client.py                 82    logger_log                : event_handler Header(svc_id=4, op=131, ctrl_index=0, data_len=0) (b'',)
2026-02-14 04:23:45,348 BTPWorkerThread-3610 (_rx_task) root DEBUG client.py                 82    logger_log                : mesh_provisioned_ev b''
2026-02-14 04:23:47,018 BTPWorkerThread-3610 (_rx_task) root DEBUG client.py                 82    logger_log                : Read 5 bytes
2026-02-14 04:23:47,018 BTPWorkerThread-3610 (_rx_task) root DEBUG client.py                 82    logger_log                : Received: hdr: Header(svc_id=0x04, op=0x85, ctrl_index=0x00, data_len=0x01) bytearray(b'\x04\x85\x00\x01\x00')
2026-02-14 04:23:47,018 BTPWorkerThread-3610 (_rx_task) root DEBUG client.py                 82    logger_log                : Read 1 bytes data
2026-02-14 04:23:47,018 BTPWorkerThread-3610 (_rx_task) root DEBUG client.py                 82    logger_log                : Received data: {'00'}, bytearray(b'\x00')
2026-02-14 04:23:47,018 BTPWorkerThread-3610 (_rx_task) root DEBUG client.py                 82    logger_log                : event_handler Header(svc_id=4, op=133, ctrl_index=0, data_len=1) (b'\x00',)
2026-02-14 04:23:47,018 BTPWorkerThread-3610 (_rx_task) root DEBUG client.py                 82    logger_log                : mesh_prov_link_closed_ev b'\x00'
2026-02-14 04:23:47,604 LT1-callback ClientCallback.on_implicit_send INFO client.py                 82    logger_log                : 
    ********************
    BEGIN OnImplicitSend:
    project_name: MESH
    wid: 19
    test_case_name: MESH/NODE/NET/BV-04-C
    description: Please send a network packet with maximum TransportPDU size with the following network header: Network Header: 
    NID: <WildCard: Exists>
    IVI: <WildCard: Exists>
    TTL: [0x00]
    CTL: [0x00]
    SEQ: <WildCard: Exists>
    SRC: [0x0002]
    DST: [0xFFFC]
    TransportPDU: <WildCard: Exists>
    style: MMI_Style_Ok 0x11040
2026-02-14 04:23:47,604 LT1-callback ClientCallback.on_implicit_send INFO client.py                 82    logger_log                : Calling test cases on_implicit_send
2026-02-14 04:23:47,604 LT1-callback ClientCallback.on_implicit_send INFO client.py                 82    logger_log                : 
    on_implicit_send returned response: WAIT
    END OnImplicitSend
    ********************
2026-02-14 04:23:47,930 LT1-thread root DEBUG client.py                 82    logger_log                : MESH MESH/NODE/NET/BV-04-C on_implicit_send
2026-02-14 04:23:47,931 LT1-thread root DEBUG client.py                 82    logger_log                : mesh_wid_hdl, 19, Please send a network packet with maximum TransportPDU size with the following network header: Network Header: 
    NID: <WildCard: Exists>
    IVI: <WildCard: Exists>
    TTL: [0x00]
    CTL: [0x00]
    SEQ: <WildCard: Exists>
    SRC: [0x0002]
    DST: [0xFFFC]
    TransportPDU: <WildCard: Exists>, MESH/NODE/NET/BV-04-C
2026-02-14 04:23:47,931 LT1-thread root DEBUG client.py                 82    logger_log                : mesh_net_send '0x00' '0x0002' '0xFFFC' '01020304'
2026-02-14 04:23:47,931 LT1-thread root DEBUG client.py                 82    logger_log                : send, 4 10 0 "bytearray(b'\\x00\\x02\\x00\\xfc\\xff\\x04\\x01\\x02\\x03\\x04')"
2026-02-14 04:23:47,931 LT1-thread root DEBUG client.py                 82    logger_log                : sending frame '040a000a00000200fcff0401020304'
2026-02-14 04:23:47,931 LT1-thread root DEBUG client.py                 82    logger_log                : read
2026-02-14 04:23:47,948 BTPWorkerThread-3610 (_rx_task) root DEBUG client.py                 82    logger_log                : Read 5 bytes
2026-02-14 04:23:47,948 BTPWorkerThread-3610 (_rx_task) root DEBUG client.py                 82    logger_log                : Received: hdr: Header(svc_id=0x04, op=0x0a, ctrl_index=0x00, data_len=0x00) bytearray(b'\x04\n\x00\x00\x00')
2026-02-14 04:23:47,953 BTPWorkerThread-3610 (_rx_task) root DEBUG client.py                 82    logger_log                : Received data: {''}, bytearray(b'')
2026-02-14 04:23:47,953 LT1-thread root DEBUG client.py                 82    logger_log                : Sending response 'Ok' to wid 19 test case MESH/NODE/NET/BV-04-C
2026-02-14 04:23:47,953 BTPWorkerThread-3610 (_rx_task) root DEBUG client.py                 82    logger_log                : Read 5 bytes
2026-02-14 04:23:47,954 BTPWorkerThread-3610 (_rx_task) root DEBUG client.py                 82    logger_log                : Received: hdr: Header(svc_id=0x04, op=0x86, ctrl_index=0x00, data_len=0x10) bytearray(b'\x04\x86\x00\x10\x00')
2026-02-14 04:23:47,954 BTPWorkerThread-3610 (_rx_task) root DEBUG client.py                 82    logger_log                : Read 16 bytes data
2026-02-14 04:23:47,954 BTPWorkerThread-3610 (_rx_task) root DEBUG client.py                 82    logger_log                : Received data: {'00 00 02 00 fc ff 09 78 08 d6 20 c9 f4 c7 eb 8d'}, bytearray(b'\x00\x00\x02\x00\xfc\xff\tx\x08\xd6 \xc9\xf4\xc7\xeb\x8d')
2026-02-14 04:23:47,954 BTPWorkerThread-3610 (_rx_task) root DEBUG client.py                 82    logger_log                : event_handler Header(svc_id=4, op=134, ctrl_index=0, data_len=16) (b'\x00\x00\x02\x00\xfc\xff\tx\x08\xd6 \xc9\xf4\xc7\xeb\x8d',)
2026-02-14 04:23:47,954 BTPWorkerThread-3610 (_rx_task) root DEBUG client.py                 82    logger_log                : Read 5 bytes
2026-02-14 04:23:47,954 BTPWorkerThread-3610 (_rx_task) root DEBUG client.py                 82    logger_log                : Received: hdr: Header(svc_id=0x04, op=0x8f, ctrl_index=0x00, data_len=0x0a) bytearray(b'\x04\x8f\x00\n\x00')
2026-02-14 04:23:47,954 BTPWorkerThread-3610 (_rx_task) root DEBUG client.py                 82    logger_log                : Read 10 bytes data
2026-02-14 04:23:47,955 BTPWorkerThread-3610 (_rx_task) root DEBUG client.py                 82    logger_log                : Received data: {'02 00 fc ff 04 00 01 02 03 04'}, bytearray(b'\x02\x00\xfc\xff\x04\x00\x01\x02\x03\x04')
2026-02-14 04:23:47,955 LT1-thread root DEBUG client.py                 82    logger_log                : ClientCallback.get_result run_test_case
2026-02-14 04:23:47,955 BTPWorkerThread-3610 (_rx_task) root DEBUG client.py                 82    logger_log                : event_handler Header(svc_id=4, op=143, ctrl_index=0, data_len=10) (b'\x02\x00\xfc\xff\x04\x00\x01\x02\x03\x04',)
2026-02-14 04:23:47,955 BTPWorkerThread-3610 (_rx_task) root DEBUG client.py                 82    logger_log                : mesh_model_recv_ev b'\x02\x00\xfc\xff\x04\x00\x01\x02\x03\x04' 10
2026-02-14 04:23:47,957 LT1-callback ClientCallback.log INFO client.py                 82    logger_log                : PTS_LOGTYPE_IMPLICIT_SEND PTS ControlServer  MESH/NODE/NET/BV-04-C Server: SUCCESS with response=Ok
2026-02-14 04:23:48,218 LT1-callback ClientCallback.on_implicit_send INFO client.py                 82    logger_log                : 
    ********************
    BEGIN OnImplicitSend:
    project_name: MESH
    wid: 19
    test_case_name: MESH/NODE/NET/BV-04-C
    description: Please send a network packet with maximum TransportPDU size with the following network header: Network Header: 
    NID: <WildCard: Exists>
    IVI: <WildCard: Exists>
    TTL: [0x0A]
    CTL: [0x00]
    SEQ: <WildCard: Exists>
    SRC: [0x0002]
    DST: [0xFFFC]
    TransportPDU: <WildCard: Exists>
    style: MMI_Style_Ok 0x11040
2026-02-14 04:23:48,218 LT1-callback ClientCallback.on_implicit_send INFO client.py                 82    logger_log                : Calling test cases on_implicit_send
2026-02-14 04:23:48,218 LT1-callback ClientCallback.on_implicit_send INFO client.py                 82    logger_log                : 
    on_implicit_send returned response: WAIT
    END OnImplicitSend
    ********************
2026-02-14 04:23:48,955 LT1-thread root DEBUG client.py                 82    logger_log                : MESH MESH/NODE/NET/BV-04-C on_implicit_send
2026-02-14 04:23:48,955 LT1-thread root DEBUG client.py                 82    logger_log                : mesh_wid_hdl, 19, Please send a network packet with maximum TransportPDU size with the following network header: Network Header: 
    NID: <WildCard: Exists>
    IVI: <WildCard: Exists>
    TTL: [0x0A]
    CTL: [0x00]
    SEQ: <WildCard: Exists>
    SRC: [0x0002]
    DST: [0xFFFC]
    TransportPDU: <WildCard: Exists>, MESH/NODE/NET/BV-04-C
2026-02-14 04:23:48,955 LT1-thread root DEBUG client.py                 82    logger_log                : mesh_net_send '0x0A' '0x0002' '0xFFFC' '01020304'
2026-02-14 04:23:48,955 LT1-thread root DEBUG client.py                 82    logger_log                : send, 4 10 0 "bytearray(b'\\n\\x02\\x00\\xfc\\xff\\x04\\x01\\x02\\x03\\x04')"
2026-02-14 04:23:48,955 LT1-thread root DEBUG client.py                 82    logger_log                : sending frame '040a000a000a0200fcff0401020304'
2026-02-14 04:23:48,956 LT1-thread root DEBUG client.py                 82    logger_log                : read
2026-02-14 04:23:48,961 BTPWorkerThread-3610 (_rx_task) root DEBUG client.py                 82    logger_log                : Read 5 bytes
2026-02-14 04:23:48,966 BTPWorkerThread-3610 (_rx_task) root DEBUG client.py                 82    logger_log                : Received: hdr: Header(svc_id=0x04, op=0x0a, ctrl_index=0x00, data_len=0x00) bytearray(b'\x04\n\x00\x00\x00')
2026-02-14 04:23:48,966 BTPWorkerThread-3610 (_rx_task) root DEBUG client.py                 82    logger_log                : Received data: {''}, bytearray(b'')
2026-02-14 04:23:48,967 LT1-thread root DEBUG client.py                 82    logger_log                : Sending response 'Ok' to wid 19 test case MESH/NODE/NET/BV-04-C
2026-02-14 04:23:48,967 BTPWorkerThread-3610 (_rx_task) root DEBUG client.py                 82    logger_log                : Read 5 bytes
2026-02-14 04:23:48,967 BTPWorkerThread-3610 (_rx_task) root DEBUG client.py                 82    logger_log                : Received: hdr: Header(svc_id=0x04, op=0x86, ctrl_index=0x00, data_len=0x10) bytearray(b'\x04\x86\x00\x10\x00')
2026-02-14 04:23:48,967 BTPWorkerThread-3610 (_rx_task) root DEBUG client.py                 82    logger_log                : Read 16 bytes data
2026-02-14 04:23:48,967 BTPWorkerThread-3610 (_rx_task) root DEBUG client.py                 82    logger_log                : Received data: {'0a 00 02 00 fc ff 09 78 63 5e a6 1c 48 98 3f 4e'}, bytearray(b'\n\x00\x02\x00\xfc\xff\txc^\xa6\x1cH\x98?N')
2026-02-14 04:23:48,967 BTPWorkerThread-3610 (_rx_task) root DEBUG client.py                 82    logger_log                : event_handler Header(svc_id=4, op=134, ctrl_index=0, data_len=16) (b'\n\x00\x02\x00\xfc\xff\txc^\xa6\x1cH\x98?N',)
2026-02-14 04:23:48,967 BTPWorkerThread-3610 (_rx_task) root DEBUG client.py                 82    logger_log                : Read 5 bytes
2026-02-14 04:23:48,968 BTPWorkerThread-3610 (_rx_task) root DEBUG client.py                 82    logger_log                : Received: hdr: Header(svc_id=0x04, op=0x8f, ctrl_index=0x00, data_len=0x0a) bytearray(b'\x04\x8f\x00\n\x00')
2026-02-14 04:23:48,968 BTPWorkerThread-3610 (_rx_task) root DEBUG client.py                 82    logger_log                : Read 10 bytes data
2026-02-14 04:23:48,968 BTPWorkerThread-3610 (_rx_task) root DEBUG client.py                 82    logger_log                : Received data: {'02 00 fc ff 04 00 01 02 03 04'}, bytearray(b'\x02\x00\xfc\xff\x04\x00\x01\x02\x03\x04')
2026-02-14 04:23:48,968 BTPWorkerThread-3610 (_rx_task) root DEBUG client.py                 82    logger_log                : event_handler Header(svc_id=4, op=143, ctrl_index=0, data_len=10) (b'\x02\x00\xfc\xff\x04\x00\x01\x02\x03\x04',)
2026-02-14 04:23:48,968 BTPWorkerThread-3610 (_rx_task) root DEBUG client.py                 82    logger_log                : mesh_model_recv_ev b'\x02\x00\xfc\xff\x04\x00\x01\x02\x03\x04' 10
2026-02-14 04:23:48,968 LT1-thread root DEBUG client.py                 82    logger_log                : ClientCallback.get_result run_test_case
2026-02-14 04:23:48,970 LT1-callback ClientCallback.log INFO client.py                 82    logger_log                : PTS_LOGTYPE_IMPLICIT_SEND PTS ControlServer  MESH/NODE/NET/BV-04-C Server: SUCCESS with response=Ok
2026-02-14 04:23:49,098 LT1-callback ClientCallback.on_implicit_send INFO client.py                 82    logger_log                : 
    ********************
    BEGIN OnImplicitSend:
    project_name: MESH
    wid: 19
    test_case_name: MESH/NODE/NET/BV-04-C
    description: Please send a network packet with maximum TransportPDU size with the following network header: Network Header: 
    NID: <WildCard: Exists>
    IVI: <WildCard: Exists>
    TTL: [0x7F]
    CTL: [0x00]
    SEQ: <WildCard: Exists>
    SRC: [0x0002]
    DST: [0xFFFC]
    TransportPDU: <WildCard: Exists>
    style: MMI_Style_Ok 0x11040
2026-02-14 04:23:49,098 LT1-callback ClientCallback.on_implicit_send INFO client.py                 82    logger_log                : Calling test cases on_implicit_send
2026-02-14 04:23:49,098 LT1-callback ClientCallback.on_implicit_send INFO client.py                 82    logger_log                : 
    on_implicit_send returned response: WAIT
    END OnImplicitSend
    ********************
2026-02-14 04:23:49,968 LT1-thread root DEBUG client.py                 82    logger_log                : MESH MESH/NODE/NET/BV-04-C on_implicit_send
2026-02-14 04:23:49,969 LT1-thread root DEBUG client.py                 82    logger_log                : mesh_wid_hdl, 19, Please send a network packet with maximum TransportPDU size with the following network header: Network Header: 
    NID: <WildCard: Exists>
    IVI: <WildCard: Exists>
    TTL: [0x7F]
    CTL: [0x00]
    SEQ: <WildCard: Exists>
    SRC: [0x0002]
    DST: [0xFFFC]
    TransportPDU: <WildCard: Exists>, MESH/NODE/NET/BV-04-C
2026-02-14 04:23:49,969 LT1-thread root DEBUG client.py                 82    logger_log                : mesh_net_send '0x7F' '0x0002' '0xFFFC' '01020304'
2026-02-14 04:23:49,969 LT1-thread root DEBUG client.py                 82    logger_log                : send, 4 10 0 "bytearray(b'\\x7f\\x02\\x00\\xfc\\xff\\x04\\x01\\x02\\x03\\x04')"
2026-02-14 04:23:49,969 LT1-thread root DEBUG client.py                 82    logger_log                : sending frame '040a000a007f0200fcff0401020304'
2026-02-14 04:23:49,969 LT1-thread root DEBUG client.py                 82    logger_log                : read
2026-02-14 04:23:49,987 BTPWorkerThread-3610 (_rx_task) root DEBUG client.py                 82    logger_log                : Read 5 bytes
2026-02-14 04:23:49,988 BTPWorkerThread-3610 (_rx_task) root DEBUG client.py                 82    logger_log                : Received: hdr: Header(svc_id=0x04, op=0x0a, ctrl_index=0x00, data_len=0x00) bytearray(b'\x04\n\x00\x00\x00')
2026-02-14 04:23:49,988 BTPWorkerThread-3610 (_rx_task) root DEBUG client.py                 82    logger_log                : Received data: {''}, bytearray(b'')
2026-02-14 04:23:49,998 LT1-thread root DEBUG client.py                 82    logger_log                : Sending response 'Ok' to wid 19 test case MESH/NODE/NET/BV-04-C
2026-02-14 04:23:49,998 BTPWorkerThread-3610 (_rx_task) root DEBUG client.py                 82    logger_log                : Read 5 bytes
2026-02-14 04:23:49,999 BTPWorkerThread-3610 (_rx_task) root DEBUG client.py                 82    logger_log                : Received: hdr: Header(svc_id=0x04, op=0x86, ctrl_index=0x00, data_len=0x10) bytearray(b'\x04\x86\x00\x10\x00')
2026-02-14 04:23:49,999 BTPWorkerThread-3610 (_rx_task) root DEBUG client.py                 82    logger_log                : Read 16 bytes data
2026-02-14 04:23:49,999 BTPWorkerThread-3610 (_rx_task) root DEBUG client.py                 82    logger_log                : Received data: {'7f 00 02 00 fc ff 09 78 04 cc 0d fc 4c db 74 6c'}, bytearray(b'\x7f\x00\x02\x00\xfc\xff\tx\x04\xcc\r\xfcL\xdbtl')
2026-02-14 04:23:49,999 BTPWorkerThread-3610 (_rx_task) root DEBUG client.py                 82    logger_log                : event_handler Header(svc_id=4, op=134, ctrl_index=0, data_len=16) (b'\x7f\x00\x02\x00\xfc\xff\tx\x04\xcc\r\xfcL\xdbtl',)
2026-02-14 04:23:49,999 BTPWorkerThread-3610 (_rx_task) root DEBUG client.py                 82    logger_log                : Read 5 bytes
2026-02-14 04:23:49,999 BTPWorkerThread-3610 (_rx_task) root DEBUG client.py                 82    logger_log                : Received: hdr: Header(svc_id=0x04, op=0x8f, ctrl_index=0x00, data_len=0x0a) bytearray(b'\x04\x8f\x00\n\x00')
2026-02-14 04:23:49,999 BTPWorkerThread-3610 (_rx_task) root DEBUG client.py                 82    logger_log                : Read 10 bytes data
2026-02-14 04:23:50,000 BTPWorkerThread-3610 (_rx_task) root DEBUG client.py                 82    logger_log                : Received data: {'02 00 fc ff 04 00 01 02 03 04'}, bytearray(b'\x02\x00\xfc\xff\x04\x00\x01\x02\x03\x04')
2026-02-14 04:23:50,000 BTPWorkerThread-3610 (_rx_task) root DEBUG client.py                 82    logger_log                : event_handler Header(svc_id=4, op=143, ctrl_index=0, data_len=10) (b'\x02\x00\xfc\xff\x04\x00\x01\x02\x03\x04',)
2026-02-14 04:23:50,000 BTPWorkerThread-3610 (_rx_task) root DEBUG client.py                 82    logger_log                : mesh_model_recv_ev b'\x02\x00\xfc\xff\x04\x00\x01\x02\x03\x04' 10
2026-02-14 04:23:50,000 LT1-thread root DEBUG client.py                 82    logger_log                : ClientCallback.get_result run_test_case
2026-02-14 04:23:50,002 LT1-callback ClientCallback.log INFO client.py                 82    logger_log                : PTS_LOGTYPE_IMPLICIT_SEND PTS ControlServer  MESH/NODE/NET/BV-04-C Server: SUCCESS with response=Ok
2026-02-14 04:23:50,087 BTPWorkerThread-3610 (_rx_task) root DEBUG client.py                 82    logger_log                : Read 5 bytes
2026-02-14 04:23:50,088 BTPWorkerThread-3610 (_rx_task) root DEBUG client.py                 82    logger_log                : Received: hdr: Header(svc_id=0x04, op=0x86, ctrl_index=0x00, data_len=0x16) bytearray(b'\x04\x86\x00\x16\x00')
2026-02-14 04:23:50,088 BTPWorkerThread-3610 (_rx_task) root DEBUG client.py                 82    logger_log                : Read 22 bytes data
2026-02-14 04:23:50,088 BTPWorkerThread-3610 (_rx_task) root DEBUG client.py                 82    logger_log                : Received data: {'03 00 01 00 02 00 0f 80 80 00 00 26 1a 28 69 4c 41 46 bf 3c 05 bf'}, bytearray(b'\x03\x00\x01\x00\x02\x00\x0f\x80\x80\x00\x00&\x1a(iLAF\xbf<\x05\xbf')
2026-02-14 04:23:50,088 BTPWorkerThread-3610 (_rx_task) root DEBUG client.py                 82    logger_log                : event_handler Header(svc_id=4, op=134, ctrl_index=0, data_len=22) (b'\x03\x00\x01\x00\x02\x00\x0f\x80\x80\x00\x00&\x1a(iLAF\xbf<\x05\xbf',)
2026-02-14 04:23:50,088 BTPWorkerThread-3610 (_rx_task) root DEBUG client.py                 82    logger_log                : Read 5 bytes
2026-02-14 04:23:50,088 BTPWorkerThread-3610 (_rx_task) root DEBUG client.py                 82    logger_log                : Received: hdr: Header(svc_id=0x04, op=0x8f, ctrl_index=0x00, data_len=0x09) bytearray(b'\x04\x8f\x00\t\x00')
2026-02-14 04:23:50,088 BTPWorkerThread-3610 (_rx_task) root DEBUG client.py                 82    logger_log                : Read 9 bytes data
2026-02-14 04:23:50,088 BTPWorkerThread-3610 (_rx_task) root DEBUG client.py                 82    logger_log                : Received data: {'01 00 02 00 03 00 80 24 82'}, bytearray(b'\x01\x00\x02\x00\x03\x00\x80$\x82')
2026-02-14 04:23:50,088 BTPWorkerThread-3610 (_rx_task) root DEBUG client.py                 82    logger_log                : event_handler Header(svc_id=4, op=143, ctrl_index=0, data_len=9) (b'\x01\x00\x02\x00\x03\x00\x80$\x82',)
2026-02-14 04:23:50,089 BTPWorkerThread-3610 (_rx_task) root DEBUG client.py                 82    logger_log                : mesh_model_recv_ev b'\x01\x00\x02\x00\x03\x00\x80$\x82' 9
2026-02-14 04:23:52,320 LT1-callback ClientCallback.on_implicit_send INFO client.py                 82    logger_log                : 
    ********************
    BEGIN OnImplicitSend:
    project_name: MESH
    wid: 19
    test_case_name: MESH/NODE/NET/BV-04-C
    description: Please send a network packet with maximum TransportPDU size with the following network header: Network Header: 
    NID: <WildCard: Exists>
    IVI: <WildCard: Exists>
    TTL: <WildCard: Exists>
    CTL: [0x00]
    SEQ: <WildCard: Exists>
    SRC: [0x0002]
    DST: [0xFFFC]
    TransportPDU: <WildCard: Exists>
    style: MMI_Style_Ok 0x11040
2026-02-14 04:23:52,320 LT1-callback ClientCallback.on_implicit_send INFO client.py                 82    logger_log                : Calling test cases on_implicit_send
2026-02-14 04:23:52,321 LT1-callback ClientCallback.on_implicit_send INFO client.py                 82    logger_log                : 
    on_implicit_send returned response: WAIT
    END OnImplicitSend
    ********************
2026-02-14 04:23:53,000 LT1-thread root DEBUG client.py                 82    logger_log                : MESH MESH/NODE/NET/BV-04-C on_implicit_send
2026-02-14 04:23:53,001 LT1-thread root DEBUG client.py                 82    logger_log                : mesh_wid_hdl, 19, Please send a network packet with maximum TransportPDU size with the following network header: Network Header: 
    NID: <WildCard: Exists>
    IVI: <WildCard: Exists>
    TTL: <WildCard: Exists>
    CTL: [0x00]
    SEQ: <WildCard: Exists>
    SRC: [0x0002]
    DST: [0xFFFC]
    TransportPDU: <WildCard: Exists>, MESH/NODE/NET/BV-04-C
2026-02-14 04:23:53,001 LT1-thread root DEBUG client.py                 82    logger_log                : mesh_net_send None '0x0002' '0xFFFC' '01020304'
2026-02-14 04:23:53,001 LT1-thread root DEBUG client.py                 82    logger_log                : send, 4 10 0 "bytearray(b'\\xff\\x02\\x00\\xfc\\xff\\x04\\x01\\x02\\x03\\x04')"
2026-02-14 04:23:53,001 LT1-thread root DEBUG client.py                 82    logger_log                : sending frame '040a000a00ff0200fcff0401020304'
2026-02-14 04:23:53,001 LT1-thread root DEBUG client.py                 82    logger_log                : read
2026-02-14 04:23:53,018 BTPWorkerThread-3610 (_rx_task) root DEBUG client.py                 82    logger_log                : Read 5 bytes
2026-02-14 04:23:53,028 BTPWorkerThread-3610 (_rx_task) root DEBUG client.py                 82    logger_log                : Received: hdr: Header(svc_id=0x04, op=0x0a, ctrl_index=0x00, data_len=0x00) bytearray(b'\x04\n\x00\x00\x00')
2026-02-14 04:23:53,028 BTPWorkerThread-3610 (_rx_task) root DEBUG client.py                 82    logger_log                : Received data: {''}, bytearray(b'')
2026-02-14 04:23:53,028 LT1-thread root DEBUG client.py                 82    logger_log                : Sending response 'Ok' to wid 19 test case MESH/NODE/NET/BV-04-C
2026-02-14 04:23:53,029 BTPWorkerThread-3610 (_rx_task) root DEBUG client.py                 82    logger_log                : Read 5 bytes
2026-02-14 04:23:53,029 BTPWorkerThread-3610 (_rx_task) root DEBUG client.py                 82    logger_log                : Received: hdr: Header(svc_id=0x04, op=0x86, ctrl_index=0x00, data_len=0x10) bytearray(b'\x04\x86\x00\x10\x00')
2026-02-14 04:23:53,029 BTPWorkerThread-3610 (_rx_task) root DEBUG client.py                 82    logger_log                : Read 16 bytes data
2026-02-14 04:23:53,029 BTPWorkerThread-3610 (_rx_task) root DEBUG client.py                 82    logger_log                : Received data: {'07 00 02 00 fc ff 09 78 56 2e 28 a4 78 fb 1e ba'}, bytearray(b'\x07\x00\x02\x00\xfc\xff\txV.(\xa4x\xfb\x1e\xba')
2026-02-14 04:23:53,029 BTPWorkerThread-3610 (_rx_task) root DEBUG client.py                 82    logger_log                : event_handler Header(svc_id=4, op=134, ctrl_index=0, data_len=16) (b'\x07\x00\x02\x00\xfc\xff\txV.(\xa4x\xfb\x1e\xba',)
2026-02-14 04:23:53,029 BTPWorkerThread-3610 (_rx_task) root DEBUG client.py                 82    logger_log                : Read 5 bytes
2026-02-14 04:23:53,030 BTPWorkerThread-3610 (_rx_task) root DEBUG client.py                 82    logger_log                : Received: hdr: Header(svc_id=0x04, op=0x8f, ctrl_index=0x00, data_len=0x0a) bytearray(b'\x04\x8f\x00\n\x00')
2026-02-14 04:23:53,030 BTPWorkerThread-3610 (_rx_task) root DEBUG client.py                 82    logger_log                : Read 10 bytes data
2026-02-14 04:23:53,030 BTPWorkerThread-3610 (_rx_task) root DEBUG client.py                 82    logger_log                : Received data: {'02 00 fc ff 04 00 01 02 03 04'}, bytearray(b'\x02\x00\xfc\xff\x04\x00\x01\x02\x03\x04')
2026-02-14 04:23:53,030 BTPWorkerThread-3610 (_rx_task) root DEBUG client.py                 82    logger_log                : event_handler Header(svc_id=4, op=143, ctrl_index=0, data_len=10) (b'\x02\x00\xfc\xff\x04\x00\x01\x02\x03\x04',)
2026-02-14 04:23:53,030 BTPWorkerThread-3610 (_rx_task) root DEBUG client.py                 82    logger_log                : mesh_model_recv_ev b'\x02\x00\xfc\xff\x04\x00\x01\x02\x03\x04' 10
2026-02-14 04:23:53,030 LT1-thread root DEBUG client.py                 82    logger_log                : ClientCallback.get_result run_test_case
2026-02-14 04:23:53,032 LT1-callback ClientCallback.log INFO client.py                 82    logger_log                : PTS_LOGTYPE_IMPLICIT_SEND PTS ControlServer  MESH/NODE/NET/BV-04-C Server: SUCCESS with response=Ok
2026-02-14 04:23:57,175 LT1-callback ClientCallback.log INFO client.py                 82    logger_log                : PTS_LOGTYPE_MESSAGE Message                  Message 

+47 ms
 MESH/NODE/NET/BV-04-C 
2026-02-14 04:23:57,178 LT1-callback ClientCallback.log INFO client.py                 82    logger_log                : PTS_LOGTYPE_PRELIMINARY_VERDICT Initialize Test Case 

+47 ms
 MESH/NODE/NET/BV-04-C Build date: Dec 11 2025, 11:52:49

2026-02-14 04:23:57,192 LT1-callback ClientCallback.log INFO client.py                 82    logger_log                : PTS_LOGTYPE_START_TEST Start Test Case 

+47 ms
 MESH/NODE/NET/BV-04-C MESH/NODE/NET/BV-04-C

2026-02-14 04:23:57,207 LT1-callback ClientCallback.log INFO client.py                 82    logger_log                : PTS_LOGTYPE_SEND_EVENT  

+1078 ms
 MESH/NODE/NET/BV-04-C Send Event               HCI!HCI_RESET
2026-02-14 04:23:57,210 LT1-callback ClientCallback.log INFO client.py                 82    logger_log                : PTS_LOGTYPE_RECEIVE_EVENT  

+1078 ms
 MESH/NODE/NET/BV-04-C Receive Event            HCI?HCI_RESET_COMPLETE_EVENT{
                           status=HCI_OK
                         }
2026-02-14 04:23:57,213 LT1-callback ClientCallback.log INFO client.py                 82    logger_log                : PTS_LOGTYPE_PRELIMINARY_VERDICT Preliminary Verdict 

+1078 ms
 MESH/NODE/NET/BV-04-C PASS

2026-02-14 04:23:57,217 LT1-callback ClientCallback.log INFO client.py                 82    logger_log                : PTS_LOGTYPE_SEND_EVENT  

+1078 ms
 MESH/NODE/NET/BV-04-C Send Event               HCI!HCI_READ_LOCAL_VERSION_INFORMATION
2026-02-14 04:23:57,221 LT1-callback ClientCallback.log INFO client.py                 82    logger_log                : PTS_LOGTYPE_RECEIVE_EVENT  

+1078 ms
 MESH/NODE/NET/BV-04-C Receive Event            HCI?HCI_READ_LOCAL_VERSION_INFORMATION_COMPLETE_EVENT{
                           status=HCI_OK,
                           hciVersion=0x0E,
                           hciRevision=0x304E,
                           lmpVersion=0x0E,
                           manufacturerName=0x0059,
                           lmpSubversion=0x304E
                         }
2026-02-14 04:23:57,228 LT1-callback ClientCallback.log INFO client.py                 82    logger_log                : PTS_LOGTYPE_PRELIMINARY_VERDICT Preliminary Verdict 

+1094 ms
 MESH/NODE/NET/BV-04-C PASS

2026-02-14 04:23:57,231 LT1-callback ClientCallback.log INFO client.py                 82    logger_log                : PTS_LOGTYPE_SEND_EVENT  

+1094 ms
 MESH/NODE/NET/BV-04-C Send Event               HCI!HCI_LE_SET_EVENT_MASK{
                           leEventMask=0x0007FCFE7F8FFFFF
                         }
2026-02-14 04:23:57,251 LT1-callback ClientCallback.log INFO client.py                 82    logger_log                : PTS_LOGTYPE_RECEIVE_EVENT  

+1094 ms
 MESH/NODE/NET/BV-04-C Receive Event            HCI?HCI_LE_SET_EVENT_MASK_COMPLETE_EVENT{
                           status=HCI_OK
                         }
2026-02-14 04:23:57,254 LT1-callback ClientCallback.log INFO client.py                 82    logger_log                : PTS_LOGTYPE_SEND_EVENT  

+1094 ms
 MESH/NODE/NET/BV-04-C Send Event               HCI!HCI_SET_EVENT_MASK{
                           eventMask=0x3FFFFFFFFFFFFFFF
                         }
2026-02-14 04:23:57,257 LT1-callback ClientCallback.log INFO client.py                 82    logger_log                : PTS_LOGTYPE_RECEIVE_EVENT  

+1094 ms
 MESH/NODE/NET/BV-04-C Receive Event            HCI?HCI_SET_EVENT_MASK_COMPLETE_EVENT{
                           status=HCI_OK
                         }
2026-02-14 04:23:57,259 LT1-callback ClientCallback.log INFO client.py                 82    logger_log                : PTS_LOGTYPE_PRELIMINARY_VERDICT Preliminary Verdict 

+1094 ms
 MESH/NODE/NET/BV-04-C PASS

2026-02-14 04:23:57,263 LT1-callback ClientCallback.log INFO client.py                 82    logger_log                : PTS_LOGTYPE_SEND_EVENT  

+1094 ms
 MESH/NODE/NET/BV-04-C Send Event               HCI!HCI_READ_LOCAL_SUPPORTED_FEATURES
2026-02-14 04:23:57,266 LT1-callback ClientCallback.log INFO client.py                 82    logger_log                : PTS_LOGTYPE_RECEIVE_EVENT  

+1110 ms
 MESH/NODE/NET/BV-04-C Receive Event            HCI?HCI_READ_LOCAL_SUPPORTED_FEATURES_COMPLETE_EVENT{
                           status=HCI_OK,
                           lmpFeatures=0x0000006000000000
                         }
2026-02-14 04:23:57,268 LT1-callback ClientCallback.log INFO client.py                 82    logger_log                : PTS_LOGTYPE_PRELIMINARY_VERDICT Preliminary Verdict 

+1110 ms
 MESH/NODE/NET/BV-04-C PASS

2026-02-14 04:23:57,271 LT1-callback ClientCallback.log INFO client.py                 82    logger_log                : PTS_LOGTYPE_SEND_EVENT  

+1110 ms
 MESH/NODE/NET/BV-04-C Send Event               HCI!HCI_READ_LOCAL_SUPPORTED_COMMANDS
2026-02-14 04:23:57,274 LT1-callback ClientCallback.log INFO client.py                 82    logger_log                : PTS_LOGTYPE_RECEIVE_EVENT  

+1110 ms
 MESH/NODE/NET/BV-04-C Receive Event            HCI?HCI_READ_LOCAL_SUPPORTED_COMMANDS_COMPLETE_EVENT{
                           status=HCI_OK,
                           supported_commands=0x0000000000000000000000000000000003E3419FFFFFE7E007FFFFFFFE7FC0300000077FFFFFF782180400E0000000C02228000C00E400000C00C00000800020
                         }
2026-02-14 04:23:57,309 LT1-callback ClientCallback.log INFO client.py                 82    logger_log                : PTS_LOGTYPE_PRELIMINARY_VERDICT Preliminary Verdict 

+1110 ms
 MESH/NODE/NET/BV-04-C PASS

2026-02-14 04:23:57,313 LT1-callback ClientCallback.log INFO client.py                 82    logger_log                : PTS_LOGTYPE_SEND_EVENT  

+1110 ms
 MESH/NODE/NET/BV-04-C Send Event               HCI!HCI_READ_BD_ADDR
2026-02-14 04:23:57,316 LT1-callback ClientCallback.log INFO client.py                 82    logger_log                : PTS_LOGTYPE_RECEIVE_EVENT  

+1125 ms
 MESH/NODE/NET/BV-04-C Receive Event            HCI?HCI_READ_BD_ADDR_COMPLETE_EVENT{
                           status=HCI_OK,
                           bdAddress=0xDFA9FFF6B11A
                         }
2026-02-14 04:23:57,319 LT1-callback ClientCallback.log INFO client.py                 82    logger_log                : PTS_LOGTYPE_PRELIMINARY_VERDICT Preliminary Verdict 

+1125 ms
 MESH/NODE/NET/BV-04-C PASS

2026-02-14 04:23:57,322 LT1-callback ClientCallback.log INFO client.py                 82    logger_log                : PTS_LOGTYPE_SEND_EVENT  

+1125 ms
 MESH/NODE/NET/BV-04-C Send Event               HCI!HCI_LE_LOCAL_SUPPORTED_FEATURES
2026-02-14 04:23:57,324 LT1-callback ClientCallback.log INFO client.py                 82    logger_log                : PTS_LOGTYPE_RECEIVE_EVENT  

+1125 ms
 MESH/NODE/NET/BV-04-C Receive Event            HCI?HCI_LE_READ_LOCAL_SUPPORTED_FEATURES_COMPLETE_EVENT{
                           status=HCI_OK,
                           leFeatures=0x00015836F70079FD
                         }
2026-02-14 04:23:57,327 LT1-callback ClientCallback.log INFO client.py                 82    logger_log                : PTS_LOGTYPE_PRELIMINARY_VERDICT Preliminary Verdict 

+1125 ms
 MESH/NODE/NET/BV-04-C PASS

2026-02-14 04:23:57,330 LT1-callback ClientCallback.log INFO client.py                 82    logger_log                : PTS_LOGTYPE_PRELIMINARY_VERDICT Preliminary Verdict 

+1125 ms
 MESH/NODE/NET/BV-04-C PASS

2026-02-14 04:23:57,332 LT1-callback ClientCallback.log INFO client.py                 82    logger_log                : PTS_LOGTYPE_SEND_EVENT  

+1125 ms
 MESH/NODE/NET/BV-04-C Send Event               HCI!HCI_LE_SET_EVENT_MASK{
                           leEventMask=0x0007FCFE7F8FFFFF
                         }
2026-02-14 04:23:57,335 LT1-callback ClientCallback.log INFO client.py                 82    logger_log                : PTS_LOGTYPE_RECEIVE_EVENT  

+1125 ms
 MESH/NODE/NET/BV-04-C Receive Event            HCI?HCI_LE_SET_EVENT_MASK_COMPLETE_EVENT{
                           status=HCI_OK
                         }
2026-02-14 04:23:57,338 LT1-callback ClientCallback.log INFO client.py                 82    logger_log                : PTS_LOGTYPE_SEND_EVENT  

+1125 ms
 MESH/NODE/NET/BV-04-C Send Event               HCI!HCI_SET_EVENT_MASK{
                           eventMask=0x3FFFFFFFFFFFFFFF
                         }
2026-02-14 04:23:57,341 LT1-callback ClientCallback.log INFO client.py                 82    logger_log                : PTS_LOGTYPE_RECEIVE_EVENT  

+1141 ms
 MESH/NODE/NET/BV-04-C Receive Event            HCI?HCI_SET_EVENT_MASK_COMPLETE_EVENT{
                           status=HCI_OK
                         }
2026-02-14 04:23:57,343 LT1-callback ClientCallback.log INFO client.py                 82    logger_log                : PTS_LOGTYPE_PRELIMINARY_VERDICT Preliminary Verdict 

+1141 ms
 MESH/NODE/NET/BV-04-C PASS

2026-02-14 04:23:57,346 LT1-callback ClientCallback.log INFO client.py                 82    logger_log                : PTS_LOGTYPE_SEND_EVENT  

+1141 ms
 MESH/NODE/NET/BV-04-C Send Event               HCI!HCI_LE_SET_HOST_FEATURE{
                           bit_number=0x20,
                           bit_value=0x01
                         }
2026-02-14 04:23:57,349 LT1-callback ClientCallback.log INFO client.py                 82    logger_log                : PTS_LOGTYPE_RECEIVE_EVENT  

+1141 ms
 MESH/NODE/NET/BV-04-C Receive Event            HCI?HCI_LE_SET_HOST_FEATURE_COMPLETE_EVENT{
                           status=HCI_OK
                         }
2026-02-14 04:23:57,351 LT1-callback ClientCallback.log INFO client.py                 82    logger_log                : PTS_LOGTYPE_PRELIMINARY_VERDICT Preliminary Verdict 

+1141 ms
 MESH/NODE/NET/BV-04-C PASS

2026-02-14 04:23:57,354 LT1-callback ClientCallback.log INFO client.py                 82    logger_log                : PTS_LOGTYPE_SEND_EVENT  

+1141 ms
 MESH/NODE/NET/BV-04-C Send Event               HCI!HCI_LE_SET_HOST_FEATURE{
                           bit_number=0x26,
                           bit_value=0x01
                         }
2026-02-14 04:23:57,357 LT1-callback ClientCallback.log INFO client.py                 82    logger_log                : PTS_LOGTYPE_RECEIVE_EVENT  

+1141 ms
 MESH/NODE/NET/BV-04-C Receive Event            HCI?HCI_LE_SET_HOST_FEATURE_COMPLETE_EVENT{
                           status=HCI_OK
                         }
2026-02-14 04:23:57,359 LT1-callback ClientCallback.log INFO client.py                 82    logger_log                : PTS_LOGTYPE_PRELIMINARY_VERDICT Preliminary Verdict 

+1141 ms
 MESH/NODE/NET/BV-04-C PASS

2026-02-14 04:23:57,362 LT1-callback ClientCallback.log INFO client.py                 82    logger_log                : PTS_LOGTYPE_SEND_EVENT  

+1141 ms
 MESH/NODE/NET/BV-04-C Send Event               HCI!HCI_LE_SET_HOST_FEATURE{
                           bit_number=0x2F,
                           bit_value=0x01
                         }
2026-02-14 04:23:57,365 LT1-callback ClientCallback.log INFO client.py                 82    logger_log                : PTS_LOGTYPE_RECEIVE_EVENT  

+1156 ms
 MESH/NODE/NET/BV-04-C Receive Event            HCI?HCI_LE_SET_HOST_FEATURE_COMPLETE_EVENT{
                           status=HCI_OK
                         }
2026-02-14 04:23:57,367 LT1-callback ClientCallback.log INFO client.py                 82    logger_log                : PTS_LOGTYPE_PRELIMINARY_VERDICT Preliminary Verdict 

+1156 ms
 MESH/NODE/NET/BV-04-C PASS

2026-02-14 04:23:57,370 LT1-callback ClientCallback.log INFO client.py                 82    logger_log                : PTS_LOGTYPE_SEND_EVENT  

+1156 ms
 MESH/NODE/NET/BV-04-C Send Event               HCI!HCI_LE_READ_BUFFER_V2
2026-02-14 04:23:57,376 LT1-callback ClientCallback.log INFO client.py                 82    logger_log                : PTS_LOGTYPE_SEND_EVENT  

+1156 ms
 MESH/NODE/NET/BV-04-C Send Event               HCI!HCI_LE_READ_RESOLVING_LIST_SIZE
2026-02-14 04:23:57,381 LT1-callback ClientCallback.log INFO client.py                 82    logger_log                : PTS_LOGTYPE_RECEIVE_EVENT  

+1156 ms
 MESH/NODE/NET/BV-04-C Receive Event            HCI?HCI_LE_READ_BUFFER_SIZE_V2_COMPLETE_EVENT{
                           status=HCI_OK,
                           HC_LE_Data_Packet_Length=0x00FB,
                           HC_Total_Num_LE_Data_Packets=0x03,
                           HC_LE_ISO_Packet_Length=0x00FF,
                           HC_Total_Num_LE_ISO_Packets=0x03
                         }
2026-02-14 04:23:57,386 LT1-callback ClientCallback.log INFO client.py                 82    logger_log                : PTS_LOGTYPE_RECEIVE_EVENT  

+1156 ms
 MESH/NODE/NET/BV-04-C Receive Event            HCI?HCI_LE_READ_RESOLVING_LIST_SIZE_COMPLETE_EVENT{
                           status=HCI_OK,
                           res_list_size=0x08
                         }
2026-02-14 04:23:57,391 LT1-callback ClientCallback.log INFO client.py                 82    logger_log                : PTS_LOGTYPE_SEND_EVENT  

+1156 ms
 MESH/NODE/NET/BV-04-C Send Event               HCI!HCI_LE_ADD_DEVICE_TO_FILTER_ACCEPT_LIST{
                           addressType=HCI_LE_PUBLIC_DEVICE_ADDRESS,
                           address=0xD5B6CC31DB3B
                         }
2026-02-14 04:23:57,395 LT1-callback ClientCallback.log INFO client.py                 82    logger_log                : PTS_LOGTYPE_RECEIVE_EVENT  

+1156 ms
 MESH/NODE/NET/BV-04-C Receive Event            HCI?HCI_LE_ADD_DEVICE_TO_FILTER_ACCEPT_LIST_COMPLETE_EVENT{
                           status=HCI_OK
                         }
2026-02-14 04:23:57,398 LT1-callback ClientCallback.log INFO client.py                 82    logger_log                : PTS_LOGTYPE_SEND_EVENT  

+1156 ms
 MESH/NODE/NET/BV-04-C Send Event               HCI!HCI_LE_ADD_DEVICE_TO_FILTER_ACCEPT_LIST{
                           addressType=HCI_LE_RANDOM_DEVICE_ADDRESS,
                           address=0xD5B6CC31DB3B
                         }
2026-02-14 04:23:57,403 LT1-callback ClientCallback.log INFO client.py                 82    logger_log                : PTS_LOGTYPE_RECEIVE_EVENT  

+1172 ms
 MESH/NODE/NET/BV-04-C Receive Event            HCI?HCI_LE_ADD_DEVICE_TO_FILTER_ACCEPT_LIST_COMPLETE_EVENT{
                           status=HCI_OK
                         }
2026-02-14 04:23:57,405 LT1-callback ClientCallback.log INFO client.py                 82    logger_log                : PTS_LOGTYPE_PRELIMINARY_VERDICT Preliminary Verdict 

+1172 ms
 MESH/NODE/NET/BV-04-C PASS

2026-02-14 04:23:57,408 LT1-callback ClientCallback.log INFO client.py                 82    logger_log                : PTS_LOGTYPE_PRELIMINARY_VERDICT Preliminary Verdict 

+1172 ms
 MESH/NODE/NET/BV-04-C PASS

2026-02-14 04:23:57,411 LT1-callback ClientCallback.log INFO client.py                 82    logger_log                : PTS_LOGTYPE_SEND_EVENT  

+1172 ms
 MESH/NODE/NET/BV-04-C Send Event               HCI!HCI_LE_SET_SCAN_PARAMETERS{
                           leScanType=HCI_LE_ACTIVE_SCANNING,
                           leScanInterval=0x001E,
                           leScanWindow=0x001E,
                           ownAddressType=HCI_LE_PUBLIC_DEVICE_ADDRESS,
                           scanningFilterPolicy=HCI_LE_ACCEPT_FILTER_ACCEPT_LIST_ADVERTISING_PACKETS
                         }
2026-02-14 04:23:57,414 LT1-callback ClientCallback.log INFO client.py                 82    logger_log                : PTS_LOGTYPE_RECEIVE_EVENT  

+1172 ms
 MESH/NODE/NET/BV-04-C Receive Event            HCI?HCI_LE_SET_SCAN_PARAMETERS_COMPLETE_EVENT{
                           status=HCI_OK
                         }
2026-02-14 04:23:57,416 LT1-callback ClientCallback.log INFO client.py                 82    logger_log                : PTS_LOGTYPE_PRELIMINARY_VERDICT Preliminary Verdict 

+1172 ms
 MESH/NODE/NET/BV-04-C PASS

2026-02-14 04:23:57,420 LT1-callback ClientCallback.log INFO client.py                 82    logger_log                : PTS_LOGTYPE_SEND_EVENT  

+1172 ms
 MESH/NODE/NET/BV-04-C Send Event               HCI!HCI_LE_SET_SCAN_ENABLE{
                           leScanEnable=HCI_LE_SCAN_DISABLE,
                           filterDuplicates=HCI_LE_DUPLICATE_FILTERING_DISABLE
                         }
2026-02-14 04:23:57,423 LT1-callback ClientCallback.log INFO client.py                 82    logger_log                : PTS_LOGTYPE_RECEIVE_EVENT  

+1188 ms
 MESH/NODE/NET/BV-04-C Receive Event            HCI?HCI_LE_SET_SCAN_ENABLE_COMPLETE_EVENT{
                           status=HCI_OK
                         }
2026-02-14 04:23:57,426 LT1-callback ClientCallback.log INFO client.py                 82    logger_log                : PTS_LOGTYPE_SEND_EVENT  

+1188 ms
 MESH/NODE/NET/BV-04-C Send Event               HCI!HCI_LE_SET_SCAN_PARAMETERS{
                           leScanType=HCI_LE_PASSIVE_SCANNING,
                           leScanInterval=0x001E,
                           leScanWindow=0x001E,
                           ownAddressType=HCI_LE_PUBLIC_DEVICE_ADDRESS,
                           scanningFilterPolicy=HCI_LE_ACCEPT_ALL_ADVERTISING_PACKETS
                         }
2026-02-14 04:23:57,429 LT1-callback ClientCallback.log INFO client.py                 82    logger_log                : PTS_LOGTYPE_RECEIVE_EVENT  

+1188 ms
 MESH/NODE/NET/BV-04-C Receive Event            HCI?HCI_LE_SET_SCAN_PARAMETERS_COMPLETE_EVENT{
                           status=HCI_OK
                         }
2026-02-14 04:23:57,432 LT1-callback ClientCallback.log INFO client.py                 82    logger_log                : PTS_LOGTYPE_PRELIMINARY_VERDICT Preliminary Verdict 

+1188 ms
 MESH/NODE/NET/BV-04-C PASS

2026-02-14 04:23:57,435 LT1-callback ClientCallback.log INFO client.py                 82    logger_log                : PTS_LOGTYPE_SEND_EVENT  

+1188 ms
 MESH/NODE/NET/BV-04-C Send Event               HCI!HCI_LE_SET_SCAN_ENABLE{
                           leScanEnable=HCI_LE_SCAN_ENABLE,
                           filterDuplicates=HCI_LE_DUPLICATE_FILTERING_DISABLE
                         }
2026-02-14 04:23:57,438 LT1-callback ClientCallback.log INFO client.py                 82    logger_log                : PTS_LOGTYPE_RECEIVE_EVENT  

+1188 ms
 MESH/NODE/NET/BV-04-C Receive Event            HCI?HCI_LE_SET_SCAN_ENABLE_COMPLETE_EVENT{
                           status=HCI_OK
                         }
2026-02-14 04:23:57,441 LT1-callback ClientCallback.log INFO client.py                 82    logger_log                : PTS_LOGTYPE_SEND_EVENT  

+1188 ms
 MESH/NODE/NET/BV-04-C Send Event               HCI!HCI_LE_SET_ADVERTISING_PARAMETERS{
                           advertisingIntervalMin=0x00A0,
                           advertisingIntervalMax=0x00A0,
                           advertisingType=HCI_LE_NON_CONNECTABLE_UNDIRECTED_ADVERTISING,
                           ownAddressType=HCI_LE_PUBLIC_DEVICE_ADDRESS,
                           directAddressType=HCI_LE_PUBLIC_DEVICE_ADDRESS,
                           directAddress=0xD5B6CC31DB3B,
                           advertisingChannelMap=0x07,
                           advertisingFilterPolicy=HCI_LE_ALLOW_REQ_SCAN_ANY_CONNECT_ANY
                         }
2026-02-14 04:23:57,444 LT1-callback ClientCallback.log INFO client.py                 82    logger_log                : PTS_LOGTYPE_RECEIVE_EVENT  

+1188 ms
 MESH/NODE/NET/BV-04-C Receive Event            HCI?HCI_LE_SET_ADVERTISING_PARAMETERS_COMPLETE_EVENT{
                           status=HCI_OK
                         }
2026-02-14 04:23:57,447 LT1-callback ClientCallback.log INFO client.py                 82    logger_log                : PTS_LOGTYPE_MESSAGE User Action Required 

+1235 ms
 MESH/NODE/NET/BV-04-C MMI_13 (MMI_Style_Ok_Cancel2=0x00011141): There is no shared security information. Please remove any security information if any. PTS is waiting for beacon to start provisioning from IUT with UUID value indicated in 'TSPX_device_uuid'

2026-02-14 04:23:57,450 LT1-callback ClientCallback.log INFO client.py                 82    logger_log                : PTS_LOGTYPE_SEND_EVENT  

+1235 ms
 MESH/NODE/NET/BV-04-C Send Event               HCI!HCI_LE_SET_ADVERTISING_PARAMETERS{
                           advertisingIntervalMin=0x00A0,
                           advertisingIntervalMax=0x00A0,
                           advertisingType=HCI_LE_NON_CONNECTABLE_UNDIRECTED_ADVERTISING,
                           ownAddressType=HCI_LE_PUBLIC_DEVICE_ADDRESS,
                           directAddressType=HCI_LE_PUBLIC_DEVICE_ADDRESS,
                           directAddress=0xD5B6CC31DB3B,
                           advertisingChannelMap=0x07,
                           advertisingFilterPolicy=HCI_LE_ALLOW_REQ_SCAN_ANY_CONNECT_ANY
                         }
2026-02-14 04:23:57,453 LT1-callback ClientCallback.log INFO client.py                 82    logger_log                : PTS_LOGTYPE_RECEIVE_EVENT  

+1235 ms
 MESH/NODE/NET/BV-04-C Receive Event            HCI?HCI_LE_SET_ADVERTISING_PARAMETERS_COMPLETE_EVENT{
                           status=HCI_OK
                         }
2026-02-14 04:23:57,456 LT1-callback ClientCallback.log INFO client.py                 82    logger_log                : PTS_LOGTYPE_MESSAGE Verdict Description 

+1813 ms
 MESH/NODE/NET/BV-04-C Received unprovisioned device beacon with TSPX_device_uuid value successfully with OOB information = 0x0002.

2026-02-14 04:23:57,459 LT1-callback ClientCallback.log INFO client.py                 82    logger_log                : PTS_LOGTYPE_SEND_EVENT  

+1813 ms
 MESH/NODE/NET/BV-04-C Send Event               HCI!HCI_LE_SET_ADVERTISING_DATA{
                           advertisingDataLength=0x18,
                           advertisingData=0x17291CDDFA3300038D091D2E30C0491188FC94872A9C1E86
                         }
2026-02-14 04:23:57,462 LT1-callback ClientCallback.log INFO client.py                 82    logger_log                : PTS_LOGTYPE_RECEIVE_EVENT  

+1828 ms
 MESH/NODE/NET/BV-04-C Receive Event            HCI?HCI_LE_SET_ADVERTISING_DATA_COMPLETE_EVENT{
                           status=HCI_OK
                         }
2026-02-14 04:23:57,469 LT1-callback ClientCallback.log INFO client.py                 82    logger_log                : PTS_LOGTYPE_SEND_EVENT  

+1828 ms
 MESH/NODE/NET/BV-04-C Send Event               HCI!HCI_LE_SET_ADVERTISE_ENABLE{
                           advertisingEnable=HCI_LE_ADVERTISING_ENABLE
                         }
2026-02-14 04:23:57,542 LT1-callback ClientCallback.log INFO client.py                 82    logger_log                : PTS_LOGTYPE_RECEIVE_EVENT  

+1828 ms
 MESH/NODE/NET/BV-04-C Receive Event            HCI?HCI_LE_SET_ADVERTISE_ENABLE_COMMAND_COMPLETE_EVENT{
                           status=HCI_OK
                         }
2026-02-14 04:23:57,549 LT1-callback ClientCallback.log INFO client.py                 82    logger_log                : PTS_LOGTYPE_SEND_EVENT  

+1860 ms
 MESH/NODE/NET/BV-04-C Send Event               HCI!HCI_LE_SET_ADVERTISE_ENABLE{
                           advertisingEnable=HCI_LE_ADVERTISING_DISABLE
                         }
2026-02-14 04:23:57,555 LT1-callback ClientCallback.log INFO client.py                 82    logger_log                : PTS_LOGTYPE_RECEIVE_EVENT  

+1860 ms
 MESH/NODE/NET/BV-04-C Receive Event            HCI?HCI_LE_SET_ADVERTISE_ENABLE_COMMAND_COMPLETE_EVENT{
                           status=HCI_OK
                         }
2026-02-14 04:23:57,565 LT1-callback ClientCallback.log INFO client.py                 82    logger_log                : PTS_LOGTYPE_SEND_EVENT  

+1860 ms
 MESH/NODE/NET/BV-04-C Send Event               HCI!HCI_LE_SET_ADVERTISE_ENABLE{
                           advertisingEnable=HCI_LE_ADVERTISING_ENABLE
                         }
2026-02-14 04:23:57,571 LT1-callback ClientCallback.log INFO client.py                 82    logger_log                : PTS_LOGTYPE_RECEIVE_EVENT  

+1860 ms
 MESH/NODE/NET/BV-04-C Receive Event            HCI?HCI_LE_SET_ADVERTISE_ENABLE_COMMAND_COMPLETE_EVENT{
                           status=HCI_OK
                         }
2026-02-14 04:23:57,576 LT1-callback ClientCallback.log INFO client.py                 82    logger_log                : PTS_LOGTYPE_SEND_EVENT  

+1891 ms
 MESH/NODE/NET/BV-04-C Send Event               HCI!HCI_LE_SET_ADVERTISE_ENABLE{
                           advertisingEnable=HCI_LE_ADVERTISING_DISABLE
                         }
2026-02-14 04:23:57,579 LT1-callback ClientCallback.log INFO client.py                 82    logger_log                : PTS_LOGTYPE_RECEIVE_EVENT  

+1891 ms
 MESH/NODE/NET/BV-04-C Receive Event            HCI?HCI_LE_SET_ADVERTISE_ENABLE_COMMAND_COMPLETE_EVENT{
                           status=HCI_OK
                         }
2026-02-14 04:23:57,582 LT1-callback ClientCallback.log INFO client.py                 82    logger_log                : PTS_LOGTYPE_SEND_EVENT  

+1891 ms
 MESH/NODE/NET/BV-04-C Send Event               HCI!HCI_LE_SET_ADVERTISE_ENABLE{
                           advertisingEnable=HCI_LE_ADVERTISING_ENABLE
                         }
2026-02-14 04:23:57,585 LT1-callback ClientCallback.log INFO client.py                 82    logger_log                : PTS_LOGTYPE_RECEIVE_EVENT  

+1906 ms
 MESH/NODE/NET/BV-04-C Receive Event            HCI?HCI_LE_SET_ADVERTISE_ENABLE_COMMAND_COMPLETE_EVENT{
                           status=HCI_OK
                         }
2026-02-14 04:23:57,588 LT1-callback ClientCallback.log INFO client.py                 82    logger_log                : PTS_LOGTYPE_SEND_EVENT  

+1938 ms
 MESH/NODE/NET/BV-04-C Send Event               HCI!HCI_LE_SET_ADVERTISE_ENABLE{
                           advertisingEnable=HCI_LE_ADVERTISING_DISABLE
                         }
2026-02-14 04:23:57,591 LT1-callback ClientCallback.log INFO client.py                 82    logger_log                : PTS_LOGTYPE_RECEIVE_EVENT  

+1938 ms
 MESH/NODE/NET/BV-04-C Receive Event            HCI?HCI_LE_SET_ADVERTISE_ENABLE_COMMAND_COMPLETE_EVENT{
                           status=HCI_OK
                         }
2026-02-14 04:23:57,594 LT1-callback ClientCallback.log INFO client.py                 82    logger_log                : PTS_LOGTYPE_MESSAGE Verdict Description 

+1938 ms
 MESH/NODE/NET/BV-04-C INFO: SendProv Link data (name org.bluetooth.mesh.provision_bearer_adv)(size 24) = Mesh Provisioning Bearer Advertising: 
    Length: [23 (0x17)]
    PB AD Type: [41 (0x29)]
    Connection ID: [872078620 (0x33FADD1C)]
    Transaction Number: [0 (0x00)]
    C Info: [3 (0x03)] Link Open
    Data: [0x8D091D2E30C0491188FC94872A9C1E86]

2026-02-14 04:23:57,597 LT1-callback ClientCallback.log INFO client.py                 82    logger_log                : PTS_LOGTYPE_MESSAGE Verdict Description 

+2016 ms
 MESH/NODE/NET/BV-04-C **************** Establish link succeeded.****************


2026-02-14 04:23:57,600 LT1-callback ClientCallback.log INFO client.py                 82    logger_log                : PTS_LOGTYPE_MESSAGE Verdict Description 

+2016 ms
 MESH/NODE/NET/BV-04-C INFO: Sending provision data [connection id = 33fadd1c][transaction number = 0] (name Mesh Provisioning)(size 2) = Mesh Provisioning: 
    Op Code: [0 (0x00)] Provisioning Invite
    IdentityTimer: [2 (0x02)]

2026-02-14 04:23:57,602 LT1-callback ClientCallback.log INFO client.py                 82    logger_log                : PTS_LOGTYPE_SEND_EVENT  

+2016 ms
 MESH/NODE/NET/BV-04-C Send Event               HCI!HCI_LE_SET_ADVERTISING_DATA{
                           advertisingDataLength=0x0D,
                           advertisingData=0x0C291CDDFA3300000002F70002
                         }
2026-02-14 04:23:57,605 LT1-callback ClientCallback.log INFO client.py                 82    logger_log                : PTS_LOGTYPE_RECEIVE_EVENT  

+2031 ms
 MESH/NODE/NET/BV-04-C Receive Event            HCI?HCI_LE_SET_ADVERTISING_DATA_COMPLETE_EVENT{
                           status=HCI_OK
                         }
2026-02-14 04:23:57,608 LT1-callback ClientCallback.log INFO client.py                 82    logger_log                : PTS_LOGTYPE_SEND_EVENT  

+2031 ms
 MESH/NODE/NET/BV-04-C Send Event               HCI!HCI_LE_SET_ADVERTISE_ENABLE{
                           advertisingEnable=HCI_LE_ADVERTISING_ENABLE
                         }
2026-02-14 04:23:57,611 LT1-callback ClientCallback.log INFO client.py                 82    logger_log                : PTS_LOGTYPE_RECEIVE_EVENT  

+2031 ms
 MESH/NODE/NET/BV-04-C Receive Event            HCI?HCI_LE_SET_ADVERTISE_ENABLE_COMMAND_COMPLETE_EVENT{
                           status=HCI_OK
                         }
2026-02-14 04:23:57,613 LT1-callback ClientCallback.log INFO client.py                 82    logger_log                : PTS_LOGTYPE_SEND_EVENT  

+2063 ms
 MESH/NODE/NET/BV-04-C Send Event               HCI!HCI_LE_SET_ADVERTISE_ENABLE{
                           advertisingEnable=HCI_LE_ADVERTISING_DISABLE
                         }
2026-02-14 04:23:57,616 LT1-callback ClientCallback.log INFO client.py                 82    logger_log                : PTS_LOGTYPE_RECEIVE_EVENT  

+2063 ms
 MESH/NODE/NET/BV-04-C Receive Event            HCI?HCI_LE_SET_ADVERTISE_ENABLE_COMMAND_COMPLETE_EVENT{
                           status=HCI_OK
                         }
2026-02-14 04:23:57,619 LT1-callback ClientCallback.log INFO client.py                 82    logger_log                : PTS_LOGTYPE_MESSAGE Verdict Description 

+2141 ms
 MESH/NODE/NET/BV-04-C **************** Invite send successful. ****************


2026-02-14 04:23:57,623 LT1-callback ClientCallback.log INFO client.py                 82    logger_log                : PTS_LOGTYPE_MESSAGE Message                  Warning 

+2141 ms
 MESH/NODE/NET/BV-04-C 
2026-02-14 04:23:57,627 LT1-callback ClientCallback.log INFO client.py                 82    logger_log                : PTS_LOGTYPE_MESSAGE Verdict Description 

+2141 ms
 MESH/NODE/NET/BV-04-C The value (0) is within the reserved start/end(0 to 0) specified by the XML for the field named 'NumberElements'.

2026-02-14 04:23:57,630 LT1-callback ClientCallback.log INFO client.py                 82    logger_log                : PTS_LOGTYPE_MESSAGE Verdict Description 

+2141 ms
 MESH/NODE/NET/BV-04-C Wait for cmd = 0x1 with link ID  = 0x33FADD1C, transaction number = 0x80, holdAck= 0x0

2026-02-14 04:23:57,633 LT1-callback ClientCallback.log INFO client.py                 82    logger_log                : PTS_LOGTYPE_SEND_EVENT  

+2328 ms
 MESH/NODE/NET/BV-04-C Send Event               HCI!HCI_LE_SET_ADVERTISING_DATA{
                           advertisingDataLength=0x08,
                           advertisingData=0x07291CDDFA338001
                         }
2026-02-14 04:23:57,636 LT1-callback ClientCallback.log INFO client.py                 82    logger_log                : PTS_LOGTYPE_RECEIVE_EVENT  

+2328 ms
 MESH/NODE/NET/BV-04-C Receive Event            HCI?HCI_LE_SET_ADVERTISING_DATA_COMPLETE_EVENT{
                           status=HCI_OK
                         }
2026-02-14 04:23:57,639 LT1-callback ClientCallback.log INFO client.py                 82    logger_log                : PTS_LOGTYPE_SEND_EVENT  

+2328 ms
 MESH/NODE/NET/BV-04-C Send Event               HCI!HCI_LE_SET_ADVERTISE_ENABLE{
                           advertisingEnable=HCI_LE_ADVERTISING_ENABLE
                         }
2026-02-14 04:23:57,641 LT1-callback ClientCallback.log INFO client.py                 82    logger_log                : PTS_LOGTYPE_RECEIVE_EVENT  

+2344 ms
 MESH/NODE/NET/BV-04-C Receive Event            HCI?HCI_LE_SET_ADVERTISE_ENABLE_COMMAND_COMPLETE_EVENT{
                           status=HCI_OK
                         }
2026-02-14 04:23:57,644 LT1-callback ClientCallback.log INFO client.py                 82    logger_log                : PTS_LOGTYPE_SEND_EVENT  

+2375 ms
 MESH/NODE/NET/BV-04-C Send Event               HCI!HCI_LE_SET_ADVERTISE_ENABLE{
                           advertisingEnable=HCI_LE_ADVERTISING_DISABLE
                         }
2026-02-14 04:23:57,647 LT1-callback ClientCallback.log INFO client.py                 82    logger_log                : PTS_LOGTYPE_RECEIVE_EVENT  

+2375 ms
 MESH/NODE/NET/BV-04-C Receive Event            HCI?HCI_LE_SET_ADVERTISE_ENABLE_COMMAND_COMPLETE_EVENT{
                           status=HCI_OK
                         }
2026-02-14 04:23:57,650 LT1-callback ClientCallback.log INFO client.py                 82    logger_log                : PTS_LOGTYPE_SEND_EVENT  

+2375 ms
 MESH/NODE/NET/BV-04-C Send Event               HCI!HCI_LE_SET_ADVERTISE_ENABLE{
                           advertisingEnable=HCI_LE_ADVERTISING_ENABLE
                         }
2026-02-14 04:23:57,653 LT1-callback ClientCallback.log INFO client.py                 82    logger_log                : PTS_LOGTYPE_RECEIVE_EVENT  

+2391 ms
 MESH/NODE/NET/BV-04-C Receive Event            HCI?HCI_LE_SET_ADVERTISE_ENABLE_COMMAND_COMPLETE_EVENT{
                           status=HCI_OK
                         }
2026-02-14 04:23:57,657 LT1-callback ClientCallback.log INFO client.py                 82    logger_log                : PTS_LOGTYPE_SEND_EVENT  

+2422 ms
 MESH/NODE/NET/BV-04-C Send Event               HCI!HCI_LE_SET_ADVERTISE_ENABLE{
                           advertisingEnable=HCI_LE_ADVERTISING_DISABLE
                         }
2026-02-14 04:23:57,660 LT1-callback ClientCallback.log INFO client.py                 82    logger_log                : PTS_LOGTYPE_RECEIVE_EVENT  

+2422 ms
 MESH/NODE/NET/BV-04-C Receive Event            HCI?HCI_LE_SET_ADVERTISE_ENABLE_COMMAND_COMPLETE_EVENT{
                           status=HCI_OK
                         }
2026-02-14 04:23:57,663 LT1-callback ClientCallback.log INFO client.py                 82    logger_log                : PTS_LOGTYPE_SEND_EVENT  

+2422 ms
 MESH/NODE/NET/BV-04-C Send Event               HCI!HCI_LE_SET_ADVERTISE_ENABLE{
                           advertisingEnable=HCI_LE_ADVERTISING_ENABLE
                         }
2026-02-14 04:23:57,665 LT1-callback ClientCallback.log INFO client.py                 82    logger_log                : PTS_LOGTYPE_RECEIVE_EVENT  

+2422 ms
 MESH/NODE/NET/BV-04-C Receive Event            HCI?HCI_LE_SET_ADVERTISE_ENABLE_COMMAND_COMPLETE_EVENT{
                           status=HCI_OK
                         }
2026-02-14 04:23:57,669 LT1-callback ClientCallback.log INFO client.py                 82    logger_log                : PTS_LOGTYPE_SEND_EVENT  

+2469 ms
 MESH/NODE/NET/BV-04-C Send Event               HCI!HCI_LE_SET_ADVERTISE_ENABLE{
                           advertisingEnable=HCI_LE_ADVERTISING_DISABLE
                         }
2026-02-14 04:23:57,672 LT1-callback ClientCallback.log INFO client.py                 82    logger_log                : PTS_LOGTYPE_RECEIVE_EVENT  

+2469 ms
 MESH/NODE/NET/BV-04-C Receive Event            HCI?HCI_LE_SET_ADVERTISE_ENABLE_COMMAND_COMPLETE_EVENT{
                           status=HCI_OK
                         }
2026-02-14 04:23:57,675 LT1-callback ClientCallback.log INFO client.py                 82    logger_log                : PTS_LOGTYPE_MESSAGE Verdict Description 

+2469 ms
 MESH/NODE/NET/BV-04-C Received provisioning command code 0x01 with data = 16291CDDFA338000000CAC01040003000102000801000C successfully.

2026-02-14 04:23:57,678 LT1-callback ClientCallback.log INFO client.py                 82    logger_log                : PTS_LOGTYPE_MESSAGE Verdict Description 

+2469 ms
 MESH/NODE/NET/BV-04-C **************** Capabilities received. Mesh Provisioning Capabilities: 
    NumberElements: [4 (0x04)]
    Algorithms: [3 (0x0003)]
    Public Key Type: [0 (0x00)]
    OOB Type: [1 (0x01)]
    Output OOB Size: [2 (0x02)]
    Output OOB Action: [8 (0x0008)]
    Input OOB Size: [1 (0x01)]
    Input OOB Action: [12 (0x000C)] ****************


2026-02-14 04:23:57,681 LT1-callback ClientCallback.log INFO client.py                 82    logger_log                : PTS_LOGTYPE_MESSAGE Verdict Description 

+2485 ms
 MESH/NODE/NET/BV-04-C INFO: Sending provision data [connection id = 33fadd1c][transaction number = 1] (name Mesh Provisioning)(size 6) = Mesh Provisioning: 
    Op Code: [2 (0x02)] Provisioning Start
    Start: 
        Algorithm: [1 (0x01)] BTM_ECDH_P256_HMAC_SHA256_AES_CCM
        Public Key: [0 (0x00)] No OOB Public Key is used
        Authentication Method: [0 (0x00)] No OOB authentication is used
        No OOB Action: [0 (0x00)] No OOB action to be used
        No OOB Size: [0 (0x00)] No OOB size to be used

2026-02-14 04:23:57,686 LT1-callback ClientCallback.log INFO client.py                 82    logger_log                : PTS_LOGTYPE_SEND_EVENT  

+2485 ms
 MESH/NODE/NET/BV-04-C Send Event               HCI!HCI_LE_SET_ADVERTISING_DATA{
                           advertisingDataLength=0x11,
                           advertisingData=0x10291CDDFA33010000068D020100000000
                         }
2026-02-14 04:23:57,691 LT1-callback ClientCallback.log INFO client.py                 82    logger_log                : PTS_LOGTYPE_RECEIVE_EVENT  

+2485 ms
 MESH/NODE/NET/BV-04-C Receive Event            HCI?HCI_LE_SET_ADVERTISING_DATA_COMPLETE_EVENT{
                           status=HCI_OK
                         }
2026-02-14 04:23:57,694 LT1-callback ClientCallback.log INFO client.py                 82    logger_log                : PTS_LOGTYPE_SEND_EVENT  

+2485 ms
 MESH/NODE/NET/BV-04-C Send Event               HCI!HCI_LE_SET_ADVERTISE_ENABLE{
                           advertisingEnable=HCI_LE_ADVERTISING_ENABLE
                         }
2026-02-14 04:23:57,697 LT1-callback ClientCallback.log INFO client.py                 82    logger_log                : PTS_LOGTYPE_RECEIVE_EVENT  

+2500 ms
 MESH/NODE/NET/BV-04-C Receive Event            HCI?HCI_LE_SET_ADVERTISE_ENABLE_COMMAND_COMPLETE_EVENT{
                           status=HCI_OK
                         }
2026-02-14 04:23:57,700 LT1-callback ClientCallback.log INFO client.py                 82    logger_log                : PTS_LOGTYPE_SEND_EVENT  

+2531 ms
 MESH/NODE/NET/BV-04-C Send Event               HCI!HCI_LE_SET_ADVERTISE_ENABLE{
                           advertisingEnable=HCI_LE_ADVERTISING_DISABLE
                         }
2026-02-14 04:23:57,703 LT1-callback ClientCallback.log INFO client.py                 82    logger_log                : PTS_LOGTYPE_RECEIVE_EVENT  

+2531 ms
 MESH/NODE/NET/BV-04-C Receive Event            HCI?HCI_LE_SET_ADVERTISE_ENABLE_COMMAND_COMPLETE_EVENT{
                           status=HCI_OK
                         }
2026-02-14 04:23:57,706 LT1-callback ClientCallback.log INFO client.py                 82    logger_log                : PTS_LOGTYPE_MESSAGE Verdict Description 

+2625 ms
 MESH/NODE/NET/BV-04-C **************** Provisioning Start send succeeded. Mesh Provisioning Start: 
    Algorithm: [1 (0x01)] BTM_ECDH_P256_HMAC_SHA256_AES_CCM
    Public Key: [0 (0x00)] No OOB Public Key is used
    Authentication Method: [0 (0x00)] No OOB authentication is used
    No OOB Action: [0 (0x00)] No OOB action to be used
    No OOB Size: [0 (0x00)] No OOB size to be used ****************


2026-02-14 04:23:57,709 LT1-callback ClientCallback.log INFO client.py                 82    logger_log                : PTS_LOGTYPE_MESSAGE Verdict Description 

+2625 ms
 MESH/NODE/NET/BV-04-C INFO: Sending provision data [connection id = 33fadd1c][transaction number = 2] (name Mesh Provisioning)(size 65) = Mesh Provisioning: 
    Op Code: [3 (0x03)] Provisioning Public Key
    Public Key: [0x455FCEDAFF5290EFF6BBF00F644E4240377985A496D11F8BE3D9BA3A9BA6A1E7F45BB34B3E14A047458701B85D613DF0C2CC33C0991AC1E75F7F734EA32C9876]

2026-02-14 04:23:57,712 LT1-callback ClientCallback.log INFO client.py                 82    logger_log                : PTS_LOGTYPE_SEND_EVENT  

+2625 ms
 MESH/NODE/NET/BV-04-C Send Event               HCI!HCI_LE_SET_ADVERTISING_DATA{
                           advertisingDataLength=0x1F,
                           advertisingData=0x1E291CDDFA33020800412103455FCEDAFF5290EFF6BBF00F644E4240377985
                         }
2026-02-14 04:23:57,715 LT1-callback ClientCallback.log INFO client.py                 82    logger_log                : PTS_LOGTYPE_RECEIVE_EVENT  

+2641 ms
 MESH/NODE/NET/BV-04-C Receive Event            HCI?HCI_LE_SET_ADVERTISING_DATA_COMPLETE_EVENT{
                           status=HCI_OK
                         }
2026-02-14 04:23:57,718 LT1-callback ClientCallback.log INFO client.py                 82    logger_log                : PTS_LOGTYPE_SEND_EVENT  

+2641 ms
 MESH/NODE/NET/BV-04-C Send Event               HCI!HCI_LE_SET_ADVERTISE_ENABLE{
                           advertisingEnable=HCI_LE_ADVERTISING_ENABLE
                         }
2026-02-14 04:23:57,720 LT1-callback ClientCallback.log INFO client.py                 82    logger_log                : PTS_LOGTYPE_RECEIVE_EVENT  

+2641 ms
 MESH/NODE/NET/BV-04-C Receive Event            HCI?HCI_LE_SET_ADVERTISE_ENABLE_COMMAND_COMPLETE_EVENT{
                           status=HCI_OK
                         }
2026-02-14 04:23:57,723 LT1-callback ClientCallback.log INFO client.py                 82    logger_log                : PTS_LOGTYPE_SEND_EVENT  

+2672 ms
 MESH/NODE/NET/BV-04-C Send Event               HCI!HCI_LE_SET_ADVERTISE_ENABLE{
                           advertisingEnable=HCI_LE_ADVERTISING_DISABLE
                         }
2026-02-14 04:23:57,726 LT1-callback ClientCallback.log INFO client.py                 82    logger_log                : PTS_LOGTYPE_RECEIVE_EVENT  

+2672 ms
 MESH/NODE/NET/BV-04-C Receive Event            HCI?HCI_LE_SET_ADVERTISE_ENABLE_COMMAND_COMPLETE_EVENT{
                           status=HCI_OK
                         }
2026-02-14 04:23:57,729 LT1-callback ClientCallback.log INFO client.py                 82    logger_log                : PTS_LOGTYPE_SEND_EVENT  

+2672 ms
 MESH/NODE/NET/BV-04-C Send Event               HCI!HCI_LE_SET_ADVERTISING_DATA{
                           advertisingDataLength=0x1F,
                           advertisingData=0x1E291CDDFA330206A496D11F8BE3D9BA3A9BA6A1E7F45BB34B3E14A0474587
                         }
2026-02-14 04:23:57,732 LT1-callback ClientCallback.log INFO client.py                 82    logger_log                : PTS_LOGTYPE_RECEIVE_EVENT  

+2672 ms
 MESH/NODE/NET/BV-04-C Receive Event            HCI?HCI_LE_SET_ADVERTISING_DATA_COMPLETE_EVENT{
                           status=HCI_OK
                         }
2026-02-14 04:23:57,735 LT1-callback ClientCallback.log INFO client.py                 82    logger_log                : PTS_LOGTYPE_SEND_EVENT  

+2672 ms
 MESH/NODE/NET/BV-04-C Send Event               HCI!HCI_LE_SET_ADVERTISE_ENABLE{
                           advertisingEnable=HCI_LE_ADVERTISING_ENABLE
                         }
2026-02-14 04:23:57,737 LT1-callback ClientCallback.log INFO client.py                 82    logger_log                : PTS_LOGTYPE_RECEIVE_EVENT  

+2688 ms
 MESH/NODE/NET/BV-04-C Receive Event            HCI?HCI_LE_SET_ADVERTISE_ENABLE_COMMAND_COMPLETE_EVENT{
                           status=HCI_OK
                         }
2026-02-14 04:23:57,740 LT1-callback ClientCallback.log INFO client.py                 82    logger_log                : PTS_LOGTYPE_SEND_EVENT  

+2719 ms
 MESH/NODE/NET/BV-04-C Send Event               HCI!HCI_LE_SET_ADVERTISE_ENABLE{
                           advertisingEnable=HCI_LE_ADVERTISING_DISABLE
                         }
2026-02-14 04:23:57,743 LT1-callback ClientCallback.log INFO client.py                 82    logger_log                : PTS_LOGTYPE_RECEIVE_EVENT  

+2719 ms
 MESH/NODE/NET/BV-04-C Receive Event            HCI?HCI_LE_SET_ADVERTISE_ENABLE_COMMAND_COMPLETE_EVENT{
                           status=HCI_OK
                         }
2026-02-14 04:23:57,746 LT1-callback ClientCallback.log INFO client.py                 82    logger_log                : PTS_LOGTYPE_SEND_EVENT  

+2719 ms
 MESH/NODE/NET/BV-04-C Send Event               HCI!HCI_LE_SET_ADVERTISING_DATA{
                           advertisingDataLength=0x1E,
                           advertisingData=0x1D291CDDFA33020A01B85D613DF0C2CC33C0991AC1E75F7F734EA32C9876
                         }
2026-02-14 04:23:57,751 LT1-callback ClientCallback.log INFO client.py                 82    logger_log                : PTS_LOGTYPE_RECEIVE_EVENT  

+2719 ms
 MESH/NODE/NET/BV-04-C Receive Event            HCI?HCI_LE_SET_ADVERTISING_DATA_COMPLETE_EVENT{
                           status=HCI_OK
                         }
2026-02-14 04:23:57,757 LT1-callback ClientCallback.log INFO client.py                 82    logger_log                : PTS_LOGTYPE_SEND_EVENT  

+2719 ms
 MESH/NODE/NET/BV-04-C Send Event               HCI!HCI_LE_SET_ADVERTISE_ENABLE{
                           advertisingEnable=HCI_LE_ADVERTISING_ENABLE
                         }
2026-02-14 04:23:57,762 LT1-callback ClientCallback.log INFO client.py                 82    logger_log                : PTS_LOGTYPE_RECEIVE_EVENT  

+2735 ms
 MESH/NODE/NET/BV-04-C Receive Event            HCI?HCI_LE_SET_ADVERTISE_ENABLE_COMMAND_COMPLETE_EVENT{
                           status=HCI_OK
                         }
2026-02-14 04:23:57,767 LT1-callback ClientCallback.log INFO client.py                 82    logger_log                : PTS_LOGTYPE_SEND_EVENT  

+2766 ms
 MESH/NODE/NET/BV-04-C Send Event               HCI!HCI_LE_SET_ADVERTISE_ENABLE{
                           advertisingEnable=HCI_LE_ADVERTISING_DISABLE
                         }
2026-02-14 04:23:57,770 LT1-callback ClientCallback.log INFO client.py                 82    logger_log                : PTS_LOGTYPE_RECEIVE_EVENT  

+2766 ms
 MESH/NODE/NET/BV-04-C Receive Event            HCI?HCI_LE_SET_ADVERTISE_ENABLE_COMMAND_COMPLETE_EVENT{
                           status=HCI_OK
                         }
2026-02-14 04:23:57,773 LT1-callback ClientCallback.log INFO client.py                 82    logger_log                : PTS_LOGTYPE_SEND_EVENT  

+2985 ms
 MESH/NODE/NET/BV-04-C Send Event               HCI!HCI_LE_SET_ADVERTISING_DATA{
                           advertisingDataLength=0x1F,
                           advertisingData=0x1E291CDDFA33020800412103455FCEDAFF5290EFF6BBF00F644E4240377985
                         }
2026-02-14 04:23:57,776 LT1-callback ClientCallback.log INFO client.py                 82    logger_log                : PTS_LOGTYPE_RECEIVE_EVENT  

+3000 ms
 MESH/NODE/NET/BV-04-C Receive Event            HCI?HCI_LE_SET_ADVERTISING_DATA_COMPLETE_EVENT{
                           status=HCI_OK
                         }
2026-02-14 04:23:57,779 LT1-callback ClientCallback.log INFO client.py                 82    logger_log                : PTS_LOGTYPE_SEND_EVENT  

+3000 ms
 MESH/NODE/NET/BV-04-C Send Event               HCI!HCI_LE_SET_ADVERTISE_ENABLE{
                           advertisingEnable=HCI_LE_ADVERTISING_ENABLE
                         }
2026-02-14 04:23:57,782 LT1-callback ClientCallback.log INFO client.py                 82    logger_log                : PTS_LOGTYPE_RECEIVE_EVENT  

+3000 ms
 MESH/NODE/NET/BV-04-C Receive Event            HCI?HCI_LE_SET_ADVERTISE_ENABLE_COMMAND_COMPLETE_EVENT{
                           status=HCI_OK
                         }
2026-02-14 04:23:57,784 LT1-callback ClientCallback.log INFO client.py                 82    logger_log                : PTS_LOGTYPE_SEND_EVENT  

+3047 ms
 MESH/NODE/NET/BV-04-C Send Event               HCI!HCI_LE_SET_ADVERTISE_ENABLE{
                           advertisingEnable=HCI_LE_ADVERTISING_DISABLE
                         }
2026-02-14 04:23:57,787 LT1-callback ClientCallback.log INFO client.py                 82    logger_log                : PTS_LOGTYPE_RECEIVE_EVENT  

+3047 ms
 MESH/NODE/NET/BV-04-C Receive Event            HCI?HCI_LE_SET_ADVERTISE_ENABLE_COMMAND_COMPLETE_EVENT{
                           status=HCI_OK
                         }
2026-02-14 04:23:57,790 LT1-callback ClientCallback.log INFO client.py                 82    logger_log                : PTS_LOGTYPE_SEND_EVENT  

+3047 ms
 MESH/NODE/NET/BV-04-C Send Event               HCI!HCI_LE_SET_ADVERTISING_DATA{
                           advertisingDataLength=0x1F,
                           advertisingData=0x1E291CDDFA330206A496D11F8BE3D9BA3A9BA6A1E7F45BB34B3E14A0474587
                         }
2026-02-14 04:23:57,793 LT1-callback ClientCallback.log INFO client.py                 82    logger_log                : PTS_LOGTYPE_RECEIVE_EVENT  

+3047 ms
 MESH/NODE/NET/BV-04-C Receive Event            HCI?HCI_LE_SET_ADVERTISING_DATA_COMPLETE_EVENT{
                           status=HCI_OK
                         }
2026-02-14 04:23:57,796 LT1-callback ClientCallback.log INFO client.py                 82    logger_log                : PTS_LOGTYPE_SEND_EVENT  

+3047 ms
 MESH/NODE/NET/BV-04-C Send Event               HCI!HCI_LE_SET_ADVERTISE_ENABLE{
                           advertisingEnable=HCI_LE_ADVERTISING_ENABLE
                         }
2026-02-14 04:23:57,800 LT1-callback ClientCallback.log INFO client.py                 82    logger_log                : PTS_LOGTYPE_RECEIVE_EVENT  

+3063 ms
 MESH/NODE/NET/BV-04-C Receive Event            HCI?HCI_LE_SET_ADVERTISE_ENABLE_COMMAND_COMPLETE_EVENT{
                           status=HCI_OK
                         }
2026-02-14 04:23:57,869 LT1-callback ClientCallback.log INFO client.py                 82    logger_log                : PTS_LOGTYPE_SEND_EVENT  

+3094 ms
 MESH/NODE/NET/BV-04-C Send Event               HCI!HCI_LE_SET_ADVERTISE_ENABLE{
                           advertisingEnable=HCI_LE_ADVERTISING_DISABLE
                         }
2026-02-14 04:23:57,888 LT1-callback ClientCallback.log INFO client.py                 82    logger_log                : PTS_LOGTYPE_RECEIVE_EVENT  

+3094 ms
 MESH/NODE/NET/BV-04-C Receive Event            HCI?HCI_LE_SET_ADVERTISE_ENABLE_COMMAND_COMPLETE_EVENT{
                           status=HCI_OK
                         }
2026-02-14 04:23:57,899 LT1-callback ClientCallback.log INFO client.py                 82    logger_log                : PTS_LOGTYPE_SEND_EVENT  

+3094 ms
 MESH/NODE/NET/BV-04-C Send Event               HCI!HCI_LE_SET_ADVERTISING_DATA{
                           advertisingDataLength=0x1E,
                           advertisingData=0x1D291CDDFA33020A01B85D613DF0C2CC33C0991AC1E75F7F734EA32C9876
                         }
2026-02-14 04:23:57,906 LT1-callback ClientCallback.log INFO client.py                 82    logger_log                : PTS_LOGTYPE_RECEIVE_EVENT  

+3094 ms
 MESH/NODE/NET/BV-04-C Receive Event            HCI?HCI_LE_SET_ADVERTISING_DATA_COMPLETE_EVENT{
                           status=HCI_OK
                         }
2026-02-14 04:23:57,911 LT1-callback ClientCallback.log INFO client.py                 82    logger_log                : PTS_LOGTYPE_SEND_EVENT  

+3094 ms
 MESH/NODE/NET/BV-04-C Send Event               HCI!HCI_LE_SET_ADVERTISE_ENABLE{
                           advertisingEnable=HCI_LE_ADVERTISING_ENABLE
                         }
2026-02-14 04:23:57,915 LT1-callback ClientCallback.log INFO client.py                 82    logger_log                : PTS_LOGTYPE_RECEIVE_EVENT  

+3110 ms
 MESH/NODE/NET/BV-04-C Receive Event            HCI?HCI_LE_SET_ADVERTISE_ENABLE_COMMAND_COMPLETE_EVENT{
                           status=HCI_OK
                         }
2026-02-14 04:23:57,918 LT1-callback ClientCallback.log INFO client.py                 82    logger_log                : PTS_LOGTYPE_SEND_EVENT  

+3141 ms
 MESH/NODE/NET/BV-04-C Send Event               HCI!HCI_LE_SET_ADVERTISE_ENABLE{
                           advertisingEnable=HCI_LE_ADVERTISING_DISABLE
                         }
2026-02-14 04:23:57,922 LT1-callback ClientCallback.log INFO client.py                 82    logger_log                : PTS_LOGTYPE_RECEIVE_EVENT  

+3141 ms
 MESH/NODE/NET/BV-04-C Receive Event            HCI?HCI_LE_SET_ADVERTISE_ENABLE_COMMAND_COMPLETE_EVENT{
                           status=HCI_OK
                         }
2026-02-14 04:23:57,925 LT1-callback ClientCallback.log INFO client.py                 82    logger_log                : PTS_LOGTYPE_MESSAGE Verdict Description 

+3203 ms
 MESH/NODE/NET/BV-04-C **************** Public Key send succeeded. ****************


2026-02-14 04:23:57,927 LT1-callback ClientCallback.log INFO client.py                 82    logger_log                : PTS_LOGTYPE_MESSAGE Verdict Description 

+3219 ms
 MESH/NODE/NET/BV-04-C Wait for cmd = 0x3 with link ID  = 0x33FADD1C, transaction number = 0x81, holdAck= 0x0

2026-02-14 04:23:57,930 LT1-callback ClientCallback.log INFO client.py                 82    logger_log                : PTS_LOGTYPE_SEND_EVENT  

+3641 ms
 MESH/NODE/NET/BV-04-C Send Event               HCI!HCI_LE_SET_ADVERTISING_DATA{
                           advertisingDataLength=0x08,
                           advertisingData=0x07291CDDFA338101
                         }
2026-02-14 04:23:57,933 LT1-callback ClientCallback.log INFO client.py                 82    logger_log                : PTS_LOGTYPE_RECEIVE_EVENT  

+3641 ms
 MESH/NODE/NET/BV-04-C Receive Event            HCI?HCI_LE_SET_ADVERTISING_DATA_COMPLETE_EVENT{
                           status=HCI_OK
                         }
2026-02-14 04:23:57,936 LT1-callback ClientCallback.log INFO client.py                 82    logger_log                : PTS_LOGTYPE_SEND_EVENT  

+3641 ms
 MESH/NODE/NET/BV-04-C Send Event               HCI!HCI_LE_SET_ADVERTISE_ENABLE{
                           advertisingEnable=HCI_LE_ADVERTISING_ENABLE
                         }
2026-02-14 04:23:57,939 LT1-callback ClientCallback.log INFO client.py                 82    logger_log                : PTS_LOGTYPE_RECEIVE_EVENT  

+3641 ms
 MESH/NODE/NET/BV-04-C Receive Event            HCI?HCI_LE_SET_ADVERTISE_ENABLE_COMMAND_COMPLETE_EVENT{
                           status=HCI_OK
                         }
2026-02-14 04:23:57,942 LT1-callback ClientCallback.log INFO client.py                 82    logger_log                : PTS_LOGTYPE_SEND_EVENT  

+3672 ms
 MESH/NODE/NET/BV-04-C Send Event               HCI!HCI_LE_SET_ADVERTISE_ENABLE{
                           advertisingEnable=HCI_LE_ADVERTISING_DISABLE
                         }
2026-02-14 04:23:57,944 LT1-callback ClientCallback.log INFO client.py                 82    logger_log                : PTS_LOGTYPE_RECEIVE_EVENT  

+3672 ms
 MESH/NODE/NET/BV-04-C Receive Event            HCI?HCI_LE_SET_ADVERTISE_ENABLE_COMMAND_COMPLETE_EVENT{
                           status=HCI_OK
                         }
2026-02-14 04:23:57,947 LT1-callback ClientCallback.log INFO client.py                 82    logger_log                : PTS_LOGTYPE_SEND_EVENT  

+3672 ms
 MESH/NODE/NET/BV-04-C Send Event               HCI!HCI_LE_SET_ADVERTISE_ENABLE{
                           advertisingEnable=HCI_LE_ADVERTISING_ENABLE
                         }
2026-02-14 04:23:57,950 LT1-callback ClientCallback.log INFO client.py                 82    logger_log                : PTS_LOGTYPE_RECEIVE_EVENT  

+3672 ms
 MESH/NODE/NET/BV-04-C Receive Event            HCI?HCI_LE_SET_ADVERTISE_ENABLE_COMMAND_COMPLETE_EVENT{
                           status=HCI_OK
                         }
2026-02-14 04:23:57,953 LT1-callback ClientCallback.log INFO client.py                 82    logger_log                : PTS_LOGTYPE_SEND_EVENT  

+3719 ms
 MESH/NODE/NET/BV-04-C Send Event               HCI!HCI_LE_SET_ADVERTISE_ENABLE{
                           advertisingEnable=HCI_LE_ADVERTISING_DISABLE
                         }
2026-02-14 04:23:57,956 LT1-callback ClientCallback.log INFO client.py                 82    logger_log                : PTS_LOGTYPE_RECEIVE_EVENT  

+3719 ms
 MESH/NODE/NET/BV-04-C Receive Event            HCI?HCI_LE_SET_ADVERTISE_ENABLE_COMMAND_COMPLETE_EVENT{
                           status=HCI_OK
                         }
2026-02-14 04:23:57,959 LT1-callback ClientCallback.log INFO client.py                 82    logger_log                : PTS_LOGTYPE_SEND_EVENT  

+3719 ms
 MESH/NODE/NET/BV-04-C Send Event               HCI!HCI_LE_SET_ADVERTISE_ENABLE{
                           advertisingEnable=HCI_LE_ADVERTISING_ENABLE
                         }
2026-02-14 04:23:57,961 LT1-callback ClientCallback.log INFO client.py                 82    logger_log                : PTS_LOGTYPE_RECEIVE_EVENT  

+3735 ms
 MESH/NODE/NET/BV-04-C Receive Event            HCI?HCI_LE_SET_ADVERTISE_ENABLE_COMMAND_COMPLETE_EVENT{
                           status=HCI_OK
                         }
2026-02-14 04:23:57,964 LT1-callback ClientCallback.log INFO client.py                 82    logger_log                : PTS_LOGTYPE_SEND_EVENT  

+3766 ms
 MESH/NODE/NET/BV-04-C Send Event               HCI!HCI_LE_SET_ADVERTISE_ENABLE{
                           advertisingEnable=HCI_LE_ADVERTISING_DISABLE
                         }
2026-02-14 04:23:57,967 LT1-callback ClientCallback.log INFO client.py                 82    logger_log                : PTS_LOGTYPE_RECEIVE_EVENT  

+3766 ms
 MESH/NODE/NET/BV-04-C Receive Event            HCI?HCI_LE_SET_ADVERTISE_ENABLE_COMMAND_COMPLETE_EVENT{
                           status=HCI_OK
                         }
2026-02-14 04:23:57,970 LT1-callback ClientCallback.log INFO client.py                 82    logger_log                : PTS_LOGTYPE_MESSAGE Verdict Description 

+3766 ms
 MESH/NODE/NET/BV-04-C Received provisioning command code 0x03 with data = 1D291CDDFA33810AFD105027A980F361FFD0CCA0C3A59E2B84B6BE44C7CA successfully.

2026-02-14 04:23:57,972 LT1-callback ClientCallback.log INFO client.py                 82    logger_log                : PTS_LOGTYPE_MESSAGE Verdict Description 

+3766 ms
 MESH/NODE/NET/BV-04-C Public key received successfully. Mesh Provisioning: 
    Op Code: [3 (0x03)] Provisioning Public Key
    Public Key: [0x4636B8A7A6622544B27E36949187EF97EC159583450FA93CECA4DB684DB5B45B5153AF0CB7BB33EE3AB0FD105027A980F361FFD0CCA0C3A59E2B84B6BE44C7CA]

2026-02-14 04:23:57,975 LT1-callback ClientCallback.log INFO client.py                 82    logger_log                : PTS_LOGTYPE_MESSAGE Verdict Description 

+3797 ms
 MESH/NODE/NET/BV-04-C INFO: Sending provision data [connection id = 33fadd1c][transaction number = 3] (name Mesh Provisioning)(size 33) = Mesh Provisioning: 
    Op Code: [5 (0x05)] Provisioning Confirmation
    Confirmation: [0x768D9ADCA8E1D26A5028BB9B0089BAB124D4DF5A00DE9962235A680D16C7B05B]

2026-02-14 04:23:57,978 LT1-callback ClientCallback.log INFO client.py                 82    logger_log                : PTS_LOGTYPE_SEND_EVENT  

+3797 ms
 MESH/NODE/NET/BV-04-C Send Event               HCI!HCI_LE_SET_ADVERTISING_DATA{
                           advertisingDataLength=0x1F,
                           advertisingData=0x1E291CDDFA33030400214005768D9ADCA8E1D26A5028BB9B0089BAB124D4DF
                         }
2026-02-14 04:23:57,981 LT1-callback ClientCallback.log INFO client.py                 82    logger_log                : PTS_LOGTYPE_RECEIVE_EVENT  

+3797 ms
 MESH/NODE/NET/BV-04-C Receive Event            HCI?HCI_LE_SET_ADVERTISING_DATA_COMPLETE_EVENT{
                           status=HCI_OK
                         }
2026-02-14 04:23:57,984 LT1-callback ClientCallback.log INFO client.py                 82    logger_log                : PTS_LOGTYPE_SEND_EVENT  

+3797 ms
 MESH/NODE/NET/BV-04-C Send Event               HCI!HCI_LE_SET_ADVERTISE_ENABLE{
                           advertisingEnable=HCI_LE_ADVERTISING_ENABLE
                         }
2026-02-14 04:23:57,987 LT1-callback ClientCallback.log INFO client.py                 82    logger_log                : PTS_LOGTYPE_RECEIVE_EVENT  

+3797 ms
 MESH/NODE/NET/BV-04-C Receive Event            HCI?HCI_LE_SET_ADVERTISE_ENABLE_COMMAND_COMPLETE_EVENT{
                           status=HCI_OK
                         }
2026-02-14 04:23:57,989 LT1-callback ClientCallback.log INFO client.py                 82    logger_log                : PTS_LOGTYPE_SEND_EVENT  

+3844 ms
 MESH/NODE/NET/BV-04-C Send Event               HCI!HCI_LE_SET_ADVERTISE_ENABLE{
                           advertisingEnable=HCI_LE_ADVERTISING_DISABLE
                         }
2026-02-14 04:23:57,992 LT1-callback ClientCallback.log INFO client.py                 82    logger_log                : PTS_LOGTYPE_RECEIVE_EVENT  

+3844 ms
 MESH/NODE/NET/BV-04-C Receive Event            HCI?HCI_LE_SET_ADVERTISE_ENABLE_COMMAND_COMPLETE_EVENT{
                           status=HCI_OK
                         }
2026-02-14 04:23:57,995 LT1-callback ClientCallback.log INFO client.py                 82    logger_log                : PTS_LOGTYPE_SEND_EVENT  

+3844 ms
 MESH/NODE/NET/BV-04-C Send Event               HCI!HCI_LE_SET_ADVERTISING_DATA{
                           advertisingDataLength=0x15,
                           advertisingData=0x14291CDDFA3303065A00DE9962235A680D16C7B05B
                         }
2026-02-14 04:23:57,999 LT1-callback ClientCallback.log INFO client.py                 82    logger_log                : PTS_LOGTYPE_RECEIVE_EVENT  

+3844 ms
 MESH/NODE/NET/BV-04-C Receive Event            HCI?HCI_LE_SET_ADVERTISING_DATA_COMPLETE_EVENT{
                           status=HCI_OK
                         }
2026-02-14 04:23:58,003 LT1-callback ClientCallback.log INFO client.py                 82    logger_log                : PTS_LOGTYPE_SEND_EVENT  

+3844 ms
 MESH/NODE/NET/BV-04-C Send Event               HCI!HCI_LE_SET_ADVERTISE_ENABLE{
                           advertisingEnable=HCI_LE_ADVERTISING_ENABLE
                         }
2026-02-14 04:23:58,006 LT1-callback ClientCallback.log INFO client.py                 82    logger_log                : PTS_LOGTYPE_RECEIVE_EVENT  

+3860 ms
 MESH/NODE/NET/BV-04-C Receive Event            HCI?HCI_LE_SET_ADVERTISE_ENABLE_COMMAND_COMPLETE_EVENT{
                           status=HCI_OK
                         }
2026-02-14 04:23:58,009 LT1-callback ClientCallback.log INFO client.py                 82    logger_log                : PTS_LOGTYPE_SEND_EVENT  

+3891 ms
 MESH/NODE/NET/BV-04-C Send Event               HCI!HCI_LE_SET_ADVERTISE_ENABLE{
                           advertisingEnable=HCI_LE_ADVERTISING_DISABLE
                         }
2026-02-14 04:23:58,012 LT1-callback ClientCallback.log INFO client.py                 82    logger_log                : PTS_LOGTYPE_RECEIVE_EVENT  

+3891 ms
 MESH/NODE/NET/BV-04-C Receive Event            HCI?HCI_LE_SET_ADVERTISE_ENABLE_COMMAND_COMPLETE_EVENT{
                           status=HCI_OK
                         }
2026-02-14 04:23:58,014 LT1-callback ClientCallback.log INFO client.py                 82    logger_log                : PTS_LOGTYPE_MESSAGE Verdict Description 

+3953 ms
 MESH/NODE/NET/BV-04-C **************** Confirmation send succeeded. ****************


2026-02-14 04:23:58,017 LT1-callback ClientCallback.log INFO client.py                 82    logger_log                : PTS_LOGTYPE_MESSAGE Verdict Description 

+3953 ms
 MESH/NODE/NET/BV-04-C Wait for cmd = 0x5 with link ID  = 0x33FADD1C, transaction number = 0x82, holdAck= 0x0

2026-02-14 04:23:58,020 LT1-callback ClientCallback.log INFO client.py                 82    logger_log                : PTS_LOGTYPE_SEND_EVENT  

+4235 ms
 MESH/NODE/NET/BV-04-C Send Event               HCI!HCI_LE_SET_ADVERTISING_DATA{
                           advertisingDataLength=0x08,
                           advertisingData=0x07291CDDFA338201
                         }
2026-02-14 04:23:58,022 LT1-callback ClientCallback.log INFO client.py                 82    logger_log                : PTS_LOGTYPE_RECEIVE_EVENT  

+4235 ms
 MESH/NODE/NET/BV-04-C Receive Event            HCI?HCI_LE_SET_ADVERTISING_DATA_COMPLETE_EVENT{
                           status=HCI_OK
                         }
2026-02-14 04:23:58,025 LT1-callback ClientCallback.log INFO client.py                 82    logger_log                : PTS_LOGTYPE_SEND_EVENT  

+4235 ms
 MESH/NODE/NET/BV-04-C Send Event               HCI!HCI_LE_SET_ADVERTISE_ENABLE{
                           advertisingEnable=HCI_LE_ADVERTISING_ENABLE
                         }
2026-02-14 04:23:58,028 LT1-callback ClientCallback.log INFO client.py                 82    logger_log                : PTS_LOGTYPE_RECEIVE_EVENT  

+4235 ms
 MESH/NODE/NET/BV-04-C Receive Event            HCI?HCI_LE_SET_ADVERTISE_ENABLE_COMMAND_COMPLETE_EVENT{
                           status=HCI_OK
                         }
2026-02-14 04:23:58,031 LT1-callback ClientCallback.log INFO client.py                 82    logger_log                : PTS_LOGTYPE_SEND_EVENT  

+4266 ms
 MESH/NODE/NET/BV-04-C Send Event               HCI!HCI_LE_SET_ADVERTISE_ENABLE{
                           advertisingEnable=HCI_LE_ADVERTISING_DISABLE
                         }
2026-02-14 04:23:58,037 LT1-callback ClientCallback.log INFO client.py                 82    logger_log                : PTS_LOGTYPE_RECEIVE_EVENT  

+4266 ms
 MESH/NODE/NET/BV-04-C Receive Event            HCI?HCI_LE_SET_ADVERTISE_ENABLE_COMMAND_COMPLETE_EVENT{
                           status=HCI_OK
                         }
2026-02-14 04:23:58,042 LT1-callback ClientCallback.log INFO client.py                 82    logger_log                : PTS_LOGTYPE_SEND_EVENT  

+4266 ms
 MESH/NODE/NET/BV-04-C Send Event               HCI!HCI_LE_SET_ADVERTISE_ENABLE{
                           advertisingEnable=HCI_LE_ADVERTISING_ENABLE
                         }
2026-02-14 04:23:58,048 LT1-callback ClientCallback.log INFO client.py                 82    logger_log                : PTS_LOGTYPE_RECEIVE_EVENT  

+4266 ms
 MESH/NODE/NET/BV-04-C Receive Event            HCI?HCI_LE_SET_ADVERTISE_ENABLE_COMMAND_COMPLETE_EVENT{
                           status=HCI_OK
                         }
2026-02-14 04:23:58,053 LT1-callback ClientCallback.log INFO client.py                 82    logger_log                : PTS_LOGTYPE_SEND_EVENT  

+4297 ms
 MESH/NODE/NET/BV-04-C Send Event               HCI!HCI_LE_SET_ADVERTISE_ENABLE{
                           advertisingEnable=HCI_LE_ADVERTISING_DISABLE
                         }
2026-02-14 04:23:58,056 LT1-callback ClientCallback.log INFO client.py                 82    logger_log                : PTS_LOGTYPE_RECEIVE_EVENT  

+4297 ms
 MESH/NODE/NET/BV-04-C Receive Event            HCI?HCI_LE_SET_ADVERTISE_ENABLE_COMMAND_COMPLETE_EVENT{
                           status=HCI_OK
                         }
2026-02-14 04:23:58,060 LT1-callback ClientCallback.log INFO client.py                 82    logger_log                : PTS_LOGTYPE_SEND_EVENT  

+4297 ms
 MESH/NODE/NET/BV-04-C Send Event               HCI!HCI_LE_SET_ADVERTISE_ENABLE{
                           advertisingEnable=HCI_LE_ADVERTISING_ENABLE
                         }
2026-02-14 04:23:58,063 LT1-callback ClientCallback.log INFO client.py                 82    logger_log                : PTS_LOGTYPE_RECEIVE_EVENT  

+4313 ms
 MESH/NODE/NET/BV-04-C Receive Event            HCI?HCI_LE_SET_ADVERTISE_ENABLE_COMMAND_COMPLETE_EVENT{
                           status=HCI_OK
                         }
2026-02-14 04:23:58,066 LT1-callback ClientCallback.log INFO client.py                 82    logger_log                : PTS_LOGTYPE_SEND_EVENT  

+4344 ms
 MESH/NODE/NET/BV-04-C Send Event               HCI!HCI_LE_SET_ADVERTISE_ENABLE{
                           advertisingEnable=HCI_LE_ADVERTISING_DISABLE
                         }
2026-02-14 04:23:58,068 LT1-callback ClientCallback.log INFO client.py                 82    logger_log                : PTS_LOGTYPE_RECEIVE_EVENT  

+4344 ms
 MESH/NODE/NET/BV-04-C Receive Event            HCI?HCI_LE_SET_ADVERTISE_ENABLE_COMMAND_COMPLETE_EVENT{
                           status=HCI_OK
                         }
2026-02-14 04:23:58,071 LT1-callback ClientCallback.log INFO client.py                 82    logger_log                : PTS_LOGTYPE_MESSAGE Verdict Description 

+4344 ms
 MESH/NODE/NET/BV-04-C Received provisioning command code 0x05 with data = 14291CDDFA338206AD5534D593C02CACBDD0188684 successfully.

2026-02-14 04:23:58,074 LT1-callback ClientCallback.log INFO client.py                 82    logger_log                : PTS_LOGTYPE_MESSAGE Verdict Description 

+4344 ms
 MESH/NODE/NET/BV-04-C **************** Confirmation received successfully. Value = 0524-9672-0303-B697-2F05-3EE2-6224-729C-25EE-EE64-AD55-34D5-93C0-2CAC-BDD0-1886-84 ****************


2026-02-14 04:23:58,077 LT1-callback ClientCallback.log INFO client.py                 82    logger_log                : PTS_LOGTYPE_MESSAGE Verdict Description 

+4360 ms
 MESH/NODE/NET/BV-04-C INFO: Sending provision data [connection id = 33fadd1c][transaction number = 4] (name Mesh Provisioning)(size 33) = Mesh Provisioning: 
    Op Code: [6 (0x06)] Provisioning Random
    Random: [0xC81798ACC14756A634B30821FA5539416C5F4A7789A97E0C32912244550173DF]

2026-02-14 04:23:58,080 LT1-callback ClientCallback.log INFO client.py                 82    logger_log                : PTS_LOGTYPE_SEND_EVENT  

+4360 ms
 MESH/NODE/NET/BV-04-C Send Event               HCI!HCI_LE_SET_ADVERTISING_DATA{
                           advertisingDataLength=0x1F,
                           advertisingData=0x1E291CDDFA33040400210106C81798ACC14756A634B30821FA5539416C5F4A
                         }
2026-02-14 04:23:58,083 LT1-callback ClientCallback.log INFO client.py                 82    logger_log                : PTS_LOGTYPE_RECEIVE_EVENT  

+4375 ms
 MESH/NODE/NET/BV-04-C Receive Event            HCI?HCI_LE_SET_ADVERTISING_DATA_COMPLETE_EVENT{
                           status=HCI_OK
                         }
2026-02-14 04:23:58,085 LT1-callback ClientCallback.log INFO client.py                 82    logger_log                : PTS_LOGTYPE_SEND_EVENT  

+4375 ms
 MESH/NODE/NET/BV-04-C Send Event               HCI!HCI_LE_SET_ADVERTISE_ENABLE{
                           advertisingEnable=HCI_LE_ADVERTISING_ENABLE
                         }
2026-02-14 04:23:58,088 LT1-callback ClientCallback.log INFO client.py                 82    logger_log                : PTS_LOGTYPE_RECEIVE_EVENT  

+4375 ms
 MESH/NODE/NET/BV-04-C Receive Event            HCI?HCI_LE_SET_ADVERTISE_ENABLE_COMMAND_COMPLETE_EVENT{
                           status=HCI_OK
                         }
2026-02-14 04:23:58,091 LT1-callback ClientCallback.log INFO client.py                 82    logger_log                : PTS_LOGTYPE_SEND_EVENT  

+4422 ms
 MESH/NODE/NET/BV-04-C Send Event               HCI!HCI_LE_SET_ADVERTISE_ENABLE{
                           advertisingEnable=HCI_LE_ADVERTISING_DISABLE
                         }
2026-02-14 04:23:58,094 LT1-callback ClientCallback.log INFO client.py                 82    logger_log                : PTS_LOGTYPE_RECEIVE_EVENT  

+4422 ms
 MESH/NODE/NET/BV-04-C Receive Event            HCI?HCI_LE_SET_ADVERTISE_ENABLE_COMMAND_COMPLETE_EVENT{
                           status=HCI_OK
                         }
2026-02-14 04:23:58,096 LT1-callback ClientCallback.log INFO client.py                 82    logger_log                : PTS_LOGTYPE_SEND_EVENT  

+4422 ms
 MESH/NODE/NET/BV-04-C Send Event               HCI!HCI_LE_SET_ADVERTISING_DATA{
                           advertisingDataLength=0x15,
                           advertisingData=0x14291CDDFA3304067789A97E0C32912244550173DF
                         }
2026-02-14 04:23:58,099 LT1-callback ClientCallback.log INFO client.py                 82    logger_log                : PTS_LOGTYPE_RECEIVE_EVENT  

+4438 ms
 MESH/NODE/NET/BV-04-C Receive Event            HCI?HCI_LE_SET_ADVERTISING_DATA_COMPLETE_EVENT{
                           status=HCI_OK
                         }
2026-02-14 04:23:58,102 LT1-callback ClientCallback.log INFO client.py                 82    logger_log                : PTS_LOGTYPE_SEND_EVENT  

+4438 ms
 MESH/NODE/NET/BV-04-C Send Event               HCI!HCI_LE_SET_ADVERTISE_ENABLE{
                           advertisingEnable=HCI_LE_ADVERTISING_ENABLE
                         }
2026-02-14 04:23:58,105 LT1-callback ClientCallback.log INFO client.py                 82    logger_log                : PTS_LOGTYPE_RECEIVE_EVENT  

+4438 ms
 MESH/NODE/NET/BV-04-C Receive Event            HCI?HCI_LE_SET_ADVERTISE_ENABLE_COMMAND_COMPLETE_EVENT{
                           status=HCI_OK
                         }
2026-02-14 04:23:58,108 LT1-callback ClientCallback.log INFO client.py                 82    logger_log                : PTS_LOGTYPE_SEND_EVENT  

+4469 ms
 MESH/NODE/NET/BV-04-C Send Event               HCI!HCI_LE_SET_ADVERTISE_ENABLE{
                           advertisingEnable=HCI_LE_ADVERTISING_DISABLE
                         }
2026-02-14 04:23:58,112 LT1-callback ClientCallback.log INFO client.py                 82    logger_log                : PTS_LOGTYPE_RECEIVE_EVENT  

+4469 ms
 MESH/NODE/NET/BV-04-C Receive Event            HCI?HCI_LE_SET_ADVERTISE_ENABLE_COMMAND_COMPLETE_EVENT{
                           status=HCI_OK
                         }
2026-02-14 04:23:58,115 LT1-callback ClientCallback.log INFO client.py                 82    logger_log                : PTS_LOGTYPE_MESSAGE Verdict Description 

+4547 ms
 MESH/NODE/NET/BV-04-C **************** Random send successfully. ****************


2026-02-14 04:23:58,117 LT1-callback ClientCallback.log INFO client.py                 82    logger_log                : PTS_LOGTYPE_MESSAGE Verdict Description 

+4547 ms
 MESH/NODE/NET/BV-04-C Wait for cmd = 0x6 with link ID  = 0x33FADD1C, transaction number = 0x83, holdAck= 0x0

2026-02-14 04:23:58,120 LT1-callback ClientCallback.log INFO client.py                 82    logger_log                : PTS_LOGTYPE_SEND_EVENT  

+4844 ms
 MESH/NODE/NET/BV-04-C Send Event               HCI!HCI_LE_SET_ADVERTISING_DATA{
                           advertisingDataLength=0x08,
                           advertisingData=0x07291CDDFA338301
                         }
2026-02-14 04:23:58,123 LT1-callback ClientCallback.log INFO client.py                 82    logger_log                : PTS_LOGTYPE_RECEIVE_EVENT  

+4844 ms
 MESH/NODE/NET/BV-04-C Receive Event            HCI?HCI_LE_SET_ADVERTISING_DATA_COMPLETE_EVENT{
                           status=HCI_OK
                         }
2026-02-14 04:23:58,125 LT1-callback ClientCallback.log INFO client.py                 82    logger_log                : PTS_LOGTYPE_SEND_EVENT  

+4844 ms
 MESH/NODE/NET/BV-04-C Send Event               HCI!HCI_LE_SET_ADVERTISE_ENABLE{
                           advertisingEnable=HCI_LE_ADVERTISING_ENABLE
                         }
2026-02-14 04:23:58,128 LT1-callback ClientCallback.log INFO client.py                 82    logger_log                : PTS_LOGTYPE_RECEIVE_EVENT  

+4860 ms
 MESH/NODE/NET/BV-04-C Receive Event            HCI?HCI_LE_SET_ADVERTISE_ENABLE_COMMAND_COMPLETE_EVENT{
                           status=HCI_OK
                         }
2026-02-14 04:23:58,131 LT1-callback ClientCallback.log INFO client.py                 82    logger_log                : PTS_LOGTYPE_SEND_EVENT  

+4891 ms
 MESH/NODE/NET/BV-04-C Send Event               HCI!HCI_LE_SET_ADVERTISE_ENABLE{
                           advertisingEnable=HCI_LE_ADVERTISING_DISABLE
                         }
2026-02-14 04:23:58,136 LT1-callback ClientCallback.log INFO client.py                 82    logger_log                : PTS_LOGTYPE_RECEIVE_EVENT  

+4891 ms
 MESH/NODE/NET/BV-04-C Receive Event            HCI?HCI_LE_SET_ADVERTISE_ENABLE_COMMAND_COMPLETE_EVENT{
                           status=HCI_OK
                         }
2026-02-14 04:23:58,141 LT1-callback ClientCallback.log INFO client.py                 82    logger_log                : PTS_LOGTYPE_SEND_EVENT  

+4891 ms
 MESH/NODE/NET/BV-04-C Send Event               HCI!HCI_LE_SET_ADVERTISE_ENABLE{
                           advertisingEnable=HCI_LE_ADVERTISING_ENABLE
                         }
2026-02-14 04:23:58,146 LT1-callback ClientCallback.log INFO client.py                 82    logger_log                : PTS_LOGTYPE_RECEIVE_EVENT  

+4906 ms
 MESH/NODE/NET/BV-04-C Receive Event            HCI?HCI_LE_SET_ADVERTISE_ENABLE_COMMAND_COMPLETE_EVENT{
                           status=HCI_OK
                         }
2026-02-14 04:23:58,152 LT1-callback ClientCallback.log INFO client.py                 82    logger_log                : PTS_LOGTYPE_SEND_EVENT  

+4938 ms
 MESH/NODE/NET/BV-04-C Send Event               HCI!HCI_LE_SET_ADVERTISE_ENABLE{
                           advertisingEnable=HCI_LE_ADVERTISING_DISABLE
                         }
2026-02-14 04:23:58,155 LT1-callback ClientCallback.log INFO client.py                 82    logger_log                : PTS_LOGTYPE_RECEIVE_EVENT  

+4953 ms
 MESH/NODE/NET/BV-04-C Receive Event            HCI?HCI_LE_SET_ADVERTISE_ENABLE_COMMAND_COMPLETE_EVENT{
                           status=HCI_OK
                         }
2026-02-14 04:23:58,158 LT1-callback ClientCallback.log INFO client.py                 82    logger_log                : PTS_LOGTYPE_SEND_EVENT  

+4953 ms
 MESH/NODE/NET/BV-04-C Send Event               HCI!HCI_LE_SET_ADVERTISE_ENABLE{
                           advertisingEnable=HCI_LE_ADVERTISING_ENABLE
                         }
2026-02-14 04:23:58,161 LT1-callback ClientCallback.log INFO client.py                 82    logger_log                : PTS_LOGTYPE_RECEIVE_EVENT  

+4953 ms
 MESH/NODE/NET/BV-04-C Receive Event            HCI?HCI_LE_SET_ADVERTISE_ENABLE_COMMAND_COMPLETE_EVENT{
                           status=HCI_OK
                         }
2026-02-14 04:23:58,163 LT1-callback ClientCallback.log INFO client.py                 82    logger_log                : PTS_LOGTYPE_SEND_EVENT  

+4985 ms
 MESH/NODE/NET/BV-04-C Send Event               HCI!HCI_LE_SET_ADVERTISE_ENABLE{
                           advertisingEnable=HCI_LE_ADVERTISING_DISABLE
                         }
2026-02-14 04:23:58,166 LT1-callback ClientCallback.log INFO client.py                 82    logger_log                : PTS_LOGTYPE_RECEIVE_EVENT  

+5000 ms
 MESH/NODE/NET/BV-04-C Receive Event            HCI?HCI_LE_SET_ADVERTISE_ENABLE_COMMAND_COMPLETE_EVENT{
                           status=HCI_OK
                         }
2026-02-14 04:23:58,171 LT1-callback ClientCallback.log INFO client.py                 82    logger_log                : PTS_LOGTYPE_MESSAGE Verdict Description 

+5000 ms
 MESH/NODE/NET/BV-04-C Received provisioning command code 0x06 with data = 14291CDDFA3383065D558DFC1155A0B492F20F6AD8 successfully.

2026-02-14 04:23:58,174 LT1-callback ClientCallback.log INFO client.py                 82    logger_log                : PTS_LOGTYPE_MESSAGE Verdict Description 

+5000 ms
 MESH/NODE/NET/BV-04-C **************** Random received successfully. ****************


2026-02-14 04:23:58,176 LT1-callback ClientCallback.log INFO client.py                 82    logger_log                : PTS_LOGTYPE_MESSAGE Verdict Description 

+5000 ms
 MESH/NODE/NET/BV-04-C Value constructed from the IUT random = 0524-9672-0303-B697-2F05-3EE2-6224-729C-25EE-EE64-AD55-34D5-93C0-2CAC-BDD0-1886-84

2026-02-14 04:23:58,179 LT1-callback ClientCallback.log INFO client.py                 82    logger_log                : PTS_LOGTYPE_MESSAGE Verdict Description 

+5000 ms
 MESH/NODE/NET/BV-04-C **************** Confirmation match.****************


2026-02-14 04:23:58,182 LT1-callback ClientCallback.log INFO client.py                 82    logger_log                : PTS_LOGTYPE_MESSAGE Verdict Description 

+5016 ms
 MESH/NODE/NET/BV-04-C INFO: Sending provision data [connection id = 33fadd1c][transaction number = 5] (name Mesh Provisioning)(size 34) = Mesh Provisioning: 
    Op Code: [7 (0x07)] Provisioning Data
    Data: [0x2713FA89F29BEC3E85AA4C8F06ED91EBFC434A81093E889B5B6D825C31F675733C]

2026-02-14 04:23:58,186 LT1-callback ClientCallback.log INFO client.py                 82    logger_log                : PTS_LOGTYPE_SEND_EVENT  

+5016 ms
 MESH/NODE/NET/BV-04-C Send Event               HCI!HCI_LE_SET_ADVERTISING_DATA{
                           advertisingDataLength=0x1F,
                           advertisingData=0x1E291CDDFA3305040022EE072713FA89F29BEC3E85AA4C8F06ED91EBFC434A
                         }
2026-02-14 04:23:58,189 LT1-callback ClientCallback.log INFO client.py                 82    logger_log                : PTS_LOGTYPE_RECEIVE_EVENT  

+5016 ms
 MESH/NODE/NET/BV-04-C Receive Event            HCI?HCI_LE_SET_ADVERTISING_DATA_COMPLETE_EVENT{
                           status=HCI_OK
                         }
2026-02-14 04:23:58,192 LT1-callback ClientCallback.log INFO client.py                 82    logger_log                : PTS_LOGTYPE_SEND_EVENT  

+5016 ms
 MESH/NODE/NET/BV-04-C Send Event               HCI!HCI_LE_SET_ADVERTISE_ENABLE{
                           advertisingEnable=HCI_LE_ADVERTISING_ENABLE
                         }
2026-02-14 04:23:58,195 LT1-callback ClientCallback.log INFO client.py                 82    logger_log                : PTS_LOGTYPE_RECEIVE_EVENT  

+5031 ms
 MESH/NODE/NET/BV-04-C Receive Event            HCI?HCI_LE_SET_ADVERTISE_ENABLE_COMMAND_COMPLETE_EVENT{
                           status=HCI_OK
                         }
2026-02-14 04:23:58,198 LT1-callback ClientCallback.log INFO client.py                 82    logger_log                : PTS_LOGTYPE_SEND_EVENT  

+5063 ms
 MESH/NODE/NET/BV-04-C Send Event               HCI!HCI_LE_SET_ADVERTISE_ENABLE{
                           advertisingEnable=HCI_LE_ADVERTISING_DISABLE
                         }
2026-02-14 04:23:58,201 LT1-callback ClientCallback.log INFO client.py                 82    logger_log                : PTS_LOGTYPE_RECEIVE_EVENT  

+5063 ms
 MESH/NODE/NET/BV-04-C Receive Event            HCI?HCI_LE_SET_ADVERTISE_ENABLE_COMMAND_COMPLETE_EVENT{
                           status=HCI_OK
                         }
2026-02-14 04:23:58,204 LT1-callback ClientCallback.log INFO client.py                 82    logger_log                : PTS_LOGTYPE_SEND_EVENT  

+5063 ms
 MESH/NODE/NET/BV-04-C Send Event               HCI!HCI_LE_SET_ADVERTISING_DATA{
                           advertisingDataLength=0x16,
                           advertisingData=0x15291CDDFA33050681093E889B5B6D825C31F675733C
                         }
2026-02-14 04:23:58,207 LT1-callback ClientCallback.log INFO client.py                 82    logger_log                : PTS_LOGTYPE_RECEIVE_EVENT  

+5063 ms
 MESH/NODE/NET/BV-04-C Receive Event            HCI?HCI_LE_SET_ADVERTISING_DATA_COMPLETE_EVENT{
                           status=HCI_OK
                         }
2026-02-14 04:23:58,210 LT1-callback ClientCallback.log INFO client.py                 82    logger_log                : PTS_LOGTYPE_SEND_EVENT  

+5063 ms
 MESH/NODE/NET/BV-04-C Send Event               HCI!HCI_LE_SET_ADVERTISE_ENABLE{
                           advertisingEnable=HCI_LE_ADVERTISING_ENABLE
                         }
2026-02-14 04:23:58,212 LT1-callback ClientCallback.log INFO client.py                 82    logger_log                : PTS_LOGTYPE_RECEIVE_EVENT  

+5078 ms
 MESH/NODE/NET/BV-04-C Receive Event            HCI?HCI_LE_SET_ADVERTISE_ENABLE_COMMAND_COMPLETE_EVENT{
                           status=HCI_OK
                         }
2026-02-14 04:23:58,216 LT1-callback ClientCallback.log INFO client.py                 82    logger_log                : PTS_LOGTYPE_SEND_EVENT  

+5110 ms
 MESH/NODE/NET/BV-04-C Send Event               HCI!HCI_LE_SET_ADVERTISE_ENABLE{
                           advertisingEnable=HCI_LE_ADVERTISING_DISABLE
                         }
2026-02-14 04:23:58,219 LT1-callback ClientCallback.log INFO client.py                 82    logger_log                : PTS_LOGTYPE_RECEIVE_EVENT  

+5110 ms
 MESH/NODE/NET/BV-04-C Receive Event            HCI?HCI_LE_SET_ADVERTISE_ENABLE_COMMAND_COMPLETE_EVENT{
                           status=HCI_OK
                         }
2026-02-14 04:23:58,222 LT1-callback ClientCallback.log INFO client.py                 82    logger_log                : PTS_LOGTYPE_MESSAGE Verdict Description 

+5297 ms
 MESH/NODE/NET/BV-04-C **************** Data send successfully. ****************


2026-02-14 04:23:58,225 LT1-callback ClientCallback.log INFO client.py                 82    logger_log                : PTS_LOGTYPE_MESSAGE Verdict Description 

+5297 ms
 MESH/NODE/NET/BV-04-C Wait for cmd = 0x8 with link ID  = 0x33FADD1C, transaction number = 0x84, holdAck= 0x0

2026-02-14 04:23:58,228 LT1-callback ClientCallback.log INFO client.py                 82    logger_log                : PTS_LOGTYPE_SEND_EVENT  

+5563 ms
 MESH/NODE/NET/BV-04-C Send Event               HCI!HCI_LE_SET_ADVERTISING_DATA{
                           advertisingDataLength=0x08,
                           advertisingData=0x07291CDDFA338401
                         }
2026-02-14 04:23:58,231 LT1-callback ClientCallback.log INFO client.py                 82    logger_log                : PTS_LOGTYPE_RECEIVE_EVENT  

+5563 ms
 MESH/NODE/NET/BV-04-C Receive Event            HCI?HCI_LE_SET_ADVERTISING_DATA_COMPLETE_EVENT{
                           status=HCI_OK
                         }
2026-02-14 04:23:58,233 LT1-callback ClientCallback.log INFO client.py                 82    logger_log                : PTS_LOGTYPE_SEND_EVENT  

+5563 ms
 MESH/NODE/NET/BV-04-C Send Event               HCI!HCI_LE_SET_ADVERTISE_ENABLE{
                           advertisingEnable=HCI_LE_ADVERTISING_ENABLE
                         }
2026-02-14 04:23:58,236 LT1-callback ClientCallback.log INFO client.py                 82    logger_log                : PTS_LOGTYPE_RECEIVE_EVENT  

+5578 ms
 MESH/NODE/NET/BV-04-C Receive Event            HCI?HCI_LE_SET_ADVERTISE_ENABLE_COMMAND_COMPLETE_EVENT{
                           status=HCI_OK
                         }
2026-02-14 04:23:58,239 LT1-callback ClientCallback.log INFO client.py                 82    logger_log                : PTS_LOGTYPE_SEND_EVENT  

+5610 ms
 MESH/NODE/NET/BV-04-C Send Event               HCI!HCI_LE_SET_ADVERTISE_ENABLE{
                           advertisingEnable=HCI_LE_ADVERTISING_DISABLE
                         }
2026-02-14 04:23:58,242 LT1-callback ClientCallback.log INFO client.py                 82    logger_log                : PTS_LOGTYPE_RECEIVE_EVENT  

+5610 ms
 MESH/NODE/NET/BV-04-C Receive Event            HCI?HCI_LE_SET_ADVERTISE_ENABLE_COMMAND_COMPLETE_EVENT{
                           status=HCI_OK
                         }
2026-02-14 04:23:58,245 LT1-callback ClientCallback.log INFO client.py                 82    logger_log                : PTS_LOGTYPE_SEND_EVENT  

+5610 ms
 MESH/NODE/NET/BV-04-C Send Event               HCI!HCI_LE_SET_ADVERTISE_ENABLE{
                           advertisingEnable=HCI_LE_ADVERTISING_ENABLE
                         }
2026-02-14 04:23:58,248 LT1-callback ClientCallback.log INFO client.py                 82    logger_log                : PTS_LOGTYPE_RECEIVE_EVENT  

+5625 ms
 MESH/NODE/NET/BV-04-C Receive Event            HCI?HCI_LE_SET_ADVERTISE_ENABLE_COMMAND_COMPLETE_EVENT{
                           status=HCI_OK
                         }
2026-02-14 04:23:58,251 LT1-callback ClientCallback.log INFO client.py                 82    logger_log                : PTS_LOGTYPE_SEND_EVENT  

+5656 ms
 MESH/NODE/NET/BV-04-C Send Event               HCI!HCI_LE_SET_ADVERTISE_ENABLE{
                           advertisingEnable=HCI_LE_ADVERTISING_DISABLE
                         }
2026-02-14 04:23:58,253 LT1-callback ClientCallback.log INFO client.py                 82    logger_log                : PTS_LOGTYPE_RECEIVE_EVENT  

+5656 ms
 MESH/NODE/NET/BV-04-C Receive Event            HCI?HCI_LE_SET_ADVERTISE_ENABLE_COMMAND_COMPLETE_EVENT{
                           status=HCI_OK
                         }
2026-02-14 04:23:58,259 LT1-callback ClientCallback.log INFO client.py                 82    logger_log                : PTS_LOGTYPE_SEND_EVENT  

+5672 ms
 MESH/NODE/NET/BV-04-C Send Event               HCI!HCI_LE_SET_ADVERTISE_ENABLE{
                           advertisingEnable=HCI_LE_ADVERTISING_ENABLE
                         }
2026-02-14 04:23:58,264 LT1-callback ClientCallback.log INFO client.py                 82    logger_log                : PTS_LOGTYPE_RECEIVE_EVENT  

+5672 ms
 MESH/NODE/NET/BV-04-C Receive Event            HCI?HCI_LE_SET_ADVERTISE_ENABLE_COMMAND_COMPLETE_EVENT{
                           status=HCI_OK
                         }
2026-02-14 04:23:58,270 LT1-callback ClientCallback.log INFO client.py                 82    logger_log                : PTS_LOGTYPE_SEND_EVENT  

+5703 ms
 MESH/NODE/NET/BV-04-C Send Event               HCI!HCI_LE_SET_ADVERTISE_ENABLE{
                           advertisingEnable=HCI_LE_ADVERTISING_DISABLE
                         }
2026-02-14 04:23:58,278 LT1-callback ClientCallback.log INFO client.py                 82    logger_log                : PTS_LOGTYPE_RECEIVE_EVENT  

+5703 ms
 MESH/NODE/NET/BV-04-C Receive Event            HCI?HCI_LE_SET_ADVERTISE_ENABLE_COMMAND_COMPLETE_EVENT{
                           status=HCI_OK
                         }
2026-02-14 04:23:58,283 LT1-callback ClientCallback.log INFO client.py                 82    logger_log                : PTS_LOGTYPE_MESSAGE Verdict Description 

+5703 ms
 MESH/NODE/NET/BV-04-C Received provisioning command code 0x08 with data = 0B291CDDFA33840000013E08 successfully.

2026-02-14 04:23:58,288 LT1-callback ClientCallback.log INFO client.py                 82    logger_log                : PTS_LOGTYPE_MESSAGE Verdict Description 

+5703 ms
 MESH/NODE/NET/BV-04-C **************** Complete received successfully.****************


2026-02-14 04:23:58,292 LT1-callback ClientCallback.log INFO client.py                 82    logger_log                : PTS_LOGTYPE_MESSAGE Verdict Description 

+5703 ms
 MESH/NODE/NET/BV-04-C Wait for cmd = 0xFE with link ID  = 0x33FADD1C, transaction number = 0x85, holdAck= 0x0

2026-02-14 04:23:58,295 LT1-callback ClientCallback.log INFO client.py                 82    logger_log                : PTS_LOGTYPE_SEND_EVENT  

+6719 ms
 MESH/NODE/NET/BV-04-C Send Event               HCI!HCI_LE_SET_ADVERTISING_DATA{
                           advertisingDataLength=0x09,
                           advertisingData=0x08291CDDFA33000B00
                         }
2026-02-14 04:23:58,299 LT1-callback ClientCallback.log INFO client.py                 82    logger_log                : PTS_LOGTYPE_RECEIVE_EVENT  

+6719 ms
 MESH/NODE/NET/BV-04-C Receive Event            HCI?HCI_LE_SET_ADVERTISING_DATA_COMPLETE_EVENT{
                           status=HCI_OK
                         }
2026-02-14 04:23:58,302 LT1-callback ClientCallback.log INFO client.py                 82    logger_log                : PTS_LOGTYPE_SEND_EVENT  

+6719 ms
 MESH/NODE/NET/BV-04-C Send Event               HCI!HCI_LE_SET_ADVERTISE_ENABLE{
                           advertisingEnable=HCI_LE_ADVERTISING_ENABLE
                         }
2026-02-14 04:23:58,305 LT1-callback ClientCallback.log INFO client.py                 82    logger_log                : PTS_LOGTYPE_RECEIVE_EVENT  

+6719 ms
 MESH/NODE/NET/BV-04-C Receive Event            HCI?HCI_LE_SET_ADVERTISE_ENABLE_COMMAND_COMPLETE_EVENT{
                           status=HCI_OK
                         }
2026-02-14 04:23:58,307 LT1-callback ClientCallback.log INFO client.py                 82    logger_log                : PTS_LOGTYPE_SEND_EVENT  

+6750 ms
 MESH/NODE/NET/BV-04-C Send Event               HCI!HCI_LE_SET_ADVERTISE_ENABLE{
                           advertisingEnable=HCI_LE_ADVERTISING_DISABLE
                         }
2026-02-14 04:23:58,311 LT1-callback ClientCallback.log INFO client.py                 82    logger_log                : PTS_LOGTYPE_RECEIVE_EVENT  

+6750 ms
 MESH/NODE/NET/BV-04-C Receive Event            HCI?HCI_LE_SET_ADVERTISE_ENABLE_COMMAND_COMPLETE_EVENT{
                           status=HCI_OK
                         }
2026-02-14 04:23:58,313 LT1-callback ClientCallback.log INFO client.py                 82    logger_log                : PTS_LOGTYPE_SEND_EVENT  

+6750 ms
 MESH/NODE/NET/BV-04-C Send Event               HCI!HCI_LE_SET_ADVERTISE_ENABLE{
                           advertisingEnable=HCI_LE_ADVERTISING_ENABLE
                         }
2026-02-14 04:23:58,316 LT1-callback ClientCallback.log INFO client.py                 82    logger_log                : PTS_LOGTYPE_RECEIVE_EVENT  

+6750 ms
 MESH/NODE/NET/BV-04-C Receive Event            HCI?HCI_LE_SET_ADVERTISE_ENABLE_COMMAND_COMPLETE_EVENT{
                           status=HCI_OK
                         }
2026-02-14 04:23:58,319 LT1-callback ClientCallback.log INFO client.py                 82    logger_log                : PTS_LOGTYPE_SEND_EVENT  

+6781 ms
 MESH/NODE/NET/BV-04-C Send Event               HCI!HCI_LE_SET_ADVERTISE_ENABLE{
                           advertisingEnable=HCI_LE_ADVERTISING_DISABLE
                         }
2026-02-14 04:23:58,322 LT1-callback ClientCallback.log INFO client.py                 82    logger_log                : PTS_LOGTYPE_RECEIVE_EVENT  

+6781 ms
 MESH/NODE/NET/BV-04-C Receive Event            HCI?HCI_LE_SET_ADVERTISE_ENABLE_COMMAND_COMPLETE_EVENT{
                           status=HCI_OK
                         }
2026-02-14 04:23:58,326 LT1-callback ClientCallback.log INFO client.py                 82    logger_log                : PTS_LOGTYPE_SEND_EVENT  

+6781 ms
 MESH/NODE/NET/BV-04-C Send Event               HCI!HCI_LE_SET_ADVERTISE_ENABLE{
                           advertisingEnable=HCI_LE_ADVERTISING_ENABLE
                         }
2026-02-14 04:23:58,329 LT1-callback ClientCallback.log INFO client.py                 82    logger_log                : PTS_LOGTYPE_RECEIVE_EVENT  

+6781 ms
 MESH/NODE/NET/BV-04-C Receive Event            HCI?HCI_LE_SET_ADVERTISE_ENABLE_COMMAND_COMPLETE_EVENT{
                           status=HCI_OK
                         }
2026-02-14 04:23:58,332 LT1-callback ClientCallback.log INFO client.py                 82    logger_log                : PTS_LOGTYPE_SEND_EVENT  

+6813 ms
 MESH/NODE/NET/BV-04-C Send Event               HCI!HCI_LE_SET_ADVERTISE_ENABLE{
                           advertisingEnable=HCI_LE_ADVERTISING_DISABLE
                         }
2026-02-14 04:23:58,335 LT1-callback ClientCallback.log INFO client.py                 82    logger_log                : PTS_LOGTYPE_RECEIVE_EVENT  

+6813 ms
 MESH/NODE/NET/BV-04-C Receive Event            HCI?HCI_LE_SET_ADVERTISE_ENABLE_COMMAND_COMPLETE_EVENT{
                           status=HCI_OK
                         }
2026-02-14 04:23:58,338 LT1-callback ClientCallback.log INFO client.py                 82    logger_log                : PTS_LOGTYPE_MESSAGE Verdict Description 

+6813 ms
 MESH/NODE/NET/BV-04-C INFO: SendProv Link data (name org.bluetooth.mesh.provision_bearer_adv)(size 9) = Mesh Provisioning Bearer Advertising: 
    Length: [8 (0x08)]
    PB AD Type: [41 (0x29)]
    Connection ID: [872078620 (0x33FADD1C)]
    Transaction Number: [0 (0x00)]
    C Info: [11 (0x0B)] Link Close
    Data: [0x00]

2026-02-14 04:23:58,341 LT1-callback ClientCallback.log INFO client.py                 82    logger_log                : PTS_LOGTYPE_SEND_EVENT  

+7328 ms
 MESH/NODE/NET/BV-04-C Send Event               HCI!HCI_LE_SET_ADVERTISING_DATA{
                           advertisingDataLength=0x1A,
                           advertisingData=0x19FF9A05010540F56FD6F27B95998E8004D174E926280000000A
                         }
2026-02-14 04:23:58,344 LT1-callback ClientCallback.log INFO client.py                 82    logger_log                : PTS_LOGTYPE_RECEIVE_EVENT  

+7328 ms
 MESH/NODE/NET/BV-04-C Receive Event            HCI?HCI_LE_SET_ADVERTISING_DATA_COMPLETE_EVENT{
                           status=HCI_OK
                         }
2026-02-14 04:23:58,347 LT1-callback ClientCallback.log INFO client.py                 82    logger_log                : PTS_LOGTYPE_SEND_EVENT  

+7328 ms
 MESH/NODE/NET/BV-04-C Send Event               HCI!HCI_LE_SET_ADVERTISING_DATA{
                           advertisingDataLength=0x16,
                           advertisingData=0x15FF9A0501038A9C25B57C7776D494EA938B38E102A6
                         }
2026-02-14 04:23:58,350 LT1-callback ClientCallback.log INFO client.py                 82    logger_log                : PTS_LOGTYPE_RECEIVE_EVENT  

+7328 ms
 MESH/NODE/NET/BV-04-C Receive Event            HCI?HCI_LE_SET_ADVERTISING_DATA_COMPLETE_EVENT{
                           status=HCI_OK
                         }
2026-02-14 04:23:58,352 LT1-callback ClientCallback.log INFO client.py                 82    logger_log                : PTS_LOGTYPE_MESSAGE User Action Required 

+7328 ms
 MESH/NODE/NET/BV-04-C MMI_19 (MMI_Style_Ok1=0x00011040): Please send a network packet with maximum TransportPDU size with the following network header: Network Header: 
    NID: (lt)WildCard: Exists(gt)
    IVI: (lt)WildCard: Exists(gt)
    TTL: [0x00]
    CTL: [0x00]
    SEQ: (lt)WildCard: Exists(gt)
    SRC: [0x0002]
    DST: [0xFFFC]
    TransportPDU: (lt)WildCard: Exists(gt)

2026-02-14 04:23:58,356 LT1-callback ClientCallback.log INFO client.py                 82    logger_log                : PTS_LOGTYPE_MESSAGE TestCaseEventHandler.Wait, Input 

+7328 ms
 MESH/NODE/NET/BV-04-C MeshNetworkNetworkHeader:
NID:(lt)WildCard:Exists(gt)
IVI:(lt)WildCard:Exists(gt)
TTL:[0x00]
CTL:[
                           0x00
                         ]
SEQ:(lt)WildCard:Exists(gt)
SRC:[
                           0x0002
                         ]
DST:[
                           0xFFFC
                         ]
TransportPDU:(lt)WildCard:Exists(gt)
2026-02-14 04:23:58,359 LT1-callback ClientCallback.log INFO client.py                 82    logger_log                : PTS_LOGTYPE_MESSAGE Verdict Description 

+7328 ms
 MESH/NODE/NET/BV-04-C ***** Waiting for: MeshNetworkNetwork Header: 
    NID: (lt)WildCard: Exists(gt)
    IVI: (lt)WildCard: Exists(gt)
    TTL: [0x00]
    CTL: [0x00]
    SEQ: (lt)WildCard: Exists(gt)
    SRC: [0x0002]
    DST: [0xFFFC]
    TransportPDU: (lt)WildCard: Exists(gt)


2026-02-14 04:23:58,362 LT1-callback ClientCallback.log INFO client.py                 82    logger_log                : PTS_LOGTYPE_MESSAGE Verdict Description 

+7781 ms
 MESH/NODE/NET/BV-04-C Transport layer DecryptPacket no key

2026-02-14 04:23:58,365 LT1-callback ClientCallback.log INFO client.py                 82    logger_log                : PTS_LOGTYPE_MESSAGE TestCaseEventHandler.Wait, Received 

+7938 ms
 MESH/NODE/NET/BV-04-C MeshNetworkNetworkHeader:
NID:[0x0E]
IVI:[
                           0x00
                         ]
TTL:[
                           0x00
                         ]
CTL:[
                           0x00
                         ]
SEQ:[
                           0x000000
                         ]
SRC:[
                           0x0002
                         ]
DST:[
                           0xFFFC
                         ]
TransportPDU:[
                           0x7808D620C9F4C7EB8D
                         ]
2026-02-14 04:23:58,368 LT1-callback ClientCallback.log INFO client.py                 82    logger_log                : PTS_LOGTYPE_MESSAGE User Action Required 

+7953 ms
 MESH/NODE/NET/BV-04-C MMI_19 (MMI_Style_Ok1=0x00011040): Please send a network packet with maximum TransportPDU size with the following network header: Network Header: 
    NID: (lt)WildCard: Exists(gt)
    IVI: (lt)WildCard: Exists(gt)
    TTL: [0x0A]
    CTL: [0x00]
    SEQ: (lt)WildCard: Exists(gt)
    SRC: [0x0002]
    DST: [0xFFFC]
    TransportPDU: (lt)WildCard: Exists(gt)

2026-02-14 04:23:58,373 LT1-callback ClientCallback.log INFO client.py                 82    logger_log                : PTS_LOGTYPE_MESSAGE TestCaseEventHandler.Wait, Input 

+7953 ms
 MESH/NODE/NET/BV-04-C MeshNetworkNetworkHeader:
NID:(lt)WildCard:Exists(gt)
IVI:(lt)WildCard:Exists(gt)
TTL:[0x0A]
CTL:[
                           0x00
                         ]
SEQ:(lt)WildCard:Exists(gt)
SRC:[
                           0x0002
                         ]
DST:[
                           0xFFFC
                         ]
TransportPDU:(lt)WildCard:Exists(gt)
2026-02-14 04:23:58,376 LT1-callback ClientCallback.log INFO client.py                 82    logger_log                : PTS_LOGTYPE_MESSAGE Verdict Description 

+7953 ms
 MESH/NODE/NET/BV-04-C ***** Waiting for: MeshNetworkNetwork Header: 
    NID: (lt)WildCard: Exists(gt)
    IVI: (lt)WildCard: Exists(gt)
    TTL: [0x0A]
    CTL: [0x00]
    SEQ: (lt)WildCard: Exists(gt)
    SRC: [0x0002]
    DST: [0xFFFC]
    TransportPDU: (lt)WildCard: Exists(gt)


2026-02-14 04:23:58,379 LT1-callback ClientCallback.log INFO client.py                 82    logger_log                : PTS_LOGTYPE_MESSAGE Verdict Description 

+8781 ms
 MESH/NODE/NET/BV-04-C Transport layer DecryptPacket no key

2026-02-14 04:23:58,381 LT1-callback ClientCallback.log INFO client.py                 82    logger_log                : PTS_LOGTYPE_MESSAGE TestCaseEventHandler.Wait, Received 

+8828 ms
 MESH/NODE/NET/BV-04-C MeshNetworkNetworkHeader:
NID:[0x0E]
IVI:[
                           0x00
                         ]
TTL:[
                           0x0A
                         ]
CTL:[
                           0x00
                         ]
SEQ:[
                           0x000001
                         ]
SRC:[
                           0x0002
                         ]
DST:[
                           0xFFFC
                         ]
TransportPDU:[
                           0x78635EA61C48983F4E
                         ]
2026-02-14 04:23:58,387 LT1-callback ClientCallback.log INFO client.py                 82    logger_log                : PTS_LOGTYPE_MESSAGE User Action Required 

+8828 ms
 MESH/NODE/NET/BV-04-C MMI_19 (MMI_Style_Ok1=0x00011040): Please send a network packet with maximum TransportPDU size with the following network header: Network Header: 
    NID: (lt)WildCard: Exists(gt)
    IVI: (lt)WildCard: Exists(gt)
    TTL: [0x7F]
    CTL: [0x00]
    SEQ: (lt)WildCard: Exists(gt)
    SRC: [0x0002]
    DST: [0xFFFC]
    TransportPDU: (lt)WildCard: Exists(gt)

2026-02-14 04:23:58,454 LT1-callback ClientCallback.log INFO client.py                 82    logger_log                : PTS_LOGTYPE_MESSAGE TestCaseEventHandler.Wait, Input 

+8828 ms
 MESH/NODE/NET/BV-04-C MeshNetworkNetworkHeader:
NID:(lt)WildCard:Exists(gt)
IVI:(lt)WildCard:Exists(gt)
TTL:[0x7F]
CTL:[
                           0x00
                         ]
SEQ:(lt)WildCard:Exists(gt)
SRC:[
                           0x0002
                         ]
DST:[
                           0xFFFC
                         ]
TransportPDU:(lt)WildCard:Exists(gt)
2026-02-14 04:23:58,460 LT1-callback ClientCallback.log INFO client.py                 82    logger_log                : PTS_LOGTYPE_MESSAGE Verdict Description 

+8828 ms
 MESH/NODE/NET/BV-04-C ***** Waiting for: MeshNetworkNetwork Header: 
    NID: (lt)WildCard: Exists(gt)
    IVI: (lt)WildCard: Exists(gt)
    TTL: [0x7F]
    CTL: [0x00]
    SEQ: (lt)WildCard: Exists(gt)
    SRC: [0x0002]
    DST: [0xFFFC]
    TransportPDU: (lt)WildCard: Exists(gt)


2026-02-14 04:23:58,465 LT1-callback ClientCallback.log INFO client.py                 82    logger_log                : PTS_LOGTYPE_MESSAGE Verdict Description 

+9797 ms
 MESH/NODE/NET/BV-04-C Transport layer DecryptPacket no key

2026-02-14 04:23:58,467 LT1-callback ClientCallback.log INFO client.py                 82    logger_log                : PTS_LOGTYPE_MESSAGE TestCaseEventHandler.Wait, Received 

+9797 ms
 MESH/NODE/NET/BV-04-C MeshNetworkNetworkHeader:
NID:[0x0E]
IVI:[
                           0x00
                         ]
TTL:[
                           0x7F
                         ]
CTL:[
                           0x00
                         ]
SEQ:[
                           0x000002
                         ]
SRC:[
                           0x0002
                         ]
DST:[
                           0xFFFC
                         ]
TransportPDU:[
                           0x7804CC0DFC4CDB746C
                         ]
2026-02-14 04:23:58,472 LT1-callback ClientCallback.log INFO client.py                 82    logger_log                : PTS_LOGTYPE_MESSAGE Verdict Description 

+9797 ms
 MESH/NODE/NET/BV-04-C SendAndReceive
**** Sending: Op Code: [0x8024] Config Network Transmit Set
**** Waiting for: Op Code: [0x8025] Config Network Transmit Status


2026-02-14 04:23:58,476 LT1-callback ClientCallback.log INFO client.py                 82    logger_log                : PTS_LOGTYPE_MESSAGE Verdict Description 

+9797 ms
 MESH/NODE/NET/BV-04-C MeshApplicationLayer SendValue 
Configuration Client: 
    Op Code: [0x8024] Config Network Transmit Set
    Network Transmit Count: [0x02]
    Network Transmit Interval Steps: [0x10]
Send Access Payload = 802482


2026-02-14 04:23:58,478 LT1-callback ClientCallback.log INFO client.py                 82    logger_log                : PTS_LOGTYPE_SEND_EVENT  

+9797 ms
 MESH/NODE/NET/BV-04-C Send Event               HCI!HCI_LE_SET_ADVERTISING_DATA{
                           advertisingDataLength=0x1E,
                           advertisingData=0x1D2A0E9130435AB397A066DEA099F45899A4912789185BAC8E7ABA7B62B4
                         }
2026-02-14 04:23:58,481 LT1-callback ClientCallback.log INFO client.py                 82    logger_log                : PTS_LOGTYPE_RECEIVE_EVENT  

+9797 ms
 MESH/NODE/NET/BV-04-C Receive Event            HCI?HCI_LE_SET_ADVERTISING_DATA_COMPLETE_EVENT{
                           status=HCI_OK
                         }
2026-02-14 04:23:58,484 LT1-callback ClientCallback.log INFO client.py                 82    logger_log                : PTS_LOGTYPE_SEND_EVENT  

+9797 ms
 MESH/NODE/NET/BV-04-C Send Event               HCI!HCI_LE_SET_ADVERTISE_ENABLE{
                           advertisingEnable=HCI_LE_ADVERTISING_ENABLE
                         }
2026-02-14 04:23:58,487 LT1-callback ClientCallback.log INFO client.py                 82    logger_log                : PTS_LOGTYPE_RECEIVE_EVENT  

+9813 ms
 MESH/NODE/NET/BV-04-C Receive Event            HCI?HCI_LE_SET_ADVERTISE_ENABLE_COMMAND_COMPLETE_EVENT{
                           status=HCI_OK
                         }
2026-02-14 04:23:58,490 LT1-callback ClientCallback.log INFO client.py                 82    logger_log                : PTS_LOGTYPE_SEND_EVENT  

+9844 ms
 MESH/NODE/NET/BV-04-C Send Event               HCI!HCI_LE_SET_ADVERTISE_ENABLE{
                           advertisingEnable=HCI_LE_ADVERTISING_DISABLE
                         }
2026-02-14 04:23:58,492 LT1-callback ClientCallback.log INFO client.py                 82    logger_log                : PTS_LOGTYPE_RECEIVE_EVENT  

+9844 ms
 MESH/NODE/NET/BV-04-C Receive Event            HCI?HCI_LE_SET_ADVERTISE_ENABLE_COMMAND_COMPLETE_EVENT{
                           status=HCI_OK
                         }
2026-02-14 04:23:58,495 LT1-callback ClientCallback.log INFO client.py                 82    logger_log                : PTS_LOGTYPE_MESSAGE TestCaseEventHandler.Wait, Input 

+9891 ms
 MESH/NODE/NET/BV-04-C MeshApplicationData::NetworkHeader
NetworkHeader:
NID:(lt)WildCard:Exists(gt)
IVI:(lt)WildCard:Exists(gt)
TTL:(lt)WildCard:Exists(gt)
CTL:(lt)WildCard:Exists(gt)
SEQ:(lt)WildCard:Exists(gt)
SRC:[0x0002]
DST:[
                           0x0001
                         ]
TransportPDU:(lt)WildCard:Exists(gt)
MeshApplicationData::ApplicationData
ConfigurationClient:
OpCode:[
                           0x8025
                         ]ConfigNetworkTransmitStatus
NetworkTransmitCount:(lt)WildCard:Exists(gt)
NetworkTransmitIntervalSteps:(lt)WildCard:Exists(gt)
2026-02-14 04:23:58,499 LT1-callback ClientCallback.log INFO client.py                 82    logger_log                : PTS_LOGTYPE_MESSAGE Verdict Description 

+9891 ms
 MESH/NODE/NET/BV-04-C ***** Waiting for: MeshApplicationData::Network Header
Network Header: 
    NID: (lt)WildCard: Exists(gt)
    IVI: (lt)WildCard: Exists(gt)
    TTL: (lt)WildCard: Exists(gt)
    CTL: (lt)WildCard: Exists(gt)
    SEQ: (lt)WildCard: Exists(gt)
    SRC: [0x0002]
    DST: [0x0001]
    TransportPDU: (lt)WildCard: Exists(gt)
MeshApplicationData::Application Data
Configuration Client: 
    Op Code: [0x8025] Config Network Transmit Status
    Network Transmit Count: (lt)WildCard: Exists(gt)
    Network Transmit Interval Steps: (lt)WildCard: Exists(gt)


2026-02-14 04:23:58,503 LT1-callback ClientCallback.log INFO client.py                 82    logger_log                : PTS_LOGTYPE_MESSAGE TestCaseEventHandler.Wait, Received 

+9891 ms
 MESH/NODE/NET/BV-04-C MeshNetworkNetworkHeader:
NID:[0x0E]
IVI:[
                           0x00
                         ]
TTL:[
                           0x7F
                         ]
CTL:[
                           0x00
                         ]
SEQ:[
                           0x000002
                         ]
SRC:[
                           0x0002
                         ]
DST:[
                           0xFFFC
                         ]
TransportPDU:[
                           0x7804CC0DFC4CDB746C
                         ]
2026-02-14 04:23:58,507 LT1-callback ClientCallback.log INFO client.py                 82    logger_log                : PTS_LOGTYPE_MESSAGE TestCaseEventHandler.Wait, Received 

+9891 ms
 MESH/NODE/NET/BV-04-C MeshNetworkNetworkHeader:
NID:[0x0E]
IVI:[
                           0x00
                         ]
TTL:[
                           0x7F
                         ]
CTL:[
                           0x00
                         ]
SEQ:[
                           0x000002
                         ]
SRC:[
                           0x0002
                         ]
DST:[
                           0xFFFC
                         ]
TransportPDU:[
                           0x7804CC0DFC4CDB746C
                         ]
2026-02-14 04:23:58,512 LT1-callback ClientCallback.log INFO client.py                 82    logger_log                : PTS_LOGTYPE_MESSAGE TestCaseEventHandler.Wait, Received 

+9891 ms
 MESH/NODE/NET/BV-04-C MeshNetworkNetworkHeader:
NID:[0x0E]
IVI:[
                           0x00
                         ]
TTL:[
                           0x07
                         ]
CTL:[
                           0x01
                         ]
SEQ:[
                           0x000003
                         ]
SRC:[
                           0x0002
                         ]
DST:[
                           0x0001
                         ]
TransportPDU:[
                           0x00000000000001
                         ]
2026-02-14 04:23:58,517 LT1-callback ClientCallback.log INFO client.py                 82    logger_log                : PTS_LOGTYPE_MESSAGE TestCaseEventHandler.Wait, Received 

+9891 ms
 MESH/NODE/NET/BV-04-C MeshTransportEventlowertransportheaderTransportHeader:
OpCode:[0x00]SegmentAcknowledgement
SEG:[
                           0x00
                         ]unsegmentedmessage
SeqZero_13_6:[
                           0x00
                         ]
OBO:[
                           0x00
                         ]
RFU:[
                           0x00
                         ]
SeqZero_5_0:[
                           0x00
                         ]
BlockAck:[
                           0x00000001
                         ]MeshNetworkData::MeshNetworkNetworkHeader:
NID:[
                           0x0E
                         ]
IVI:[
                           0x00
                         ]
TTL:[
                           0x07
                         ]
CTL:[
                           0x01
                         ]
SEQ:[
                           0x000003
                         ]
SRC:[
                           0x0002
                         ]
DST:[
                           0x0001
                         ]
TransportPDU:[
                           0x00000000000001
                         ]
2026-02-14 04:23:58,522 LT1-callback ClientCallback.log INFO client.py                 82    logger_log                : PTS_LOGTYPE_MESSAGE Verdict Description 

+10016 ms
 MESH/NODE/NET/BV-04-C ApplicationLayer Poll Received Value :
Network header = Network Header: 
    NID: [0x0E]
    IVI: [0x00]
    TTL: [0x07]
    CTL: [0x00]
    SEQ: [0x000004]
    SRC: [0x0002]
    DST: [0x0001]
    TransportPDU: [0x006F4599301AE005]
Received Access Payload = 802582


2026-02-14 04:23:58,527 LT1-callback ClientCallback.log INFO client.py                 82    logger_log                : PTS_LOGTYPE_MESSAGE Verdict Description 

+10016 ms
 MESH/NODE/NET/BV-04-C MeshApplicationLayer Broadcast value Configuration Server: 
    Op Code: [0x8025] Config Network Transmit Status
    Network Transmit Count: [0x02]
    Network Transmit Interval Steps: [0x10]

2026-02-14 04:23:58,530 LT1-callback ClientCallback.log INFO client.py                 82    logger_log                : PTS_LOGTYPE_MESSAGE TestCaseEventHandler.Wait, Received 

+10016 ms
 MESH/NODE/NET/BV-04-C MeshNetworkNetworkHeader:
NID:[0x0E]
IVI:[
                           0x00
                         ]
TTL:[
                           0x07
                         ]
CTL:[
                           0x01
                         ]
SEQ:[
                           0x000003
                         ]
SRC:[
                           0x0002
                         ]
DST:[
                           0x0001
                         ]
TransportPDU:[
                           0x00000000000001
                         ]
2026-02-14 04:23:58,534 LT1-callback ClientCallback.log INFO client.py                 82    logger_log                : PTS_LOGTYPE_MESSAGE TestCaseEventHandler.Wait, Received 

+10016 ms
 MESH/NODE/NET/BV-04-C MeshNetworkNetworkHeader:
NID:[0x0E]
IVI:[
                           0x00
                         ]
TTL:[
                           0x07
                         ]
CTL:[
                           0x01
                         ]
SEQ:[
                           0x000003
                         ]
SRC:[
                           0x0002
                         ]
DST:[
                           0x0001
                         ]
TransportPDU:[
                           0x00000000000001
                         ]
2026-02-14 04:23:58,538 LT1-callback ClientCallback.log INFO client.py                 82    logger_log                : PTS_LOGTYPE_MESSAGE TestCaseEventHandler.Wait, Received 

+10016 ms
 MESH/NODE/NET/BV-04-C MeshNetworkNetworkHeader:
NID:[0x0E]
IVI:[
                           0x00
                         ]
TTL:[
                           0x07
                         ]
CTL:[
                           0x00
                         ]
SEQ:[
                           0x000004
                         ]
SRC:[
                           0x0002
                         ]
DST:[
                           0x0001
                         ]
TransportPDU:[
                           0x006F4599301AE005
                         ]
2026-02-14 04:23:58,542 LT1-callback ClientCallback.log INFO client.py                 82    logger_log                : PTS_LOGTYPE_MESSAGE TestCaseEventHandler.Wait, Received 

+10016 ms
 MESH/NODE/NET/BV-04-C MeshTransportEventlowertransportheaderNetworkHeader:
AID:[0x00]
AKF:[
                           0x00
                         ]
SEG:[
                           0x00
                         ]unsegmentedmessage
UpperTransportPDU:[
                           0x6F4599301AE005
                         ]MeshNetworkData::MeshNetworkNetworkHeader:
NID:[
                           0x0E
                         ]
IVI:[
                           0x00
                         ]
TTL:[
                           0x07
                         ]
CTL:[
                           0x00
                         ]
SEQ:[
                           0x000004
                         ]
SRC:[
                           0x0002
                         ]
DST:[
                           0x0001
                         ]
TransportPDU:[
                           0x006F4599301AE005
                         ]
2026-02-14 04:23:58,547 LT1-callback ClientCallback.log INFO client.py                 82    logger_log                : PTS_LOGTYPE_MESSAGE TestCaseEventHandler.Wait, Received 

+10016 ms
 MESH/NODE/NET/BV-04-C MeshTransportEventUpperTransportaccesspayload802582MeshNetworkData::MeshNetworkNetworkHeader:
NID:[0x0E]
IVI:[
                           0x00
                         ]
TTL:[
                           0x07
                         ]
CTL:[
                           0x00
                         ]
SEQ:[
                           0x000004
                         ]
SRC:[
                           0x0002
                         ]
DST:[
                           0x0001
                         ]
TransportPDU:[
                           0x006F4599301AE005
                         ]
2026-02-14 04:23:58,553 LT1-callback ClientCallback.log INFO client.py                 82    logger_log                : PTS_LOGTYPE_MESSAGE TestCaseEventHandler.Wait, Received 

+10016 ms
 MESH/NODE/NET/BV-04-C MeshApplicationData::NetworkHeader
NetworkHeader:
NID:[0x0E]
IVI:[
                           0x00
                         ]
TTL:[
                           0x07
                         ]
CTL:[
                           0x00
                         ]
SEQ:[
                           0x000004
                         ]
SRC:[
                           0x0002
                         ]
DST:[
                           0x0001
                         ]
TransportPDU:[
                           0x006F4599301AE005
                         ]
MeshApplicationData::ApplicationData
ConfigurationServer:
OpCode:[
                           0x8025
                         ]ConfigNetworkTransmitStatus
NetworkTransmitCount:[
                           0x02
                         ]
NetworkTransmitIntervalSteps:[
                           0x10
                         ]
2026-02-14 04:23:58,558 LT1-callback ClientCallback.log INFO client.py                 82    logger_log                : PTS_LOGTYPE_MESSAGE Verdict Description 

+10031 ms
 MESH/NODE/NET/BV-04-C Response received: Op Code: [0x8025] Config Network Transmit Status

2026-02-14 04:23:58,564 LT1-callback ClientCallback.log INFO client.py                 82    logger_log                : PTS_LOGTYPE_MESSAGE User Action Required 

+12047 ms
 MESH/NODE/NET/BV-04-C MMI_19 (MMI_Style_Ok1=0x00011040): Please send a network packet with maximum TransportPDU size with the following network header: Network Header: 
    NID: (lt)WildCard: Exists(gt)
    IVI: (lt)WildCard: Exists(gt)
    TTL: (lt)WildCard: Exists(gt)
    CTL: [0x00]
    SEQ: (lt)WildCard: Exists(gt)
    SRC: [0x0002]
    DST: [0xFFFC]
    TransportPDU: (lt)WildCard: Exists(gt)

2026-02-14 04:23:58,568 LT1-callback ClientCallback.log INFO client.py                 82    logger_log                : PTS_LOGTYPE_MESSAGE TestCaseEventHandler.Wait, Input 

+12047 ms
 MESH/NODE/NET/BV-04-C MeshNetworkNetworkHeader:
NID:(lt)WildCard:Exists(gt)
IVI:(lt)WildCard:Exists(gt)
TTL:(lt)WildCard:Exists(gt)
CTL:[0x00]
SEQ:(lt)WildCard:Exists(gt)
SRC:[
                           0x0002
                         ]
DST:[
                           0xFFFC
                         ]
TransportPDU:(lt)WildCard:Exists(gt)
2026-02-14 04:23:58,571 LT1-callback ClientCallback.log INFO client.py                 82    logger_log                : PTS_LOGTYPE_MESSAGE Verdict Description 

+12047 ms
 MESH/NODE/NET/BV-04-C ***** Waiting for: MeshNetworkNetwork Header: 
    NID: (lt)WildCard: Exists(gt)
    IVI: (lt)WildCard: Exists(gt)
    TTL: (lt)WildCard: Exists(gt)
    CTL: [0x00]
    SEQ: (lt)WildCard: Exists(gt)
    SRC: [0x0002]
    DST: [0xFFFC]
    TransportPDU: (lt)WildCard: Exists(gt)


2026-02-14 04:23:58,574 LT1-callback ClientCallback.log INFO client.py                 82    logger_log                : PTS_LOGTYPE_MESSAGE TestCaseEventHandler.Wait, Received 

+12203 ms
 MESH/NODE/NET/BV-04-C MeshNetworkNetworkHeader:
NID:[0x0E]
IVI:[
                           0x00
                         ]
TTL:[
                           0x07
                         ]
CTL:[
                           0x00
                         ]
SEQ:[
                           0x000004
                         ]
SRC:[
                           0x0002
                         ]
DST:[
                           0x0001
                         ]
TransportPDU:[
                           0x006F4599301AE005
                         ]
2026-02-14 04:23:58,578 LT1-callback ClientCallback.log INFO client.py                 82    logger_log                : PTS_LOGTYPE_MESSAGE TestCaseEventHandler.Wait, Received 

+12203 ms
 MESH/NODE/NET/BV-04-C MeshNetworkNetworkHeader:
NID:[0x0E]
IVI:[
                           0x00
                         ]
TTL:[
                           0x07
                         ]
CTL:[
                           0x00
                         ]
SEQ:[
                           0x000004
                         ]
SRC:[
                           0x0002
                         ]
DST:[
                           0x0001
                         ]
TransportPDU:[
                           0x006F4599301AE005
                         ]
2026-02-14 04:23:58,582 LT1-callback ClientCallback.log INFO client.py                 82    logger_log                : PTS_LOGTYPE_MESSAGE Verdict Description 

+12844 ms
 MESH/NODE/NET/BV-04-C Transport layer DecryptPacket no key

2026-02-14 04:23:58,586 LT1-callback ClientCallback.log INFO client.py                 82    logger_log                : PTS_LOGTYPE_MESSAGE TestCaseEventHandler.Wait, Received 

+13000 ms
 MESH/NODE/NET/BV-04-C MeshNetworkNetworkHeader:
NID:[0x0E]
IVI:[
                           0x00
                         ]
TTL:[
                           0x07
                         ]
CTL:[
                           0x00
                         ]
SEQ:[
                           0x000005
                         ]
SRC:[
                           0x0002
                         ]
DST:[
                           0xFFFC
                         ]
TransportPDU:[
                           0x78562E28A478FB1EBA
                         ]
2026-02-14 04:23:58,589 LT1-callback ClientCallback.log INFO client.py                 82    logger_log                : PTS_LOGTYPE_MESSAGE Verdict Description 

+13000 ms
 MESH/NODE/NET/BV-04-C Received new network packet

2026-02-14 04:23:58,607 LT1-callback ClientCallback.log INFO client.py                 82    logger_log                : PTS_LOGTYPE_MESSAGE TestCaseEventHandler.Wait, Input 

+13000 ms
 MESH/NODE/NET/BV-04-C MeshNetworkNetworkHeader:
NID:(lt)WildCard:Exists(gt)
IVI:(lt)WildCard:Exists(gt)
TTL:(lt)WildCard:Exists(gt)
CTL:[0x00]
SEQ:(lt)WildCard:Exists(gt)
SRC:[
                           0x0002
                         ]
DST:[
                           0xFFFC
                         ]
TransportPDU:(lt)WildCard:Exists(gt)
2026-02-14 04:23:58,611 LT1-callback ClientCallback.log INFO client.py                 82    logger_log                : PTS_LOGTYPE_MESSAGE Verdict Description 

+13000 ms
 MESH/NODE/NET/BV-04-C ***** Waiting for: MeshNetworkNetwork Header: 
    NID: (lt)WildCard: Exists(gt)
    IVI: (lt)WildCard: Exists(gt)
    TTL: (lt)WildCard: Exists(gt)
    CTL: [0x00]
    SEQ: (lt)WildCard: Exists(gt)
    SRC: [0x0002]
    DST: [0xFFFC]
    TransportPDU: (lt)WildCard: Exists(gt)


2026-02-14 04:23:58,614 LT1-callback ClientCallback.log INFO client.py                 82    logger_log                : PTS_LOGTYPE_MESSAGE TestCaseEventHandler.Wait, Received 

+13000 ms
 MESH/NODE/NET/BV-04-C MeshTransportEventlowertransportheaderNetworkHeader:
AID:[0x38]
AKF:[
                           0x01
                         ]
SEG:[
                           0x00
                         ]unsegmentedmessage
UpperTransportPDU:[
                           0x562E28A478FB1EBA
                         ]MeshNetworkData::MeshNetworkNetworkHeader:
NID:[
                           0x0E
                         ]
IVI:[
                           0x00
                         ]
TTL:[
                           0x07
                         ]
CTL:[
                           0x00
                         ]
SEQ:[
                           0x000005
                         ]
SRC:[
                           0x0002
                         ]
DST:[
                           0xFFFC
                         ]
TransportPDU:[
                           0x78562E28A478FB1EBA
                         ]
2026-02-14 04:23:58,619 LT1-callback ClientCallback.log INFO client.py                 82    logger_log                : PTS_LOGTYPE_MESSAGE TestCaseEventHandler.Wait, Received 

+13156 ms
 MESH/NODE/NET/BV-04-C MeshNetworkNetworkHeader:
NID:[0x0E]
IVI:[
                           0x00
                         ]
TTL:[
                           0x07
                         ]
CTL:[
                           0x00
                         ]
SEQ:[
                           0x000005
                         ]
SRC:[
                           0x0002
                         ]
DST:[
                           0xFFFC
                         ]
TransportPDU:[
                           0x78562E28A478FB1EBA
                         ]
2026-02-14 04:23:58,624 LT1-callback ClientCallback.log INFO client.py                 82    logger_log                : PTS_LOGTYPE_MESSAGE Verdict Description 

+13156 ms
 MESH/NODE/NET/BV-04-C Received network packet 2

2026-02-14 04:23:58,627 LT1-callback ClientCallback.log INFO client.py                 82    logger_log                : PTS_LOGTYPE_MESSAGE TestCaseEventHandler.Wait, Input 

+13156 ms
 MESH/NODE/NET/BV-04-C MeshNetworkNetworkHeader:
NID:(lt)WildCard:Exists(gt)
IVI:(lt)WildCard:Exists(gt)
TTL:(lt)WildCard:Exists(gt)
CTL:[0x00]
SEQ:(lt)WildCard:Exists(gt)
SRC:[
                           0x0002
                         ]
DST:[
                           0xFFFC
                         ]
TransportPDU:(lt)WildCard:Exists(gt)
2026-02-14 04:23:58,630 LT1-callback ClientCallback.log INFO client.py                 82    logger_log                : PTS_LOGTYPE_MESSAGE Verdict Description 

+13156 ms
 MESH/NODE/NET/BV-04-C ***** Waiting for: MeshNetworkNetwork Header: 
    NID: (lt)WildCard: Exists(gt)
    IVI: (lt)WildCard: Exists(gt)
    TTL: (lt)WildCard: Exists(gt)
    CTL: [0x00]
    SEQ: (lt)WildCard: Exists(gt)
    SRC: [0x0002]
    DST: [0xFFFC]
    TransportPDU: (lt)WildCard: Exists(gt)


2026-02-14 04:23:58,633 LT1-callback ClientCallback.log INFO client.py                 82    logger_log                : PTS_LOGTYPE_MESSAGE TestCaseEventHandler.Wait, Received 

+13344 ms
 MESH/NODE/NET/BV-04-C MeshNetworkNetworkHeader:
NID:[0x0E]
IVI:[
                           0x00
                         ]
TTL:[
                           0x07
                         ]
CTL:[
                           0x00
                         ]
SEQ:[
                           0x000005
                         ]
SRC:[
                           0x0002
                         ]
DST:[
                           0xFFFC
                         ]
TransportPDU:[
                           0x78562E28A478FB1EBA
                         ]
2026-02-14 04:23:58,637 LT1-callback ClientCallback.log INFO client.py                 82    logger_log                : PTS_LOGTYPE_MESSAGE Verdict Description 

+13344 ms
 MESH/NODE/NET/BV-04-C Received network packet 3

2026-02-14 04:23:58,640 LT1-callback ClientCallback.log INFO client.py                 82    logger_log                : PTS_LOGTYPE_MESSAGE TestCaseEventHandler.Wait, Input 

+13344 ms
 MESH/NODE/NET/BV-04-C MeshTransportEventlowertransportheaderNetworkHeader:
AID:(lt)WildCard:Exists(gt)
AKF:(lt)WildCard:Exists(gt)
SEG:(lt)WildCard:Exists(gt)NetworkHeader:
AID:(lt)WildCard:Exists(gt)
AKF:(lt)WildCard:Exists(gt)
SEG:(lt)WildCard:Exists(gt)
SegInfo:(lt)WildCard:Exists(gt)MeshNetworkData::MeshNetworkNetworkHeader:
NID:(lt)WildCard:Exists(gt)
IVI:(lt)WildCard:Exists(gt)
TTL:(lt)WildCard:Exists(gt)
CTL:[0x00]
SEQ:(lt)WildCard:Exists(gt)
SRC:(lt)WildCard:Exists(gt)
DST:(lt)WildCard:Exists(gt)
2026-02-14 04:23:58,644 LT1-callback ClientCallback.log INFO client.py                 82    logger_log                : PTS_LOGTYPE_MESSAGE Verdict Description 

+13344 ms
 MESH/NODE/NET/BV-04-C ***** Waiting for: MeshTransport Eventlower transport header Network Header: 
    AID: (lt)WildCard: Exists(gt)
    AKF: (lt)WildCard: Exists(gt)
    SEG: (lt)WildCard: Exists(gt)Network Header: 
    AID: (lt)WildCard: Exists(gt)
    AKF: (lt)WildCard: Exists(gt)
    SEG: (lt)WildCard: Exists(gt)
    SegInfo: (lt)WildCard: Exists(gt)MeshNetworkData:: MeshNetwork Network Header: 
    NID: (lt)WildCard: Exists(gt)
    IVI: (lt)WildCard: Exists(gt)
    TTL: (lt)WildCard: Exists(gt)
    CTL: [0x00]
    SEQ: (lt)WildCard: Exists(gt)
    SRC: (lt)WildCard: Exists(gt)
    DST: (lt)WildCard: Exists(gt)


2026-02-14 04:23:58,647 LT1-callback ClientCallback.log INFO client.py                 82    logger_log                : PTS_LOGTYPE_SEND_EVENT  

+14344 ms
 MESH/NODE/NET/BV-04-C Send Event               HCI!HCI_LE_SET_SCAN_ENABLE{
                           leScanEnable=HCI_LE_SCAN_DISABLE,
                           filterDuplicates=HCI_LE_DUPLICATE_FILTERING_DISABLE
                         }
2026-02-14 04:23:58,650 LT1-callback ClientCallback.log INFO client.py                 82    logger_log                : PTS_LOGTYPE_RECEIVE_EVENT  

+14344 ms
 MESH/NODE/NET/BV-04-C Receive Event            HCI?HCI_LE_SET_SCAN_ENABLE_COMPLETE_EVENT{
                           status=HCI_OK
                         }
2026-02-14 04:23:58,654 LT1-callback ClientCallback.log INFO client.py                 82    logger_log                : PTS_LOGTYPE_SEND_EVENT  

+14344 ms
 MESH/NODE/NET/BV-04-C Send Event               HCI!HCI_RESET
2026-02-14 04:23:58,658 LT1-callback ClientCallback.log INFO client.py                 82    logger_log                : PTS_LOGTYPE_RECEIVE_EVENT  

+14360 ms
 MESH/NODE/NET/BV-04-C Receive Event            HCI?HCI_RESET_COMPLETE_EVENT{
                           status=HCI_OK
                         }
2026-02-14 04:23:58,661 LT1-callback ClientCallback.log INFO client.py                 82    logger_log                : PTS_LOGTYPE_RECEIVE_EVENT  

+15360 ms
 MESH/NODE/NET/BV-04-C Receive Event            HCI?HCI_RESET_COMPLETE_EVENT{
                           status=HCI_OK
                         }
2026-02-14 04:23:58,664 LT1-callback ClientCallback.log INFO client.py                 82    logger_log                : PTS_LOGTYPE_FINAL_VERDICT Final Verdict 

+16906 ms
 MESH/NODE/NET/BV-04-C PASS

2026-02-14 04:23:58,667 LT1-callback ClientCallback.log INFO client.py                 82    logger_log                : PTS_LOGTYPE_FINAL_VERDICT Encrypted Verdict 

+16906 ms
 MESH/NODE/NET/BV-04-C A1#ZWY4MzQ5MDg3MmQwNTIxOGQzMzQ5YjY2ODA5M2MzNjQ5ZDY4NmY0Yjc2MzIzM2VkNTUyNTFhNGU4Mjg1MjI0NA==#ydA2lhF2umtxe0ufrp4bcvPHlymadXJmrKUOLLY2Gxu8ek/gEuWOtGBuvqLVc5Se

2026-02-14 04:23:58,675 LT1-callback ClientCallback.log INFO client.py                 82    logger_log                : PTS_LOGTYPE_END_TEST Test Case Ended 

+16906 ms
 MESH/NODE/NET/BV-04-C MESH/NODE/NET/BV-04-C

2026-02-14 04:23:59,785 LT1-callback root DEBUG client.py                 82    logger_log                : ClientCallback, set_result, run_test_case, PASS
2026-02-14 04:23:59,786 LT1-thread root DEBUG client.py                 82    logger_log                : After run_test_case error_code=0 status='PASS'
2026-02-14 04:23:59,786 LT1-thread root DEBUG client.py                 82    logger_log                : post_run MESH MESH/NODE/NET/BV-04-C 0
2026-02-14 04:23:59,786 LT1-thread root DEBUG client.py                 82    logger_log                : Starting test function: class=<class 'autopts.ptsprojects.testcase.TestFuncCleanUp'>, func=<bound method Stack.cleanup of <autopts.ptsprojects.stack.stack.Stack object at 0x7e7d91676870>> start_wid=None stop_wid=None post_wid=None skip_call=None call_count=1 args=() kwds={}
2026-02-14 04:23:59,786 LT1-thread root DEBUG client.py                 82    logger_log                : Test function parameters: args=(), kwds={}
2026-02-14 04:23:59,786 LT1-thread root DEBUG client.py                 82    logger_log                : Starting test function: class=<class 'autopts.ptsprojects.testcase.TestFuncCleanUp'>, func=<bound method ZephyrCtl.stop of <autopts.ptsprojects.zephyr.iutctl.ZephyrCtl object at 0x7e7d94e32f60>> start_wid=None stop_wid=None post_wid=None skip_call=None call_count=1 args=() kwds={}
2026-02-14 04:23:59,786 LT1-thread root DEBUG client.py                 82    logger_log                : Test function parameters: args=(), kwds={}
2026-02-14 04:23:59,786 LT1-thread root DEBUG client.py                 82    logger_log                : <class 'autopts.ptsprojects.zephyr.iutctl.ZephyrCtl'>.stop
2026-02-14 04:23:59,786 LT1-thread root DEBUG client.py                 82    logger_log                : gap_set_powered_off
2026-02-14 04:23:59,786 LT1-thread root DEBUG client.py                 82    logger_log                : send, 1 5 0 '0'
2026-02-14 04:23:59,786 LT1-thread root DEBUG client.py                 82    logger_log                : sending frame '010500010000'
2026-02-14 04:23:59,786 LT1-thread root DEBUG client.py                 82    logger_log                : gap_command_rsp_succ
2026-02-14 04:23:59,786 LT1-thread root DEBUG client.py                 82    logger_log                : read
2026-02-14 04:23:59,812 BTPWorkerThread-3610 (_rx_task) root DEBUG client.py                 82    logger_log                : Read 5 bytes
2026-02-14 04:23:59,813 BTPWorkerThread-3610 (_rx_task) root DEBUG client.py                 82    logger_log                : Received: hdr: Header(svc_id=0x01, op=0x05, ctrl_index=0x00, data_len=0x04) bytearray(b'\x01\x05\x00\x04\x00')
2026-02-14 04:23:59,813 BTPWorkerThread-3610 (_rx_task) root DEBUG client.py                 82    logger_log                : Read 4 bytes data
2026-02-14 04:23:59,813 BTPWorkerThread-3610 (_rx_task) root DEBUG client.py                 82    logger_log                : Received data: {'12 82 00 00'}, bytearray(b'\x12\x82\x00\x00')
2026-02-14 04:23:59,813 LT1-thread root DEBUG client.py                 82    logger_log                : received Header(svc_id=1, op=5, ctrl_index=0, data_len=4) (b'\x12\x82\x00\x00',)
2026-02-14 04:23:59,813 LT1-thread root DEBUG client.py                 82    logger_log                : __gap_current_settings_update (b'\x12\x82\x00\x00',)
2026-02-14 04:23:59,813 LT1-thread root DEBUG client.py                 82    logger_log                : Waiting for _rx_worker to finish ...
2026-02-14 04:24:00,813 BTPWorkerThread-3610 (_rx_task) root DEBUG client.py                 82    logger_log                : BTPWorkerThread-3610 (_rx_task) finishing...
2026-02-14 04:24:00,814 LT1-thread root DEBUG client.py                 82    logger_log                : Waiting for _rx_worker to finish ...
2026-02-14 04:24:00,820 LT1-thread root DEBUG client.py                 82    logger_log                : <class 'autopts.rtt.BTMON'>.stop
2026-02-14 04:24:00,820 LT1-thread root DEBUG client.py                 82    logger_log                : <class 'autopts.rtt.RTT'>.stop
2026-02-14 04:24:03,828 LT1-thread root DEBUG client.py                 82    logger_log                : post_run, cleanup running post test case script
2026-02-14 04:24:03,829 LT1-thread root DEBUG client.py                 82    logger_log                : post_run, run post test case script
2026-02-14 04:24:03,875 LT1-thread root DEBUG client.py                 82    logger_log                : Done TestCase _run_test_case MESH MESH/NODE/NET/BV-04-C
