2026-08-05 00:29:38,436 LT1-thread root DEBUG client.py                 1095  _run_test_case            : Starting TestCase _run_test_case TBS TBS/SR/SPN/BV-10-C
2026-08-05 00:29:38,437 LT1-thread root DEBUG testcase.py               727   pre_run                   : pre_run TBS TBS/SR/SPN/BV-10-C
2026-08-05 00:29:38,437 LT1-thread root DEBUG testcase.py               729   pre_run                   : About to run test case TBS TBS/SR/SPN/BV-10-C with commands:
2026-08-05 00:29:38,437 LT1-thread root DEBUG testcase.py               731   pre_run                   : 0) class=<class 'autopts.ptsprojects.testcase.TestFunc'>, func=<bound method ZTestCase._test_case_start of <autopts.ptsprojects.zephyr.ztestcase.ZTestCase object at 0x7b25a15ad4f0>> start_wid=None stop_wid=None post_wid=None skip_call=None call_count=0 args=() kwds={}
2026-08-05 00:29:38,437 LT1-thread root DEBUG testcase.py               731   pre_run                   : 1) class=<class 'autopts.ptsprojects.testcase.TestFunc'>, func=<function core_reg_svc_gap at 0x7b25a71d1620> start_wid=None stop_wid=None post_wid=None skip_call=None call_count=80 args=() kwds={}
2026-08-05 00:29:38,437 LT1-thread root DEBUG testcase.py               731   pre_run                   : 2) class=<class 'autopts.ptsprojects.testcase.TestFunc'>, func=<bound method Stack.gap_init of <autopts.ptsprojects.stack.stack.Stack object at 0x7b25a4820d70>> start_wid=None stop_wid=None post_wid=None skip_call=None call_count=80 args=(b'Tester_F6B11A',) kwds={}
2026-08-05 00:29:38,437 LT1-thread root DEBUG testcase.py               731   pre_run                   : 3) class=<class 'autopts.ptsprojects.testcase.TestFunc'>, func=<function core_reg_svc_gatt at 0x7b25a71d1760> start_wid=None stop_wid=None post_wid=None skip_call=None call_count=80 args=() kwds={}
2026-08-05 00:29:38,437 LT1-thread root DEBUG testcase.py               731   pre_run                   : 4) class=<class 'autopts.ptsprojects.testcase.TestFunc'>, func=<function gap_read_controller_info at 0x7b25a71f8400> start_wid=None stop_wid=None post_wid=None skip_call=None call_count=80 args=() kwds={}
2026-08-05 00:29:38,437 LT1-thread root DEBUG testcase.py               731   pre_run                   : 5) class=<class 'autopts.ptsprojects.testcase.TestFunc'>, func=<function test_cases.<locals>.<lambda> at 0x7b25a158f1a0> start_wid=None stop_wid=None post_wid=None skip_call=None call_count=80 args=() kwds={}
2026-08-05 00:29:38,437 LT1-thread root DEBUG testcase.py               731   pre_run                   : 6) class=<class 'autopts.ptsprojects.testcase.TestFunc'>, func=<function test_cases.<locals>.<lambda> at 0x7b25a158f240> start_wid=None stop_wid=None post_wid=None skip_call=None call_count=80 args=() kwds={}
2026-08-05 00:29:38,438 LT1-thread root DEBUG testcase.py               731   pre_run                   : 7) class=<class 'autopts.ptsprojects.testcase.TestFunc'>, func=<function gap_set_io_capability at 0x7b25a71df880> start_wid=None stop_wid=None post_wid=None skip_call=None call_count=80 args=(0,) kwds={}
2026-08-05 00:29:38,438 LT1-thread root DEBUG testcase.py               731   pre_run                   : 8) class=<class 'autopts.ptsprojects.testcase.TestFunc'>, func=<function set_pts_addr at 0x7b25a71d11c0> start_wid=None stop_wid=None post_wid=None skip_call=None call_count=80 args=('DF:A9:FF:F6:B1:1A', 0) kwds={}
2026-08-05 00:29:38,438 LT1-thread root DEBUG testcase.py               731   pre_run                   : 9) class=<class 'autopts.ptsprojects.testcase.TestFunc'>, func=<bound method Stack.gatt_init of <autopts.ptsprojects.stack.stack.Stack object at 0x7b25a4820d70>> start_wid=None stop_wid=None post_wid=None skip_call=None call_count=80 args=() kwds={}
2026-08-05 00:29:38,438 LT1-thread root DEBUG testcase.py               731   pre_run                   : 10) class=<class 'autopts.ptsprojects.testcase.TestFunc'>, func=<function gap_set_connectable at 0x7b25a71dfce0> start_wid=None stop_wid=None post_wid=None skip_call=None call_count=80 args=() kwds={}
2026-08-05 00:29:38,438 LT1-thread root DEBUG testcase.py               731   pre_run                   : 11) class=<class 'autopts.ptsprojects.testcase.TestFunc'>, func=<function gap_set_general_discoverable at 0x7b25a71dfec0> start_wid=None stop_wid=None post_wid=None skip_call=None call_count=80 args=() kwds={}
2026-08-05 00:29:38,438 LT1-thread root DEBUG testcase.py               731   pre_run                   : 12) class=<class 'autopts.ptsprojects.testcase.TestFunc'>, func=<function core_reg_svc_tbs at 0x7b25a71d2a20> start_wid=None stop_wid=None post_wid=None skip_call=None call_count=80 args=() kwds={}
2026-08-05 00:29:38,438 LT1-thread root DEBUG testcase.py               731   pre_run                   : 13) class=<class 'autopts.ptsprojects.testcase.TestFunc'>, func=<function test_cases.<locals>.<lambda> at 0x7b25a158f2e0> start_wid=None stop_wid=None post_wid=None skip_call=None call_count=80 args=() kwds={}
2026-08-05 00:29:38,438 LT1-thread root DEBUG testcase.py               731   pre_run                   : 14) class=<class 'autopts.ptsprojects.testcase.TestFunc'>, func=<bound method Stack.tbs_init of <autopts.ptsprojects.stack.stack.Stack object at 0x7b25a4820d70>> start_wid=None stop_wid=None post_wid=None skip_call=None call_count=80 args=() kwds={}
2026-08-05 00:29:38,438 LT1-thread root DEBUG testcase.py               731   pre_run                   : 15) class=<class 'autopts.ptsprojects.testcase.TestFunc'>, func=<function test_cases.<locals>.<lambda> at 0x7b25a15a5da0> start_wid=None stop_wid=None post_wid=None skip_call=None call_count=0 args=() kwds={}
2026-08-05 00:29:38,438 LT1-thread root DEBUG testcase.py               731   pre_run                   : 16) class=<class 'autopts.ptsprojects.testcase.TestFunc'>, func=<function test_cases.<locals>.<lambda> at 0x7b25a15a5e40> start_wid=None stop_wid=None post_wid=None skip_call=None call_count=0 args=() kwds={}
2026-08-05 00:29:38,438 LT1-thread root DEBUG testcase.py               731   pre_run                   : 17) class=<class 'autopts.ptsprojects.testcase.TestFuncCleanUp'>, func=<bound method ZTestCase._test_case_cleanup of <autopts.ptsprojects.zephyr.ztestcase.ZTestCase object at 0x7b25a15ad4f0>> start_wid=None stop_wid=None post_wid=None skip_call=None call_count=0 args=() kwds={}
2026-08-05 00:29:38,438 LT1-thread root DEBUG testcase.py               738   pre_run                   : pre_run, run pre test case script
2026-08-05 00:29:38,439 LT1-thread root DEBUG testcase.py               254   start                     : Starting test function: class=<class 'autopts.ptsprojects.testcase.TestFunc'>, func=<bound method ZTestCase._test_case_start of <autopts.ptsprojects.zephyr.ztestcase.ZTestCase object at 0x7b25a15ad4f0>> start_wid=None stop_wid=None post_wid=None skip_call=None call_count=1 args=() kwds={}
2026-08-05 00:29:38,439 LT1-thread root DEBUG testcase.py               266   start                     : Test function parameters: args=(), kwds={}
2026-08-05 00:29:38,439 LT1-thread root DEBUG iutctl.py                 172   start                     : <class 'autopts.ptsprojects.zephyr.iutctl.create_zephyr_ctl_class.<locals>.ZephyrCtl'>.start
2026-08-05 00:29:38,440 LT1-thread root DEBUG rtt.py                    163   start                     : <class 'autopts.rtt.BTMON'>.start
2026-08-05 00:29:38,446 LT1-thread root DEBUG iutctl.py                 318   _start_native_mode        : Starting native process: /home/codecoup/workspace/zephyrproject/zephyr/tests/bluetooth/tester/build/zephyr/zephyr.exe --bt-dev=hci1 --attach_uart_cmd="socat %s,rawer,b1000000, UNIX-CONNECT:/tmp/bt-stack-tester1057789983 &"
2026-08-05 00:29:38,446 LT1-thread root DEBUG native.py                 33    start                     : Starting native process: /home/codecoup/workspace/zephyrproject/zephyr/tests/bluetooth/tester/build/zephyr/zephyr.exe --bt-dev=hci1 --attach_uart_cmd="socat %s,rawer,b1000000, UNIX-CONNECT:/tmp/bt-stack-tester1057789983 &"
2026-08-05 00:29:38,446 LT1-thread root DEBUG iutctl_common.py          402   accept                    : 
2026-08-05 00:29:38,453 BTPWorkerThread-42965 (_rx_task) root DEBUG iutctl_common.py          299   _rx_task                  : BTPWorkerThread-42965 (_rx_task) started
2026-08-05 00:29:38,454 BTPWorkerThread-42965 (_rx_task) root DEBUG iutctl_common.py          123   read                      : Read 5 bytes
2026-08-05 00:29:38,454 BTPWorkerThread-42965 (_rx_task) root DEBUG iutctl_common.py          131   read                      : Received: hdr: Header(svc_id=0x00, op=0x80, ctrl_index=0xff, data_len=0x00) bytearray(b'\x00\x80\xff\x00\x00')
2026-08-05 00:29:38,454 BTPWorkerThread-42965 (_rx_task) root DEBUG iutctl_common.py          154   read                      : Received data: {''}, bytearray(b'')
2026-08-05 00:29:38,454 BTPWorkerThread-42965 (_rx_task) root DEBUG btp.py                    695   event_handler             : Header(svc_id=0, op=128, ctrl_index=255, data_len=0) (b'',)
2026-08-05 00:29:38,454 BTPWorkerThread-42965 (_rx_task) root DEBUG core.py                   23    core_iut_ready_ev         : 
2026-08-05 00:29:38,554 LT1-thread root DEBUG iutctl.py                 395   wait_iut_ready_event      : IUT ready event received OK
2026-08-05 00:29:38,554 LT1-thread root DEBUG btp.py                    51    read_supp_svcs            : 
2026-08-05 00:29:38,554 LT1-thread root DEBUG iutctl_common.py          161   send                      : 0 2 255 ''
2026-08-05 00:29:38,555 LT1-thread root DEBUG iutctl_common.py          166   send                      : sending frame '0002ff0000'
2026-08-05 00:29:38,555 LT1-thread root DEBUG iutctl_common.py          339   read                      : 
2026-08-05 00:29:38,571 BTPWorkerThread-42965 (_rx_task) root DEBUG iutctl_common.py          123   read                      : Read 5 bytes
2026-08-05 00:29:38,577 BTPWorkerThread-42965 (_rx_task) root DEBUG iutctl_common.py          131   read                      : Received: hdr: Header(svc_id=0x00, op=0x02, ctrl_index=0xff, data_len=0x05) bytearray(b'\x00\x02\xff\x05\x00')
2026-08-05 00:29:38,577 BTPWorkerThread-42965 (_rx_task) root DEBUG iutctl_common.py          139   read                      : Read 5 bytes data
2026-08-05 00:29:38,583 BTPWorkerThread-42965 (_rx_task) root DEBUG iutctl_common.py          154   read                      : Received data: {'0f df ff 7f 00'}, bytearray(b'\x0f\xdf\xff\x7f\x00')
2026-08-05 00:29:38,589 LT1-thread root DEBUG btp.py                    62    read_supp_svcs            : received Header(svc_id=0, op=2, ctrl_index=255, data_len=5) (b'\x0f\xdf\xff\x7f\x00',)
2026-08-05 00:29:38,589 LT1-thread root DEBUG testcase.py               254   start                     : Starting test function: class=<class 'autopts.ptsprojects.testcase.TestFunc'>, func=<function core_reg_svc_gap at 0x7b25a71d1620> start_wid=None stop_wid=None post_wid=None skip_call=None call_count=81 args=() kwds={}
2026-08-05 00:29:38,590 LT1-thread root DEBUG testcase.py               266   start                     : Test function parameters: args=(), kwds={}
2026-08-05 00:29:38,590 LT1-thread root DEBUG btp.py                    117   core_reg_svc_univ         : core_reg_svc_univ: gap_reg (GAP)
2026-08-05 00:29:38,590 LT1-thread root DEBUG iutctl_common.py          161   send                      : 0 3 255 '1'
2026-08-05 00:29:38,590 LT1-thread root DEBUG iutctl_common.py          166   send                      : sending frame '0003ff010001'
2026-08-05 00:29:38,590 LT1-thread root DEBUG btp.py                    613   core_reg_svc_rsp_succ     : 
2026-08-05 00:29:38,590 LT1-thread root DEBUG iutctl_common.py          339   read                      : 
2026-08-05 00:29:38,970 BTPWorkerThread-42965 (_rx_task) root DEBUG iutctl_common.py          123   read                      : Read 5 bytes
2026-08-05 00:29:38,981 BTPWorkerThread-42965 (_rx_task) root DEBUG iutctl_common.py          131   read                      : Received: hdr: Header(svc_id=0x00, op=0x03, ctrl_index=0xff, data_len=0x00) bytearray(b'\x00\x03\xff\x00\x00')
2026-08-05 00:29:38,991 BTPWorkerThread-42965 (_rx_task) root DEBUG iutctl_common.py          154   read                      : Received data: {''}, bytearray(b'')
2026-08-05 00:29:39,001 LT1-thread root DEBUG btp.py                    624   core_reg_svc_rsp_succ     : received Header(svc_id=0, op=3, ctrl_index=255, data_len=0) (b'',)
2026-08-05 00:29:39,001 LT1-thread root DEBUG btp.py                    625   core_reg_svc_rsp_succ     : expected ((0, 3, 255, 0), (b'',))
2026-08-05 00:29:39,001 LT1-thread root DEBUG btp.py                    630   core_reg_svc_rsp_succ     : response is valid
2026-08-05 00:29:39,002 LT1-thread root DEBUG btp.py                    633   core_reg_svc_rsp_succ     : Reading supported commands for service: GAP
2026-08-05 00:29:39,002 LT1-thread root DEBUG iutctl_common.py          161   send                      : 1 1 255 ''
2026-08-05 00:29:39,002 LT1-thread root DEBUG iutctl_common.py          166   send                      : sending frame '0101ff0000'
2026-08-05 00:29:39,002 LT1-thread root DEBUG iutctl_common.py          339   read                      : 
2026-08-05 00:29:39,015 BTPWorkerThread-42965 (_rx_task) root DEBUG iutctl_common.py          123   read                      : Read 5 bytes
2026-08-05 00:29:39,026 BTPWorkerThread-42965 (_rx_task) root DEBUG iutctl_common.py          131   read                      : Received: hdr: Header(svc_id=0x01, op=0x01, ctrl_index=0xff, data_len=0x07) bytearray(b'\x01\x01\xff\x07\x00')
2026-08-05 00:29:39,041 BTPWorkerThread-42965 (_rx_task) root DEBUG iutctl_common.py          139   read                      : Read 7 bytes data
2026-08-05 00:29:39,051 BTPWorkerThread-42965 (_rx_task) root DEBUG iutctl_common.py          154   read                      : Received data: {'6e ff 7f 1f fe f7 0e'}, bytearray(b'n\xff\x7f\x1f\xfe\xf7\x0e')
2026-08-05 00:29:39,061 LT1-thread root DEBUG testcase.py               254   start                     : Starting test function: class=<class 'autopts.ptsprojects.testcase.TestFunc'>, func=<bound method Stack.gap_init of <autopts.ptsprojects.stack.stack.Stack object at 0x7b25a4820d70>> start_wid=None stop_wid=None post_wid=None skip_call=None call_count=81 args=(b'Tester_F6B11A',) kwds={}
2026-08-05 00:29:39,062 LT1-thread root DEBUG testcase.py               266   start                     : Test function parameters: args=(b'Tester_F6B11A',), kwds={}
2026-08-05 00:29:39,062 LT1-thread root DEBUG testcase.py               254   start                     : Starting test function: class=<class 'autopts.ptsprojects.testcase.TestFunc'>, func=<function core_reg_svc_gatt at 0x7b25a71d1760> start_wid=None stop_wid=None post_wid=None skip_call=None call_count=81 args=() kwds={}
2026-08-05 00:29:39,062 LT1-thread root DEBUG testcase.py               266   start                     : Test function parameters: args=(), kwds={}
2026-08-05 00:29:39,062 LT1-thread root DEBUG btp.py                    117   core_reg_svc_univ         : core_reg_svc_univ: gatt_reg (GATT)
2026-08-05 00:29:39,062 LT1-thread root DEBUG iutctl_common.py          161   send                      : 0 3 255 '2'
2026-08-05 00:29:39,062 LT1-thread root DEBUG iutctl_common.py          166   send                      : sending frame '0003ff010002'
2026-08-05 00:29:39,062 LT1-thread root DEBUG btp.py                    613   core_reg_svc_rsp_succ     : 
2026-08-05 00:29:39,062 LT1-thread root DEBUG iutctl_common.py          339   read                      : 
2026-08-05 00:29:39,080 BTPWorkerThread-42965 (_rx_task) root DEBUG iutctl_common.py          123   read                      : Read 5 bytes
2026-08-05 00:29:39,091 BTPWorkerThread-42965 (_rx_task) root DEBUG iutctl_common.py          131   read                      : Received: hdr: Header(svc_id=0x00, op=0x03, ctrl_index=0xff, data_len=0x00) bytearray(b'\x00\x03\xff\x00\x00')
2026-08-05 00:29:39,101 BTPWorkerThread-42965 (_rx_task) root DEBUG iutctl_common.py          154   read                      : Received data: {''}, bytearray(b'')
2026-08-05 00:29:39,111 LT1-thread root DEBUG btp.py                    624   core_reg_svc_rsp_succ     : received Header(svc_id=0, op=3, ctrl_index=255, data_len=0) (b'',)
2026-08-05 00:29:39,111 LT1-thread root DEBUG btp.py                    625   core_reg_svc_rsp_succ     : expected ((0, 3, 255, 0), (b'',))
2026-08-05 00:29:39,111 LT1-thread root DEBUG btp.py                    630   core_reg_svc_rsp_succ     : response is valid
2026-08-05 00:29:39,111 LT1-thread root DEBUG btp.py                    633   core_reg_svc_rsp_succ     : Reading supported commands for service: GATT
2026-08-05 00:29:39,111 LT1-thread root DEBUG iutctl_common.py          161   send                      : 2 1 255 ''
2026-08-05 00:29:39,112 LT1-thread root DEBUG iutctl_common.py          166   send                      : sending frame '0201ff0000'
2026-08-05 00:29:39,112 LT1-thread root DEBUG iutctl_common.py          339   read                      : 
2026-08-05 00:29:39,125 BTPWorkerThread-42965 (_rx_task) root DEBUG iutctl_common.py          123   read                      : Read 5 bytes
2026-08-05 00:29:39,136 BTPWorkerThread-42965 (_rx_task) root DEBUG iutctl_common.py          131   read                      : Received: hdr: Header(svc_id=0x02, op=0x01, ctrl_index=0xff, data_len=0x05) bytearray(b'\x02\x01\xff\x05\x00')
2026-08-05 00:29:39,151 BTPWorkerThread-42965 (_rx_task) root DEBUG iutctl_common.py          139   read                      : Read 5 bytes data
2026-08-05 00:29:39,161 BTPWorkerThread-42965 (_rx_task) root DEBUG iutctl_common.py          154   read                      : Received data: {'fe fe bf fd 0f'}, bytearray(b'\xfe\xfe\xbf\xfd\x0f')
2026-08-05 00:29:39,166 LT1-thread root DEBUG testcase.py               254   start                     : Starting test function: class=<class 'autopts.ptsprojects.testcase.TestFunc'>, func=<function gap_read_controller_info at 0x7b25a71f8400> start_wid=None stop_wid=None post_wid=None skip_call=None call_count=81 args=() kwds={}
2026-08-05 00:29:39,167 LT1-thread root DEBUG testcase.py               266   start                     : Test function parameters: args=(), kwds={}
2026-08-05 00:29:39,167 LT1-thread root DEBUG gap.py                    1158  gap_read_controller_info  : 
2026-08-05 00:29:39,167 LT1-thread root DEBUG iutctl_common.py          161   send                      : 1 3 0 ''
2026-08-05 00:29:39,167 LT1-thread root DEBUG iutctl_common.py          166   send                      : sending frame '0103000000'
2026-08-05 00:29:39,167 LT1-thread root DEBUG iutctl_common.py          339   read                      : 
2026-08-05 00:29:39,175 BTPWorkerThread-42965 (_rx_task) root DEBUG iutctl_common.py          123   read                      : Read 5 bytes
2026-08-05 00:29:39,186 BTPWorkerThread-42965 (_rx_task) root DEBUG iutctl_common.py          131   read                      : Received: hdr: Header(svc_id=0x01, op=0x03, ctrl_index=0x00, data_len=0x115) bytearray(b'\x01\x03\x00\x15\x01')
2026-08-05 00:29:39,201 BTPWorkerThread-42965 (_rx_task) root DEBUG iutctl_common.py          139   read                      : Read 277 bytes data
2026-08-05 00:29:39,206 BTPWorkerThread-42965 (_rx_task) root DEBUG iutctl_common.py          154   read                      : Received data: {'3b db 31 cc b6 d5 13 06 02 00 13 82 00 00 00 00 00 62 74 70 5f 74 65 73 74 65 72 00 00 00 00 00 00 00 00 00 00 00 00 00 00 00 00 00 00 00 00 00 00 00 00 00 00 00 00 00 00 00 00 00 00 00 00 00 00 00 00 00 00 00 00 00 00 00 00 00 00 00 00 00 00 00 00 00 00 00 00 00 00 00 00 00 00 00 00 00 00 00 00 00 00 00 00 00 00 00 00 00 00 00 00 00 00 00 00 00 00 00 00 00 00 00 00 00 00 00 00 00 00 00 00 00 00 00 00 00 00 00 00 00 00 00 00 00 00 00 00 00 00 00 00 00 00 00 00 00 00 00 00 00 00 00 00 00 00 00 00 00 00 00 00 00 00 00 00 00 00 00 00 00 00 00 00 00 00 00 00 00 00 00 00 00 00 00 00 00 00 00 00 00 00 00 00 00 00 00 00 00 00 00 00 00 00 00 00 00 00 00 00 00 00 00 00 00 00 00 00 00 00 00 00 00 00 00 00 00 00 00 00 00 00 00 00 00 00 00 00 00 00 00 00 00 00 00 00 00 00 00 00 00 00 00 00 00 00 00 00 00 00 00 00 00 00 00 00 00 00'}, bytearray(b';\xdb1\xcc\xb6\xd5\x13\x06\x02\x00\x13\x82\x00\x00\x00\x00\x00btp_tester\x00\x00\x00\x00\x00\x00\x00\x00\x00\x00\x00\x00\x00\x00\x00\x00\x00\x00\x00\x00\x00\x00\x00\x00\x00\x00\x00\x00\x00\x00\x00\x00\x00\x00\x00\x00\x00\x00\x00\x00\x00\x00\x00\x00\x00\x00\x00\x00\x00\x00\x00\x00\x00\x00\x00\x00\x00\x00\x00\x00\x00\x00\x00\x00\x00\x00\x00\x00\x00\x00\x00\x00\x00\x00\x00\x00\x00\x00\x00\x00\x00\x00\x00\x00\x00\x00\x00\x00\x00\x00\x00\x00\x00\x00\x00\x00\x00\x00\x00\x00\x00\x00\x00\x00\x00\x00\x00\x00\x00\x00\x00\x00\x00\x00\x00\x00\x00\x00\x00\x00\x00\x00\x00\x00\x00\x00\x00\x00\x00\x00\x00\x00\x00\x00\x00\x00\x00\x00\x00\x00\x00\x00\x00\x00\x00\x00\x00\x00\x00\x00\x00\x00\x00\x00\x00\x00\x00\x00\x00\x00\x00\x00\x00\x00\x00\x00\x00\x00\x00\x00\x00\x00\x00\x00\x00\x00\x00\x00\x00\x00\x00\x00\x00\x00\x00\x00\x00\x00\x00\x00\x00\x00\x00\x00\x00\x00\x00\x00\x00\x00\x00\x00\x00\x00\x00\x00\x00\x00\x00\x00\x00\x00\x00\x00\x00\x00\x00\x00\x00\x00\x00\x00\x00\x00\x00\x00\x00\x00\x00\x00\x00\x00\x00\x00\x00\x00\x00\x00\x00\x00\x00\x00\x00\x00\x00\x00\x00\x00\x00\x00')
2026-08-05 00:29:39,222 LT1-thread root DEBUG gap.py                    1165  gap_read_controller_info  : received Header(svc_id=1, op=3, ctrl_index=0, data_len=277) (b';\xdb1\xcc\xb6\xd5\x13\x06\x02\x00\x13\x82\x00\x00\x00\x00\x00btp_tester\x00\x00\x00\x00\x00\x00\x00\x00\x00\x00\x00\x00\x00\x00\x00\x00\x00\x00\x00\x00\x00\x00\x00\x00\x00\x00\x00\x00\x00\x00\x00\x00\x00\x00\x00\x00\x00\x00\x00\x00\x00\x00\x00\x00\x00\x00\x00\x00\x00\x00\x00\x00\x00\x00\x00\x00\x00\x00\x00\x00\x00\x00\x00\x00\x00\x00\x00\x00\x00\x00\x00\x00\x00\x00\x00\x00\x00\x00\x00\x00\x00\x00\x00\x00\x00\x00\x00\x00\x00\x00\x00\x00\x00\x00\x00\x00\x00\x00\x00\x00\x00\x00\x00\x00\x00\x00\x00\x00\x00\x00\x00\x00\x00\x00\x00\x00\x00\x00\x00\x00\x00\x00\x00\x00\x00\x00\x00\x00\x00\x00\x00\x00\x00\x00\x00\x00\x00\x00\x00\x00\x00\x00\x00\x00\x00\x00\x00\x00\x00\x00\x00\x00\x00\x00\x00\x00\x00\x00\x00\x00\x00\x00\x00\x00\x00\x00\x00\x00\x00\x00\x00\x00\x00\x00\x00\x00\x00\x00\x00\x00\x00\x00\x00\x00\x00\x00\x00\x00\x00\x00\x00\x00\x00\x00\x00\x00\x00\x00\x00\x00\x00\x00\x00\x00\x00\x00\x00\x00\x00\x00\x00\x00\x00\x00\x00\x00\x00\x00\x00\x00\x00\x00\x00\x00\x00\x00\x00\x00\x00\x00\x00\x00\x00\x00\x00\x00\x00\x00\x00\x00\x00\x00\x00\x00\x00\x00\x00\x00\x00\x00',)
2026-08-05 00:29:39,222 LT1-thread root DEBUG gap.py                    1186  gap_read_controller_info  : IUT address 'd5b6cc31db3b' 'random'
2026-08-05 00:29:39,222 LT1-thread root DEBUG gap.py                    591   __gap_current_settings_update : 33299
2026-08-05 00:29:39,222 LT1-thread root DEBUG testcase.py               254   start                     : Starting test function: class=<class 'autopts.ptsprojects.testcase.TestFunc'>, func=<function test_cases.<locals>.<lambda> at 0x7b25a158f1a0> start_wid=None stop_wid=None post_wid=None skip_call=None call_count=81 args=() kwds={}
2026-08-05 00:29:39,222 LT1-thread root DEBUG testcase.py               266   start                     : Test function parameters: args=(), kwds={}
2026-08-05 00:29:39,225 LT1-thread root DEBUG testcase.py               254   start                     : Starting test function: class=<class 'autopts.ptsprojects.testcase.TestFunc'>, func=<function test_cases.<locals>.<lambda> at 0x7b25a158f240> start_wid=None stop_wid=None post_wid=None skip_call=None call_count=81 args=() kwds={}
2026-08-05 00:29:39,226 LT1-thread root DEBUG testcase.py               266   start                     : Test function parameters: args=(), kwds={}
2026-08-05 00:29:39,226 LT1-thread root DEBUG testcase.py               254   start                     : Starting test function: class=<class 'autopts.ptsprojects.testcase.TestFunc'>, func=<function gap_set_io_capability at 0x7b25a71df880> start_wid=None stop_wid=None post_wid=None skip_call=None call_count=81 args=(0,) kwds={}
2026-08-05 00:29:39,226 LT1-thread root DEBUG testcase.py               266   start                     : Test function parameters: args=(0,), kwds={}
2026-08-05 00:29:39,226 LT1-thread root DEBUG gap.py                    856   gap_set_io_capability     : 0
2026-08-05 00:29:39,226 LT1-thread root DEBUG iutctl_common.py          161   send                      : 1 16 0 '\x00'
2026-08-05 00:29:39,226 LT1-thread root DEBUG iutctl_common.py          166   send                      : sending frame '011000010000'
2026-08-05 00:29:39,226 LT1-thread root DEBUG gap.py                    1193  gap_command_rsp_succ      : 
2026-08-05 00:29:39,226 LT1-thread root DEBUG iutctl_common.py          339   read                      : 
2026-08-05 00:29:39,240 BTPWorkerThread-42965 (_rx_task) root DEBUG iutctl_common.py          123   read                      : Read 5 bytes
2026-08-05 00:29:39,251 BTPWorkerThread-42965 (_rx_task) root DEBUG iutctl_common.py          131   read                      : Received: hdr: Header(svc_id=0x01, op=0x10, ctrl_index=0x00, data_len=0x00) bytearray(b'\x01\x10\x00\x00\x00')
2026-08-05 00:29:39,261 BTPWorkerThread-42965 (_rx_task) root DEBUG iutctl_common.py          154   read                      : Received data: {''}, bytearray(b'')
2026-08-05 00:29:39,271 LT1-thread root DEBUG gap.py                    1198  gap_command_rsp_succ      : received Header(svc_id=1, op=16, ctrl_index=0, data_len=0) (b'',)
2026-08-05 00:29:39,271 LT1-thread root DEBUG testcase.py               254   start                     : Starting test function: class=<class 'autopts.ptsprojects.testcase.TestFunc'>, func=<function set_pts_addr at 0x7b25a71d11c0> start_wid=None stop_wid=None post_wid=None skip_call=None call_count=81 args=('DF:A9:FF:F6:B1:1A', 0) kwds={}
2026-08-05 00:29:39,271 LT1-thread root DEBUG testcase.py               266   start                     : Test function parameters: args=('DF:A9:FF:F6:B1:1A', 0), kwds={}
2026-08-05 00:29:39,271 LT1-thread root DEBUG testcase.py               254   start                     : Starting test function: class=<class 'autopts.ptsprojects.testcase.TestFunc'>, func=<bound method Stack.gatt_init of <autopts.ptsprojects.stack.stack.Stack object at 0x7b25a4820d70>> start_wid=None stop_wid=None post_wid=None skip_call=None call_count=81 args=() kwds={}
2026-08-05 00:29:39,271 LT1-thread root DEBUG testcase.py               266   start                     : Test function parameters: args=(), kwds={}
2026-08-05 00:29:39,272 LT1-thread root DEBUG testcase.py               254   start                     : Starting test function: class=<class 'autopts.ptsprojects.testcase.TestFunc'>, func=<function gap_set_connectable at 0x7b25a71dfce0> start_wid=None stop_wid=None post_wid=None skip_call=None call_count=81 args=() kwds={}
2026-08-05 00:29:39,272 LT1-thread root DEBUG testcase.py               266   start                     : Test function parameters: args=(), kwds={}
2026-08-05 00:29:39,272 LT1-thread root DEBUG gap.py                    979   gap_set_connectable       : 
2026-08-05 00:29:39,272 LT1-thread root DEBUG testcase.py               254   start                     : Starting test function: class=<class 'autopts.ptsprojects.testcase.TestFunc'>, func=<function gap_set_general_discoverable at 0x7b25a71dfec0> start_wid=None stop_wid=None post_wid=None skip_call=None call_count=81 args=() kwds={}
2026-08-05 00:29:39,272 LT1-thread root DEBUG testcase.py               266   start                     : Test function parameters: args=(), kwds={}
2026-08-05 00:29:39,272 LT1-thread root DEBUG gap.py                    1030  gap_set_general_discoverable : 
2026-08-05 00:29:39,272 LT1-thread root DEBUG iutctl_common.py          161   send                      : 1 8 0 '1'
2026-08-05 00:29:39,272 LT1-thread root DEBUG iutctl_common.py          166   send                      : sending frame '010800010001'
2026-08-05 00:29:39,272 LT1-thread root DEBUG gap.py                    1193  gap_command_rsp_succ      : 
2026-08-05 00:29:39,272 LT1-thread root DEBUG iutctl_common.py          339   read                      : 
2026-08-05 00:29:39,285 BTPWorkerThread-42965 (_rx_task) root DEBUG iutctl_common.py          123   read                      : Read 5 bytes
2026-08-05 00:29:39,295 BTPWorkerThread-42965 (_rx_task) root DEBUG iutctl_common.py          131   read                      : Received: hdr: Header(svc_id=0x01, op=0x08, ctrl_index=0x00, data_len=0x04) bytearray(b'\x01\x08\x00\x04\x00')
2026-08-05 00:29:39,311 BTPWorkerThread-42965 (_rx_task) root DEBUG iutctl_common.py          139   read                      : Read 4 bytes data
2026-08-05 00:29:39,321 BTPWorkerThread-42965 (_rx_task) root DEBUG iutctl_common.py          154   read                      : Received data: {'1b 82 00 00'}, bytearray(b'\x1b\x82\x00\x00')
2026-08-05 00:29:39,331 LT1-thread root DEBUG gap.py                    1198  gap_command_rsp_succ      : received Header(svc_id=1, op=8, ctrl_index=0, data_len=4) (b'\x1b\x82\x00\x00',)
2026-08-05 00:29:39,331 LT1-thread root DEBUG gap.py                    591   __gap_current_settings_update : (b'\x1b\x82\x00\x00',)
2026-08-05 00:29:39,332 LT1-thread root DEBUG testcase.py               254   start                     : Starting test function: class=<class 'autopts.ptsprojects.testcase.TestFunc'>, func=<function core_reg_svc_tbs at 0x7b25a71d2a20> start_wid=None stop_wid=None post_wid=None skip_call=None call_count=81 args=() kwds={}
2026-08-05 00:29:39,332 LT1-thread root DEBUG testcase.py               266   start                     : Test function parameters: args=(), kwds={}
2026-08-05 00:29:39,332 LT1-thread root DEBUG btp.py                    117   core_reg_svc_univ         : core_reg_svc_univ: tbs_reg (TBS)
2026-08-05 00:29:39,332 LT1-thread root DEBUG iutctl_common.py          161   send                      : 0 3 255 '27'
2026-08-05 00:29:39,332 LT1-thread root DEBUG iutctl_common.py          166   send                      : sending frame '0003ff01001b'
2026-08-05 00:29:39,332 LT1-thread root DEBUG btp.py                    613   core_reg_svc_rsp_succ     : 
2026-08-05 00:29:39,332 LT1-thread root DEBUG iutctl_common.py          339   read                      : 
2026-08-05 00:29:39,350 BTPWorkerThread-42965 (_rx_task) root DEBUG iutctl_common.py          123   read                      : Read 5 bytes
2026-08-05 00:29:39,361 BTPWorkerThread-42965 (_rx_task) root DEBUG iutctl_common.py          131   read                      : Received: hdr: Header(svc_id=0x00, op=0x03, ctrl_index=0xff, data_len=0x00) bytearray(b'\x00\x03\xff\x00\x00')
2026-08-05 00:29:39,371 BTPWorkerThread-42965 (_rx_task) root DEBUG iutctl_common.py          154   read                      : Received data: {''}, bytearray(b'')
2026-08-05 00:29:39,381 LT1-thread root DEBUG btp.py                    624   core_reg_svc_rsp_succ     : received Header(svc_id=0, op=3, ctrl_index=255, data_len=0) (b'',)
2026-08-05 00:29:39,381 LT1-thread root DEBUG btp.py                    625   core_reg_svc_rsp_succ     : expected ((0, 3, 255, 0), (b'',))
2026-08-05 00:29:39,381 LT1-thread root DEBUG btp.py                    630   core_reg_svc_rsp_succ     : response is valid
2026-08-05 00:29:39,381 LT1-thread root DEBUG btp.py                    633   core_reg_svc_rsp_succ     : Reading supported commands for service: TBS
2026-08-05 00:29:39,382 LT1-thread root DEBUG iutctl_common.py          161   send                      : 27 1 255 ''
2026-08-05 00:29:39,382 LT1-thread root DEBUG iutctl_common.py          166   send                      : sending frame '1b01ff0000'
2026-08-05 00:29:39,382 LT1-thread root DEBUG iutctl_common.py          339   read                      : 
2026-08-05 00:29:39,400 BTPWorkerThread-42965 (_rx_task) root DEBUG iutctl_common.py          123   read                      : Read 5 bytes
2026-08-05 00:29:39,411 BTPWorkerThread-42965 (_rx_task) root DEBUG iutctl_common.py          131   read                      : Received: hdr: Header(svc_id=0x1b, op=0x01, ctrl_index=0xff, data_len=0x02) bytearray(b'\x1b\x01\xff\x02\x00')
2026-08-05 00:29:39,426 BTPWorkerThread-42965 (_rx_task) root DEBUG iutctl_common.py          139   read                      : Read 2 bytes data
2026-08-05 00:29:39,442 BTPWorkerThread-42965 (_rx_task) root DEBUG iutctl_common.py          154   read                      : Received data: {'fe 1f'}, bytearray(b'\xfe\x1f')
2026-08-05 00:29:39,447 LT1-thread root DEBUG testcase.py               254   start                     : Starting test function: class=<class 'autopts.ptsprojects.testcase.TestFunc'>, func=<function test_cases.<locals>.<lambda> at 0x7b25a158f2e0> start_wid=None stop_wid=None post_wid=None skip_call=None call_count=81 args=() kwds={}
2026-08-05 00:29:39,447 LT1-thread root DEBUG testcase.py               266   start                     : Test function parameters: args=(), kwds={}
2026-08-05 00:29:39,451 LT1-thread root DEBUG testcase.py               254   start                     : Starting test function: class=<class 'autopts.ptsprojects.testcase.TestFunc'>, func=<bound method Stack.tbs_init of <autopts.ptsprojects.stack.stack.Stack object at 0x7b25a4820d70>> start_wid=None stop_wid=None post_wid=None skip_call=None call_count=81 args=() kwds={}
2026-08-05 00:29:39,451 LT1-thread root DEBUG testcase.py               266   start                     : Test function parameters: args=(), kwds={}
2026-08-05 00:29:39,451 LT1-thread root DEBUG testcase.py               254   start                     : Starting test function: class=<class 'autopts.ptsprojects.testcase.TestFunc'>, func=<function test_cases.<locals>.<lambda> at 0x7b25a15a5da0> start_wid=None stop_wid=None post_wid=None skip_call=None call_count=1 args=() kwds={}
2026-08-05 00:29:39,451 LT1-thread root DEBUG testcase.py               266   start                     : Test function parameters: args=(), kwds={}
2026-08-05 00:29:39,451 LT1-thread root DEBUG iutctl_common.py          161   send                      : 27 12 0 "bytearray(b'\\x01\\x02\\x03\\x00\\x0b\\x05\\tGeneric TBSun000tel,skype')"
2026-08-05 00:29:39,451 LT1-thread root DEBUG iutctl_common.py          166   send                      : sending frame '1b0c002000010203000b050947656e6572696320544253756e30303074656c2c736b797065'
2026-08-05 00:29:39,451 LT1-thread root DEBUG tbs.py                    98    tbs_command_rsp_succ      : 
2026-08-05 00:29:39,451 LT1-thread root DEBUG iutctl_common.py          339   read                      : 
2026-08-05 00:29:39,465 BTPWorkerThread-42965 (_rx_task) root DEBUG iutctl_common.py          123   read                      : Read 5 bytes
2026-08-05 00:29:39,465 BTPWorkerThread-42965 (_rx_task) root DEBUG iutctl_common.py          131   read                      : Received: hdr: Header(svc_id=0x1b, op=0x0c, ctrl_index=0x00, data_len=0x01) bytearray(b'\x1b\x0c\x00\x01\x00')
2026-08-05 00:29:39,466 BTPWorkerThread-42965 (_rx_task) root DEBUG iutctl_common.py          139   read                      : Read 1 bytes data
2026-08-05 00:29:39,476 BTPWorkerThread-42965 (_rx_task) root DEBUG iutctl_common.py          154   read                      : Received data: {'ff'}, bytearray(b'\xff')
2026-08-05 00:29:39,486 LT1-thread root DEBUG tbs.py                    103   tbs_command_rsp_succ      : received Header(svc_id=27, op=12, ctrl_index=0, data_len=1) (b'\xff',)
2026-08-05 00:29:39,486 LT1-thread root DEBUG testcase.py               254   start                     : Starting test function: class=<class 'autopts.ptsprojects.testcase.TestFunc'>, func=<function test_cases.<locals>.<lambda> at 0x7b25a15a5e40> start_wid=None stop_wid=None post_wid=None skip_call=None call_count=1 args=() kwds={}
2026-08-05 00:29:39,487 LT1-thread root DEBUG testcase.py               266   start                     : Test function parameters: args=(), kwds={}
2026-08-05 00:29:39,487 LT1-thread root DEBUG iutctl_common.py          161   send                      : 27 12 0 "bytearray(b'\\x00\\x04\\x03\\x00\\x03\\x05\\tTBSun000tel,skype')"
2026-08-05 00:29:39,487 LT1-thread root DEBUG iutctl_common.py          166   send                      : sending frame '1b0c00180000040300030509544253756e30303074656c2c736b797065'
2026-08-05 00:29:39,487 LT1-thread root DEBUG tbs.py                    98    tbs_command_rsp_succ      : 
2026-08-05 00:29:39,487 LT1-thread root DEBUG iutctl_common.py          339   read                      : 
2026-08-05 00:29:39,495 BTPWorkerThread-42965 (_rx_task) root DEBUG iutctl_common.py          123   read                      : Read 5 bytes
2026-08-05 00:29:39,506 BTPWorkerThread-42965 (_rx_task) root DEBUG iutctl_common.py          131   read                      : Received: hdr: Header(svc_id=0x1b, op=0x0c, ctrl_index=0x00, data_len=0x01) bytearray(b'\x1b\x0c\x00\x01\x00')
2026-08-05 00:29:39,521 BTPWorkerThread-42965 (_rx_task) root DEBUG iutctl_common.py          139   read                      : Read 1 bytes data
2026-08-05 00:29:39,531 BTPWorkerThread-42965 (_rx_task) root DEBUG iutctl_common.py          154   read                      : Received data: {'00'}, bytearray(b'\x00')
2026-08-05 00:29:39,542 LT1-thread root DEBUG tbs.py                    103   tbs_command_rsp_succ      : received Header(svc_id=27, op=12, ctrl_index=0, data_len=1) (b'\x00',)
2026-08-05 00:29:39,543 LT1-thread root DEBUG client.py                 275   get_result                : ClientCallback.get_result run_test_case
2026-08-05 00:29:41,017 LT1-callback ClientCallback.on_implicit_send INFO client.py                 222   on_implicit_send          : 
    ********************
    BEGIN OnImplicitSend:
    project_name: TBS
    wid: 20001
    test_case_name: TBS/SR/SPN/BV-10-C
    description: Please prepare IUT into a connectable mode.

Description: Verify that the Implementation Under Test (IUT) can accept GATT connect request from PTS.
    style: MMI_Style_Ok_Cancel2 0x11141
2026-08-05 00:29:41,017 LT1-callback ClientCallback.on_implicit_send INFO client.py                 235   on_implicit_send          : Calling test cases on_implicit_send
2026-08-05 00:29:41,017 LT1-callback ClientCallback.on_implicit_send INFO client.py                 248   on_implicit_send          : 
    on_implicit_send returned response: WAIT
    END OnImplicitSend
    ********************
2026-08-05 00:29:41,544 LT1-thread root DEBUG testcase.py               679   run_wid                   : TBS TBS/SR/SPN/BV-10-C on_implicit_send
2026-08-05 00:29:41,544 LT1-thread root DEBUG tbs_wid.py                24    tbs_wid_hdl               : tbs_wid_hdl, 20001, Please prepare IUT into a connectable mode.

Description: Verify that the Implementation Under Test (IUT) can accept GATT connect request from PTS., TBS/SR/SPN/BV-10-C
2026-08-05 00:29:41,544 LT1-thread root DEBUG gap.py                    979   gap_set_connectable       : 
2026-08-05 00:29:41,545 LT1-thread root DEBUG gap.py                    645   gap_start_advertising     : {9: b'Tester_F6B11A'} None
2026-08-05 00:29:41,545 LT1-thread root DEBUG iutctl_common.py          161   send                      : 1 10 0 "bytearray(b'\\x0f\\x00\\t\\rTester_F6B11A\\xff\\xff\\xff\\xff\\x00')"
2026-08-05 00:29:41,545 LT1-thread root DEBUG iutctl_common.py          166   send                      : sending frame '010a0016000f00090d5465737465725f463642313141ffffffff00'
2026-08-05 00:29:41,546 LT1-thread root DEBUG gap.py                    1193  gap_command_rsp_succ      : 
2026-08-05 00:29:41,546 LT1-thread root DEBUG iutctl_common.py          339   read                      : 
2026-08-05 00:29:41,650 BTPWorkerThread-42965 (_rx_task) root DEBUG iutctl_common.py          123   read                      : Read 5 bytes
2026-08-05 00:29:41,651 BTPWorkerThread-42965 (_rx_task) root DEBUG iutctl_common.py          131   read                      : Received: hdr: Header(svc_id=0x01, op=0x0a, ctrl_index=0x00, data_len=0x04) bytearray(b'\x01\n\x00\x04\x00')
2026-08-05 00:29:41,651 BTPWorkerThread-42965 (_rx_task) root DEBUG iutctl_common.py          139   read                      : Read 4 bytes data
2026-08-05 00:29:41,651 BTPWorkerThread-42965 (_rx_task) root DEBUG iutctl_common.py          154   read                      : Received data: {'1b 86 00 00'}, bytearray(b'\x1b\x86\x00\x00')
2026-08-05 00:29:41,651 LT1-thread root DEBUG gap.py                    1198  gap_command_rsp_succ      : received Header(svc_id=1, op=10, ctrl_index=0, data_len=4) (b'\x1b\x86\x00\x00',)
2026-08-05 00:29:41,651 LT1-thread root DEBUG gap.py                    591   __gap_current_settings_update : (b'\x1b\x86\x00\x00',)
2026-08-05 00:29:41,651 LT1-thread root DEBUG testcase.py               722   run_wid                   : Sending response 'OK' to wid 20001 test case TBS/SR/SPN/BV-10-C
2026-08-05 00:29:41,652 LT1-thread root DEBUG client.py                 275   get_result                : ClientCallback.get_result run_test_case
2026-08-05 00:29:41,654 LT1-callback ClientCallback.log INFO client.py                 199   log                       : PTS_LOGTYPE_IMPLICIT_SEND PTS ControlServer  TBS/SR/SPN/BV-10-C Server: SUCCESS with response=OK
2026-08-05 00:29:41,740 BTPWorkerThread-42965 (_rx_task) root DEBUG iutctl_common.py          123   read                      : Read 5 bytes
2026-08-05 00:29:41,741 BTPWorkerThread-42965 (_rx_task) root DEBUG iutctl_common.py          131   read                      : Received: hdr: Header(svc_id=0x01, op=0x82, ctrl_index=0x00, data_len=0x0d) bytearray(b'\x01\x82\x00\r\x00')
2026-08-05 00:29:41,741 BTPWorkerThread-42965 (_rx_task) root DEBUG iutctl_common.py          139   read                      : Read 13 bytes data
2026-08-05 00:29:41,741 BTPWorkerThread-42965 (_rx_task) root DEBUG iutctl_common.py          154   read                      : Received data: {'00 1a b1 f6 ff a9 df 46 00 00 00 d0 09'}, bytearray(b'\x00\x1a\xb1\xf6\xff\xa9\xdfF\x00\x00\x00\xd0\t')
2026-08-05 00:29:41,741 BTPWorkerThread-42965 (_rx_task) root DEBUG btp.py                    695   event_handler             : Header(svc_id=1, op=130, ctrl_index=0, data_len=13) (b'\x00\x1a\xb1\xf6\xff\xa9\xdfF\x00\x00\x00\xd0\t',)
2026-08-05 00:29:41,741 BTPWorkerThread-42965 (_rx_task) root DEBUG gap.py                    210   gap_connected_ev_         : b'\x00\x1a\xb1\xf6\xff\xa9\xdfF\x00\x00\x00\xd0\t'
2026-08-05 00:29:41,741 BTPWorkerThread-42965 (_rx_task) root DEBUG iutctl_common.py          123   read                      : Read 5 bytes
2026-08-05 00:29:41,741 BTPWorkerThread-42965 (_rx_task) root DEBUG iutctl_common.py          131   read                      : Received: hdr: Header(svc_id=0x01, op=0x80, ctrl_index=0x00, data_len=0x04) bytearray(b'\x01\x80\x00\x04\x00')
2026-08-05 00:29:41,741 BTPWorkerThread-42965 (_rx_task) root DEBUG iutctl_common.py          139   read                      : Read 4 bytes data
2026-08-05 00:29:41,742 BTPWorkerThread-42965 (_rx_task) root DEBUG iutctl_common.py          154   read                      : Received data: {'1b 82 00 00'}, bytearray(b'\x1b\x82\x00\x00')
2026-08-05 00:29:41,742 BTPWorkerThread-42965 (_rx_task) root DEBUG btp.py                    695   event_handler             : Header(svc_id=1, op=128, ctrl_index=0, data_len=4) (b'\x1b\x82\x00\x00',)
2026-08-05 00:29:41,742 BTPWorkerThread-42965 (_rx_task) root DEBUG gap.py                    178   gap_new_settings_ev_      : b'\x1b\x82\x00\x00'
2026-08-05 00:29:41,742 BTPWorkerThread-42965 (_rx_task) root DEBUG gap.py                    591   __gap_current_settings_update : 33307
2026-08-05 00:29:46,050 BTPWorkerThread-42965 (_rx_task) root DEBUG iutctl_common.py          123   read                      : Read 5 bytes
2026-08-05 00:29:46,051 BTPWorkerThread-42965 (_rx_task) root DEBUG iutctl_common.py          131   read                      : Received: hdr: Header(svc_id=0x01, op=0x91, ctrl_index=0x00, data_len=0x09) bytearray(b'\x01\x91\x00\t\x00')
2026-08-05 00:29:46,052 BTPWorkerThread-42965 (_rx_task) root DEBUG iutctl_common.py          139   read                      : Read 9 bytes data
2026-08-05 00:29:46,052 BTPWorkerThread-42965 (_rx_task) root DEBUG iutctl_common.py          154   read                      : Received data: {'00 1a b1 f6 ff a9 df 01 10'}, bytearray(b'\x00\x1a\xb1\xf6\xff\xa9\xdf\x01\x10')
2026-08-05 00:29:46,053 BTPWorkerThread-42965 (_rx_task) root DEBUG btp.py                    695   event_handler             : Header(svc_id=1, op=145, ctrl_index=0, data_len=9) (b'\x00\x1a\xb1\xf6\xff\xa9\xdf\x01\x10',)
2026-08-05 00:29:46,053 BTPWorkerThread-42965 (_rx_task) root DEBUG gap.py                    489   gap_encryption_change_ev_ : 
2026-08-05 00:29:46,053 BTPWorkerThread-42965 (_rx_task) root DEBUG gap.py                    491   gap_encryption_change_ev_ : enc change received b'\x00\x1a\xb1\xf6\xff\xa9\xdf\x01\x10'
2026-08-05 00:29:46,053 BTPWorkerThread-42965 (_rx_task) root DEBUG gap.py                    500   gap_encryption_change_ev_ : received (0, 'dfa9fff6b11a', 1, 16)
2026-08-05 00:29:46,053 BTPWorkerThread-42965 (_rx_task) root DEBUG iutctl_common.py          123   read                      : Read 5 bytes
2026-08-05 00:29:46,054 BTPWorkerThread-42965 (_rx_task) root DEBUG iutctl_common.py          131   read                      : Received: hdr: Header(svc_id=0x01, op=0x89, ctrl_index=0x00, data_len=0x08) bytearray(b'\x01\x89\x00\x08\x00')
2026-08-05 00:29:46,054 BTPWorkerThread-42965 (_rx_task) root DEBUG iutctl_common.py          139   read                      : Read 8 bytes data
2026-08-05 00:29:46,055 BTPWorkerThread-42965 (_rx_task) root DEBUG iutctl_common.py          154   read                      : Received data: {'00 1a b1 f6 ff a9 df 02'}, bytearray(b'\x00\x1a\xb1\xf6\xff\xa9\xdf\x02')
2026-08-05 00:29:46,055 BTPWorkerThread-42965 (_rx_task) root DEBUG btp.py                    695   event_handler             : Header(svc_id=1, op=137, ctrl_index=0, data_len=8) (b'\x00\x1a\xb1\xf6\xff\xa9\xdf\x02',)
2026-08-05 00:29:46,055 BTPWorkerThread-42965 (_rx_task) root DEBUG gap.py                    295   gap_sec_level_changed_ev_ : 
2026-08-05 00:29:46,056 BTPWorkerThread-42965 (_rx_task) root DEBUG gap.py                    297   gap_sec_level_changed_ev_ : received b'\x00\x1a\xb1\xf6\xff\xa9\xdf\x02'
2026-08-05 00:29:46,056 BTPWorkerThread-42965 (_rx_task) root DEBUG gap.py                    308   gap_sec_level_changed_ev_ : received (0, 'dfa9fff6b11a', 2)
2026-08-05 00:29:56,890 LT1-callback ClientCallback.on_implicit_send INFO client.py                 222   on_implicit_send          : 
    ********************
    BEGIN OnImplicitSend:
    project_name: TBS
    wid: 20141
    test_case_name: TBS/SR/SPN/BV-10-C
    description: Please update Incoming Call characteristic with value whose length is greater than the (ATT_MTU-3).
Click OK when it is ready.
    style: MMI_Style_Ok 0x11040
2026-08-05 00:29:56,891 LT1-callback ClientCallback.on_implicit_send INFO client.py                 235   on_implicit_send          : Calling test cases on_implicit_send
2026-08-05 00:29:56,891 LT1-callback ClientCallback.on_implicit_send INFO client.py                 248   on_implicit_send          : 
    on_implicit_send returned response: WAIT
    END OnImplicitSend
    ********************
2026-08-05 00:29:57,655 LT1-thread root DEBUG testcase.py               679   run_wid                   : TBS TBS/SR/SPN/BV-10-C on_implicit_send
2026-08-05 00:29:57,656 LT1-thread root DEBUG tbs_wid.py                24    tbs_wid_hdl               : tbs_wid_hdl, 20141, Please update Incoming Call characteristic with value whose length is greater than the (ATT_MTU-3).
Click OK when it is ready., TBS/SR/SPN/BV-10-C
2026-08-05 00:29:57,656 LT1-thread root DEBUG tbs.py                    119   tbs_remote_incoming       : 
2026-08-05 00:29:57,656 LT1-thread root DEBUG iutctl_common.py          161   send                      : 27 2 0 "bytearray(b'\\x00\\x18\\x1c\\x1cPtel:12345678901234567890tel:123456789012345678905555namenamenamenamenamedddddddd')"
2026-08-05 00:29:57,657 LT1-thread root DEBUG iutctl_common.py          166   send                      : sending frame '1b0200550000181c1c5074656c3a313233343536373839303132333435363738393074656c3a3132333435363738393031323334353637383930353535356e616d656e616d656e616d656e616d656e616d656464646464646464'
2026-08-05 00:29:57,658 LT1-thread root DEBUG tbs.py                    98    tbs_command_rsp_succ      : 
2026-08-05 00:29:57,659 LT1-thread root DEBUG iutctl_common.py          339   read                      : 
2026-08-05 00:29:57,672 BTPWorkerThread-42965 (_rx_task) root DEBUG iutctl_common.py          123   read                      : Read 5 bytes
2026-08-05 00:29:57,672 BTPWorkerThread-42965 (_rx_task) root DEBUG iutctl_common.py          131   read                      : Received: hdr: Header(svc_id=0x1b, op=0x02, ctrl_index=0x00, data_len=0x00) bytearray(b'\x1b\x02\x00\x00\x00')
2026-08-05 00:29:57,672 BTPWorkerThread-42965 (_rx_task) root DEBUG iutctl_common.py          154   read                      : Received data: {''}, bytearray(b'')
2026-08-05 00:29:57,672 LT1-thread root DEBUG tbs.py                    103   tbs_command_rsp_succ      : received Header(svc_id=27, op=2, ctrl_index=0, data_len=0) (b'',)
2026-08-05 00:29:57,672 LT1-thread root DEBUG testcase.py               722   run_wid                   : Sending response 'Ok' to wid 20141 test case TBS/SR/SPN/BV-10-C
2026-08-05 00:29:57,674 LT1-thread root DEBUG client.py                 275   get_result                : ClientCallback.get_result run_test_case
2026-08-05 00:29:57,676 LT1-callback ClientCallback.log INFO client.py                 199   log                       : PTS_LOGTYPE_IMPLICIT_SEND PTS ControlServer  TBS/SR/SPN/BV-10-C Server: SUCCESS with response=Ok
2026-08-05 00:29:58,552 LT1-callback ClientCallback.on_implicit_send INFO client.py                 222   on_implicit_send          : 
    ********************
    BEGIN OnImplicitSend:
    project_name: TBS
    wid: 20142
    test_case_name: TBS/SR/SPN/BV-10-C
    description: Please update Incoming Call characteristic(Handle = 0x007F) and send a notification containing the updated value of the characteristic with a different value whose length is greater than the (ATT_MTU-3).
    style: MMI_Style_Ok_Cancel2 0x11141
2026-08-05 00:29:58,552 LT1-callback ClientCallback.on_implicit_send INFO client.py                 235   on_implicit_send          : Calling test cases on_implicit_send
2026-08-05 00:29:58,552 LT1-callback ClientCallback.on_implicit_send INFO client.py                 248   on_implicit_send          : 
    on_implicit_send returned response: WAIT
    END OnImplicitSend
    ********************
2026-08-05 00:29:58,675 LT1-thread root DEBUG testcase.py               679   run_wid                   : TBS TBS/SR/SPN/BV-10-C on_implicit_send
2026-08-05 00:29:58,675 LT1-thread root DEBUG tbs_wid.py                24    tbs_wid_hdl               : tbs_wid_hdl, 20142, Please update Incoming Call characteristic(Handle = 0x007F) and send a notification containing the updated value of the characteristic with a different value whose length is greater than the (ATT_MTU-3)., TBS/SR/SPN/BV-10-C
2026-08-05 00:29:58,675 LT1-thread root DEBUG tbs.py                    119   tbs_remote_incoming       : 
2026-08-05 00:29:58,675 LT1-thread root DEBUG iutctl_common.py          161   send                      : 27 2 0 "bytearray(b'\\x00\\x18\\x1c\\x1aNtel:12345678901234567891tel:123456789012345678905551namenamenamenamenamexxxxxx')"
2026-08-05 00:29:58,676 LT1-thread root DEBUG iutctl_common.py          166   send                      : sending frame '1b0200530000181c1a4e74656c3a313233343536373839303132333435363738393174656c3a3132333435363738393031323334353637383930353535316e616d656e616d656e616d656e616d656e616d65787878787878'
2026-08-05 00:29:58,677 LT1-thread root DEBUG tbs.py                    98    tbs_command_rsp_succ      : 
2026-08-05 00:29:58,678 LT1-thread root DEBUG iutctl_common.py          339   read                      : 
2026-08-05 00:29:58,692 BTPWorkerThread-42965 (_rx_task) root DEBUG iutctl_common.py          123   read                      : Read 5 bytes
2026-08-05 00:29:58,693 BTPWorkerThread-42965 (_rx_task) root DEBUG iutctl_common.py          131   read                      : Received: hdr: Header(svc_id=0x1b, op=0x02, ctrl_index=0x00, data_len=0x00) bytearray(b'\x1b\x02\x00\x00\x00')
2026-08-05 00:29:58,694 BTPWorkerThread-42965 (_rx_task) root DEBUG iutctl_common.py          154   read                      : Received data: {''}, bytearray(b'')
2026-08-05 00:29:58,700 LT1-thread root DEBUG tbs.py                    103   tbs_command_rsp_succ      : received Header(svc_id=27, op=2, ctrl_index=0, data_len=0) (b'',)
2026-08-05 00:29:58,700 LT1-thread root DEBUG testcase.py               722   run_wid                   : Sending response 'OK' to wid 20142 test case TBS/SR/SPN/BV-10-C
2026-08-05 00:29:58,706 LT1-thread root DEBUG client.py                 275   get_result                : ClientCallback.get_result run_test_case
2026-08-05 00:29:58,712 LT1-callback ClientCallback.log INFO client.py                 199   log                       : PTS_LOGTYPE_IMPLICIT_SEND PTS ControlServer  TBS/SR/SPN/BV-10-C Server: SUCCESS with response=OK
2026-08-05 00:30:00,721 BTPWorkerThread-42965 (_rx_task) root DEBUG iutctl_common.py          123   read                      : Read 5 bytes
2026-08-05 00:30:00,722 BTPWorkerThread-42965 (_rx_task) root DEBUG iutctl_common.py          131   read                      : Received: hdr: Header(svc_id=0x01, op=0x83, ctrl_index=0x00, data_len=0x07) bytearray(b'\x01\x83\x00\x07\x00')
2026-08-05 00:30:00,723 BTPWorkerThread-42965 (_rx_task) root DEBUG iutctl_common.py          139   read                      : Read 7 bytes data
2026-08-05 00:30:00,723 BTPWorkerThread-42965 (_rx_task) root DEBUG iutctl_common.py          154   read                      : Received data: {'00 1a b1 f6 ff a9 df'}, bytearray(b'\x00\x1a\xb1\xf6\xff\xa9\xdf')
2026-08-05 00:30:00,724 BTPWorkerThread-42965 (_rx_task) root DEBUG btp.py                    695   event_handler             : Header(svc_id=1, op=131, ctrl_index=0, data_len=7) (b'\x00\x1a\xb1\xf6\xff\xa9\xdf',)
2026-08-05 00:30:00,724 BTPWorkerThread-42965 (_rx_task) root DEBUG gap.py                    223   gap_disconnected_ev_      : b'\x00\x1a\xb1\xf6\xff\xa9\xdf'
2026-08-05 00:30:03,300 LT1-callback ClientCallback.log INFO client.py                 199   log                       : PTS_LOGTYPE_MESSAGE Message                  Message 

+47 ms
 TBS/SR/SPN/BV-10-C 
2026-08-05 00:30:03,305 LT1-callback ClientCallback.log INFO client.py                 199   log                       : PTS_LOGTYPE_PRELIMINARY_VERDICT Initialize Test Case 

+47 ms
 TBS/SR/SPN/BV-10-C Build date: Jun 17 2026, 16:31:12

2026-08-05 00:30:03,318 LT1-callback ClientCallback.log INFO client.py                 199   log                       : PTS_LOGTYPE_START_TEST Start Test Case 

+47 ms
 TBS/SR/SPN/BV-10-C TBS/SR/SPN/BV-10-C

2026-08-05 00:30:03,337 LT1-callback ClientCallback.log INFO client.py                 199   log                       : PTS_LOGTYPE_SEND_EVENT  

+1047 ms
 TBS/SR/SPN/BV-10-C Send Event               HCI!HCI_RESET
2026-08-05 00:30:03,340 LT1-callback ClientCallback.log INFO client.py                 199   log                       : PTS_LOGTYPE_RECEIVE_EVENT  

+1063 ms
 TBS/SR/SPN/BV-10-C Receive Event            HCI?HCI_RESET_COMPLETE_EVENT{
                           status=HCI_OK
                         }
2026-08-05 00:30:03,344 LT1-callback ClientCallback.log INFO client.py                 199   log                       : PTS_LOGTYPE_PRELIMINARY_VERDICT Preliminary Verdict 

+1063 ms
 TBS/SR/SPN/BV-10-C PASS

2026-08-05 00:30:03,347 LT1-callback ClientCallback.log INFO client.py                 199   log                       : PTS_LOGTYPE_SEND_EVENT  

+1063 ms
 TBS/SR/SPN/BV-10-C Send Event               HCI!HCI_READ_LOCAL_VERSION_INFORMATION
2026-08-05 00:30:03,350 LT1-callback ClientCallback.log INFO client.py                 199   log                       : PTS_LOGTYPE_RECEIVE_EVENT  

+1063 ms
 TBS/SR/SPN/BV-10-C Receive Event            HCI?HCI_READ_LOCAL_VERSION_INFORMATION_COMPLETE_EVENT{
                           status=HCI_OK,
                           hciVersion=0x10,
                           hciRevision=0x3020,
                           lmpVersion=0x10,
                           manufacturerName=0x0059,
                           lmpSubversion=0x3020
                         }
2026-08-05 00:30:03,354 LT1-callback ClientCallback.log INFO client.py                 199   log                       : PTS_LOGTYPE_PRELIMINARY_VERDICT Preliminary Verdict 

+1063 ms
 TBS/SR/SPN/BV-10-C PASS

2026-08-05 00:30:03,357 LT1-callback ClientCallback.log INFO client.py                 199   log                       : PTS_LOGTYPE_SEND_EVENT  

+1063 ms
 TBS/SR/SPN/BV-10-C Send Event               HCI!HCI_LE_SET_EVENT_MASK{
                           leEventMask=0x005FFCFE7F8FFFFF
                         }
2026-08-05 00:30:03,360 LT1-callback ClientCallback.log INFO client.py                 199   log                       : PTS_LOGTYPE_RECEIVE_EVENT  

+1063 ms
 TBS/SR/SPN/BV-10-C Receive Event            HCI?HCI_LE_SET_EVENT_MASK_COMPLETE_EVENT{
                           status=HCI_OK
                         }
2026-08-05 00:30:03,363 LT1-callback ClientCallback.log INFO client.py                 199   log                       : PTS_LOGTYPE_SEND_EVENT  

+1063 ms
 TBS/SR/SPN/BV-10-C Send Event               HCI!HCI_SET_EVENT_MASK{
                           eventMask=0x3FFFFFFFFFFFFFFF
                         }
2026-08-05 00:30:03,366 LT1-callback ClientCallback.log INFO client.py                 199   log                       : PTS_LOGTYPE_RECEIVE_EVENT  

+1078 ms
 TBS/SR/SPN/BV-10-C Receive Event            HCI?HCI_SET_EVENT_MASK_COMPLETE_EVENT{
                           status=HCI_OK
                         }
2026-08-05 00:30:03,368 LT1-callback ClientCallback.log INFO client.py                 199   log                       : PTS_LOGTYPE_PRELIMINARY_VERDICT Preliminary Verdict 

+1078 ms
 TBS/SR/SPN/BV-10-C PASS

2026-08-05 00:30:03,371 LT1-callback ClientCallback.log INFO client.py                 199   log                       : PTS_LOGTYPE_SEND_EVENT  

+1078 ms
 TBS/SR/SPN/BV-10-C Send Event               HCI!HCI_READ_LOCAL_SUPPORTED_FEATURES
2026-08-05 00:30:03,374 LT1-callback ClientCallback.log INFO client.py                 199   log                       : PTS_LOGTYPE_RECEIVE_EVENT  

+1078 ms
 TBS/SR/SPN/BV-10-C Receive Event            HCI?HCI_READ_LOCAL_SUPPORTED_FEATURES_COMPLETE_EVENT{
                           status=HCI_OK,
                           lmpFeatures=0x0000006000000000
                         }
2026-08-05 00:30:03,377 LT1-callback ClientCallback.log INFO client.py                 199   log                       : PTS_LOGTYPE_PRELIMINARY_VERDICT Preliminary Verdict 

+1078 ms
 TBS/SR/SPN/BV-10-C PASS

2026-08-05 00:30:03,379 LT1-callback ClientCallback.log INFO client.py                 199   log                       : PTS_LOGTYPE_SEND_EVENT  

+1078 ms
 TBS/SR/SPN/BV-10-C Send Event               HCI!HCI_READ_LOCAL_SUPPORTED_COMMANDS
2026-08-05 00:30:03,382 LT1-callback ClientCallback.log INFO client.py                 199   log                       : PTS_LOGTYPE_RECEIVE_EVENT  

+1094 ms
 TBS/SR/SPN/BV-10-C Receive Event            HCI?HCI_READ_LOCAL_SUPPORTED_COMMANDS_COMPLETE_EVENT{
                           status=HCI_OK,
                           supported_commands=0x000000000000000000000000000000E21FE7419FFFFFE3E007FFFFFFFE79C0300000077FFFFFF782180400E0000000C02228000C00E400000C00C00000800020
                         }
2026-08-05 00:30:03,408 LT1-callback ClientCallback.log INFO client.py                 199   log                       : PTS_LOGTYPE_PRELIMINARY_VERDICT Preliminary Verdict 

+1094 ms
 TBS/SR/SPN/BV-10-C PASS

2026-08-05 00:30:03,412 LT1-callback ClientCallback.log INFO client.py                 199   log                       : PTS_LOGTYPE_SEND_EVENT  

+1094 ms
 TBS/SR/SPN/BV-10-C Send Event               HCI!HCI_READ_BD_ADDR
2026-08-05 00:30:03,414 LT1-callback ClientCallback.log INFO client.py                 199   log                       : PTS_LOGTYPE_RECEIVE_EVENT  

+1094 ms
 TBS/SR/SPN/BV-10-C Receive Event            HCI?HCI_READ_BD_ADDR_COMPLETE_EVENT{
                           status=HCI_OK,
                           bdAddress=0xDFA9FFF6B11A
                         }
2026-08-05 00:30:03,417 LT1-callback ClientCallback.log INFO client.py                 199   log                       : PTS_LOGTYPE_PRELIMINARY_VERDICT Preliminary Verdict 

+1094 ms
 TBS/SR/SPN/BV-10-C PASS

2026-08-05 00:30:03,419 LT1-callback ClientCallback.log INFO client.py                 199   log                       : PTS_LOGTYPE_SEND_EVENT  

+1094 ms
 TBS/SR/SPN/BV-10-C Send Event               HCI!HCI_LE_LOCAL_SUPPORTED_FEATURES
2026-08-05 00:30:03,422 LT1-callback ClientCallback.log INFO client.py                 199   log                       : PTS_LOGTYPE_RECEIVE_EVENT  

+1094 ms
 TBS/SR/SPN/BV-10-C Receive Event            HCI?HCI_LE_READ_LOCAL_SUPPORTED_FEATURES_COMPLETE_EVENT{
                           status=HCI_OK,
                           leFeatures=0x80015936F70079FD
                         }
2026-08-05 00:30:03,425 LT1-callback ClientCallback.log INFO client.py                 199   log                       : PTS_LOGTYPE_PRELIMINARY_VERDICT Preliminary Verdict 

+1094 ms
 TBS/SR/SPN/BV-10-C PASS

2026-08-05 00:30:03,427 LT1-callback ClientCallback.log INFO client.py                 199   log                       : PTS_LOGTYPE_PRELIMINARY_VERDICT Preliminary Verdict 

+1094 ms
 TBS/SR/SPN/BV-10-C PASS

2026-08-05 00:30:03,430 LT1-callback ClientCallback.log INFO client.py                 199   log                       : PTS_LOGTYPE_SEND_EVENT  

+1110 ms
 TBS/SR/SPN/BV-10-C Send Event               HCI!HCI_LE_SET_EVENT_MASK{
                           leEventMask=0x005FFCFE7F8FFFFF
                         }
2026-08-05 00:30:03,432 LT1-callback ClientCallback.log INFO client.py                 199   log                       : PTS_LOGTYPE_RECEIVE_EVENT  

+1110 ms
 TBS/SR/SPN/BV-10-C Receive Event            HCI?HCI_LE_SET_EVENT_MASK_COMPLETE_EVENT{
                           status=HCI_OK
                         }
2026-08-05 00:30:03,435 LT1-callback ClientCallback.log INFO client.py                 199   log                       : PTS_LOGTYPE_SEND_EVENT  

+1110 ms
 TBS/SR/SPN/BV-10-C Send Event               HCI!HCI_SET_EVENT_MASK{
                           eventMask=0x3FFFFFFFFFFFFFFF
                         }
2026-08-05 00:30:03,438 LT1-callback ClientCallback.log INFO client.py                 199   log                       : PTS_LOGTYPE_RECEIVE_EVENT  

+1110 ms
 TBS/SR/SPN/BV-10-C Receive Event            HCI?HCI_SET_EVENT_MASK_COMPLETE_EVENT{
                           status=HCI_OK
                         }
2026-08-05 00:30:03,441 LT1-callback ClientCallback.log INFO client.py                 199   log                       : PTS_LOGTYPE_PRELIMINARY_VERDICT Preliminary Verdict 

+1110 ms
 TBS/SR/SPN/BV-10-C PASS

2026-08-05 00:30:03,444 LT1-callback ClientCallback.log INFO client.py                 199   log                       : PTS_LOGTYPE_SEND_EVENT  

+1110 ms
 TBS/SR/SPN/BV-10-C Send Event               HCI!HCI_LE_SET_HOST_FEATURE{
                           bit_number=0x20,
                           bit_value=0x01
                         }
2026-08-05 00:30:03,447 LT1-callback ClientCallback.log INFO client.py                 199   log                       : PTS_LOGTYPE_RECEIVE_EVENT  

+1110 ms
 TBS/SR/SPN/BV-10-C Receive Event            HCI?HCI_LE_SET_HOST_FEATURE_COMPLETE_EVENT{
                           status=HCI_OK
                         }
2026-08-05 00:30:03,450 LT1-callback ClientCallback.log INFO client.py                 199   log                       : PTS_LOGTYPE_PRELIMINARY_VERDICT Preliminary Verdict 

+1110 ms
 TBS/SR/SPN/BV-10-C PASS

2026-08-05 00:30:03,453 LT1-callback ClientCallback.log INFO client.py                 199   log                       : PTS_LOGTYPE_SEND_EVENT  

+1110 ms
 TBS/SR/SPN/BV-10-C Send Event               HCI!HCI_LE_SET_HOST_FEATURE{
                           bit_number=0x26,
                           bit_value=0x01
                         }
2026-08-05 00:30:03,456 LT1-callback ClientCallback.log INFO client.py                 199   log                       : PTS_LOGTYPE_RECEIVE_EVENT  

+1125 ms
 TBS/SR/SPN/BV-10-C Receive Event            HCI?HCI_LE_SET_HOST_FEATURE_COMPLETE_EVENT{
                           status=HCI_OK
                         }
2026-08-05 00:30:03,459 LT1-callback ClientCallback.log INFO client.py                 199   log                       : PTS_LOGTYPE_PRELIMINARY_VERDICT Preliminary Verdict 

+1125 ms
 TBS/SR/SPN/BV-10-C PASS

2026-08-05 00:30:03,461 LT1-callback ClientCallback.log INFO client.py                 199   log                       : PTS_LOGTYPE_SEND_EVENT  

+1125 ms
 TBS/SR/SPN/BV-10-C Send Event               HCI!HCI_LE_SET_HOST_FEATURE{
                           bit_number=0x2F,
                           bit_value=0x01
                         }
2026-08-05 00:30:03,464 LT1-callback ClientCallback.log INFO client.py                 199   log                       : PTS_LOGTYPE_RECEIVE_EVENT  

+1125 ms
 TBS/SR/SPN/BV-10-C Receive Event            HCI?HCI_LE_SET_HOST_FEATURE_COMPLETE_EVENT{
                           status=HCI_OK
                         }
2026-08-05 00:30:03,467 LT1-callback ClientCallback.log INFO client.py                 199   log                       : PTS_LOGTYPE_PRELIMINARY_VERDICT Preliminary Verdict 

+1125 ms
 TBS/SR/SPN/BV-10-C PASS

2026-08-05 00:30:03,470 LT1-callback ClientCallback.log INFO client.py                 199   log                       : PTS_LOGTYPE_SEND_EVENT  

+1125 ms
 TBS/SR/SPN/BV-10-C Send Event               HCI!HCI_LE_READ_BUFFER_V2
2026-08-05 00:30:03,472 LT1-callback ClientCallback.log INFO client.py                 199   log                       : PTS_LOGTYPE_SEND_EVENT  

+1125 ms
 TBS/SR/SPN/BV-10-C Send Event               HCI!HCI_LE_READ_RESOLVING_LIST_SIZE
2026-08-05 00:30:03,475 LT1-callback ClientCallback.log INFO client.py                 199   log                       : PTS_LOGTYPE_RECEIVE_EVENT  

+1125 ms
 TBS/SR/SPN/BV-10-C Receive Event            HCI?HCI_LE_READ_BUFFER_SIZE_V2_COMPLETE_EVENT{
                           status=HCI_OK,
                           HC_LE_Data_Packet_Length=0x00FB,
                           HC_Total_Num_LE_Data_Packets=0x03,
                           HC_LE_ISO_Packet_Length=0x05E4,
                           HC_Total_Num_LE_ISO_Packets=0x03
                         }
2026-08-05 00:30:03,478 LT1-callback ClientCallback.log INFO client.py                 199   log                       : PTS_LOGTYPE_RECEIVE_EVENT  

+1141 ms
 TBS/SR/SPN/BV-10-C Receive Event            HCI?HCI_LE_READ_RESOLVING_LIST_SIZE_COMPLETE_EVENT{
                           status=HCI_OK,
                           res_list_size=0x08
                         }
2026-08-05 00:30:03,483 LT1-callback ClientCallback.log INFO client.py                 199   log                       : PTS_LOGTYPE_SEND_EVENT  

+1141 ms
 TBS/SR/SPN/BV-10-C Send Event               HCI!HCI_LE_ADD_DEVICE_TO_FILTER_ACCEPT_LIST{
                           addressType=HCI_LE_PUBLIC_DEVICE_ADDRESS,
                           address=0xD5B6CC31DB3B
                         }
2026-08-05 00:30:03,489 LT1-callback ClientCallback.log INFO client.py                 199   log                       : PTS_LOGTYPE_RECEIVE_EVENT  

+1141 ms
 TBS/SR/SPN/BV-10-C Receive Event            HCI?HCI_LE_ADD_DEVICE_TO_FILTER_ACCEPT_LIST_COMPLETE_EVENT{
                           status=HCI_OK
                         }
2026-08-05 00:30:03,494 LT1-callback ClientCallback.log INFO client.py                 199   log                       : PTS_LOGTYPE_SEND_EVENT  

+1141 ms
 TBS/SR/SPN/BV-10-C Send Event               HCI!HCI_LE_ADD_DEVICE_TO_FILTER_ACCEPT_LIST{
                           addressType=HCI_LE_RANDOM_DEVICE_ADDRESS,
                           address=0xD5B6CC31DB3B
                         }
2026-08-05 00:30:03,499 LT1-callback ClientCallback.log INFO client.py                 199   log                       : PTS_LOGTYPE_RECEIVE_EVENT  

+1141 ms
 TBS/SR/SPN/BV-10-C Receive Event            HCI?HCI_LE_ADD_DEVICE_TO_FILTER_ACCEPT_LIST_COMPLETE_EVENT{
                           status=HCI_OK
                         }
2026-08-05 00:30:03,502 LT1-callback ClientCallback.log INFO client.py                 199   log                       : PTS_LOGTYPE_PRELIMINARY_VERDICT Preliminary Verdict 

+1141 ms
 TBS/SR/SPN/BV-10-C PASS

2026-08-05 00:30:03,505 LT1-callback ClientCallback.log INFO client.py                 199   log                       : PTS_LOGTYPE_SEND_EVENT  

+1141 ms
 TBS/SR/SPN/BV-10-C Send Event               HCI!HCI_LE_SET_EXTENDED_SCAN_PARAMETERS{
                           own_addr_type=0x00,
                           scan_filter_policy=0x00,
                           scan_phy=0x01,
                           {
                             scan_type=0x01,
                             scan_interval=0x001E,
                             scan_window=0x001E
                           },
                           
                         }
2026-08-05 00:30:03,509 LT1-callback ClientCallback.log INFO client.py                 199   log                       : PTS_LOGTYPE_RECEIVE_EVENT  

+1156 ms
 TBS/SR/SPN/BV-10-C Receive Event            HCI?HCI_LE_SET_EXTENDED_SCAN_PARAMETERS_COMPLETE_EVENT{
                           status=HCI_OK
                         }
2026-08-05 00:30:03,511 LT1-callback ClientCallback.log INFO client.py                 199   log                       : PTS_LOGTYPE_PRELIMINARY_VERDICT Preliminary Verdict 

+1156 ms
 TBS/SR/SPN/BV-10-C PASS

2026-08-05 00:30:03,514 LT1-callback ClientCallback.log INFO client.py                 199   log                       : PTS_LOGTYPE_PRELIMINARY_VERDICT Preliminary Verdict 

+1156 ms
 TBS/SR/SPN/BV-10-C PASS

2026-08-05 00:30:03,516 LT1-callback ClientCallback.log INFO client.py                 199   log                       : PTS_LOGTYPE_MESSAGE User Action Required 

+1156 ms
 TBS/SR/SPN/BV-10-C MMI_20001 (MMI_Style_Ok_Cancel2=0x00011141): Please prepare IUT into a connectable mode.

Description: Verify that the Implementation Under Test (IUT) can accept GATT connect request from PTS.

2026-08-05 00:30:03,519 LT1-callback ClientCallback.log INFO client.py                 199   log                       : PTS_LOGTYPE_SEND_EVENT  

+1156 ms
 TBS/SR/SPN/BV-10-C Send Event               HCI!HCI_LE_SET_EXTENDED_SCAN_ENABLE{
                           enable=0x01,
                           filter_duplicate=0x00,
                           duration=0x0000,
                           period=0x0000
                         }
2026-08-05 00:30:03,522 LT1-callback ClientCallback.log INFO client.py                 199   log                       : PTS_LOGTYPE_RECEIVE_EVENT  

+1156 ms
 TBS/SR/SPN/BV-10-C Receive Event            HCI?HCI_LE_SET_EXTENDED_SCAN_ENABLE_COMPLETE_EVENT{
                           status=HCI_OK
                         }
2026-08-05 00:30:03,525 LT1-callback ClientCallback.log INFO client.py                 199   log                       : PTS_LOGTYPE_PRELIMINARY_VERDICT Preliminary Verdict 

+1156 ms
 TBS/SR/SPN/BV-10-C PASS

2026-08-05 00:30:03,527 LT1-callback ClientCallback.log INFO client.py                 199   log                       : PTS_LOGTYPE_PRELIMINARY_VERDICT Preliminary Verdict 

+1156 ms
 TBS/SR/SPN/BV-10-C PASS

2026-08-05 00:30:03,530 LT1-callback ClientCallback.log INFO client.py                 199   log                       : PTS_LOGTYPE_RECEIVE_EVENT  

+1781 ms
 TBS/SR/SPN/BV-10-C Receive Event            HCI?HCI_LE_EXTENDED_ADVERTISING_REPORT_EVENT{
                           {
                             eventtype=0x0013,
                             addrType=0x01,
                             bd_addr=D5B6CC31DB3B,
                             prim_phy=0x01,
                             sec_phy=0x00,
                             advSID=0xFF,
                             periodic_int=0x0000,
                             direc_addr_type=0xFF,
                             direc_addr=000000000000,
                             data_length=0x12,
                             data=0201060E095465737465725F463642313141
                           }

                         }
2026-08-05 00:30:03,534 LT1-callback ClientCallback.log INFO client.py                 199   log                       : PTS_LOGTYPE_SEND_EVENT  

+1781 ms
 TBS/SR/SPN/BV-10-C Send Event               HCI!HCI_LE_SET_EXTENDED_SCAN_ENABLE{
                           enable=0x00,
                           filter_duplicate=0x00,
                           duration=0x0000,
                           period=0x0000
                         }
2026-08-05 00:30:03,537 LT1-callback ClientCallback.log INFO client.py                 199   log                       : PTS_LOGTYPE_RECEIVE_EVENT  

+1781 ms
 TBS/SR/SPN/BV-10-C Receive Event            HCI?HCI_LE_EXTENDED_ADVERTISING_REPORT_EVENT{
                           {
                             eventtype=0x001B,
                             addrType=0x01,
                             bd_addr=D5B6CC31DB3B,
                             prim_phy=0x01,
                             sec_phy=0x00,
                             advSID=0xFF,
                             periodic_int=0x0000,
                             direc_addr_type=0xFF,
                             direc_addr=000000000000,
                             data_length=0x00,
                             data=
                           }

                         }
2026-08-05 00:30:03,540 LT1-callback ClientCallback.log INFO client.py                 199   log                       : PTS_LOGTYPE_RECEIVE_EVENT  

+1781 ms
 TBS/SR/SPN/BV-10-C Receive Event            HCI?HCI_LE_SET_EXTENDED_SCAN_ENABLE_COMPLETE_EVENT{
                           status=HCI_OK
                         }
2026-08-05 00:30:03,543 LT1-callback ClientCallback.log INFO client.py                 199   log                       : PTS_LOGTYPE_PRELIMINARY_VERDICT Preliminary Verdict 

+1781 ms
 TBS/SR/SPN/BV-10-C PASS

2026-08-05 00:30:03,546 LT1-callback ClientCallback.log INFO client.py                 199   log                       : PTS_LOGTYPE_PRELIMINARY_VERDICT Preliminary Verdict 

+1781 ms
 TBS/SR/SPN/BV-10-C PASS

2026-08-05 00:30:03,554 LT1-callback ClientCallback.log INFO client.py                 199   log                       : PTS_LOGTYPE_PRELIMINARY_VERDICT Preliminary Verdict 

+1781 ms
 TBS/SR/SPN/BV-10-C PASS

2026-08-05 00:30:03,557 LT1-callback ClientCallback.log INFO client.py                 199   log                       : PTS_LOGTYPE_SEND_EVENT  

+1781 ms
 TBS/SR/SPN/BV-10-C Send Event               HCI!HCI_LE_EXTENDED_CREATE_CONNECTION{
                           initiator_filter_policy=0x00,
                           own_addr_type=0x00,
                           peer_addr_type=0x01,
                           peer_addr=0xD5B6CC31DB3B,
                           initiating_phys=0x01,
                           {
                             scan_interval=0x0020,
                             scan_window=0x0020,
                             conn_interval_min=0x0032,
                             conn_interval_max=0x0046,
                             conn_latency=0x0000,
                             supervision_timeout=0x09D0,
                             min_ce_length=0x0000,
                             max_ce_length=0x0000
                           },
                           
                         }
2026-08-05 00:30:03,561 LT1-callback ClientCallback.log INFO client.py                 199   log                       : PTS_LOGTYPE_RECEIVE_EVENT  

+1797 ms
 TBS/SR/SPN/BV-10-C Receive Event            HCI?HCI_LE_EXTENDED_CREATE_CONNECTION_STATUS_EVENT{
                           status=HCI_OK
                         }
2026-08-05 00:30:03,564 LT1-callback ClientCallback.log INFO client.py                 199   log                       : PTS_LOGTYPE_PRELIMINARY_VERDICT Preliminary Verdict 

+1797 ms
 TBS/SR/SPN/BV-10-C PASS

2026-08-05 00:30:03,567 LT1-callback ClientCallback.log INFO client.py                 199   log                       : PTS_LOGTYPE_PRELIMINARY_VERDICT Preliminary Verdict 

+1797 ms
 TBS/SR/SPN/BV-10-C PASS

2026-08-05 00:30:03,570 LT1-callback ClientCallback.log INFO client.py                 199   log                       : PTS_LOGTYPE_RECEIVE_EVENT  

+1875 ms
 TBS/SR/SPN/BV-10-C Receive Event            ATT?ATT_CONNECT_IND{
                           bdAddr=0xD5B6CC31DB3B,
                           peerAddrType=HCI_LE_RANDOM_DEVICE_ADDRESS,
                           lcid=0x1205,
                           status=0x0000
                         }
2026-08-05 00:30:03,573 LT1-callback ClientCallback.log INFO client.py                 199   log                       : PTS_LOGTYPE_RECEIVE_EVENT  

+1875 ms
 TBS/SR/SPN/BV-10-C Receive Event            HCI?HCI_LE_ENHANCED_CONNECTION_COMPLETE_EVENT{
                           status=HCI_OK,
                           conn_handle=0x00D0,
                           role=0x00,
                           peerAddrType=0x01,
                           peer_addr=0xD5B6CC31DB3B,
                           local_rpa=0x000000000000,
                           peer_rpa=0x000000000000,
                           conn_interval=0x0046,
                           conn_latency=0x0000,
                           conn_timeout=0x09D0,
                           central_clock_accuracy=0x00
                         }
2026-08-05 00:30:03,576 LT1-callback ClientCallback.log INFO client.py                 199   log                       : PTS_LOGTYPE_RECEIVE_EVENT  

+1875 ms
 TBS/SR/SPN/BV-10-C Receive Event            HCI?HCI_LE_CHANNEL_SELECTION_ALGORITHM_EVENT{
                           conn_handle=0x00D0,
                           used_ch_algorithm=0x01
                         }
2026-08-05 00:30:03,579 LT1-callback ClientCallback.log INFO client.py                 199   log                       : PTS_LOGTYPE_SEND_EVENT  

+1875 ms
 TBS/SR/SPN/BV-10-C Send Event               HCI!GET_CONNECTION_HANDLE{
                           addr=0xD5B6CC31DB3B,
                           addr_type=0x01,
                           conn_handle=0xFFFF
                         }
2026-08-05 00:30:03,582 LT1-callback ClientCallback.log INFO client.py                 199   log                       : PTS_LOGTYPE_SEND_EVENT  

+1875 ms
 TBS/SR/SPN/BV-10-C Send Event               HCI!GET_CONNECTION_HANDLE{
                           addr=0xD5B6CC31DB3B,
                           addr_type=0x01,
                           conn_handle=0x00D0
                         }
2026-08-05 00:30:03,585 LT1-callback ClientCallback.log INFO client.py                 199   log                       : PTS_LOGTYPE_PRELIMINARY_VERDICT Preliminary Verdict 

+1875 ms
 TBS/SR/SPN/BV-10-C PASS

2026-08-05 00:30:03,588 LT1-callback ClientCallback.log INFO client.py                 199   log                       : PTS_LOGTYPE_MESSAGE Verdict Description 

+1875 ms
 TBS/SR/SPN/BV-10-C Connection setup successfully.

2026-08-05 00:30:03,590 LT1-callback ClientCallback.log INFO client.py                 199   log                       : PTS_LOGTYPE_PRELIMINARY_VERDICT Preliminary Verdict 

+1875 ms
 TBS/SR/SPN/BV-10-C PASS

2026-08-05 00:30:03,593 LT1-callback ClientCallback.log INFO client.py                 199   log                       : PTS_LOGTYPE_RECEIVE_EVENT  

+1969 ms
 TBS/SR/SPN/BV-10-C Receive Event            ATT?ATT_EXCHANGE_MTU_REQ{
                           lcid=0x1205,
                           requestedMtu=0x00FB
                         }
2026-08-05 00:30:03,595 LT1-callback ClientCallback.log INFO client.py                 199   log                       : PTS_LOGTYPE_PRELIMINARY_VERDICT Preliminary Verdict 

+2547 ms
 TBS/SR/SPN/BV-10-C PASS

2026-08-05 00:30:03,598 LT1-callback ClientCallback.log INFO client.py                 199   log                       : PTS_LOGTYPE_SEND_EVENT  

+4547 ms
 TBS/SR/SPN/BV-10-C Send Event               SEC!SEC_LE_AUTHENTICATE_REQ{
                           peerAddress=0xD5B6CC31DB3B,
                           peerAddrType=HCI_LE_RANDOM_DEVICE_ADDRESS,
                           securityMode=1,
                           securityLevel=0,
                           paringMode=PAIRING_MODE_LE_SECURE_CONNECTION,
                           bonding=BONDING,
                           minimum_encKeySize=7
                         }
2026-08-05 00:30:03,604 LT1-callback ClientCallback.log INFO client.py                 199   log                       : PTS_LOGTYPE_SEND_EVENT  

+4547 ms
 TBS/SR/SPN/BV-10-C Send Event               ATT!ATT_EXCHANGE_MTU_RSP{
                           lcid=0x1205,
                           resultingMtu=0x0017
                         }
2026-08-05 00:30:03,609 LT1-callback ClientCallback.log INFO client.py                 199   log                       : PTS_LOGTYPE_RECEIVE_EVENT  

+4688 ms
 TBS/SR/SPN/BV-10-C Receive Event            SEC?SEC_LE_SC_PUBLIC_KEY_GENERATION_REQUEST_IND
2026-08-05 00:30:03,615 LT1-callback ClientCallback.log INFO client.py                 199   log                       : PTS_LOGTYPE_SEND_EVENT  

+4703 ms
 TBS/SR/SPN/BV-10-C Send Event               SEC!SEC_LESC_PUBLIC_KEY{
                           PublicKey.X=0xFDA965E04CFC26C488CDC483B60A74A6120C1267288609F7E8AF62281DCDB63A,
                           publicKey.Y=0x82A9F4E3E0F2344E8D865683E66F2CA53A87EFD09A6F91ACA6A57322E40FFC56
                         }
2026-08-05 00:30:03,620 LT1-callback ClientCallback.log INFO client.py                 199   log                       : PTS_LOGTYPE_RECEIVE_EVENT  

+4969 ms
 TBS/SR/SPN/BV-10-C Receive Event            HCI?HCI_LE_RANDOM_COMPLETE_EVENT{
                           status=HCI_OK,
                           randomNumber=0x3E7F1AA7FFA95964
                         }
2026-08-05 00:30:03,623 LT1-callback ClientCallback.log INFO client.py                 199   log                       : PTS_LOGTYPE_RECEIVE_EVENT  

+5141 ms
 TBS/SR/SPN/BV-10-C Receive Event            HCI?HCI_LE_ENCRYPT_COMPLETE_EVENT{
                           status=HCI_OK,
                           encryptedData=0xE96FB383E8D96A153180BD06A7EEF988
                         }
2026-08-05 00:30:03,626 LT1-callback ClientCallback.log INFO client.py                 199   log                       : PTS_LOGTYPE_RECEIVE_EVENT  

+5156 ms
 TBS/SR/SPN/BV-10-C Receive Event            HCI?HCI_LE_ENCRYPT_COMPLETE_EVENT{
                           status=HCI_OK,
                           encryptedData=0xE5E2928F75C16F76C4B64FB682DE0802
                         }
2026-08-05 00:30:03,629 LT1-callback ClientCallback.log INFO client.py                 199   log                       : PTS_LOGTYPE_RECEIVE_EVENT  

+5156 ms
 TBS/SR/SPN/BV-10-C Receive Event            HCI?HCI_LE_ENCRYPT_COMPLETE_EVENT{
                           status=HCI_OK,
                           encryptedData=0xA98A9F1E332D0A40486CAB14DCFD1B03
                         }
2026-08-05 00:30:03,632 LT1-callback ClientCallback.log INFO client.py                 199   log                       : PTS_LOGTYPE_RECEIVE_EVENT  

+5172 ms
 TBS/SR/SPN/BV-10-C Receive Event            HCI?HCI_LE_ENCRYPT_COMPLETE_EVENT{
                           status=HCI_OK,
                           encryptedData=0x60088E47D98FD7B8ECC348C978DEC304
                         }
2026-08-05 00:30:03,635 LT1-callback ClientCallback.log INFO client.py                 199   log                       : PTS_LOGTYPE_RECEIVE_EVENT  

+5172 ms
 TBS/SR/SPN/BV-10-C Receive Event            HCI?HCI_LE_ENCRYPT_COMPLETE_EVENT{
                           status=HCI_OK,
                           encryptedData=0x876A140E45E154DB137BE5B1A5DA93E6
                         }
2026-08-05 00:30:03,638 LT1-callback ClientCallback.log INFO client.py                 199   log                       : PTS_LOGTYPE_RECEIVE_EVENT  

+5188 ms
 TBS/SR/SPN/BV-10-C Receive Event            SEC?SEC_LE_SC_DH_KEY_GENERATION_REQUEST_IND{
                           remote_public_key=0x98308440221E2D910F0E54B71E7EC652857AA9B5A0DC65028824CC19DB1226E967A4816BCB62EFB21701E31FDB27561A6217575FB007A8BBDABE7E28B6F68482
                         }
2026-08-05 00:30:03,641 LT1-callback ClientCallback.log INFO client.py                 199   log                       : PTS_LOGTYPE_RECEIVE_EVENT  

+5188 ms
 TBS/SR/SPN/BV-10-C Receive Event            HCI?HCI_LE_ENCRYPT_COMPLETE_EVENT{
                           status=HCI_OK,
                           encryptedData=0x6CD903760CC0DD9E8C9E3A7E88D0465E
                         }
2026-08-05 00:30:03,643 LT1-callback ClientCallback.log INFO client.py                 199   log                       : PTS_LOGTYPE_SEND_EVENT  

+5188 ms
 TBS/SR/SPN/BV-10-C Send Event               SEC!SEC_LESC_DHKEY{
                           DHKEY=0x515E533A36D9434ABD5644EA3E863FAB514B08ED7B23106E32F554E3A026590D
                         }
2026-08-05 00:30:03,646 LT1-callback ClientCallback.log INFO client.py                 199   log                       : PTS_LOGTYPE_RECEIVE_EVENT  

+5188 ms
 TBS/SR/SPN/BV-10-C Receive Event            HCI?HCI_LE_ENCRYPT_COMPLETE_EVENT{
                           status=HCI_OK,
                           encryptedData=0x801C7681194553280EFA863021E2EEF4
                         }
2026-08-05 00:30:03,649 LT1-callback ClientCallback.log INFO client.py                 199   log                       : PTS_LOGTYPE_RECEIVE_EVENT  

+5203 ms
 TBS/SR/SPN/BV-10-C Receive Event            HCI?HCI_LE_ENCRYPT_COMPLETE_EVENT{
                           status=HCI_OK,
                           encryptedData=0x9876C9E6063355BB5B8B10C37576464C
                         }
2026-08-05 00:30:03,652 LT1-callback ClientCallback.log INFO client.py                 199   log                       : PTS_LOGTYPE_RECEIVE_EVENT  

+5219 ms
 TBS/SR/SPN/BV-10-C Receive Event            HCI?HCI_LE_ENCRYPT_COMPLETE_EVENT{
                           status=HCI_OK,
                           encryptedData=0x14AF441EEE7876045934059444D37B85
                         }
2026-08-05 00:30:03,655 LT1-callback ClientCallback.log INFO client.py                 199   log                       : PTS_LOGTYPE_RECEIVE_EVENT  

+5219 ms
 TBS/SR/SPN/BV-10-C Receive Event            HCI?HCI_LE_ENCRYPT_COMPLETE_EVENT{
                           status=HCI_OK,
                           encryptedData=0xB6C6C27BF6E1048BF7D500E3D1A93FCA
                         }
2026-08-05 00:30:03,658 LT1-callback ClientCallback.log INFO client.py                 199   log                       : PTS_LOGTYPE_RECEIVE_EVENT  

+5235 ms
 TBS/SR/SPN/BV-10-C Receive Event            HCI?HCI_LE_ENCRYPT_COMPLETE_EVENT{
                           status=HCI_OK,
                           encryptedData=0x5EFA92ECB8E81AD01F08E4AF5D55660B
                         }
2026-08-05 00:30:03,662 LT1-callback ClientCallback.log INFO client.py                 199   log                       : PTS_LOGTYPE_RECEIVE_EVENT  

+5235 ms
 TBS/SR/SPN/BV-10-C Receive Event            HCI?HCI_LE_ENCRYPT_COMPLETE_EVENT{
                           status=HCI_OK,
                           encryptedData=0xCC31DAD39B1A1DB4CE12EE029987AB0C
                         }
2026-08-05 00:30:03,665 LT1-callback ClientCallback.log INFO client.py                 199   log                       : PTS_LOGTYPE_RECEIVE_EVENT  

+5250 ms
 TBS/SR/SPN/BV-10-C Receive Event            HCI?HCI_LE_ENCRYPT_COMPLETE_EVENT{
                           status=HCI_OK,
                           encryptedData=0xC2680ED10676B56D4BA854959672FBD5
                         }
2026-08-05 00:30:03,668 LT1-callback ClientCallback.log INFO client.py                 199   log                       : PTS_LOGTYPE_RECEIVE_EVENT  

+5266 ms
 TBS/SR/SPN/BV-10-C Receive Event            HCI?HCI_LE_ENCRYPT_COMPLETE_EVENT{
                           status=HCI_OK,
                           encryptedData=0xE8AE6B4B74AB3985BE19C778CA6DC40A
                         }
2026-08-05 00:30:03,671 LT1-callback ClientCallback.log INFO client.py                 199   log                       : PTS_LOGTYPE_RECEIVE_EVENT  

+5266 ms
 TBS/SR/SPN/BV-10-C Receive Event            HCI?HCI_LE_ENCRYPT_COMPLETE_EVENT{
                           status=HCI_OK,
                           encryptedData=0xB6C6C27BF6E1048BF7D500E3D1A93FCA
                         }
2026-08-05 00:30:03,674 LT1-callback ClientCallback.log INFO client.py                 199   log                       : PTS_LOGTYPE_RECEIVE_EVENT  

+5281 ms
 TBS/SR/SPN/BV-10-C Receive Event            HCI?HCI_LE_ENCRYPT_COMPLETE_EVENT{
                           status=HCI_OK,
                           encryptedData=0x52121F64EDD3299F0AFD6F77AD6E6310
                         }
2026-08-05 00:30:03,677 LT1-callback ClientCallback.log INFO client.py                 199   log                       : PTS_LOGTYPE_RECEIVE_EVENT  

+5281 ms
 TBS/SR/SPN/BV-10-C Receive Event            HCI?HCI_LE_ENCRYPT_COMPLETE_EVENT{
                           status=HCI_OK,
                           encryptedData=0xCF1F5000E870DA67BEC5815FE568A511
                         }
2026-08-05 00:30:03,680 LT1-callback ClientCallback.log INFO client.py                 199   log                       : PTS_LOGTYPE_RECEIVE_EVENT  

+5297 ms
 TBS/SR/SPN/BV-10-C Receive Event            HCI?HCI_LE_ENCRYPT_COMPLETE_EVENT{
                           status=HCI_OK,
                           encryptedData=0xDB09F9A5E498FCD9B6BB55C13D0599F2
                         }
2026-08-05 00:30:03,683 LT1-callback ClientCallback.log INFO client.py                 199   log                       : PTS_LOGTYPE_RECEIVE_EVENT  

+5297 ms
 TBS/SR/SPN/BV-10-C Receive Event            HCI?HCI_LE_ENCRYPT_COMPLETE_EVENT{
                           status=HCI_OK,
                           encryptedData=0xCFEB25E3630AE37FAD552CC214F87790
                         }
2026-08-05 00:30:03,686 LT1-callback ClientCallback.log INFO client.py                 199   log                       : PTS_LOGTYPE_RECEIVE_EVENT  

+5313 ms
 TBS/SR/SPN/BV-10-C Receive Event            HCI?HCI_LE_ENCRYPT_COMPLETE_EVENT{
                           status=HCI_OK,
                           encryptedData=0xAADEDA1676808D3EB29D367B9DB5FB76
                         }
2026-08-05 00:30:03,689 LT1-callback ClientCallback.log INFO client.py                 199   log                       : PTS_LOGTYPE_RECEIVE_EVENT  

+5313 ms
 TBS/SR/SPN/BV-10-C Receive Event            HCI?HCI_LE_ENCRYPT_COMPLETE_EVENT{
                           status=HCI_OK,
                           encryptedData=0x43E5A1A188FD65A5C81AE5ACF7098715
                         }
2026-08-05 00:30:03,692 LT1-callback ClientCallback.log INFO client.py                 199   log                       : PTS_LOGTYPE_RECEIVE_EVENT  

+5328 ms
 TBS/SR/SPN/BV-10-C Receive Event            HCI?HCI_LE_ENCRYPT_COMPLETE_EVENT{
                           status=HCI_OK,
                           encryptedData=0xACC007FAAAB92F5B7AD8FB55DC8AA716
                         }
2026-08-05 00:30:03,695 LT1-callback ClientCallback.log INFO client.py                 199   log                       : PTS_LOGTYPE_RECEIVE_EVENT  

+5328 ms
 TBS/SR/SPN/BV-10-C Receive Event            HCI?HCI_LE_ENCRYPT_COMPLETE_EVENT{
                           status=HCI_OK,
                           encryptedData=0x82D7C34966A8EB4DAC94483AE3FAA517
                         }
2026-08-05 00:30:03,698 LT1-callback ClientCallback.log INFO client.py                 199   log                       : PTS_LOGTYPE_RECEIVE_EVENT  

+5344 ms
 TBS/SR/SPN/BV-10-C Receive Event            HCI?HCI_LE_ENCRYPT_COMPLETE_EVENT{
                           status=HCI_OK,
                           encryptedData=0xA1BB7E9B2014CAD5B72E58702BC7056A
                         }
2026-08-05 00:30:03,701 LT1-callback ClientCallback.log INFO client.py                 199   log                       : PTS_LOGTYPE_RECEIVE_EVENT  

+5360 ms
 TBS/SR/SPN/BV-10-C Receive Event            HCI?HCI_LE_ENCRYPT_COMPLETE_EVENT{
                           status=HCI_OK,
                           encryptedData=0x381EDDD848791970958C16A659C5E8CE
                         }
2026-08-05 00:30:03,704 LT1-callback ClientCallback.log INFO client.py                 199   log                       : PTS_LOGTYPE_RECEIVE_EVENT  

+5500 ms
 TBS/SR/SPN/BV-10-C Receive Event            HCI?HCI_LE_ENCRYPT_COMPLETE_EVENT{
                           status=HCI_OK,
                           encryptedData=0xAADEDA1676808D3EB29D367B9DB5FB76
                         }
2026-08-05 00:30:03,706 LT1-callback ClientCallback.log INFO client.py                 199   log                       : PTS_LOGTYPE_RECEIVE_EVENT  

+5516 ms
 TBS/SR/SPN/BV-10-C Receive Event            HCI?HCI_LE_ENCRYPT_COMPLETE_EVENT{
                           status=HCI_OK,
                           encryptedData=0x09D309A179362DCAF8F82528D9ADC41B
                         }
2026-08-05 00:30:03,709 LT1-callback ClientCallback.log INFO client.py                 199   log                       : PTS_LOGTYPE_RECEIVE_EVENT  

+5516 ms
 TBS/SR/SPN/BV-10-C Receive Event            HCI?HCI_LE_ENCRYPT_COMPLETE_EVENT{
                           status=HCI_OK,
                           encryptedData=0x9030C5379B14678E3AF98E3C592AD01C
                         }
2026-08-05 00:30:03,712 LT1-callback ClientCallback.log INFO client.py                 199   log                       : PTS_LOGTYPE_RECEIVE_EVENT  

+5531 ms
 TBS/SR/SPN/BV-10-C Receive Event            HCI?HCI_LE_ENCRYPT_COMPLETE_EVENT{
                           status=HCI_OK,
                           encryptedData=0x8000AA31EBFB5C4F677C9B3A1849111D
                         }
2026-08-05 00:30:03,715 LT1-callback ClientCallback.log INFO client.py                 199   log                       : PTS_LOGTYPE_RECEIVE_EVENT  

+5547 ms
 TBS/SR/SPN/BV-10-C Receive Event            HCI?HCI_LE_ENCRYPT_COMPLETE_EVENT{
                           status=HCI_OK,
                           encryptedData=0xCFE95D0321E086B7F97B9E700DDE7765
                         }
2026-08-05 00:30:03,718 LT1-callback ClientCallback.log INFO client.py                 199   log                       : PTS_LOGTYPE_RECEIVE_EVENT  

+5547 ms
 TBS/SR/SPN/BV-10-C Receive Event            HCI?HCI_LE_ENCRYPT_COMPLETE_EVENT{
                           status=HCI_OK,
                           encryptedData=0xD3EFA32A508ECCDDB9FB1ADBF36DAD23
                         }
2026-08-05 00:30:03,722 LT1-callback ClientCallback.log INFO client.py                 199   log                       : PTS_LOGTYPE_RECEIVE_EVENT  

+6078 ms
 TBS/SR/SPN/BV-10-C Receive Event            SEC?SEC_LE_KEY_NOTIFICATION_IND{
                           peerAddr=0xD5B6CC31DB3B,
                           peerAddrType=HCI_LE_RANDOM_DEVICE_ADDRESS,
                           keyDist=0x01,
                           encryptionKeySize=0x10,
                           ltk=0xE8AE6B4B74AB3985BE19C778CA6DC40A,
                           eDiv=0x0000,
                           randValue=0x0000000000000000,
                           
                         }
2026-08-05 00:30:03,728 LT1-callback ClientCallback.log INFO client.py                 199   log                       : PTS_LOGTYPE_MESSAGE Verdict Description 

+6078 ms
 TBS/SR/SPN/BV-10-C encryptionKeySize = 0x10,ltk = 0xE8AE6B4B74AB3985BE19C778CA6DC40A,eDiv = 0x0000,randValue = 0x0000000000000000

2026-08-05 00:30:03,734 LT1-callback ClientCallback.log INFO client.py                 199   log                       : PTS_LOGTYPE_RECEIVE_EVENT  

+6094 ms
 TBS/SR/SPN/BV-10-C Receive Event            SEC?SEC_LE_KEY_DISTRIBUTION_IND{
                           peerAddr=0xD5B6CC31DB3B,
                           peerAddrType=HCI_LE_RANDOM_DEVICE_ADDRESS,
                           keyDist=0x02,
                           encryptionKeySize=0x10
                         }
2026-08-05 00:30:03,739 LT1-callback ClientCallback.log INFO client.py                 199   log                       : PTS_LOGTYPE_RECEIVE_EVENT  

+6094 ms
 TBS/SR/SPN/BV-10-C Receive Event            HCI?HCI_ENCRYPTION_CHANGE_EVENT{
                           status=HCI_OK,
                           connectionHandle=0x00D0,
                           encryptionEnable=0x01
                         }
2026-08-05 00:30:03,742 LT1-callback ClientCallback.log INFO client.py                 199   log                       : PTS_LOGTYPE_SEND_EVENT  

+6094 ms
 TBS/SR/SPN/BV-10-C Send Event               SEC?SEC_LE_KEY_DISTRIBUTION_RSP{
                           peerAddr=0xD5B6CC31DB3B,
                           keyDist=0x02,
                           irk=0x0745A604,
                           idAddress=0xDFA9FFF6B11A,
                           idAddressType=HCI_LE_PUBLIC_DEVICE_ADDRESS
                         }
2026-08-05 00:30:03,745 LT1-callback ClientCallback.log INFO client.py                 199   log                       : PTS_LOGTYPE_RECEIVE_EVENT  

+6094 ms
 TBS/SR/SPN/BV-10-C Receive Event            SEC?SEC_LE_AUTHENTICATE_CFM{
                           peerAddr=0xD5B6CC31DB3B,
                           Bonding=1,
                           Authentication=1,
                           PairingMode=2,
                           KeySize=16,
                           ExtraParam=1
                         }
2026-08-05 00:30:03,748 LT1-callback ClientCallback.log INFO client.py                 199   log                       : PTS_LOGTYPE_MESSAGE Verdict Description 

+6094 ms
 TBS/SR/SPN/BV-10-C Pairing process is done. Access is granted.

2026-08-05 00:30:03,751 LT1-callback ClientCallback.log INFO client.py                 199   log                       : PTS_LOGTYPE_MESSAGE Verdict Description 

+6094 ms
 TBS/SR/SPN/BV-10-C LE Security procedures completed successfully.

2026-08-05 00:30:03,753 LT1-callback ClientCallback.log INFO client.py                 199   log                       : PTS_LOGTYPE_SEND_EVENT  

+6094 ms
 TBS/SR/SPN/BV-10-C Send Event               HCI!HCI_LE_READ_REMOTED_USED_FEATURES{
                           connHandle=0x00D0
                         }
2026-08-05 00:30:03,756 LT1-callback ClientCallback.log INFO client.py                 199   log                       : PTS_LOGTYPE_RECEIVE_EVENT  

+6344 ms
 TBS/SR/SPN/BV-10-C Receive Event            HCI?HCI_LE_READ_REMOTE_USED_FEATURES_COMPLETE_EVENT{
                           status=HCI_OKhandle=0x00D0,
                           leFeatures=0x00000121F700492D
                         }
2026-08-05 00:30:03,759 LT1-callback ClientCallback.log INFO client.py                 199   log                       : PTS_LOGTYPE_SEND_EVENT  

+6344 ms
 TBS/SR/SPN/BV-10-C Send Event               ATT!ATT_READ_BY_GROUP_TYPE_REQ{
                           lcid=0x1205,
                           startingHandle=0x0001,
                           endingHandle=0xFFFF,
                           attributeGroupTypeSize=0x02,
                           attributeGroupType=0x2800
                         }
2026-08-05 00:30:03,762 LT1-callback ClientCallback.log INFO client.py                 199   log                       : PTS_LOGTYPE_RECEIVE_EVENT Receive Event 

+6531 ms
 TBS/SR/SPN/BV-10-C ATT?ATT_READ_BY_GROUP_TYPE_RSP{
                           				{
                             startingHandle=0x0001,
                             endingHandle=0x000A,
                             
					value{
                               PrimaryService=0x1801
                             }

                           }
				{
                             startingHandle=0x000B,
                             endingHandle=0x0011,
                             
					value{
                               PrimaryService=0x1800
                             }

                           }
				{
                             startingHandle=0x0012,
                             endingHandle=0x0026,
                             
					value{
                               PrimaryService=0x180A
                             }

                           }

                         }
2026-08-05 00:30:03,766 LT1-callback ClientCallback.log INFO client.py                 199   log                       : PTS_LOGTYPE_RECEIVE_EVENT Receive Event 

+6703 ms
 TBS/SR/SPN/BV-10-C ATT?ATT_READ_BY_GROUP_TYPE_RSP{
                           				{
                             startingHandle=0x0027,
                             endingHandle=0x0029,
                             
					value{
                               PrimaryService=0x1802
                             }

                           }
				{
                             startingHandle=0x002A,
                             endingHandle=0x0056,
                             
					value{
                               PrimaryService=0x184C
                             }

                           }
				{
                             startingHandle=0x0057,
                             endingHandle=0x0083,
                             
					value{
                               PrimaryService=0x184B
                             }

                           }

                         }
2026-08-05 00:30:03,774 LT1-callback ClientCallback.log INFO client.py                 199   log                       : PTS_LOGTYPE_RECEIVE_EVENT  

+6875 ms
 TBS/SR/SPN/BV-10-C Receive Event            ATT?ATT_READ_BY_GROUP_TYPE_CFM{
                           lcid=0x1205,
                           attributeType=0x2800,
                           attributeTypeSize=0x02,
                           result=0x00,
                           errorHandle=0x0000
                         }
2026-08-05 00:30:03,778 LT1-callback ClientCallback.log INFO client.py                 199   log                       : PTS_LOGTYPE_RECEIVE_EVENT Receive Event 

+6875 ms
 TBS/SR/SPN/BV-10-C ATT?ATT_READ_BY_GROUP_TYPE_CFM{
                           				{
                             startingHandle=0x0001,
                             endingHandle=0x000A,
                             
					value{
                               PrimaryService=0x1801
                             }

                           }
				{
                             startingHandle=0x000B,
                             endingHandle=0x0011,
                             
					value{
                               PrimaryService=0x1800
                             }

                           }
				{
                             startingHandle=0x0012,
                             endingHandle=0x0026,
                             
					value{
                               PrimaryService=0x180A
                             }

                           }
				{
                             startingHandle=0x0027,
                             endingHandle=0x0029,
                             
					value{
                               PrimaryService=0x1802
                             }

                           }
				{
                             startingHandle=0x002A,
                             endingHandle=0x0056,
                             
					value{
                               PrimaryService=0x184C
                             }

                           }
				{
                             startingHandle=0x0057,
                             endingHandle=0x0083,
                             
					value{
                               PrimaryService=0x184B
                             }

                           }

                         }
2026-08-05 00:30:03,784 LT1-callback ClientCallback.log INFO client.py                 199   log                       : PTS_LOGTYPE_PRELIMINARY_VERDICT Preliminary Verdict 

+6875 ms
 TBS/SR/SPN/BV-10-C PASS

2026-08-05 00:30:03,788 LT1-callback ClientCallback.log INFO client.py                 199   log                       : PTS_LOGTYPE_MESSAGE Verdict Description 

+6875 ms
 TBS/SR/SPN/BV-10-C Discover All Primary Services Request completed successfully.

2026-08-05 00:30:03,790 LT1-callback ClientCallback.log INFO client.py                 199   log                       : PTS_LOGTYPE_PRELIMINARY_VERDICT Pass 

+6875 ms
 TBS/SR/SPN/BV-10-C Tester successfully discovered all primary services.

2026-08-05 00:30:03,793 LT1-callback ClientCallback.log INFO client.py                 199   log                       : PTS_LOGTYPE_MESSAGE Verdict Description 

+6875 ms
 TBS/SR/SPN/BV-10-C Tester successfully discovered all primary services.

2026-08-05 00:30:03,795 LT1-callback ClientCallback.log INFO client.py                 199   log                       : PTS_LOGTYPE_SEND_EVENT  

+6875 ms
 TBS/SR/SPN/BV-10-C Send Event               ATT!ATT_READ_BY_TYPE_REQ{
                           lcid=0x1205,
                           startingHandle=0x0001,
                           endingHandle=0x000A,
                           attributeTypeSize=0x02,
                           attributeType=0x2803
                         }
2026-08-05 00:30:03,798 LT1-callback ClientCallback.log INFO client.py                 199   log                       : PTS_LOGTYPE_RECEIVE_EVENT  

+7047 ms
 TBS/SR/SPN/BV-10-C Receive Event            ATT?ATT_READ_BY_TYPE_IND{
                           lcid=0x1205,
                           length=0x0010,
                           attributeTypeSize=0x02,
                           attributeType=0x2803,
                           ElementCount=02,
                           AttributeSize=07,
                           Handle=0002,
                           AttrValue=2A05000320,
                           Handle=0005,
                           AttrValue=2B2900060A
                         }
2026-08-05 00:30:03,802 LT1-callback ClientCallback.log INFO client.py                 199   log                       : PTS_LOGTYPE_RECEIVE_EVENT Receive Event 

+7047 ms
 TBS/SR/SPN/BV-10-C ATT?ATT_READ_BY_TYPE_RSP{
                           				{
                             handle=0x0002
					value{
                               Properties=0x20,
                               Handle=0x0003,
                               UUID=0x2A05
                             }

                           }
				{
                             handle=0x0005
					value{
                               Properties=0x0A,
                               Handle=0x0006,
                               UUID=0x2B29
                             }

                           }

                         }
2026-08-05 00:30:03,806 LT1-callback ClientCallback.log INFO client.py                 199   log                       : PTS_LOGTYPE_RECEIVE_EVENT  

+7219 ms
 TBS/SR/SPN/BV-10-C Receive Event            ATT?ATT_READ_BY_TYPE_IND{
                           lcid=0x1205,
                           length=0x0010,
                           attributeTypeSize=0x02,
                           attributeType=0x2803,
                           ElementCount=02,
                           AttributeSize=07,
                           Handle=0007,
                           AttrValue=2B2A000802,
                           Handle=0009,
                           AttrValue=2B3A000A02
                         }
2026-08-05 00:30:03,809 LT1-callback ClientCallback.log INFO client.py                 199   log                       : PTS_LOGTYPE_RECEIVE_EVENT Receive Event 

+7219 ms
 TBS/SR/SPN/BV-10-C ATT?ATT_READ_BY_TYPE_RSP{
                           				{
                             handle=0x0007
					value{
                               Properties=0x02,
                               Handle=0x0008,
                               UUID=0x2B2A
                             }

                           }
				{
                             handle=0x0009
					value{
                               Properties=0x02,
                               Handle=0x000A,
                               UUID=0x2B3A
                             }

                           }

                         }
2026-08-05 00:30:03,813 LT1-callback ClientCallback.log INFO client.py                 199   log                       : PTS_LOGTYPE_RECEIVE_EVENT  

+7406 ms
 TBS/SR/SPN/BV-10-C Receive Event            ATT?ATT_READ_BY_TYPE_CFM{
                           lcid=0x1205,
                           attributeType=0x2803,
                           attributeTypeSize=0x02,
                           result=0x0000,
                           errorHandle=0x0000
                         }
2026-08-05 00:30:03,816 LT1-callback ClientCallback.log INFO client.py                 199   log                       : PTS_LOGTYPE_RECEIVE_EVENT Receive Event 

+7406 ms
 TBS/SR/SPN/BV-10-C ATT?ATT_READ_BY_TYPE_CFM{
                           				{
                             handle=0x0002
					value{
                               Properties=0x20,
                               Handle=0x0003,
                               UUID=0x2A05
                             }

                           }
				{
                             handle=0x0005
					value{
                               Properties=0x0A,
                               Handle=0x0006,
                               UUID=0x2B29
                             }

                           }
				{
                             handle=0x0007
					value{
                               Properties=0x02,
                               Handle=0x0008,
                               UUID=0x2B2A
                             }

                           }
				{
                             handle=0x0009
					value{
                               Properties=0x02,
                               Handle=0x000A,
                               UUID=0x2B3A
                             }

                           }

                         }
2026-08-05 00:30:03,821 LT1-callback ClientCallback.log INFO client.py                 199   log                       : PTS_LOGTYPE_PRELIMINARY_VERDICT Preliminary Verdict 

+7406 ms
 TBS/SR/SPN/BV-10-C PASS

2026-08-05 00:30:03,825 LT1-callback ClientCallback.log INFO client.py                 199   log                       : PTS_LOGTYPE_MESSAGE Verdict Description 

+7406 ms
 TBS/SR/SPN/BV-10-C Discover All Characteristics of Service Request completed successfully.

2026-08-05 00:30:03,827 LT1-callback ClientCallback.log INFO client.py                 199   log                       : PTS_LOGTYPE_SEND_EVENT  

+7406 ms
 TBS/SR/SPN/BV-10-C Send Event               ATT!ATT_FIND_INFO_REQ{
                           lcid=0x1205,
                           startingHandle=0x0004,
                           endingHandle=0x0004
                         }
2026-08-05 00:30:03,830 LT1-callback ClientCallback.log INFO client.py                 199   log                       : PTS_LOGTYPE_RECEIVE_EVENT Receive Event 

+7578 ms
 TBS/SR/SPN/BV-10-C ATT?ATT_FIND_INFO_RSP{
                           				{
                             handle=0x0004,
                             uuid=0x2902
					
                           }
                         }
2026-08-05 00:30:03,833 LT1-callback ClientCallback.log INFO client.py                 199   log                       : PTS_LOGTYPE_RECEIVE_EVENT Receive Event 

+7578 ms
 TBS/SR/SPN/BV-10-C ATT?ATT_FIND_INFO_CFM{
                           				{
                             handle=0x0004,
                             uuid=0x2902,
                             
					
                           }
                         }
2026-08-05 00:30:03,837 LT1-callback ClientCallback.log INFO client.py                 199   log                       : PTS_LOGTYPE_PRELIMINARY_VERDICT Preliminary Verdict 

+7578 ms
 TBS/SR/SPN/BV-10-C PASS

2026-08-05 00:30:03,839 LT1-callback ClientCallback.log INFO client.py                 199   log                       : PTS_LOGTYPE_MESSAGE Verdict Description 

+7578 ms
 TBS/SR/SPN/BV-10-C Discover All Characteristic Descriptors Request completed successfully.

2026-08-05 00:30:03,842 LT1-callback ClientCallback.log INFO client.py                 199   log                       : PTS_LOGTYPE_SEND_EVENT  

+7578 ms
 TBS/SR/SPN/BV-10-C Send Event               ATT!ATT_READ_BY_TYPE_REQ{
                           lcid=0x1205,
                           startingHandle=0x000B,
                           endingHandle=0x0011,
                           attributeTypeSize=0x02,
                           attributeType=0x2803
                         }
2026-08-05 00:30:03,845 LT1-callback ClientCallback.log INFO client.py                 199   log                       : PTS_LOGTYPE_RECEIVE_EVENT  

+7750 ms
 TBS/SR/SPN/BV-10-C Receive Event            ATT?ATT_READ_BY_TYPE_IND{
                           lcid=0x1205,
                           length=0x0010,
                           attributeTypeSize=0x02,
                           attributeType=0x2803,
                           ElementCount=02,
                           AttributeSize=07,
                           Handle=000C,
                           AttrValue=2A00000D0A,
                           Handle=000E,
                           AttrValue=2A01000F0A
                         }
2026-08-05 00:30:03,848 LT1-callback ClientCallback.log INFO client.py                 199   log                       : PTS_LOGTYPE_RECEIVE_EVENT Receive Event 

+7750 ms
 TBS/SR/SPN/BV-10-C ATT?ATT_READ_BY_TYPE_RSP{
                           				{
                             handle=0x000C
					value{
                               Properties=0x0A,
                               Handle=0x000D,
                               UUID=0x2A00
                             }

                           }
				{
                             handle=0x000E
					value{
                               Properties=0x0A,
                               Handle=0x000F,
                               UUID=0x2A01
                             }

                           }

                         }
2026-08-05 00:30:03,852 LT1-callback ClientCallback.log INFO client.py                 199   log                       : PTS_LOGTYPE_RECEIVE_EVENT  

+7922 ms
 TBS/SR/SPN/BV-10-C Receive Event            ATT?ATT_READ_BY_TYPE_IND{
                           lcid=0x1205,
                           length=0x0009,
                           attributeTypeSize=0x02,
                           attributeType=0x2803,
                           ElementCount=01,
                           AttributeSize=07,
                           Handle=0010,
                           AttrValue=2A04001102
                         }
2026-08-05 00:30:03,856 LT1-callback ClientCallback.log INFO client.py                 199   log                       : PTS_LOGTYPE_RECEIVE_EVENT Receive Event 

+7922 ms
 TBS/SR/SPN/BV-10-C ATT?ATT_READ_BY_TYPE_RSP{
                           				{
                             handle=0x0010
					value{
                               Properties=0x02,
                               Handle=0x0011,
                               UUID=0x2A04
                             }

                           }

                         }
2026-08-05 00:30:03,859 LT1-callback ClientCallback.log INFO client.py                 199   log                       : PTS_LOGTYPE_RECEIVE_EVENT  

+8110 ms
 TBS/SR/SPN/BV-10-C Receive Event            ATT?ATT_READ_BY_TYPE_CFM{
                           lcid=0x1205,
                           attributeType=0x2803,
                           attributeTypeSize=0x02,
                           result=0x0000,
                           errorHandle=0x0000
                         }
2026-08-05 00:30:03,862 LT1-callback ClientCallback.log INFO client.py                 199   log                       : PTS_LOGTYPE_RECEIVE_EVENT Receive Event 

+8110 ms
 TBS/SR/SPN/BV-10-C ATT?ATT_READ_BY_TYPE_CFM{
                           				{
                             handle=0x000C
					value{
                               Properties=0x0A,
                               Handle=0x000D,
                               UUID=0x2A00
                             }

                           }
				{
                             handle=0x000E
					value{
                               Properties=0x0A,
                               Handle=0x000F,
                               UUID=0x2A01
                             }

                           }
				{
                             handle=0x0010
					value{
                               Properties=0x02,
                               Handle=0x0011,
                               UUID=0x2A04
                             }

                           }

                         }
2026-08-05 00:30:03,866 LT1-callback ClientCallback.log INFO client.py                 199   log                       : PTS_LOGTYPE_PRELIMINARY_VERDICT Preliminary Verdict 

+8110 ms
 TBS/SR/SPN/BV-10-C PASS

2026-08-05 00:30:03,869 LT1-callback ClientCallback.log INFO client.py                 199   log                       : PTS_LOGTYPE_MESSAGE Verdict Description 

+8110 ms
 TBS/SR/SPN/BV-10-C Discover All Characteristics of Service Request completed successfully.

2026-08-05 00:30:03,872 LT1-callback ClientCallback.log INFO client.py                 199   log                       : PTS_LOGTYPE_SEND_EVENT  

+8110 ms
 TBS/SR/SPN/BV-10-C Send Event               ATT!ATT_READ_BY_TYPE_REQ{
                           lcid=0x1205,
                           startingHandle=0x0012,
                           endingHandle=0x0026,
                           attributeTypeSize=0x02,
                           attributeType=0x2803
                         }
2026-08-05 00:30:03,875 LT1-callback ClientCallback.log INFO client.py                 199   log                       : PTS_LOGTYPE_RECEIVE_EVENT  

+8266 ms
 TBS/SR/SPN/BV-10-C Receive Event            ATT?ATT_READ_BY_TYPE_IND{
                           lcid=0x1205,
                           length=0x0010,
                           attributeTypeSize=0x02,
                           attributeType=0x2803,
                           ElementCount=02,
                           AttributeSize=07,
                           Handle=0013,
                           AttrValue=2A24001402,
                           Handle=0015,
                           AttrValue=2A29001602
                         }
2026-08-05 00:30:03,878 LT1-callback ClientCallback.log INFO client.py                 199   log                       : PTS_LOGTYPE_RECEIVE_EVENT Receive Event 

+8266 ms
 TBS/SR/SPN/BV-10-C ATT?ATT_READ_BY_TYPE_RSP{
                           				{
                             handle=0x0013
					value{
                               Properties=0x02,
                               Handle=0x0014,
                               UUID=0x2A24
                             }

                           }
				{
                             handle=0x0015
					value{
                               Properties=0x02,
                               Handle=0x0016,
                               UUID=0x2A29
                             }

                           }

                         }
2026-08-05 00:30:03,884 LT1-callback ClientCallback.log INFO client.py                 199   log                       : PTS_LOGTYPE_RECEIVE_EVENT  

+8453 ms
 TBS/SR/SPN/BV-10-C Receive Event            ATT?ATT_READ_BY_TYPE_IND{
                           lcid=0x1205,
                           length=0x0010,
                           attributeTypeSize=0x02,
                           attributeType=0x2803,
                           ElementCount=02,
                           AttributeSize=07,
                           Handle=0017,
                           AttrValue=2A50001802,
                           Handle=0019,
                           AttrValue=2A25001A02
                         }
2026-08-05 00:30:03,888 LT1-callback ClientCallback.log INFO client.py                 199   log                       : PTS_LOGTYPE_RECEIVE_EVENT Receive Event 

+8453 ms
 TBS/SR/SPN/BV-10-C ATT?ATT_READ_BY_TYPE_RSP{
                           				{
                             handle=0x0017
					value{
                               Properties=0x02,
                               Handle=0x0018,
                               UUID=0x2A50
                             }

                           }
				{
                             handle=0x0019
					value{
                               Properties=0x02,
                               Handle=0x001A,
                               UUID=0x2A25
                             }

                           }

                         }
2026-08-05 00:30:03,891 LT1-callback ClientCallback.log INFO client.py                 199   log                       : PTS_LOGTYPE_RECEIVE_EVENT  

+8625 ms
 TBS/SR/SPN/BV-10-C Receive Event            ATT?ATT_READ_BY_TYPE_IND{
                           lcid=0x1205,
                           length=0x0010,
                           attributeTypeSize=0x02,
                           attributeType=0x2803,
                           ElementCount=02,
                           AttributeSize=07,
                           Handle=001B,
                           AttrValue=2A26001C02,
                           Handle=001D,
                           AttrValue=2A27001E02
                         }
2026-08-05 00:30:03,895 LT1-callback ClientCallback.log INFO client.py                 199   log                       : PTS_LOGTYPE_RECEIVE_EVENT Receive Event 

+8625 ms
 TBS/SR/SPN/BV-10-C ATT?ATT_READ_BY_TYPE_RSP{
                           				{
                             handle=0x001B
					value{
                               Properties=0x02,
                               Handle=0x001C,
                               UUID=0x2A26
                             }

                           }
				{
                             handle=0x001D
					value{
                               Properties=0x02,
                               Handle=0x001E,
                               UUID=0x2A27
                             }

                           }

                         }
2026-08-05 00:30:03,899 LT1-callback ClientCallback.log INFO client.py                 199   log                       : PTS_LOGTYPE_RECEIVE_EVENT  

+8797 ms
 TBS/SR/SPN/BV-10-C Receive Event            ATT?ATT_READ_BY_TYPE_IND{
                           lcid=0x1205,
                           length=0x0010,
                           attributeTypeSize=0x02,
                           attributeType=0x2803,
                           ElementCount=02,
                           AttributeSize=07,
                           Handle=001F,
                           AttrValue=2A28002002,
                           Handle=0021,
                           AttrValue=2BFF002202
                         }
2026-08-05 00:30:03,902 LT1-callback ClientCallback.log INFO client.py                 199   log                       : PTS_LOGTYPE_RECEIVE_EVENT Receive Event 

+8797 ms
 TBS/SR/SPN/BV-10-C ATT?ATT_READ_BY_TYPE_RSP{
                           				{
                             handle=0x001F
					value{
                               Properties=0x02,
                               Handle=0x0020,
                               UUID=0x2A28
                             }

                           }
				{
                             handle=0x0021
					value{
                               Properties=0x02,
                               Handle=0x0022,
                               UUID=0x2BFF
                             }

                           }

                         }
2026-08-05 00:30:03,906 LT1-callback ClientCallback.log INFO client.py                 199   log                       : PTS_LOGTYPE_RECEIVE_EVENT  

+8985 ms
 TBS/SR/SPN/BV-10-C Receive Event            ATT?ATT_READ_BY_TYPE_IND{
                           lcid=0x1205,
                           length=0x0010,
                           attributeTypeSize=0x02,
                           attributeType=0x2803,
                           ElementCount=02,
                           AttributeSize=07,
                           Handle=0023,
                           AttrValue=2A23002402,
                           Handle=0025,
                           AttrValue=2A2A002602
                         }
2026-08-05 00:30:03,910 LT1-callback ClientCallback.log INFO client.py                 199   log                       : PTS_LOGTYPE_RECEIVE_EVENT Receive Event 

+8985 ms
 TBS/SR/SPN/BV-10-C ATT?ATT_READ_BY_TYPE_RSP{
                           				{
                             handle=0x0023
					value{
                               Properties=0x02,
                               Handle=0x0024,
                               UUID=0x2A23
                             }

                           }
				{
                             handle=0x0025
					value{
                               Properties=0x02,
                               Handle=0x0026,
                               UUID=0x2A2A
                             }

                           }

                         }
2026-08-05 00:30:03,915 LT1-callback ClientCallback.log INFO client.py                 199   log                       : PTS_LOGTYPE_RECEIVE_EVENT  

+9141 ms
 TBS/SR/SPN/BV-10-C Receive Event            ATT?ATT_READ_BY_TYPE_CFM{
                           lcid=0x1205,
                           attributeType=0x2803,
                           attributeTypeSize=0x02,
                           result=0x0000,
                           errorHandle=0x0000
                         }
2026-08-05 00:30:03,919 LT1-callback ClientCallback.log INFO client.py                 199   log                       : PTS_LOGTYPE_RECEIVE_EVENT Receive Event 

+9141 ms
 TBS/SR/SPN/BV-10-C ATT?ATT_READ_BY_TYPE_CFM{
                           				{
                             handle=0x0013
					value{
                               Properties=0x02,
                               Handle=0x0014,
                               UUID=0x2A24
                             }

                           }
				{
                             handle=0x0015
					value{
                               Properties=0x02,
                               Handle=0x0016,
                               UUID=0x2A29
                             }

                           }
				{
                             handle=0x0017
					value{
                               Properties=0x02,
                               Handle=0x0018,
                               UUID=0x2A50
                             }

                           }
				{
                             handle=0x0019
					value{
                               Properties=0x02,
                               Handle=0x001A,
                               UUID=0x2A25
                             }

                           }
				{
                             handle=0x001B
					value{
                               Properties=0x02,
                               Handle=0x001C,
                               UUID=0x2A26
                             }

                           }
				{
                             handle=0x001D
					value{
                               Properties=0x02,
                               Handle=0x001E,
                               UUID=0x2A27
                             }

                           }
				{
                             handle=0x001F
					value{
                               Properties=0x02,
                               Handle=0x0020,
                               UUID=0x2A28
                             }

                           }
				{
                             handle=0x0021
					value{
                               Properties=0x02,
                               Handle=0x0022,
                               UUID=0x2BFF
                             }

                           }
				{
                             handle=0x0023
					value{
                               Properties=0x02,
                               Handle=0x0024,
                               UUID=0x2A23
                             }

                           }
				{
                             handle=0x0025
					value{
                               Properties=0x02,
                               Handle=0x0026,
                               UUID=0x2A2A
                             }

                           }

                         }
2026-08-05 00:30:03,926 LT1-callback ClientCallback.log INFO client.py                 199   log                       : PTS_LOGTYPE_PRELIMINARY_VERDICT Preliminary Verdict 

+9141 ms
 TBS/SR/SPN/BV-10-C PASS

2026-08-05 00:30:03,930 LT1-callback ClientCallback.log INFO client.py                 199   log                       : PTS_LOGTYPE_MESSAGE Verdict Description 

+9141 ms
 TBS/SR/SPN/BV-10-C Discover All Characteristics of Service Request completed successfully.

2026-08-05 00:30:03,932 LT1-callback ClientCallback.log INFO client.py                 199   log                       : PTS_LOGTYPE_SEND_EVENT  

+9141 ms
 TBS/SR/SPN/BV-10-C Send Event               ATT!ATT_READ_BY_TYPE_REQ{
                           lcid=0x1205,
                           startingHandle=0x0027,
                           endingHandle=0x0029,
                           attributeTypeSize=0x02,
                           attributeType=0x2803
                         }
2026-08-05 00:30:03,935 LT1-callback ClientCallback.log INFO client.py                 199   log                       : PTS_LOGTYPE_RECEIVE_EVENT  

+9328 ms
 TBS/SR/SPN/BV-10-C Receive Event            ATT?ATT_READ_BY_TYPE_IND{
                           lcid=0x1205,
                           length=0x0009,
                           attributeTypeSize=0x02,
                           attributeType=0x2803,
                           ElementCount=01,
                           AttributeSize=07,
                           Handle=0028,
                           AttrValue=2A06002904
                         }
2026-08-05 00:30:03,939 LT1-callback ClientCallback.log INFO client.py                 199   log                       : PTS_LOGTYPE_RECEIVE_EVENT Receive Event 

+9328 ms
 TBS/SR/SPN/BV-10-C ATT?ATT_READ_BY_TYPE_RSP{
                           				{
                             handle=0x0028
					value{
                               Properties=0x04,
                               Handle=0x0029,
                               UUID=0x2A06
                             }

                           }

                         }
2026-08-05 00:30:03,942 LT1-callback ClientCallback.log INFO client.py                 199   log                       : PTS_LOGTYPE_RECEIVE_EVENT  

+9500 ms
 TBS/SR/SPN/BV-10-C Receive Event            ATT?ATT_READ_BY_TYPE_CFM{
                           lcid=0x1205,
                           attributeType=0x2803,
                           attributeTypeSize=0x02,
                           result=0x0000,
                           errorHandle=0x0000
                         }
2026-08-05 00:30:03,945 LT1-callback ClientCallback.log INFO client.py                 199   log                       : PTS_LOGTYPE_RECEIVE_EVENT Receive Event 

+9500 ms
 TBS/SR/SPN/BV-10-C ATT?ATT_READ_BY_TYPE_CFM{
                           				{
                             handle=0x0028
					value{
                               Properties=0x04,
                               Handle=0x0029,
                               UUID=0x2A06
                             }

                           }

                         }
2026-08-05 00:30:03,948 LT1-callback ClientCallback.log INFO client.py                 199   log                       : PTS_LOGTYPE_PRELIMINARY_VERDICT Preliminary Verdict 

+9500 ms
 TBS/SR/SPN/BV-10-C PASS

2026-08-05 00:30:03,950 LT1-callback ClientCallback.log INFO client.py                 199   log                       : PTS_LOGTYPE_MESSAGE Verdict Description 

+9500 ms
 TBS/SR/SPN/BV-10-C Discover All Characteristics of Service Request completed successfully.

2026-08-05 00:30:03,953 LT1-callback ClientCallback.log INFO client.py                 199   log                       : PTS_LOGTYPE_SEND_EVENT  

+9500 ms
 TBS/SR/SPN/BV-10-C Send Event               ATT!ATT_READ_BY_TYPE_REQ{
                           lcid=0x1205,
                           startingHandle=0x002A,
                           endingHandle=0x0056,
                           attributeTypeSize=0x02,
                           attributeType=0x2803
                         }
2026-08-05 00:30:03,956 LT1-callback ClientCallback.log INFO client.py                 199   log                       : PTS_LOGTYPE_RECEIVE_EVENT  

+9672 ms
 TBS/SR/SPN/BV-10-C Receive Event            ATT?ATT_READ_BY_TYPE_IND{
                           lcid=0x1205,
                           length=0x0010,
                           attributeTypeSize=0x02,
                           attributeType=0x2803,
                           ElementCount=02,
                           AttributeSize=07,
                           Handle=002B,
                           AttrValue=2BB3002C12,
                           Handle=002E,
                           AttrValue=2BB4002F02
                         }
2026-08-05 00:30:03,961 LT1-callback ClientCallback.log INFO client.py                 199   log                       : PTS_LOGTYPE_RECEIVE_EVENT Receive Event 

+9672 ms
 TBS/SR/SPN/BV-10-C ATT?ATT_READ_BY_TYPE_RSP{
                           				{
                             handle=0x002B
					value{
                               Properties=0x12,
                               Handle=0x002C,
                               UUID=0x2BB3
                             }

                           }
				{
                             handle=0x002E
					value{
                               Properties=0x02,
                               Handle=0x002F,
                               UUID=0x2BB4
                             }

                           }

                         }
2026-08-05 00:30:03,967 LT1-callback ClientCallback.log INFO client.py                 199   log                       : PTS_LOGTYPE_RECEIVE_EVENT  

+9860 ms
 TBS/SR/SPN/BV-10-C Receive Event            ATT?ATT_READ_BY_TYPE_IND{
                           lcid=0x1205,
                           length=0x0010,
                           attributeTypeSize=0x02,
                           attributeType=0x2803,
                           ElementCount=02,
                           AttributeSize=07,
                           Handle=0030,
                           AttrValue=2BB5003112,
                           Handle=0033,
                           AttrValue=2BB6003412
                         }
2026-08-05 00:30:03,972 LT1-callback ClientCallback.log INFO client.py                 199   log                       : PTS_LOGTYPE_RECEIVE_EVENT Receive Event 

+9860 ms
 TBS/SR/SPN/BV-10-C ATT?ATT_READ_BY_TYPE_RSP{
                           				{
                             handle=0x0030
					value{
                               Properties=0x12,
                               Handle=0x0031,
                               UUID=0x2BB5
                             }

                           }
				{
                             handle=0x0033
					value{
                               Properties=0x12,
                               Handle=0x0034,
                               UUID=0x2BB6
                             }

                           }

                         }
2026-08-05 00:30:03,976 LT1-callback ClientCallback.log INFO client.py                 199   log                       : PTS_LOGTYPE_RECEIVE_EVENT  

+10031 ms
 TBS/SR/SPN/BV-10-C Receive Event            ATT?ATT_READ_BY_TYPE_IND{
                           lcid=0x1205,
                           length=0x0010,
                           attributeTypeSize=0x02,
                           attributeType=0x2803,
                           ElementCount=02,
                           AttributeSize=07,
                           Handle=0036,
                           AttrValue=2BB7003712,
                           Handle=0039,
                           AttrValue=2BB8003A0E
                         }
2026-08-05 00:30:03,980 LT1-callback ClientCallback.log INFO client.py                 199   log                       : PTS_LOGTYPE_RECEIVE_EVENT Receive Event 

+10031 ms
 TBS/SR/SPN/BV-10-C ATT?ATT_READ_BY_TYPE_RSP{
                           				{
                             handle=0x0036
					value{
                               Properties=0x12,
                               Handle=0x0037,
                               UUID=0x2BB7
                             }

                           }
				{
                             handle=0x0039
					value{
                               Properties=0x0E,
                               Handle=0x003A,
                               UUID=0x2BB8
                             }

                           }

                         }
2026-08-05 00:30:03,983 LT1-callback ClientCallback.log INFO client.py                 199   log                       : PTS_LOGTYPE_RECEIVE_EVENT  

+10203 ms
 TBS/SR/SPN/BV-10-C Receive Event            ATT?ATT_READ_BY_TYPE_IND{
                           lcid=0x1205,
                           length=0x0010,
                           attributeTypeSize=0x02,
                           attributeType=0x2803,
                           ElementCount=02,
                           AttributeSize=07,
                           Handle=003B,
                           AttrValue=2BB9003C12,
                           Handle=003E,
                           AttrValue=2BBA003F02
                         }
2026-08-05 00:30:03,987 LT1-callback ClientCallback.log INFO client.py                 199   log                       : PTS_LOGTYPE_RECEIVE_EVENT Receive Event 

+10203 ms
 TBS/SR/SPN/BV-10-C ATT?ATT_READ_BY_TYPE_RSP{
                           				{
                             handle=0x003B
					value{
                               Properties=0x12,
                               Handle=0x003C,
                               UUID=0x2BB9
                             }

                           }
				{
                             handle=0x003E
					value{
                               Properties=0x02,
                               Handle=0x003F,
                               UUID=0x2BBA
                             }

                           }

                         }
2026-08-05 00:30:03,993 LT1-callback ClientCallback.log INFO client.py                 199   log                       : PTS_LOGTYPE_RECEIVE_EVENT  

+10375 ms
 TBS/SR/SPN/BV-10-C Receive Event            ATT?ATT_READ_BY_TYPE_IND{
                           lcid=0x1205,
                           length=0x0010,
                           attributeTypeSize=0x02,
                           attributeType=0x2803,
                           ElementCount=02,
                           AttributeSize=07,
                           Handle=0040,
                           AttrValue=2BBB004112,
                           Handle=0043,
                           AttrValue=2BBC004412
                         }
2026-08-05 00:30:03,997 LT1-callback ClientCallback.log INFO client.py                 199   log                       : PTS_LOGTYPE_RECEIVE_EVENT Receive Event 

+10375 ms
 TBS/SR/SPN/BV-10-C ATT?ATT_READ_BY_TYPE_RSP{
                           				{
                             handle=0x0040
					value{
                               Properties=0x12,
                               Handle=0x0041,
                               UUID=0x2BBB
                             }

                           }
				{
                             handle=0x0043
					value{
                               Properties=0x12,
                               Handle=0x0044,
                               UUID=0x2BBC
                             }

                           }

                         }
2026-08-05 00:30:04,001 LT1-callback ClientCallback.log INFO client.py                 199   log                       : PTS_LOGTYPE_RECEIVE_EVENT  

+10547 ms
 TBS/SR/SPN/BV-10-C Receive Event            ATT?ATT_READ_BY_TYPE_IND{
                           lcid=0x1205,
                           length=0x0010,
                           attributeTypeSize=0x02,
                           attributeType=0x2803,
                           ElementCount=02,
                           AttributeSize=07,
                           Handle=0046,
                           AttrValue=2BBD004712,
                           Handle=0049,
                           AttrValue=2BBE004A1C
                         }
2026-08-05 00:30:04,005 LT1-callback ClientCallback.log INFO client.py                 199   log                       : PTS_LOGTYPE_RECEIVE_EVENT Receive Event 

+10547 ms
 TBS/SR/SPN/BV-10-C ATT?ATT_READ_BY_TYPE_RSP{
                           				{
                             handle=0x0046
					value{
                               Properties=0x12,
                               Handle=0x0047,
                               UUID=0x2BBD
                             }

                           }
				{
                             handle=0x0049
					value{
                               Properties=0x1C,
                               Handle=0x004A,
                               UUID=0x2BBE
                             }

                           }

                         }
2026-08-05 00:30:04,009 LT1-callback ClientCallback.log INFO client.py                 199   log                       : PTS_LOGTYPE_RECEIVE_EVENT  

+10719 ms
 TBS/SR/SPN/BV-10-C Receive Event            ATT?ATT_READ_BY_TYPE_IND{
                           lcid=0x1205,
                           length=0x0010,
                           attributeTypeSize=0x02,
                           attributeType=0x2803,
                           ElementCount=02,
                           AttributeSize=07,
                           Handle=004C,
                           AttrValue=2BBF004D02,
                           Handle=004E,
                           AttrValue=2BC0004F10
                         }
2026-08-05 00:30:04,012 LT1-callback ClientCallback.log INFO client.py                 199   log                       : PTS_LOGTYPE_RECEIVE_EVENT Receive Event 

+10719 ms
 TBS/SR/SPN/BV-10-C ATT?ATT_READ_BY_TYPE_RSP{
                           				{
                             handle=0x004C
					value{
                               Properties=0x02,
                               Handle=0x004D,
                               UUID=0x2BBF
                             }

                           }
				{
                             handle=0x004E
					value{
                               Properties=0x10,
                               Handle=0x004F,
                               UUID=0x2BC0
                             }

                           }

                         }
2026-08-05 00:30:04,016 LT1-callback ClientCallback.log INFO client.py                 199   log                       : PTS_LOGTYPE_RECEIVE_EVENT  

+10906 ms
 TBS/SR/SPN/BV-10-C Receive Event            ATT?ATT_READ_BY_TYPE_IND{
                           lcid=0x1205,
                           length=0x0010,
                           attributeTypeSize=0x02,
                           attributeType=0x2803,
                           ElementCount=02,
                           AttributeSize=07,
                           Handle=0051,
                           AttrValue=2BC1005212,
                           Handle=0054,
                           AttrValue=2BC2005512
                         }
2026-08-05 00:30:04,020 LT1-callback ClientCallback.log INFO client.py                 199   log                       : PTS_LOGTYPE_RECEIVE_EVENT Receive Event 

+10906 ms
 TBS/SR/SPN/BV-10-C ATT?ATT_READ_BY_TYPE_RSP{
                           				{
                             handle=0x0051
					value{
                               Properties=0x12,
                               Handle=0x0052,
                               UUID=0x2BC1
                             }

                           }
				{
                             handle=0x0054
					value{
                               Properties=0x12,
                               Handle=0x0055,
                               UUID=0x2BC2
                             }

                           }

                         }
2026-08-05 00:30:04,023 LT1-callback ClientCallback.log INFO client.py                 199   log                       : PTS_LOGTYPE_RECEIVE_EVENT  

+11078 ms
 TBS/SR/SPN/BV-10-C Receive Event            ATT?ATT_READ_BY_TYPE_CFM{
                           lcid=0x1205,
                           attributeType=0x2803,
                           attributeTypeSize=0x02,
                           result=0x0000,
                           errorHandle=0x0000
                         }
2026-08-05 00:30:04,027 LT1-callback ClientCallback.log INFO client.py                 199   log                       : PTS_LOGTYPE_RECEIVE_EVENT Receive Event 

+11078 ms
 TBS/SR/SPN/BV-10-C ATT?ATT_READ_BY_TYPE_CFM{
                           				{
                             handle=0x002B
					value{
                               Properties=0x12,
                               Handle=0x002C,
                               UUID=0x2BB3
                             }

                           }
				{
                             handle=0x002E
					value{
                               Properties=0x02,
                               Handle=0x002F,
                               UUID=0x2BB4
                             }

                           }
				{
                             handle=0x0030
					value{
                               Properties=0x12,
                               Handle=0x0031,
                               UUID=0x2BB5
                             }

                           }
				{
                             handle=0x0033
					value{
                               Properties=0x12,
                               Handle=0x0034,
                               UUID=0x2BB6
                             }

                           }
				{
                             handle=0x0036
					value{
                               Properties=0x12,
                               Handle=0x0037,
                               UUID=0x2BB7
                             }

                           }
				{
                             handle=0x0039
					value{
                               Properties=0x0E,
                               Handle=0x003A,
                               UUID=0x2BB8
                             }

                           }
				{
                             handle=0x003B
					value{
                               Properties=0x12,
                               Handle=0x003C,
                               UUID=0x2BB9
                             }

                           }
				{
                             handle=0x003E
					value{
                               Properties=0x02,
                               Handle=0x003F,
                               UUID=0x2BBA
                             }

                           }
				{
                             handle=0x0040
					value{
                               Properties=0x12,
                               Handle=0x0041,
                               UUID=0x2BBB
                             }

                           }
				{
                             handle=0x0043
					value{
                               Properties=0x12,
                               Handle=0x0044,
                               UUID=0x2BBC
                             }

                           }
				{
                             handle=0x0046
					value{
                               Properties=0x12,
                               Handle=0x0047,
                               UUID=0x2BBD
                             }

                           }
				{
                             handle=0x0049
					value{
                               Properties=0x1C,
                               Handle=0x004A,
                               UUID=0x2BBE
                             }

                           }
				{
                             handle=0x004C
					value{
                               Properties=0x02,
                               Handle=0x004D,
                               UUID=0x2BBF
                             }

                           }
				{
                             handle=0x004E
					value{
                               Properties=0x10,
                               Handle=0x004F,
                               UUID=0x2BC0
                             }

                           }
				{
                             handle=0x0051
					value{
                               Properties=0x12,
                               Handle=0x0052,
                               UUID=0x2BC1
                             }

                           }
				{
                             handle=0x0054
					value{
                               Properties=0x12,
                               Handle=0x0055,
                               UUID=0x2BC2
                             }

                           }

                         }
2026-08-05 00:30:04,037 LT1-callback ClientCallback.log INFO client.py                 199   log                       : PTS_LOGTYPE_PRELIMINARY_VERDICT Preliminary Verdict 

+11078 ms
 TBS/SR/SPN/BV-10-C PASS

2026-08-05 00:30:04,041 LT1-callback ClientCallback.log INFO client.py                 199   log                       : PTS_LOGTYPE_MESSAGE Verdict Description 

+11078 ms
 TBS/SR/SPN/BV-10-C Discover All Characteristics of Service Request completed successfully.

2026-08-05 00:30:04,045 LT1-callback ClientCallback.log INFO client.py                 199   log                       : PTS_LOGTYPE_SEND_EVENT  

+11078 ms
 TBS/SR/SPN/BV-10-C Send Event               ATT!ATT_FIND_INFO_REQ{
                           lcid=0x1205,
                           startingHandle=0x002D,
                           endingHandle=0x002D
                         }
2026-08-05 00:30:04,104 LT1-callback ClientCallback.log INFO client.py                 199   log                       : PTS_LOGTYPE_RECEIVE_EVENT Receive Event 

+11250 ms
 TBS/SR/SPN/BV-10-C ATT?ATT_FIND_INFO_RSP{
                           				{
                             handle=0x002D,
                             uuid=0x2902
					
                           }
                         }
2026-08-05 00:30:04,108 LT1-callback ClientCallback.log INFO client.py                 199   log                       : PTS_LOGTYPE_RECEIVE_EVENT Receive Event 

+11250 ms
 TBS/SR/SPN/BV-10-C ATT?ATT_FIND_INFO_CFM{
                           				{
                             handle=0x002D,
                             uuid=0x2902,
                             
					
                           }
                         }
2026-08-05 00:30:04,112 LT1-callback ClientCallback.log INFO client.py                 199   log                       : PTS_LOGTYPE_PRELIMINARY_VERDICT Preliminary Verdict 

+11250 ms
 TBS/SR/SPN/BV-10-C PASS

2026-08-05 00:30:04,115 LT1-callback ClientCallback.log INFO client.py                 199   log                       : PTS_LOGTYPE_MESSAGE Verdict Description 

+11250 ms
 TBS/SR/SPN/BV-10-C Discover All Characteristic Descriptors Request completed successfully.

2026-08-05 00:30:04,118 LT1-callback ClientCallback.log INFO client.py                 199   log                       : PTS_LOGTYPE_SEND_EVENT  

+11250 ms
 TBS/SR/SPN/BV-10-C Send Event               ATT!ATT_FIND_INFO_REQ{
                           lcid=0x1205,
                           startingHandle=0x0032,
                           endingHandle=0x0032
                         }
2026-08-05 00:30:04,122 LT1-callback ClientCallback.log INFO client.py                 199   log                       : PTS_LOGTYPE_RECEIVE_EVENT Receive Event 

+11422 ms
 TBS/SR/SPN/BV-10-C ATT?ATT_FIND_INFO_RSP{
                           				{
                             handle=0x0032,
                             uuid=0x2902
					
                           }
                         }
2026-08-05 00:30:04,125 LT1-callback ClientCallback.log INFO client.py                 199   log                       : PTS_LOGTYPE_RECEIVE_EVENT Receive Event 

+11422 ms
 TBS/SR/SPN/BV-10-C ATT?ATT_FIND_INFO_CFM{
                           				{
                             handle=0x0032,
                             uuid=0x2902,
                             
					
                           }
                         }
2026-08-05 00:30:04,129 LT1-callback ClientCallback.log INFO client.py                 199   log                       : PTS_LOGTYPE_PRELIMINARY_VERDICT Preliminary Verdict 

+11422 ms
 TBS/SR/SPN/BV-10-C PASS

2026-08-05 00:30:04,132 LT1-callback ClientCallback.log INFO client.py                 199   log                       : PTS_LOGTYPE_MESSAGE Verdict Description 

+11422 ms
 TBS/SR/SPN/BV-10-C Discover All Characteristic Descriptors Request completed successfully.

2026-08-05 00:30:04,135 LT1-callback ClientCallback.log INFO client.py                 199   log                       : PTS_LOGTYPE_SEND_EVENT  

+11422 ms
 TBS/SR/SPN/BV-10-C Send Event               ATT!ATT_FIND_INFO_REQ{
                           lcid=0x1205,
                           startingHandle=0x0035,
                           endingHandle=0x0035
                         }
2026-08-05 00:30:04,138 LT1-callback ClientCallback.log INFO client.py                 199   log                       : PTS_LOGTYPE_RECEIVE_EVENT Receive Event 

+11594 ms
 TBS/SR/SPN/BV-10-C ATT?ATT_FIND_INFO_RSP{
                           				{
                             handle=0x0035,
                             uuid=0x2902
					
                           }
                         }
2026-08-05 00:30:04,141 LT1-callback ClientCallback.log INFO client.py                 199   log                       : PTS_LOGTYPE_RECEIVE_EVENT Receive Event 

+11594 ms
 TBS/SR/SPN/BV-10-C ATT?ATT_FIND_INFO_CFM{
                           				{
                             handle=0x0035,
                             uuid=0x2902,
                             
					
                           }
                         }
2026-08-05 00:30:04,144 LT1-callback ClientCallback.log INFO client.py                 199   log                       : PTS_LOGTYPE_PRELIMINARY_VERDICT Preliminary Verdict 

+11594 ms
 TBS/SR/SPN/BV-10-C PASS

2026-08-05 00:30:04,146 LT1-callback ClientCallback.log INFO client.py                 199   log                       : PTS_LOGTYPE_MESSAGE Verdict Description 

+11594 ms
 TBS/SR/SPN/BV-10-C Discover All Characteristic Descriptors Request completed successfully.

2026-08-05 00:30:04,149 LT1-callback ClientCallback.log INFO client.py                 199   log                       : PTS_LOGTYPE_SEND_EVENT  

+11594 ms
 TBS/SR/SPN/BV-10-C Send Event               ATT!ATT_FIND_INFO_REQ{
                           lcid=0x1205,
                           startingHandle=0x0038,
                           endingHandle=0x0038
                         }
2026-08-05 00:30:04,152 LT1-callback ClientCallback.log INFO client.py                 199   log                       : PTS_LOGTYPE_RECEIVE_EVENT Receive Event 

+11781 ms
 TBS/SR/SPN/BV-10-C ATT?ATT_FIND_INFO_RSP{
                           				{
                             handle=0x0038,
                             uuid=0x2902
					
                           }
                         }
2026-08-05 00:30:04,155 LT1-callback ClientCallback.log INFO client.py                 199   log                       : PTS_LOGTYPE_RECEIVE_EVENT Receive Event 

+11781 ms
 TBS/SR/SPN/BV-10-C ATT?ATT_FIND_INFO_CFM{
                           				{
                             handle=0x0038,
                             uuid=0x2902,
                             
					
                           }
                         }
2026-08-05 00:30:04,158 LT1-callback ClientCallback.log INFO client.py                 199   log                       : PTS_LOGTYPE_PRELIMINARY_VERDICT Preliminary Verdict 

+11781 ms
 TBS/SR/SPN/BV-10-C PASS

2026-08-05 00:30:04,161 LT1-callback ClientCallback.log INFO client.py                 199   log                       : PTS_LOGTYPE_MESSAGE Verdict Description 

+11781 ms
 TBS/SR/SPN/BV-10-C Discover All Characteristic Descriptors Request completed successfully.

2026-08-05 00:30:04,163 LT1-callback ClientCallback.log INFO client.py                 199   log                       : PTS_LOGTYPE_SEND_EVENT  

+11781 ms
 TBS/SR/SPN/BV-10-C Send Event               ATT!ATT_FIND_INFO_REQ{
                           lcid=0x1205,
                           startingHandle=0x003D,
                           endingHandle=0x003D
                         }
2026-08-05 00:30:04,166 LT1-callback ClientCallback.log INFO client.py                 199   log                       : PTS_LOGTYPE_RECEIVE_EVENT Receive Event 

+11953 ms
 TBS/SR/SPN/BV-10-C ATT?ATT_FIND_INFO_RSP{
                           				{
                             handle=0x003D,
                             uuid=0x2902
					
                           }
                         }
2026-08-05 00:30:04,169 LT1-callback ClientCallback.log INFO client.py                 199   log                       : PTS_LOGTYPE_RECEIVE_EVENT Receive Event 

+11953 ms
 TBS/SR/SPN/BV-10-C ATT?ATT_FIND_INFO_CFM{
                           				{
                             handle=0x003D,
                             uuid=0x2902,
                             
					
                           }
                         }
2026-08-05 00:30:04,172 LT1-callback ClientCallback.log INFO client.py                 199   log                       : PTS_LOGTYPE_PRELIMINARY_VERDICT Preliminary Verdict 

+11953 ms
 TBS/SR/SPN/BV-10-C PASS

2026-08-05 00:30:04,175 LT1-callback ClientCallback.log INFO client.py                 199   log                       : PTS_LOGTYPE_MESSAGE Verdict Description 

+11953 ms
 TBS/SR/SPN/BV-10-C Discover All Characteristic Descriptors Request completed successfully.

2026-08-05 00:30:04,178 LT1-callback ClientCallback.log INFO client.py                 199   log                       : PTS_LOGTYPE_SEND_EVENT  

+11953 ms
 TBS/SR/SPN/BV-10-C Send Event               ATT!ATT_FIND_INFO_REQ{
                           lcid=0x1205,
                           startingHandle=0x0042,
                           endingHandle=0x0042
                         }
2026-08-05 00:30:04,181 LT1-callback ClientCallback.log INFO client.py                 199   log                       : PTS_LOGTYPE_RECEIVE_EVENT Receive Event 

+12125 ms
 TBS/SR/SPN/BV-10-C ATT?ATT_FIND_INFO_RSP{
                           				{
                             handle=0x0042,
                             uuid=0x2902
					
                           }
                         }
2026-08-05 00:30:04,184 LT1-callback ClientCallback.log INFO client.py                 199   log                       : PTS_LOGTYPE_RECEIVE_EVENT Receive Event 

+12125 ms
 TBS/SR/SPN/BV-10-C ATT?ATT_FIND_INFO_CFM{
                           				{
                             handle=0x0042,
                             uuid=0x2902,
                             
					
                           }
                         }
2026-08-05 00:30:04,187 LT1-callback ClientCallback.log INFO client.py                 199   log                       : PTS_LOGTYPE_PRELIMINARY_VERDICT Preliminary Verdict 

+12125 ms
 TBS/SR/SPN/BV-10-C PASS

2026-08-05 00:30:04,190 LT1-callback ClientCallback.log INFO client.py                 199   log                       : PTS_LOGTYPE_MESSAGE Verdict Description 

+12125 ms
 TBS/SR/SPN/BV-10-C Discover All Characteristic Descriptors Request completed successfully.

2026-08-05 00:30:04,192 LT1-callback ClientCallback.log INFO client.py                 199   log                       : PTS_LOGTYPE_SEND_EVENT  

+12125 ms
 TBS/SR/SPN/BV-10-C Send Event               ATT!ATT_FIND_INFO_REQ{
                           lcid=0x1205,
                           startingHandle=0x0045,
                           endingHandle=0x0045
                         }
2026-08-05 00:30:04,195 LT1-callback ClientCallback.log INFO client.py                 199   log                       : PTS_LOGTYPE_RECEIVE_EVENT Receive Event 

+12297 ms
 TBS/SR/SPN/BV-10-C ATT?ATT_FIND_INFO_RSP{
                           				{
                             handle=0x0045,
                             uuid=0x2902
					
                           }
                         }
2026-08-05 00:30:04,199 LT1-callback ClientCallback.log INFO client.py                 199   log                       : PTS_LOGTYPE_RECEIVE_EVENT Receive Event 

+12297 ms
 TBS/SR/SPN/BV-10-C ATT?ATT_FIND_INFO_CFM{
                           				{
                             handle=0x0045,
                             uuid=0x2902,
                             
					
                           }
                         }
2026-08-05 00:30:04,202 LT1-callback ClientCallback.log INFO client.py                 199   log                       : PTS_LOGTYPE_PRELIMINARY_VERDICT Preliminary Verdict 

+12297 ms
 TBS/SR/SPN/BV-10-C PASS

2026-08-05 00:30:04,204 LT1-callback ClientCallback.log INFO client.py                 199   log                       : PTS_LOGTYPE_MESSAGE Verdict Description 

+12297 ms
 TBS/SR/SPN/BV-10-C Discover All Characteristic Descriptors Request completed successfully.

2026-08-05 00:30:04,209 LT1-callback ClientCallback.log INFO client.py                 199   log                       : PTS_LOGTYPE_SEND_EVENT  

+12297 ms
 TBS/SR/SPN/BV-10-C Send Event               ATT!ATT_FIND_INFO_REQ{
                           lcid=0x1205,
                           startingHandle=0x0048,
                           endingHandle=0x0048
                         }
2026-08-05 00:30:04,215 LT1-callback ClientCallback.log INFO client.py                 199   log                       : PTS_LOGTYPE_RECEIVE_EVENT Receive Event 

+12469 ms
 TBS/SR/SPN/BV-10-C ATT?ATT_FIND_INFO_RSP{
                           				{
                             handle=0x0048,
                             uuid=0x2902
					
                           }
                         }
2026-08-05 00:30:04,222 LT1-callback ClientCallback.log INFO client.py                 199   log                       : PTS_LOGTYPE_RECEIVE_EVENT Receive Event 

+12469 ms
 TBS/SR/SPN/BV-10-C ATT?ATT_FIND_INFO_CFM{
                           				{
                             handle=0x0048,
                             uuid=0x2902,
                             
					
                           }
                         }
2026-08-05 00:30:04,227 LT1-callback ClientCallback.log INFO client.py                 199   log                       : PTS_LOGTYPE_PRELIMINARY_VERDICT Preliminary Verdict 

+12469 ms
 TBS/SR/SPN/BV-10-C PASS

2026-08-05 00:30:04,230 LT1-callback ClientCallback.log INFO client.py                 199   log                       : PTS_LOGTYPE_MESSAGE Verdict Description 

+12469 ms
 TBS/SR/SPN/BV-10-C Discover All Characteristic Descriptors Request completed successfully.

2026-08-05 00:30:04,232 LT1-callback ClientCallback.log INFO client.py                 199   log                       : PTS_LOGTYPE_SEND_EVENT  

+12469 ms
 TBS/SR/SPN/BV-10-C Send Event               ATT!ATT_FIND_INFO_REQ{
                           lcid=0x1205,
                           startingHandle=0x004B,
                           endingHandle=0x004B
                         }
2026-08-05 00:30:04,235 LT1-callback ClientCallback.log INFO client.py                 199   log                       : PTS_LOGTYPE_RECEIVE_EVENT Receive Event 

+12656 ms
 TBS/SR/SPN/BV-10-C ATT?ATT_FIND_INFO_RSP{
                           				{
                             handle=0x004B,
                             uuid=0x2902
					
                           }
                         }
2026-08-05 00:30:04,238 LT1-callback ClientCallback.log INFO client.py                 199   log                       : PTS_LOGTYPE_RECEIVE_EVENT Receive Event 

+12656 ms
 TBS/SR/SPN/BV-10-C ATT?ATT_FIND_INFO_CFM{
                           				{
                             handle=0x004B,
                             uuid=0x2902,
                             
					
                           }
                         }
2026-08-05 00:30:04,241 LT1-callback ClientCallback.log INFO client.py                 199   log                       : PTS_LOGTYPE_PRELIMINARY_VERDICT Preliminary Verdict 

+12656 ms
 TBS/SR/SPN/BV-10-C PASS

2026-08-05 00:30:04,244 LT1-callback ClientCallback.log INFO client.py                 199   log                       : PTS_LOGTYPE_MESSAGE Verdict Description 

+12656 ms
 TBS/SR/SPN/BV-10-C Discover All Characteristic Descriptors Request completed successfully.

2026-08-05 00:30:04,246 LT1-callback ClientCallback.log INFO client.py                 199   log                       : PTS_LOGTYPE_SEND_EVENT  

+12656 ms
 TBS/SR/SPN/BV-10-C Send Event               ATT!ATT_FIND_INFO_REQ{
                           lcid=0x1205,
                           startingHandle=0x0050,
                           endingHandle=0x0050
                         }
2026-08-05 00:30:04,249 LT1-callback ClientCallback.log INFO client.py                 199   log                       : PTS_LOGTYPE_RECEIVE_EVENT Receive Event 

+12828 ms
 TBS/SR/SPN/BV-10-C ATT?ATT_FIND_INFO_RSP{
                           				{
                             handle=0x0050,
                             uuid=0x2902
					
                           }
                         }
2026-08-05 00:30:04,252 LT1-callback ClientCallback.log INFO client.py                 199   log                       : PTS_LOGTYPE_RECEIVE_EVENT Receive Event 

+12828 ms
 TBS/SR/SPN/BV-10-C ATT?ATT_FIND_INFO_CFM{
                           				{
                             handle=0x0050,
                             uuid=0x2902,
                             
					
                           }
                         }
2026-08-05 00:30:04,256 LT1-callback ClientCallback.log INFO client.py                 199   log                       : PTS_LOGTYPE_PRELIMINARY_VERDICT Preliminary Verdict 

+12828 ms
 TBS/SR/SPN/BV-10-C PASS

2026-08-05 00:30:04,259 LT1-callback ClientCallback.log INFO client.py                 199   log                       : PTS_LOGTYPE_MESSAGE Verdict Description 

+12828 ms
 TBS/SR/SPN/BV-10-C Discover All Characteristic Descriptors Request completed successfully.

2026-08-05 00:30:04,261 LT1-callback ClientCallback.log INFO client.py                 199   log                       : PTS_LOGTYPE_SEND_EVENT  

+12828 ms
 TBS/SR/SPN/BV-10-C Send Event               ATT!ATT_FIND_INFO_REQ{
                           lcid=0x1205,
                           startingHandle=0x0053,
                           endingHandle=0x0053
                         }
2026-08-05 00:30:04,264 LT1-callback ClientCallback.log INFO client.py                 199   log                       : PTS_LOGTYPE_RECEIVE_EVENT Receive Event 

+13000 ms
 TBS/SR/SPN/BV-10-C ATT?ATT_FIND_INFO_RSP{
                           				{
                             handle=0x0053,
                             uuid=0x2902
					
                           }
                         }
2026-08-05 00:30:04,267 LT1-callback ClientCallback.log INFO client.py                 199   log                       : PTS_LOGTYPE_RECEIVE_EVENT Receive Event 

+13000 ms
 TBS/SR/SPN/BV-10-C ATT?ATT_FIND_INFO_CFM{
                           				{
                             handle=0x0053,
                             uuid=0x2902,
                             
					
                           }
                         }
2026-08-05 00:30:04,271 LT1-callback ClientCallback.log INFO client.py                 199   log                       : PTS_LOGTYPE_PRELIMINARY_VERDICT Preliminary Verdict 

+13000 ms
 TBS/SR/SPN/BV-10-C PASS

2026-08-05 00:30:04,273 LT1-callback ClientCallback.log INFO client.py                 199   log                       : PTS_LOGTYPE_MESSAGE Verdict Description 

+13000 ms
 TBS/SR/SPN/BV-10-C Discover All Characteristic Descriptors Request completed successfully.

2026-08-05 00:30:04,276 LT1-callback ClientCallback.log INFO client.py                 199   log                       : PTS_LOGTYPE_SEND_EVENT  

+13000 ms
 TBS/SR/SPN/BV-10-C Send Event               ATT!ATT_FIND_INFO_REQ{
                           lcid=0x1205,
                           startingHandle=0x0056,
                           endingHandle=0x0056
                         }
2026-08-05 00:30:04,278 LT1-callback ClientCallback.log INFO client.py                 199   log                       : PTS_LOGTYPE_RECEIVE_EVENT Receive Event 

+13172 ms
 TBS/SR/SPN/BV-10-C ATT?ATT_FIND_INFO_RSP{
                           				{
                             handle=0x0056,
                             uuid=0x2902
					
                           }
                         }
2026-08-05 00:30:04,281 LT1-callback ClientCallback.log INFO client.py                 199   log                       : PTS_LOGTYPE_RECEIVE_EVENT Receive Event 

+13172 ms
 TBS/SR/SPN/BV-10-C ATT?ATT_FIND_INFO_CFM{
                           				{
                             handle=0x0056,
                             uuid=0x2902,
                             
					
                           }
                         }
2026-08-05 00:30:04,285 LT1-callback ClientCallback.log INFO client.py                 199   log                       : PTS_LOGTYPE_PRELIMINARY_VERDICT Preliminary Verdict 

+13172 ms
 TBS/SR/SPN/BV-10-C PASS

2026-08-05 00:30:04,288 LT1-callback ClientCallback.log INFO client.py                 199   log                       : PTS_LOGTYPE_MESSAGE Verdict Description 

+13172 ms
 TBS/SR/SPN/BV-10-C Discover All Characteristic Descriptors Request completed successfully.

2026-08-05 00:30:04,290 LT1-callback ClientCallback.log INFO client.py                 199   log                       : PTS_LOGTYPE_SEND_EVENT  

+13172 ms
 TBS/SR/SPN/BV-10-C Send Event               ATT!ATT_READ_BY_TYPE_REQ{
                           lcid=0x1205,
                           startingHandle=0x0057,
                           endingHandle=0x0083,
                           attributeTypeSize=0x02,
                           attributeType=0x2803
                         }
2026-08-05 00:30:04,293 LT1-callback ClientCallback.log INFO client.py                 199   log                       : PTS_LOGTYPE_RECEIVE_EVENT  

+13344 ms
 TBS/SR/SPN/BV-10-C Receive Event            ATT?ATT_READ_BY_TYPE_IND{
                           lcid=0x1205,
                           length=0x0010,
                           attributeTypeSize=0x02,
                           attributeType=0x2803,
                           ElementCount=02,
                           AttributeSize=07,
                           Handle=0058,
                           AttrValue=2BB3005912,
                           Handle=005B,
                           AttrValue=2BB4005C02
                         }
2026-08-05 00:30:04,297 LT1-callback ClientCallback.log INFO client.py                 199   log                       : PTS_LOGTYPE_RECEIVE_EVENT Receive Event 

+13344 ms
 TBS/SR/SPN/BV-10-C ATT?ATT_READ_BY_TYPE_RSP{
                           				{
                             handle=0x0058
					value{
                               Properties=0x12,
                               Handle=0x0059,
                               UUID=0x2BB3
                             }

                           }
				{
                             handle=0x005B
					value{
                               Properties=0x02,
                               Handle=0x005C,
                               UUID=0x2BB4
                             }

                           }

                         }
2026-08-05 00:30:04,300 LT1-callback ClientCallback.log INFO client.py                 199   log                       : PTS_LOGTYPE_RECEIVE_EVENT  

+13531 ms
 TBS/SR/SPN/BV-10-C Receive Event            ATT?ATT_READ_BY_TYPE_IND{
                           lcid=0x1205,
                           length=0x0010,
                           attributeTypeSize=0x02,
                           attributeType=0x2803,
                           ElementCount=02,
                           AttributeSize=07,
                           Handle=005D,
                           AttrValue=2BB5005E12,
                           Handle=0060,
                           AttrValue=2BB6006112
                         }
2026-08-05 00:30:04,304 LT1-callback ClientCallback.log INFO client.py                 199   log                       : PTS_LOGTYPE_RECEIVE_EVENT Receive Event 

+13531 ms
 TBS/SR/SPN/BV-10-C ATT?ATT_READ_BY_TYPE_RSP{
                           				{
                             handle=0x005D
					value{
                               Properties=0x12,
                               Handle=0x005E,
                               UUID=0x2BB5
                             }

                           }
				{
                             handle=0x0060
					value{
                               Properties=0x12,
                               Handle=0x0061,
                               UUID=0x2BB6
                             }

                           }

                         }
2026-08-05 00:30:04,307 LT1-callback ClientCallback.log INFO client.py                 199   log                       : PTS_LOGTYPE_RECEIVE_EVENT  

+13703 ms
 TBS/SR/SPN/BV-10-C Receive Event            ATT?ATT_READ_BY_TYPE_IND{
                           lcid=0x1205,
                           length=0x0010,
                           attributeTypeSize=0x02,
                           attributeType=0x2803,
                           ElementCount=02,
                           AttributeSize=07,
                           Handle=0063,
                           AttrValue=2BB7006412,
                           Handle=0066,
                           AttrValue=2BB800670E
                         }
2026-08-05 00:30:04,313 LT1-callback ClientCallback.log INFO client.py                 199   log                       : PTS_LOGTYPE_RECEIVE_EVENT Receive Event 

+13703 ms
 TBS/SR/SPN/BV-10-C ATT?ATT_READ_BY_TYPE_RSP{
                           				{
                             handle=0x0063
					value{
                               Properties=0x12,
                               Handle=0x0064,
                               UUID=0x2BB7
                             }

                           }
				{
                             handle=0x0066
					value{
                               Properties=0x0E,
                               Handle=0x0067,
                               UUID=0x2BB8
                             }

                           }

                         }
2026-08-05 00:30:04,392 LT1-callback ClientCallback.log INFO client.py                 199   log                       : PTS_LOGTYPE_RECEIVE_EVENT  

+13875 ms
 TBS/SR/SPN/BV-10-C Receive Event            ATT?ATT_READ_BY_TYPE_IND{
                           lcid=0x1205,
                           length=0x0010,
                           attributeTypeSize=0x02,
                           attributeType=0x2803,
                           ElementCount=02,
                           AttributeSize=07,
                           Handle=0068,
                           AttrValue=2BB9006912,
                           Handle=006B,
                           AttrValue=2BBA006C02
                         }
2026-08-05 00:30:04,407 LT1-callback ClientCallback.log INFO client.py                 199   log                       : PTS_LOGTYPE_RECEIVE_EVENT Receive Event 

+13875 ms
 TBS/SR/SPN/BV-10-C ATT?ATT_READ_BY_TYPE_RSP{
                           				{
                             handle=0x0068
					value{
                               Properties=0x12,
                               Handle=0x0069,
                               UUID=0x2BB9
                             }

                           }
				{
                             handle=0x006B
					value{
                               Properties=0x02,
                               Handle=0x006C,
                               UUID=0x2BBA
                             }

                           }

                         }
2026-08-05 00:30:04,420 LT1-callback ClientCallback.log INFO client.py                 199   log                       : PTS_LOGTYPE_RECEIVE_EVENT  

+14047 ms
 TBS/SR/SPN/BV-10-C Receive Event            ATT?ATT_READ_BY_TYPE_IND{
                           lcid=0x1205,
                           length=0x0010,
                           attributeTypeSize=0x02,
                           attributeType=0x2803,
                           ElementCount=02,
                           AttributeSize=07,
                           Handle=006D,
                           AttrValue=2BBB006E12,
                           Handle=0070,
                           AttrValue=2BBC007112
                         }
2026-08-05 00:30:04,424 LT1-callback ClientCallback.log INFO client.py                 199   log                       : PTS_LOGTYPE_RECEIVE_EVENT Receive Event 

+14047 ms
 TBS/SR/SPN/BV-10-C ATT?ATT_READ_BY_TYPE_RSP{
                           				{
                             handle=0x006D
					value{
                               Properties=0x12,
                               Handle=0x006E,
                               UUID=0x2BBB
                             }

                           }
				{
                             handle=0x0070
					value{
                               Properties=0x12,
                               Handle=0x0071,
                               UUID=0x2BBC
                             }

                           }

                         }
2026-08-05 00:30:04,429 LT1-callback ClientCallback.log INFO client.py                 199   log                       : PTS_LOGTYPE_RECEIVE_EVENT  

+14219 ms
 TBS/SR/SPN/BV-10-C Receive Event            ATT?ATT_READ_BY_TYPE_IND{
                           lcid=0x1205,
                           length=0x0010,
                           attributeTypeSize=0x02,
                           attributeType=0x2803,
                           ElementCount=02,
                           AttributeSize=07,
                           Handle=0073,
                           AttrValue=2BBD007412,
                           Handle=0076,
                           AttrValue=2BBE00771C
                         }
2026-08-05 00:30:04,433 LT1-callback ClientCallback.log INFO client.py                 199   log                       : PTS_LOGTYPE_RECEIVE_EVENT Receive Event 

+14219 ms
 TBS/SR/SPN/BV-10-C ATT?ATT_READ_BY_TYPE_RSP{
                           				{
                             handle=0x0073
					value{
                               Properties=0x12,
                               Handle=0x0074,
                               UUID=0x2BBD
                             }

                           }
				{
                             handle=0x0076
					value{
                               Properties=0x1C,
                               Handle=0x0077,
                               UUID=0x2BBE
                             }

                           }

                         }
2026-08-05 00:30:04,437 LT1-callback ClientCallback.log INFO client.py                 199   log                       : PTS_LOGTYPE_RECEIVE_EVENT  

+14406 ms
 TBS/SR/SPN/BV-10-C Receive Event            ATT?ATT_READ_BY_TYPE_IND{
                           lcid=0x1205,
                           length=0x0010,
                           attributeTypeSize=0x02,
                           attributeType=0x2803,
                           ElementCount=02,
                           AttributeSize=07,
                           Handle=0079,
                           AttrValue=2BBF007A02,
                           Handle=007B,
                           AttrValue=2BC0007C10
                         }
2026-08-05 00:30:04,441 LT1-callback ClientCallback.log INFO client.py                 199   log                       : PTS_LOGTYPE_RECEIVE_EVENT Receive Event 

+14406 ms
 TBS/SR/SPN/BV-10-C ATT?ATT_READ_BY_TYPE_RSP{
                           				{
                             handle=0x0079
					value{
                               Properties=0x02,
                               Handle=0x007A,
                               UUID=0x2BBF
                             }

                           }
				{
                             handle=0x007B
					value{
                               Properties=0x10,
                               Handle=0x007C,
                               UUID=0x2BC0
                             }

                           }

                         }
2026-08-05 00:30:04,445 LT1-callback ClientCallback.log INFO client.py                 199   log                       : PTS_LOGTYPE_RECEIVE_EVENT  

+14578 ms
 TBS/SR/SPN/BV-10-C Receive Event            ATT?ATT_READ_BY_TYPE_IND{
                           lcid=0x1205,
                           length=0x0010,
                           attributeTypeSize=0x02,
                           attributeType=0x2803,
                           ElementCount=02,
                           AttributeSize=07,
                           Handle=007E,
                           AttrValue=2BC1007F12,
                           Handle=0081,
                           AttrValue=2BC2008212
                         }
2026-08-05 00:30:04,448 LT1-callback ClientCallback.log INFO client.py                 199   log                       : PTS_LOGTYPE_RECEIVE_EVENT Receive Event 

+14578 ms
 TBS/SR/SPN/BV-10-C ATT?ATT_READ_BY_TYPE_RSP{
                           				{
                             handle=0x007E
					value{
                               Properties=0x12,
                               Handle=0x007F,
                               UUID=0x2BC1
                             }

                           }
				{
                             handle=0x0081
					value{
                               Properties=0x12,
                               Handle=0x0082,
                               UUID=0x2BC2
                             }

                           }

                         }
2026-08-05 00:30:04,452 LT1-callback ClientCallback.log INFO client.py                 199   log                       : PTS_LOGTYPE_RECEIVE_EVENT  

+14750 ms
 TBS/SR/SPN/BV-10-C Receive Event            ATT?ATT_READ_BY_TYPE_CFM{
                           lcid=0x1205,
                           attributeType=0x2803,
                           attributeTypeSize=0x02,
                           result=0x0000,
                           errorHandle=0x0000
                         }
2026-08-05 00:30:04,456 LT1-callback ClientCallback.log INFO client.py                 199   log                       : PTS_LOGTYPE_RECEIVE_EVENT Receive Event 

+14750 ms
 TBS/SR/SPN/BV-10-C ATT?ATT_READ_BY_TYPE_CFM{
                           				{
                             handle=0x0058
					value{
                               Properties=0x12,
                               Handle=0x0059,
                               UUID=0x2BB3
                             }

                           }
				{
                             handle=0x005B
					value{
                               Properties=0x02,
                               Handle=0x005C,
                               UUID=0x2BB4
                             }

                           }
				{
                             handle=0x005D
					value{
                               Properties=0x12,
                               Handle=0x005E,
                               UUID=0x2BB5
                             }

                           }
				{
                             handle=0x0060
					value{
                               Properties=0x12,
                               Handle=0x0061,
                               UUID=0x2BB6
                             }

                           }
				{
                             handle=0x0063
					value{
                               Properties=0x12,
                               Handle=0x0064,
                               UUID=0x2BB7
                             }

                           }
				{
                             handle=0x0066
					value{
                               Properties=0x0E,
                               Handle=0x0067,
                               UUID=0x2BB8
                             }

                           }
				{
                             handle=0x0068
					value{
                               Properties=0x12,
                               Handle=0x0069,
                               UUID=0x2BB9
                             }

                           }
				{
                             handle=0x006B
					value{
                               Properties=0x02,
                               Handle=0x006C,
                               UUID=0x2BBA
                             }

                           }
				{
                             handle=0x006D
					value{
                               Properties=0x12,
                               Handle=0x006E,
                               UUID=0x2BBB
                             }

                           }
				{
                             handle=0x0070
					value{
                               Properties=0x12,
                               Handle=0x0071,
                               UUID=0x2BBC
                             }

                           }
				{
                             handle=0x0073
					value{
                               Properties=0x12,
                               Handle=0x0074,
                               UUID=0x2BBD
                             }

                           }
				{
                             handle=0x0076
					value{
                               Properties=0x1C,
                               Handle=0x0077,
                               UUID=0x2BBE
                             }

                           }
				{
                             handle=0x0079
					value{
                               Properties=0x02,
                               Handle=0x007A,
                               UUID=0x2BBF
                             }

                           }
				{
                             handle=0x007B
					value{
                               Properties=0x10,
                               Handle=0x007C,
                               UUID=0x2BC0
                             }

                           }
				{
                             handle=0x007E
					value{
                               Properties=0x12,
                               Handle=0x007F,
                               UUID=0x2BC1
                             }

                           }
				{
                             handle=0x0081
					value{
                               Properties=0x12,
                               Handle=0x0082,
                               UUID=0x2BC2
                             }

                           }

                         }
2026-08-05 00:30:04,466 LT1-callback ClientCallback.log INFO client.py                 199   log                       : PTS_LOGTYPE_PRELIMINARY_VERDICT Preliminary Verdict 

+14750 ms
 TBS/SR/SPN/BV-10-C PASS

2026-08-05 00:30:04,470 LT1-callback ClientCallback.log INFO client.py                 199   log                       : PTS_LOGTYPE_MESSAGE Verdict Description 

+14750 ms
 TBS/SR/SPN/BV-10-C Discover All Characteristics of Service Request completed successfully.

2026-08-05 00:30:04,472 LT1-callback ClientCallback.log INFO client.py                 199   log                       : PTS_LOGTYPE_SEND_EVENT  

+14750 ms
 TBS/SR/SPN/BV-10-C Send Event               ATT!ATT_FIND_INFO_REQ{
                           lcid=0x1205,
                           startingHandle=0x005A,
                           endingHandle=0x005A
                         }
2026-08-05 00:30:04,475 LT1-callback ClientCallback.log INFO client.py                 199   log                       : PTS_LOGTYPE_RECEIVE_EVENT Receive Event 

+14922 ms
 TBS/SR/SPN/BV-10-C ATT?ATT_FIND_INFO_RSP{
                           				{
                             handle=0x005A,
                             uuid=0x2902
					
                           }
                         }
2026-08-05 00:30:04,478 LT1-callback ClientCallback.log INFO client.py                 199   log                       : PTS_LOGTYPE_RECEIVE_EVENT Receive Event 

+14922 ms
 TBS/SR/SPN/BV-10-C ATT?ATT_FIND_INFO_CFM{
                           				{
                             handle=0x005A,
                             uuid=0x2902,
                             
					
                           }
                         }
2026-08-05 00:30:04,481 LT1-callback ClientCallback.log INFO client.py                 199   log                       : PTS_LOGTYPE_PRELIMINARY_VERDICT Preliminary Verdict 

+14922 ms
 TBS/SR/SPN/BV-10-C PASS

2026-08-05 00:30:04,483 LT1-callback ClientCallback.log INFO client.py                 199   log                       : PTS_LOGTYPE_MESSAGE Verdict Description 

+14922 ms
 TBS/SR/SPN/BV-10-C Discover All Characteristic Descriptors Request completed successfully.

2026-08-05 00:30:04,486 LT1-callback ClientCallback.log INFO client.py                 199   log                       : PTS_LOGTYPE_SEND_EVENT  

+14922 ms
 TBS/SR/SPN/BV-10-C Send Event               ATT!ATT_FIND_INFO_REQ{
                           lcid=0x1205,
                           startingHandle=0x005F,
                           endingHandle=0x005F
                         }
2026-08-05 00:30:04,489 LT1-callback ClientCallback.log INFO client.py                 199   log                       : PTS_LOGTYPE_RECEIVE_EVENT Receive Event 

+15094 ms
 TBS/SR/SPN/BV-10-C ATT?ATT_FIND_INFO_RSP{
                           				{
                             handle=0x005F,
                             uuid=0x2902
					
                           }
                         }
2026-08-05 00:30:04,492 LT1-callback ClientCallback.log INFO client.py                 199   log                       : PTS_LOGTYPE_RECEIVE_EVENT Receive Event 

+15094 ms
 TBS/SR/SPN/BV-10-C ATT?ATT_FIND_INFO_CFM{
                           				{
                             handle=0x005F,
                             uuid=0x2902,
                             
					
                           }
                         }
2026-08-05 00:30:04,495 LT1-callback ClientCallback.log INFO client.py                 199   log                       : PTS_LOGTYPE_PRELIMINARY_VERDICT Preliminary Verdict 

+15094 ms
 TBS/SR/SPN/BV-10-C PASS

2026-08-05 00:30:04,497 LT1-callback ClientCallback.log INFO client.py                 199   log                       : PTS_LOGTYPE_MESSAGE Verdict Description 

+15094 ms
 TBS/SR/SPN/BV-10-C Discover All Characteristic Descriptors Request completed successfully.

2026-08-05 00:30:04,500 LT1-callback ClientCallback.log INFO client.py                 199   log                       : PTS_LOGTYPE_SEND_EVENT  

+15094 ms
 TBS/SR/SPN/BV-10-C Send Event               ATT!ATT_FIND_INFO_REQ{
                           lcid=0x1205,
                           startingHandle=0x0062,
                           endingHandle=0x0062
                         }
2026-08-05 00:30:04,503 LT1-callback ClientCallback.log INFO client.py                 199   log                       : PTS_LOGTYPE_RECEIVE_EVENT Receive Event 

+15281 ms
 TBS/SR/SPN/BV-10-C ATT?ATT_FIND_INFO_RSP{
                           				{
                             handle=0x0062,
                             uuid=0x2902
					
                           }
                         }
2026-08-05 00:30:04,507 LT1-callback ClientCallback.log INFO client.py                 199   log                       : PTS_LOGTYPE_RECEIVE_EVENT Receive Event 

+15281 ms
 TBS/SR/SPN/BV-10-C ATT?ATT_FIND_INFO_CFM{
                           				{
                             handle=0x0062,
                             uuid=0x2902,
                             
					
                           }
                         }
2026-08-05 00:30:04,510 LT1-callback ClientCallback.log INFO client.py                 199   log                       : PTS_LOGTYPE_PRELIMINARY_VERDICT Preliminary Verdict 

+15281 ms
 TBS/SR/SPN/BV-10-C PASS

2026-08-05 00:30:04,513 LT1-callback ClientCallback.log INFO client.py                 199   log                       : PTS_LOGTYPE_MESSAGE Verdict Description 

+15281 ms
 TBS/SR/SPN/BV-10-C Discover All Characteristic Descriptors Request completed successfully.

2026-08-05 00:30:04,515 LT1-callback ClientCallback.log INFO client.py                 199   log                       : PTS_LOGTYPE_SEND_EVENT  

+15281 ms
 TBS/SR/SPN/BV-10-C Send Event               ATT!ATT_FIND_INFO_REQ{
                           lcid=0x1205,
                           startingHandle=0x0065,
                           endingHandle=0x0065
                         }
2026-08-05 00:30:04,518 LT1-callback ClientCallback.log INFO client.py                 199   log                       : PTS_LOGTYPE_RECEIVE_EVENT Receive Event 

+15453 ms
 TBS/SR/SPN/BV-10-C ATT?ATT_FIND_INFO_RSP{
                           				{
                             handle=0x0065,
                             uuid=0x2902
					
                           }
                         }
2026-08-05 00:30:04,521 LT1-callback ClientCallback.log INFO client.py                 199   log                       : PTS_LOGTYPE_RECEIVE_EVENT Receive Event 

+15453 ms
 TBS/SR/SPN/BV-10-C ATT?ATT_FIND_INFO_CFM{
                           				{
                             handle=0x0065,
                             uuid=0x2902,
                             
					
                           }
                         }
2026-08-05 00:30:04,524 LT1-callback ClientCallback.log INFO client.py                 199   log                       : PTS_LOGTYPE_PRELIMINARY_VERDICT Preliminary Verdict 

+15453 ms
 TBS/SR/SPN/BV-10-C PASS

2026-08-05 00:30:04,526 LT1-callback ClientCallback.log INFO client.py                 199   log                       : PTS_LOGTYPE_MESSAGE Verdict Description 

+15453 ms
 TBS/SR/SPN/BV-10-C Discover All Characteristic Descriptors Request completed successfully.

2026-08-05 00:30:04,529 LT1-callback ClientCallback.log INFO client.py                 199   log                       : PTS_LOGTYPE_SEND_EVENT  

+15453 ms
 TBS/SR/SPN/BV-10-C Send Event               ATT!ATT_FIND_INFO_REQ{
                           lcid=0x1205,
                           startingHandle=0x006A,
                           endingHandle=0x006A
                         }
2026-08-05 00:30:04,532 LT1-callback ClientCallback.log INFO client.py                 199   log                       : PTS_LOGTYPE_RECEIVE_EVENT Receive Event 

+15625 ms
 TBS/SR/SPN/BV-10-C ATT?ATT_FIND_INFO_RSP{
                           				{
                             handle=0x006A,
                             uuid=0x2902
					
                           }
                         }
2026-08-05 00:30:04,535 LT1-callback ClientCallback.log INFO client.py                 199   log                       : PTS_LOGTYPE_RECEIVE_EVENT Receive Event 

+15625 ms
 TBS/SR/SPN/BV-10-C ATT?ATT_FIND_INFO_CFM{
                           				{
                             handle=0x006A,
                             uuid=0x2902,
                             
					
                           }
                         }
2026-08-05 00:30:04,539 LT1-callback ClientCallback.log INFO client.py                 199   log                       : PTS_LOGTYPE_PRELIMINARY_VERDICT Preliminary Verdict 

+15625 ms
 TBS/SR/SPN/BV-10-C PASS

2026-08-05 00:30:04,542 LT1-callback ClientCallback.log INFO client.py                 199   log                       : PTS_LOGTYPE_MESSAGE Verdict Description 

+15625 ms
 TBS/SR/SPN/BV-10-C Discover All Characteristic Descriptors Request completed successfully.

2026-08-05 00:30:04,545 LT1-callback ClientCallback.log INFO client.py                 199   log                       : PTS_LOGTYPE_SEND_EVENT  

+15625 ms
 TBS/SR/SPN/BV-10-C Send Event               ATT!ATT_FIND_INFO_REQ{
                           lcid=0x1205,
                           startingHandle=0x006F,
                           endingHandle=0x006F
                         }
2026-08-05 00:30:04,548 LT1-callback ClientCallback.log INFO client.py                 199   log                       : PTS_LOGTYPE_RECEIVE_EVENT Receive Event 

+15797 ms
 TBS/SR/SPN/BV-10-C ATT?ATT_FIND_INFO_RSP{
                           				{
                             handle=0x006F,
                             uuid=0x2902
					
                           }
                         }
2026-08-05 00:30:04,550 LT1-callback ClientCallback.log INFO client.py                 199   log                       : PTS_LOGTYPE_RECEIVE_EVENT Receive Event 

+15797 ms
 TBS/SR/SPN/BV-10-C ATT?ATT_FIND_INFO_CFM{
                           				{
                             handle=0x006F,
                             uuid=0x2902,
                             
					
                           }
                         }
2026-08-05 00:30:04,553 LT1-callback ClientCallback.log INFO client.py                 199   log                       : PTS_LOGTYPE_PRELIMINARY_VERDICT Preliminary Verdict 

+15797 ms
 TBS/SR/SPN/BV-10-C PASS

2026-08-05 00:30:04,556 LT1-callback ClientCallback.log INFO client.py                 199   log                       : PTS_LOGTYPE_MESSAGE Verdict Description 

+15797 ms
 TBS/SR/SPN/BV-10-C Discover All Characteristic Descriptors Request completed successfully.

2026-08-05 00:30:04,559 LT1-callback ClientCallback.log INFO client.py                 199   log                       : PTS_LOGTYPE_SEND_EVENT  

+15797 ms
 TBS/SR/SPN/BV-10-C Send Event               ATT!ATT_FIND_INFO_REQ{
                           lcid=0x1205,
                           startingHandle=0x0072,
                           endingHandle=0x0072
                         }
2026-08-05 00:30:04,561 LT1-callback ClientCallback.log INFO client.py                 199   log                       : PTS_LOGTYPE_RECEIVE_EVENT Receive Event 

+15969 ms
 TBS/SR/SPN/BV-10-C ATT?ATT_FIND_INFO_RSP{
                           				{
                             handle=0x0072,
                             uuid=0x2902
					
                           }
                         }
2026-08-05 00:30:04,565 LT1-callback ClientCallback.log INFO client.py                 199   log                       : PTS_LOGTYPE_RECEIVE_EVENT Receive Event 

+15969 ms
 TBS/SR/SPN/BV-10-C ATT?ATT_FIND_INFO_CFM{
                           				{
                             handle=0x0072,
                             uuid=0x2902,
                             
					
                           }
                         }
2026-08-05 00:30:04,572 LT1-callback ClientCallback.log INFO client.py                 199   log                       : PTS_LOGTYPE_PRELIMINARY_VERDICT Preliminary Verdict 

+15969 ms
 TBS/SR/SPN/BV-10-C PASS

2026-08-05 00:30:04,635 LT1-callback ClientCallback.log INFO client.py                 199   log                       : PTS_LOGTYPE_MESSAGE Verdict Description 

+15969 ms
 TBS/SR/SPN/BV-10-C Discover All Characteristic Descriptors Request completed successfully.

2026-08-05 00:30:04,640 LT1-callback ClientCallback.log INFO client.py                 199   log                       : PTS_LOGTYPE_SEND_EVENT  

+15969 ms
 TBS/SR/SPN/BV-10-C Send Event               ATT!ATT_FIND_INFO_REQ{
                           lcid=0x1205,
                           startingHandle=0x0075,
                           endingHandle=0x0075
                         }
2026-08-05 00:30:04,649 LT1-callback ClientCallback.log INFO client.py                 199   log                       : PTS_LOGTYPE_RECEIVE_EVENT Receive Event 

+16156 ms
 TBS/SR/SPN/BV-10-C ATT?ATT_FIND_INFO_RSP{
                           				{
                             handle=0x0075,
                             uuid=0x2902
					
                           }
                         }
2026-08-05 00:30:04,656 LT1-callback ClientCallback.log INFO client.py                 199   log                       : PTS_LOGTYPE_RECEIVE_EVENT Receive Event 

+16156 ms
 TBS/SR/SPN/BV-10-C ATT?ATT_FIND_INFO_CFM{
                           				{
                             handle=0x0075,
                             uuid=0x2902,
                             
					
                           }
                         }
2026-08-05 00:30:04,662 LT1-callback ClientCallback.log INFO client.py                 199   log                       : PTS_LOGTYPE_PRELIMINARY_VERDICT Preliminary Verdict 

+16156 ms
 TBS/SR/SPN/BV-10-C PASS

2026-08-05 00:30:04,667 LT1-callback ClientCallback.log INFO client.py                 199   log                       : PTS_LOGTYPE_MESSAGE Verdict Description 

+16156 ms
 TBS/SR/SPN/BV-10-C Discover All Characteristic Descriptors Request completed successfully.

2026-08-05 00:30:04,670 LT1-callback ClientCallback.log INFO client.py                 199   log                       : PTS_LOGTYPE_SEND_EVENT  

+16156 ms
 TBS/SR/SPN/BV-10-C Send Event               ATT!ATT_FIND_INFO_REQ{
                           lcid=0x1205,
                           startingHandle=0x0078,
                           endingHandle=0x0078
                         }
2026-08-05 00:30:04,674 LT1-callback ClientCallback.log INFO client.py                 199   log                       : PTS_LOGTYPE_RECEIVE_EVENT Receive Event 

+16328 ms
 TBS/SR/SPN/BV-10-C ATT?ATT_FIND_INFO_RSP{
                           				{
                             handle=0x0078,
                             uuid=0x2902
					
                           }
                         }
2026-08-05 00:30:04,678 LT1-callback ClientCallback.log INFO client.py                 199   log                       : PTS_LOGTYPE_RECEIVE_EVENT Receive Event 

+16328 ms
 TBS/SR/SPN/BV-10-C ATT?ATT_FIND_INFO_CFM{
                           				{
                             handle=0x0078,
                             uuid=0x2902,
                             
					
                           }
                         }
2026-08-05 00:30:04,681 LT1-callback ClientCallback.log INFO client.py                 199   log                       : PTS_LOGTYPE_PRELIMINARY_VERDICT Preliminary Verdict 

+16328 ms
 TBS/SR/SPN/BV-10-C PASS

2026-08-05 00:30:04,683 LT1-callback ClientCallback.log INFO client.py                 199   log                       : PTS_LOGTYPE_MESSAGE Verdict Description 

+16328 ms
 TBS/SR/SPN/BV-10-C Discover All Characteristic Descriptors Request completed successfully.

2026-08-05 00:30:04,686 LT1-callback ClientCallback.log INFO client.py                 199   log                       : PTS_LOGTYPE_SEND_EVENT  

+16328 ms
 TBS/SR/SPN/BV-10-C Send Event               ATT!ATT_FIND_INFO_REQ{
                           lcid=0x1205,
                           startingHandle=0x007D,
                           endingHandle=0x007D
                         }
2026-08-05 00:30:04,689 LT1-callback ClientCallback.log INFO client.py                 199   log                       : PTS_LOGTYPE_RECEIVE_EVENT Receive Event 

+16500 ms
 TBS/SR/SPN/BV-10-C ATT?ATT_FIND_INFO_RSP{
                           				{
                             handle=0x007D,
                             uuid=0x2902
					
                           }
                         }
2026-08-05 00:30:04,692 LT1-callback ClientCallback.log INFO client.py                 199   log                       : PTS_LOGTYPE_RECEIVE_EVENT Receive Event 

+16500 ms
 TBS/SR/SPN/BV-10-C ATT?ATT_FIND_INFO_CFM{
                           				{
                             handle=0x007D,
                             uuid=0x2902,
                             
					
                           }
                         }
2026-08-05 00:30:04,695 LT1-callback ClientCallback.log INFO client.py                 199   log                       : PTS_LOGTYPE_PRELIMINARY_VERDICT Preliminary Verdict 

+16500 ms
 TBS/SR/SPN/BV-10-C PASS

2026-08-05 00:30:04,698 LT1-callback ClientCallback.log INFO client.py                 199   log                       : PTS_LOGTYPE_MESSAGE Verdict Description 

+16500 ms
 TBS/SR/SPN/BV-10-C Discover All Characteristic Descriptors Request completed successfully.

2026-08-05 00:30:04,700 LT1-callback ClientCallback.log INFO client.py                 199   log                       : PTS_LOGTYPE_SEND_EVENT  

+16500 ms
 TBS/SR/SPN/BV-10-C Send Event               ATT!ATT_FIND_INFO_REQ{
                           lcid=0x1205,
                           startingHandle=0x0080,
                           endingHandle=0x0080
                         }
2026-08-05 00:30:04,703 LT1-callback ClientCallback.log INFO client.py                 199   log                       : PTS_LOGTYPE_RECEIVE_EVENT Receive Event 

+16672 ms
 TBS/SR/SPN/BV-10-C ATT?ATT_FIND_INFO_RSP{
                           				{
                             handle=0x0080,
                             uuid=0x2902
					
                           }
                         }
2026-08-05 00:30:04,706 LT1-callback ClientCallback.log INFO client.py                 199   log                       : PTS_LOGTYPE_RECEIVE_EVENT Receive Event 

+16672 ms
 TBS/SR/SPN/BV-10-C ATT?ATT_FIND_INFO_CFM{
                           				{
                             handle=0x0080,
                             uuid=0x2902,
                             
					
                           }
                         }
2026-08-05 00:30:04,709 LT1-callback ClientCallback.log INFO client.py                 199   log                       : PTS_LOGTYPE_PRELIMINARY_VERDICT Preliminary Verdict 

+16672 ms
 TBS/SR/SPN/BV-10-C PASS

2026-08-05 00:30:04,712 LT1-callback ClientCallback.log INFO client.py                 199   log                       : PTS_LOGTYPE_MESSAGE Verdict Description 

+16672 ms
 TBS/SR/SPN/BV-10-C Discover All Characteristic Descriptors Request completed successfully.

2026-08-05 00:30:04,714 LT1-callback ClientCallback.log INFO client.py                 199   log                       : PTS_LOGTYPE_SEND_EVENT  

+16672 ms
 TBS/SR/SPN/BV-10-C Send Event               ATT!ATT_FIND_INFO_REQ{
                           lcid=0x1205,
                           startingHandle=0x0083,
                           endingHandle=0x0083
                         }
2026-08-05 00:30:04,717 LT1-callback ClientCallback.log INFO client.py                 199   log                       : PTS_LOGTYPE_RECEIVE_EVENT Receive Event 

+16844 ms
 TBS/SR/SPN/BV-10-C ATT?ATT_FIND_INFO_RSP{
                           				{
                             handle=0x0083,
                             uuid=0x2902
					
                           }
                         }
2026-08-05 00:30:04,720 LT1-callback ClientCallback.log INFO client.py                 199   log                       : PTS_LOGTYPE_RECEIVE_EVENT Receive Event 

+16844 ms
 TBS/SR/SPN/BV-10-C ATT?ATT_FIND_INFO_CFM{
                           				{
                             handle=0x0083,
                             uuid=0x2902,
                             
					
                           }
                         }
2026-08-05 00:30:04,725 LT1-callback ClientCallback.log INFO client.py                 199   log                       : PTS_LOGTYPE_PRELIMINARY_VERDICT Preliminary Verdict 

+16844 ms
 TBS/SR/SPN/BV-10-C PASS

2026-08-05 00:30:04,727 LT1-callback ClientCallback.log INFO client.py                 199   log                       : PTS_LOGTYPE_MESSAGE Verdict Description 

+16844 ms
 TBS/SR/SPN/BV-10-C Discover All Characteristic Descriptors Request completed successfully.

2026-08-05 00:30:04,730 LT1-callback ClientCallback.log INFO client.py                 199   log                       : PTS_LOGTYPE_SEND_EVENT  

+16844 ms
 TBS/SR/SPN/BV-10-C Send Event               ATT!ATT_READ_BY_TYPE_REQ{
                           lcid=0x1205,
                           startingHandle=0x0001,
                           endingHandle=0xFFFF,
                           attributeTypeSize=0x02,
                           attributeType=0x2802
                         }
2026-08-05 00:30:04,733 LT1-callback ClientCallback.log INFO client.py                 199   log                       : PTS_LOGTYPE_RECEIVE_EVENT  

+17031 ms
 TBS/SR/SPN/BV-10-C Receive Event            ATT?ATT_READ_BY_TYPE_CFM{
                           lcid=0x1205,
                           attributeType=0x2802,
                           attributeTypeSize=0x02,
                           result=0x0000,
                           errorHandle=0x0000
                         }
2026-08-05 00:30:04,736 LT1-callback ClientCallback.log INFO client.py                 199   log                       : PTS_LOGTYPE_RECEIVE_EVENT Receive Event 

+17031 ms
 TBS/SR/SPN/BV-10-C ATT?ATT_READ_BY_TYPE_CFM{
                           
                         }
2026-08-05 00:30:04,739 LT1-callback ClientCallback.log INFO client.py                 199   log                       : PTS_LOGTYPE_PRELIMINARY_VERDICT Preliminary Verdict 

+17031 ms
 TBS/SR/SPN/BV-10-C PASS

2026-08-05 00:30:04,741 LT1-callback ClientCallback.log INFO client.py                 199   log                       : PTS_LOGTYPE_MESSAGE Verdict Description 

+17031 ms
 TBS/SR/SPN/BV-10-C Find Included Services Request completed successfully.

2026-08-05 00:30:04,744 LT1-callback ClientCallback.log INFO client.py                 199   log                       : PTS_LOGTYPE_MESSAGE User Action Required 

+17031 ms
 TBS/SR/SPN/BV-10-C MMI_20141 (MMI_Style_Ok1=0x00011040): Please update Incoming Call characteristic with value whose length is greater than the (ATT_MTU-3).
Click OK when it is ready.

2026-08-05 00:30:04,747 LT1-callback ClientCallback.log INFO client.py                 199   log                       : PTS_LOGTYPE_PRELIMINARY_VERDICT Preliminary Verdict 

+17828 ms
 TBS/SR/SPN/BV-10-C PASS

2026-08-05 00:30:04,749 LT1-callback ClientCallback.log INFO client.py                 199   log                       : PTS_LOGTYPE_MESSAGE Verdict Description 

+17828 ms
 TBS/SR/SPN/BV-10-C ## Write Request (handle:83):
	Client Characteristic Configuration: 
    Properties: [0x0000]

2026-08-05 00:30:04,752 LT1-callback ClientCallback.log INFO client.py                 199   log                       : PTS_LOGTYPE_SEND_EVENT  

+17828 ms
 TBS/SR/SPN/BV-10-C Send Event               ATT!ATT_WRITE_REQ{
                           lcid=0x1205,
                           attributeHandle=0x0053,
                           length=0x0002,
                           0000
                         }
2026-08-05 00:30:04,757 LT1-callback ClientCallback.log INFO client.py                 199   log                       : PTS_LOGTYPE_RECEIVE_EVENT  

+17985 ms
 TBS/SR/SPN/BV-10-C Receive Event            ATT?ATT_WRITE_CFM{
                           lcid=0x1205,
                           result=0x0000,
                           errorHandle=0x0000
                         }
2026-08-05 00:30:04,761 LT1-callback ClientCallback.log INFO client.py                 199   log                       : PTS_LOGTYPE_PRELIMINARY_VERDICT Preliminary Verdict 

+17985 ms
 TBS/SR/SPN/BV-10-C PASS

2026-08-05 00:30:04,765 LT1-callback ClientCallback.log INFO client.py                 199   log                       : PTS_LOGTYPE_MESSAGE Verdict Description 

+17985 ms
 TBS/SR/SPN/BV-10-C ## Write Request (handle:83):
	Client Characteristic Configuration: 
    Properties: [0x0001]

2026-08-05 00:30:04,768 LT1-callback ClientCallback.log INFO client.py                 199   log                       : PTS_LOGTYPE_SEND_EVENT  

+17985 ms
 TBS/SR/SPN/BV-10-C Send Event               ATT!ATT_WRITE_REQ{
                           lcid=0x1205,
                           attributeHandle=0x0053,
                           length=0x0002,
                           0001
                         }
2026-08-05 00:30:04,782 LT1-callback ClientCallback.log INFO client.py                 199   log                       : PTS_LOGTYPE_RECEIVE_EVENT  

+18156 ms
 TBS/SR/SPN/BV-10-C Receive Event            ATT?ATT_WRITE_CFM{
                           lcid=0x1205,
                           result=0x0000,
                           errorHandle=0x0000
                         }
2026-08-05 00:30:04,786 LT1-callback ClientCallback.log INFO client.py                 199   log                       : PTS_LOGTYPE_PRELIMINARY_VERDICT Preliminary Verdict 

+18156 ms
 TBS/SR/SPN/BV-10-C PASS

2026-08-05 00:30:04,789 LT1-callback ClientCallback.log INFO client.py                 199   log                       : PTS_LOGTYPE_MESSAGE Verdict Description 

+18156 ms
 TBS/SR/SPN/BV-10-C ## Write Request (handle:128):
	Client Characteristic Configuration: 
    Properties: [0x0000]

2026-08-05 00:30:04,792 LT1-callback ClientCallback.log INFO client.py                 199   log                       : PTS_LOGTYPE_SEND_EVENT  

+18156 ms
 TBS/SR/SPN/BV-10-C Send Event               ATT!ATT_WRITE_REQ{
                           lcid=0x1205,
                           attributeHandle=0x0080,
                           length=0x0002,
                           0000
                         }
2026-08-05 00:30:04,795 LT1-callback ClientCallback.log INFO client.py                 199   log                       : PTS_LOGTYPE_RECEIVE_EVENT  

+18344 ms
 TBS/SR/SPN/BV-10-C Receive Event            ATT?ATT_WRITE_CFM{
                           lcid=0x1205,
                           result=0x0000,
                           errorHandle=0x0000
                         }
2026-08-05 00:30:04,798 LT1-callback ClientCallback.log INFO client.py                 199   log                       : PTS_LOGTYPE_PRELIMINARY_VERDICT Preliminary Verdict 

+18344 ms
 TBS/SR/SPN/BV-10-C PASS

2026-08-05 00:30:04,801 LT1-callback ClientCallback.log INFO client.py                 199   log                       : PTS_LOGTYPE_MESSAGE Verdict Description 

+18344 ms
 TBS/SR/SPN/BV-10-C ## Write Request (handle:128):
	Client Characteristic Configuration: 
    Properties: [0x0001]

2026-08-05 00:30:04,805 LT1-callback ClientCallback.log INFO client.py                 199   log                       : PTS_LOGTYPE_SEND_EVENT  

+18344 ms
 TBS/SR/SPN/BV-10-C Send Event               ATT!ATT_WRITE_REQ{
                           lcid=0x1205,
                           attributeHandle=0x0080,
                           length=0x0002,
                           0001
                         }
2026-08-05 00:30:04,809 LT1-callback ClientCallback.log INFO client.py                 199   log                       : PTS_LOGTYPE_RECEIVE_EVENT  

+18516 ms
 TBS/SR/SPN/BV-10-C Receive Event            ATT?ATT_WRITE_CFM{
                           lcid=0x1205,
                           result=0x0000,
                           errorHandle=0x0000
                         }
2026-08-05 00:30:04,813 LT1-callback ClientCallback.log INFO client.py                 199   log                       : PTS_LOGTYPE_PRELIMINARY_VERDICT Preliminary Verdict 

+18516 ms
 TBS/SR/SPN/BV-10-C PASS

2026-08-05 00:30:04,817 LT1-callback ClientCallback.log INFO client.py                 199   log                       : PTS_LOGTYPE_SEND_EVENT  

+18516 ms
 TBS/SR/SPN/BV-10-C Send Event               ATT!ATT_READ_BLOB_REQ{
                           lcid=0x1205,
                           attributeHandle=0x007F,
                           valueOffset=0x0000
                         }
2026-08-05 00:30:04,821 LT1-callback ClientCallback.log INFO client.py                 199   log                       : PTS_LOGTYPE_RECEIVE_EVENT  

+18688 ms
 TBS/SR/SPN/BV-10-C Receive Event            ATT?ATT_READ_BLOB_CFM{
                           lcid=0x1205,
                           length=0x0016,
                           partAttributeValue=0x37363534333231303938373635343332313A6C657401
                         }
2026-08-05 00:30:04,825 LT1-callback ClientCallback.log INFO client.py                 199   log                       : PTS_LOGTYPE_RECEIVE_EVENT Receive Event 

+18688 ms
 TBS/SR/SPN/BV-10-C ATT?ATT_READ_BLOB_CFM{
                           value{
                             FieldName=DefaultValue,
                             FieldType=OctetString
                           }

                         }
2026-08-05 00:30:04,830 LT1-callback ClientCallback.log INFO client.py                 199   log                       : PTS_LOGTYPE_PRELIMINARY_VERDICT Preliminary Verdict 

+18688 ms
 TBS/SR/SPN/BV-10-C PASS

2026-08-05 00:30:04,834 LT1-callback ClientCallback.log INFO client.py                 199   log                       : PTS_LOGTYPE_MESSAGE Verdict Description 

+18688 ms
 TBS/SR/SPN/BV-10-C Read Blob Request respond successfully. size = 22

2026-08-05 00:30:04,836 LT1-callback ClientCallback.log INFO client.py                 199   log                       : PTS_LOGTYPE_MESSAGE User Action Required 

+18688 ms
 TBS/SR/SPN/BV-10-C MMI_20142 (MMI_Style_Ok_Cancel2=0x00011141): Please update Incoming Call characteristic(Handle = 0x007F) and send a notification containing the updated value of the characteristic with a different value whose length is greater than the (ATT_MTU-3).

2026-08-05 00:30:04,839 LT1-callback ClientCallback.log INFO client.py                 199   log                       : PTS_LOGTYPE_PRELIMINARY_VERDICT Preliminary Verdict 

+18688 ms
 TBS/SR/SPN/BV-10-C PASS

2026-08-05 00:30:04,842 LT1-callback ClientCallback.log INFO client.py                 199   log                       : PTS_LOGTYPE_RECEIVE_EVENT  

+18860 ms
 TBS/SR/SPN/BV-10-C Receive Event            ATT?ATT_HANDLE_VALUE_NOTIFICATION_IND{
                           lcid=0x1205,
                           attributeHandle=0x0052,
                           length=0x0014,
                           attributeValue=0x3534333231303938373635343332313A6C657402
                         }
2026-08-05 00:30:04,844 LT1-callback ClientCallback.log INFO client.py                 199   log                       : PTS_LOGTYPE_RECEIVE_EVENT  

+18860 ms
 TBS/SR/SPN/BV-10-C Receive Event            ATT?ATT_HANDLE_VALUE_NOTIFICATION_IND{
                           lcid=0x1205,
                           attributeHandle=0x007F,
                           length=0x0014,
                           attributeValue=0x3534333231303938373635343332313A6C657402
                         }
2026-08-05 00:30:04,847 LT1-callback ClientCallback.log INFO client.py                 199   log                       : PTS_LOGTYPE_PRELIMINARY_VERDICT Preliminary Verdict 

+18860 ms
 TBS/SR/SPN/BV-10-C PASS

2026-08-05 00:30:04,850 LT1-callback ClientCallback.log INFO client.py                 199   log                       : PTS_LOGTYPE_SEND_EVENT  

+18860 ms
 TBS/SR/SPN/BV-10-C Send Event               ATT!ATT_READ_BLOB_REQ{
                           lcid=0x1205,
                           attributeHandle=0x007F,
                           valueOffset=0x0014
                         }
2026-08-05 00:30:04,853 LT1-callback ClientCallback.log INFO client.py                 199   log                       : PTS_LOGTYPE_RECEIVE_EVENT  

+19031 ms
 TBS/SR/SPN/BV-10-C Receive Event            ATT?ATT_READ_BLOB_ERR_RSP{
                           lcid=0x1205,
                           result=0x0380,
                           errorHandle=0x007F
                         }
2026-08-05 00:30:04,856 LT1-callback ClientCallback.log INFO client.py                 199   log                       : PTS_LOGTYPE_RECEIVE_EVENT Receive Event 

+19031 ms
 TBS/SR/SPN/BV-10-C ATT?ATT_READ_BLOB_RSP{
                           Result=0x0080,
                           Handle=0x007F
                         }
2026-08-05 00:30:04,859 LT1-callback ClientCallback.log INFO client.py                 199   log                       : PTS_LOGTYPE_PRELIMINARY_VERDICT Preliminary Verdict 

+19031 ms
 TBS/SR/SPN/BV-10-C PASS

2026-08-05 00:30:04,861 LT1-callback ClientCallback.log INFO client.py                 199   log                       : PTS_LOGTYPE_MESSAGE Verdict Description 

+19031 ms
 TBS/SR/SPN/BV-10-C Read Blob Request respond error code = 0x80

2026-08-05 00:30:04,865 LT1-callback ClientCallback.log INFO client.py                 199   log                       : PTS_LOGTYPE_SEND_EVENT  

+19031 ms
 TBS/SR/SPN/BV-10-C Send Event               ATT!ATT_READ_BLOB_REQ{
                           lcid=0x1205,
                           attributeHandle=0x007F,
                           valueOffset=0x0000
                         }
2026-08-05 00:30:04,868 LT1-callback ClientCallback.log INFO client.py                 199   log                       : PTS_LOGTYPE_RECEIVE_EVENT  

+19219 ms
 TBS/SR/SPN/BV-10-C Receive Event            ATT?ATT_READ_BLOB_CFM{
                           lcid=0x1205,
                           length=0x0016,
                           partAttributeValue=0x37363534333231303938373635343332313A6C657402
                         }
2026-08-05 00:30:04,871 LT1-callback ClientCallback.log INFO client.py                 199   log                       : PTS_LOGTYPE_RECEIVE_EVENT Receive Event 

+19219 ms
 TBS/SR/SPN/BV-10-C ATT?ATT_READ_BLOB_CFM{
                           value{
                             FieldName=DefaultValue,
                             FieldType=OctetString
                           }

                         }
2026-08-05 00:30:04,874 LT1-callback ClientCallback.log INFO client.py                 199   log                       : PTS_LOGTYPE_PRELIMINARY_VERDICT Preliminary Verdict 

+19219 ms
 TBS/SR/SPN/BV-10-C PASS

2026-08-05 00:30:04,877 LT1-callback ClientCallback.log INFO client.py                 199   log                       : PTS_LOGTYPE_SEND_EVENT  

+19219 ms
 TBS/SR/SPN/BV-10-C Send Event               ATT!ATT_READ_BLOB_REQ{
                           lcid=0x1205,
                           attributeHandle=0x007F,
                           valueOffset=0x0016
                         }
2026-08-05 00:30:04,880 LT1-callback ClientCallback.log INFO client.py                 199   log                       : PTS_LOGTYPE_RECEIVE_EVENT  

+19391 ms
 TBS/SR/SPN/BV-10-C Receive Event            ATT?ATT_READ_BLOB_CFM{
                           lcid=0x1205,
                           length=0x0007,
                           partAttributeValue=0x31353535303938
                         }
2026-08-05 00:30:04,883 LT1-callback ClientCallback.log INFO client.py                 199   log                       : PTS_LOGTYPE_RECEIVE_EVENT Receive Event 

+19391 ms
 TBS/SR/SPN/BV-10-C ATT?ATT_READ_BLOB_CFM{
                           value{
                             FieldName=DefaultValue,
                             FieldType=OctetString
                           }

                         }
2026-08-05 00:30:04,886 LT1-callback ClientCallback.log INFO client.py                 199   log                       : PTS_LOGTYPE_PRELIMINARY_VERDICT Preliminary Verdict 

+19391 ms
 TBS/SR/SPN/BV-10-C PASS

2026-08-05 00:30:04,888 LT1-callback ClientCallback.log INFO client.py                 199   log                       : PTS_LOGTYPE_MESSAGE Verdict Description 

+19391 ms
 TBS/SR/SPN/BV-10-C Read Long Characteristic Value Request completed successfully. length = 29

2026-08-05 00:30:04,891 LT1-callback ClientCallback.log INFO client.py                 199   log                       : PTS_LOGTYPE_PRELIMINARY_VERDICT Pass 

+19391 ms
 TBS/SR/SPN/BV-10-C The data received for 'Incoming Call' conforms to the schema.

2026-08-05 00:30:04,894 LT1-callback ClientCallback.log INFO client.py                 199   log                       : PTS_LOGTYPE_MESSAGE Verdict Description 

+19391 ms
 TBS/SR/SPN/BV-10-C The data received for 'Incoming Call' conforms to the schema.

2026-08-05 00:30:04,896 LT1-callback ClientCallback.log INFO client.py                 199   log                       : PTS_LOGTYPE_MESSAGE Verdict Description 

+19391 ms
 TBS/SR/SPN/BV-10-C ## Read Blob (handle:127):
	Incoming Call: 
    Call Index: [2 (0x02)]
    URI: [tel:123456789012345678905551]

2026-08-05 00:30:04,899 LT1-callback ClientCallback.log INFO client.py                 199   log                       : PTS_LOGTYPE_SEND_EVENT  

+20703 ms
 TBS/SR/SPN/BV-10-C Send Event               HCI!GET_CONNECTION_HANDLE{
                           addr=0xD5B6CC31DB3B,
                           addr_type=0x01,
                           conn_handle=0x00D0
                         }
2026-08-05 00:30:04,906 LT1-callback ClientCallback.log INFO client.py                 199   log                       : PTS_LOGTYPE_SEND_EVENT  

+20703 ms
 TBS/SR/SPN/BV-10-C Send Event               HCI!HCI_DISCONNECT{
                           connectionHandle=0x00D0,
                           reason=HCI_REMOTE_USER_TERMINATED_CONNECTION
                         }
2026-08-05 00:30:04,972 LT1-callback ClientCallback.log INFO client.py                 199   log                       : PTS_LOGTYPE_RECEIVE_EVENT  

+20703 ms
 TBS/SR/SPN/BV-10-C Receive Event            HCI?HCI_DISCONNECT_STATUS_EVENT{
                           status=HCI_OK
                         }
2026-08-05 00:30:04,993 LT1-callback ClientCallback.log INFO client.py                 199   log                       : PTS_LOGTYPE_RECEIVE_EVENT  

+20875 ms
 TBS/SR/SPN/BV-10-C Receive Event            ATT?ATT_DISCONNECT_IND{
                           lcid=0x1205
                         }
2026-08-05 00:30:05,000 LT1-callback ClientCallback.log INFO client.py                 199   log                       : PTS_LOGTYPE_RECEIVE_EVENT  

+20875 ms
 TBS/SR/SPN/BV-10-C Receive Event            HCI?HCI_DISCONNECTION_COMPLETE_EVENT{
                           status=HCI_OK,
                           connectionHandle=0x00D0,
                           reason=HCI_CONNECTION_TERMINATED_BY_LOCAL_HOST
                         }
2026-08-05 00:30:05,005 LT1-callback ClientCallback.log INFO client.py                 199   log                       : PTS_LOGTYPE_MESSAGE Verdict Description 

+20875 ms
 TBS/SR/SPN/BV-10-C Received HCI disconnection event. Handle = 0x00D0

2026-08-05 00:30:05,009 LT1-callback ClientCallback.log INFO client.py                 199   log                       : PTS_LOGTYPE_MESSAGE Verdict Description 

+20875 ms
 TBS/SR/SPN/BV-10-C Connection terminated successfully.

2026-08-05 00:30:05,013 LT1-callback ClientCallback.log INFO client.py                 199   log                       : PTS_LOGTYPE_SEND_EVENT  

+20875 ms
 TBS/SR/SPN/BV-10-C Send Event               HCI!HCI_RESET
2026-08-05 00:30:05,016 LT1-callback ClientCallback.log INFO client.py                 199   log                       : PTS_LOGTYPE_RECEIVE_EVENT  

+20875 ms
 TBS/SR/SPN/BV-10-C Receive Event            HCI?HCI_RESET_COMPLETE_EVENT{
                           status=HCI_OK
                         }
2026-08-05 00:30:05,019 LT1-callback ClientCallback.log INFO client.py                 199   log                       : PTS_LOGTYPE_RECEIVE_EVENT  

+21891 ms
 TBS/SR/SPN/BV-10-C Receive Event            HCI?HCI_RESET_COMPLETE_EVENT{
                           status=HCI_OK
                         }
2026-08-05 00:30:05,022 LT1-callback ClientCallback.log INFO client.py                 199   log                       : PTS_LOGTYPE_FINAL_VERDICT Final Verdict 

+23438 ms
 TBS/SR/SPN/BV-10-C PASS

2026-08-05 00:30:05,025 LT1-callback ClientCallback.log INFO client.py                 199   log                       : PTS_LOGTYPE_FINAL_VERDICT Encrypted Verdict 

+23438 ms
 TBS/SR/SPN/BV-10-C A1#ZWY4MzQ5MDg3MmQwNTIxOGQzMzQ5YjY2ODA5M2MzNjQ5ZDY4NmY0Yjc2MzIzM2VkNTUyNTFhNGU4Mjg1MjI0NA==#xQ+qz3uv1ky/QeGIOXKDrx8CY2VVoRJBbh1hpiFAt3Qq3xJlI8jfhoJZSlhAGrew

2026-08-05 00:30:05,028 LT1-callback ClientCallback.log INFO client.py                 199   log                       : PTS_LOGTYPE_END_TEST Test Case Ended 

+23438 ms
 TBS/SR/SPN/BV-10-C TBS/SR/SPN/BV-10-C

2026-08-05 00:30:05,066 LT1-callback root DEBUG client.py                 260   set_result                : ClientCallback, set_result, run_test_case, PASS
2026-08-05 00:30:05,067 LT1-thread root DEBUG client.py                 1182  _run_test_case            : After run_test_case error_code=0 status='PASS'
2026-08-05 00:30:05,067 LT1-thread root DEBUG testcase.py               766   post_run                  : post_run TBS TBS/SR/SPN/BV-10-C 0
2026-08-05 00:30:05,067 LT1-thread root DEBUG testcase.py               254   start                     : Starting test function: class=<class 'autopts.ptsprojects.testcase.TestFuncCleanUp'>, func=<bound method ZTestCase._test_case_cleanup of <autopts.ptsprojects.zephyr.ztestcase.ZTestCase object at 0x7b25a15ad4f0>> start_wid=None stop_wid=None post_wid=None skip_call=None call_count=1 args=() kwds={}
2026-08-05 00:30:05,067 LT1-thread root DEBUG testcase.py               266   start                     : Test function parameters: args=(), kwds={}
2026-08-05 00:30:05,067 LT1-thread root DEBUG iutctl.py                 415   stop                      : <class 'autopts.ptsprojects.zephyr.iutctl.create_zephyr_ctl_class.<locals>.ZephyrCtl'>.stop
2026-08-05 00:30:05,067 LT1-thread root DEBUG gap.py                    1063  gap_set_powered_off       : 
2026-08-05 00:30:05,067 LT1-thread root DEBUG iutctl_common.py          161   send                      : 1 5 0 '0'
2026-08-05 00:30:05,067 LT1-thread root DEBUG iutctl_common.py          166   send                      : sending frame '010500010000'
2026-08-05 00:30:05,067 LT1-thread root DEBUG gap.py                    1193  gap_command_rsp_succ      : 
2026-08-05 00:30:05,067 LT1-thread root DEBUG iutctl_common.py          339   read                      : 
2026-08-05 00:30:05,085 BTPWorkerThread-42965 (_rx_task) root DEBUG iutctl_common.py          123   read                      : Read 5 bytes
2026-08-05 00:30:05,086 BTPWorkerThread-42965 (_rx_task) root DEBUG iutctl_common.py          131   read                      : Received: hdr: Header(svc_id=0x01, op=0x05, ctrl_index=0x00, data_len=0x04) bytearray(b'\x01\x05\x00\x04\x00')
2026-08-05 00:30:05,086 BTPWorkerThread-42965 (_rx_task) root DEBUG iutctl_common.py          139   read                      : Read 4 bytes data
2026-08-05 00:30:05,086 BTPWorkerThread-42965 (_rx_task) root DEBUG iutctl_common.py          154   read                      : Received data: {'1a 82 00 00'}, bytearray(b'\x1a\x82\x00\x00')
2026-08-05 00:30:05,086 LT1-thread root DEBUG gap.py                    1198  gap_command_rsp_succ      : received Header(svc_id=1, op=5, ctrl_index=0, data_len=4) (b'\x1a\x82\x00\x00',)
2026-08-05 00:30:05,086 LT1-thread root DEBUG gap.py                    591   __gap_current_settings_update : (b'\x1a\x82\x00\x00',)
2026-08-05 00:30:05,086 LT1-thread root DEBUG iutctl_common.py          416   close                     : Waiting for _rx_worker to finish ...
2026-08-05 00:30:06,086 LT1-thread root DEBUG iutctl_common.py          416   close                     : Waiting for _rx_worker to finish ...
2026-08-05 00:30:06,087 BTPWorkerThread-42965 (_rx_task) root DEBUG iutctl_common.py          332   _rx_task                  : BTPWorkerThread-42965 (_rx_task) finishing...
2026-08-05 00:30:06,096 LT1-thread root DEBUG rtt.py                    224   stop                      : <class 'autopts.rtt.BTMON'>.stop
2026-08-05 00:30:06,096 LT1-thread root DEBUG rtt.py                    112   stop                      : <class 'autopts.rtt.RTT'>.stop
2026-08-05 00:30:09,118 LT1-thread root DEBUG testcase.py               794   post_run                  : post_run, cleanup running post test case script
2026-08-05 00:30:09,119 LT1-thread root DEBUG testcase.py               802   post_run                  : post_run, run post test case script
2026-08-05 00:30:09,136 LT1-thread root DEBUG client.py                 1216  _run_test_case            : Done TestCase _run_test_case TBS TBS/SR/SPN/BV-10-C
