2021-10-05 02:58:21,048 root DEBUG autoptsclient_common.py   775   run_test_case_thread_entry : Starting TestCase wrapper GAP GAP/SEC/SEM/BI-10-C
2021-10-05 02:58:21,048 root DEBUG testcase.py               718   pre_run                   : pre_run GAP GAP/SEC/SEM/BI-10-C
2021-10-05 02:58:21,048 root DEBUG testcase.py               720   pre_run                   : About to run test case GAP GAP/SEC/SEM/BI-10-C with commands:
2021-10-05 02:58:21,048 root DEBUG testcase.py               723   pre_run                   : 0) class=<class 'ptsprojects.testcase.TestFunc'>, func=<bound method ZephyrCtl.start of <ptsprojects.zephyr.iutctl.ZephyrCtl object at 0x00000192F20C4730>> start_wid=None stop_wid=None post_wid=None skip_call=None call_count=0 args=(<ptsprojects.zephyr.ztestcase.ZTestCase object at 0x00000192F2172340>,) kwds={}
2021-10-05 02:58:21,048 root DEBUG testcase.py               723   pre_run                   : 1) class=<class 'ptsprojects.testcase.TestFunc'>, func=<bound method ZephyrCtl.wait_iut_ready_event of <ptsprojects.zephyr.iutctl.ZephyrCtl object at 0x00000192F20C4730>> start_wid=None stop_wid=None post_wid=None skip_call=None call_count=0 args=() kwds={}
2021-10-05 02:58:21,048 root DEBUG testcase.py               723   pre_run                   : 2) class=<class 'ptsprojects.testcase.TestFunc'>, func=<function core_reg_svc_gap at 0x00000192F07AC1F0> start_wid=None stop_wid=None post_wid=None skip_call=None call_count=96 args=() kwds={}
2021-10-05 02:58:21,048 root DEBUG testcase.py               723   pre_run                   : 3) class=<class 'ptsprojects.testcase.TestFunc'>, func=<bound method Stack.gap_init of <ptsprojects.stack.Stack object at 0x00000192F20C4640>> start_wid=None stop_wid=None post_wid=None skip_call=None call_count=96 args=(b'Tester_F21FE4', 'ABCD', '1111', '1111', '11', '1111') kwds={}
2021-10-05 02:58:21,048 root DEBUG testcase.py               723   pre_run                   : 4) class=<class 'ptsprojects.testcase.TestFunc'>, func=<function gap_read_ctrl_info at 0x00000192F07BB670> start_wid=None stop_wid=None post_wid=None skip_call=None call_count=96 args=() kwds={}
2021-10-05 02:58:21,048 root DEBUG testcase.py               723   pre_run                   : 5) class=<class 'ptsprojects.testcase.TestFunc'>, func=<function test_cases.<locals>.<lambda> at 0x00000192F20DE940> start_wid=None stop_wid=None post_wid=None skip_call=None call_count=96 args=() kwds={}
2021-10-05 02:58:21,048 root DEBUG testcase.py               723   pre_run                   : 6) class=<class 'ptsprojects.testcase.TestFunc'>, func=<function test_cases.<locals>.<lambda> at 0x00000192F20DE8B0> start_wid=None stop_wid=None post_wid=None skip_call=None call_count=96 args=() kwds={}
2021-10-05 02:58:21,048 root DEBUG testcase.py               723   pre_run                   : 7) class=<class 'ptsprojects.testcase.TestFunc'>, func=<function test_cases.<locals>.<lambda> at 0x00000192F20DE9D0> start_wid=None stop_wid=None post_wid=None skip_call=None call_count=96 args=() kwds={}
2021-10-05 02:58:21,048 root DEBUG testcase.py               723   pre_run                   : 8) class=<class 'ptsprojects.testcase.TestFunc'>, func=<function test_cases.<locals>.<lambda> at 0x00000192F20DEA60> start_wid=None stop_wid=None post_wid=None skip_call=None call_count=96 args=() kwds={}
2021-10-05 02:58:21,048 root DEBUG testcase.py               723   pre_run                   : 9) class=<class 'ptsprojects.testcase.TestFunc'>, func=<function test_cases.<locals>.<lambda> at 0x00000192F20DEAF0> start_wid=None stop_wid=None post_wid=None skip_call=None call_count=96 args=() kwds={}
2021-10-05 02:58:21,048 root DEBUG testcase.py               723   pre_run                   : 10) class=<class 'ptsprojects.testcase.TestFunc'>, func=<function test_cases.<locals>.<lambda> at 0x00000192F20DEB80> start_wid=None stop_wid=None post_wid=None skip_call=None call_count=96 args=() kwds={}
2021-10-05 02:58:21,048 root DEBUG testcase.py               723   pre_run                   : 11) class=<class 'ptsprojects.testcase.TestFunc'>, func=<function test_cases.<locals>.<lambda> at 0x00000192F20DEC10> start_wid=None stop_wid=None post_wid=None skip_call=None call_count=96 args=() kwds={}
2021-10-05 02:58:21,048 root DEBUG testcase.py               723   pre_run                   : 12) class=<class 'ptsprojects.testcase.TestFunc'>, func=<function set_pts_addr at 0x00000192F07AC160> start_wid=None stop_wid=None post_wid=None skip_call=None call_count=96 args=('00:1B:DC:F2:1F:E4', 0) kwds={}
2021-10-05 02:58:21,048 root DEBUG testcase.py               723   pre_run                   : 13) class=<class 'ptsprojects.testcase.TestFunc'>, func=<function gap_set_io_cap at 0x00000192F07B8CA0> start_wid=None stop_wid=None post_wid=None skip_call=None call_count=0 args=(0,) kwds={}
2021-10-05 02:58:21,048 root DEBUG testcase.py               723   pre_run                   : 14) class=<class 'ptsprojects.testcase.TestFuncCleanUp'>, func=<bound method Stack.cleanup of <ptsprojects.stack.Stack object at 0x00000192F20C4640>> start_wid=None stop_wid=None post_wid=None skip_call=None call_count=0 args=() kwds={}
2021-10-05 02:58:21,048 root DEBUG testcase.py               723   pre_run                   : 15) class=<class 'ptsprojects.testcase.TestFuncCleanUp'>, func=<bound method ZephyrCtl.stop of <ptsprojects.zephyr.iutctl.ZephyrCtl object at 0x00000192F20C4730>> start_wid=None stop_wid=None post_wid=None skip_call=None call_count=0 args=() kwds={}
2021-10-05 02:58:21,048 root DEBUG testcase.py               730   pre_run                   : post_run, run pre test case script
2021-10-05 02:58:21,048 root DEBUG testcase.py               246   start                     : Starting test function: class=<class 'ptsprojects.testcase.TestFunc'>, func=<bound method ZephyrCtl.start of <ptsprojects.zephyr.iutctl.ZephyrCtl object at 0x00000192F20C4730>> start_wid=None stop_wid=None post_wid=None skip_call=None call_count=1 args=(<ptsprojects.zephyr.ztestcase.ZTestCase object at 0x00000192F2172340>,) kwds={}
2021-10-05 02:58:21,048 root DEBUG testcase.py               258   start                     : Test function parameters: args=(<ptsprojects.zephyr.ztestcase.ZTestCase object at 0x00000192F2172340>,), kwds={}
2021-10-05 02:58:21,048 root DEBUG iutctl.py                 92    start                     : <class 'ptsprojects.zephyr.iutctl.ZephyrCtl'>.start
2021-10-05 02:58:21,048 root DEBUG iutctl.py                 152   flush_serial              : <class 'ptsprojects.zephyr.iutctl.ZephyrCtl'>.flush_serial
2021-10-05 02:58:21,079 root DEBUG iutctl.py                 117   start                     : Starting socat process: socat.exe -x -v tcp:192.168.9.109:63650,retry=100,interval=1 /dev/ttyS2,raw,b115200
2021-10-05 02:58:21,079 root DEBUG iutctl_common.py          231   accept                    : accept
2021-10-05 02:58:21,095 root DEBUG testcase.py               246   start                     : Starting test function: class=<class 'ptsprojects.testcase.TestFunc'>, func=<bound method ZephyrCtl.wait_iut_ready_event of <ptsprojects.zephyr.iutctl.ZephyrCtl object at 0x00000192F20C4730>> start_wid=None stop_wid=None post_wid=None skip_call=None call_count=1 args=() kwds={}
2021-10-05 02:58:21,095 root DEBUG testcase.py               258   start                     : Test function parameters: args=(), kwds={}
2021-10-05 02:58:21,095 root DEBUG iutctl.py                 186   reset                     : <class 'ptsprojects.zephyr.iutctl.ZephyrCtl'>.reset
2021-10-05 02:58:21,095 root DEBUG iutctl.py                 221   stop                      : <class 'ptsprojects.zephyr.iutctl.ZephyrCtl'>.stop
2021-10-05 02:58:22,110 root DEBUG iutctl.py                 92    start                     : <class 'ptsprojects.zephyr.iutctl.ZephyrCtl'>.start
2021-10-05 02:58:22,110 root DEBUG iutctl.py                 152   flush_serial              : <class 'ptsprojects.zephyr.iutctl.ZephyrCtl'>.flush_serial
2021-10-05 02:58:22,157 root DEBUG iutctl.py                 117   start                     : Starting socat process: socat.exe -x -v tcp:192.168.9.109:63652,retry=100,interval=1 /dev/ttyS2,raw,b115200
2021-10-05 02:58:22,157 root DEBUG iutctl_common.py          231   accept                    : accept
2021-10-05 02:58:22,173 root DEBUG iutctl.py                 152   flush_serial              : <class 'ptsprojects.zephyr.iutctl.ZephyrCtl'>.flush_serial
2021-10-05 02:58:22,173 root DEBUG iutctl.py                 295   reset                     : About to reset DUT: 'nrfjprog -f nrf52 -r -s 683357425'
2021-10-05 02:58:22,502 root DEBUG iutctl_common.py          174   read                      : read
2021-10-05 02:58:22,752 root DEBUG iutctl_common.py          98    read                      : Received: hdr: Header(svc_id=0, op=128, ctrl_index=255, data_len=0) bytearray(b'\x00\x80\xff\x00\x00')
2021-10-05 02:58:22,767 root DEBUG iutctl_common.py          111   read                      : Received data: "('',)", bytearray(b'')
2021-10-05 02:58:22,767 root DEBUG btp.py                    423   event_handler             : event_handler Header(svc_id=0, op=128, ctrl_index=255, data_len=0) (b'',)
2021-10-05 02:58:22,767 root ERROR btp.py                    455   event_handler             : Unhandled event! svc_id 0 op 128
2021-10-05 02:58:22,767 root DEBUG iutctl.py                 214   wait_iut_ready_event      : IUT ready event received OK
2021-10-05 02:58:22,767 root DEBUG testcase.py               246   start                     : Starting test function: class=<class 'ptsprojects.testcase.TestFunc'>, func=<function core_reg_svc_gap at 0x00000192F07AC1F0> start_wid=None stop_wid=None post_wid=None skip_call=None call_count=97 args=() kwds={}
2021-10-05 02:58:22,767 root DEBUG testcase.py               258   start                     : Test function parameters: args=(), kwds={}
2021-10-05 02:58:22,767 root DEBUG btp.py                    258   core_reg_svc_gap          : core_reg_svc_gap
2021-10-05 02:58:22,767 root DEBUG iutctl_common.py          117   send                      : send, 0 3 255 '1'
2021-10-05 02:58:22,767 root DEBUG iutctl_common.py          120   send                      : btpclient command: send 0 3 255 '1'
2021-10-05 02:58:22,767 root DEBUG iutctl_common.py          125   send                      : sending frame b'\x00\x03\xff\x01\x00\x01'
2021-10-05 02:58:22,767 root DEBUG btp.py                    340   core_reg_svc_rsp_succ     : core_reg_svc_rsp_succ
2021-10-05 02:58:22,767 root DEBUG iutctl_common.py          174   read                      : read
2021-10-05 02:58:22,830 root DEBUG iutctl_common.py          98    read                      : Received: hdr: Header(svc_id=0, op=3, ctrl_index=255, data_len=0) bytearray(b'\x00\x03\xff\x00\x00')
2021-10-05 02:58:22,846 root DEBUG iutctl_common.py          111   read                      : Received data: "('',)", bytearray(b'')
2021-10-05 02:58:22,846 root DEBUG btp.py                    351   core_reg_svc_rsp_succ     : received Header(svc_id=0, op=3, ctrl_index=255, data_len=0) (b'',)
2021-10-05 02:58:22,846 root DEBUG btp.py                    352   core_reg_svc_rsp_succ     : expected ((0, 3, 255, 0), (b'',))
2021-10-05 02:58:22,846 root DEBUG btp.py                    357   core_reg_svc_rsp_succ     : response is valid
2021-10-05 02:58:22,846 root DEBUG testcase.py               246   start                     : Starting test function: class=<class 'ptsprojects.testcase.TestFunc'>, func=<bound method Stack.gap_init of <ptsprojects.stack.Stack object at 0x00000192F20C4640>> start_wid=None stop_wid=None post_wid=None skip_call=None call_count=97 args=(b'Tester_F21FE4', 'ABCD', '1111', '1111', '11', '1111') kwds={}
2021-10-05 02:58:22,846 root DEBUG testcase.py               258   start                     : Test function parameters: args=(b'Tester_F21FE4', 'ABCD', '1111', '1111', '11', '1111'), kwds={}
2021-10-05 02:58:22,846 root DEBUG testcase.py               246   start                     : Starting test function: class=<class 'ptsprojects.testcase.TestFunc'>, func=<function gap_read_ctrl_info at 0x00000192F07BB670> start_wid=None stop_wid=None post_wid=None skip_call=None call_count=97 args=() kwds={}
2021-10-05 02:58:22,846 root DEBUG testcase.py               258   start                     : Test function parameters: args=(), kwds={}
2021-10-05 02:58:22,846 root DEBUG gap.py                    736   gap_read_ctrl_info        : gap_read_ctrl_info
2021-10-05 02:58:22,846 root DEBUG iutctl_common.py          117   send                      : send, 1 3 0 ''
2021-10-05 02:58:22,846 root DEBUG iutctl_common.py          120   send                      : btpclient command: send 1 3 0 ''
2021-10-05 02:58:22,846 root DEBUG iutctl_common.py          125   send                      : sending frame b'\x01\x03\x00\x00\x00'
2021-10-05 02:58:22,846 root DEBUG iutctl_common.py          174   read                      : read
2021-10-05 02:58:23,111 root DEBUG iutctl_common.py          98    read                      : Received: hdr: Header(svc_id=1, op=3, ctrl_index=0, data_len=277) bytearray(b'\x01\x03\x00\x15\x01')
2021-10-05 02:58:23,127 root DEBUG iutctl_common.py          111   read                      : Received data: '(\'Ô\x98d\x12Ú\x7f\x13\x06\x00\x00\x13"\x00\x00\x00\x00\x00btp_tester\x00\x00\x00\x00\x00\x00\x00\x00\x00\x00\x00\x00\x00\x00\x00\x00\x00\x00\x00\x00\x00\x00\x00\x00\x00\x00\x00\x00\x00\x00\x00\x00\x00\x00\x00\x00\x00\x00\x00\x00\x00\x00\x00\x00\x00\x00\x00\x00\x00\x00\x00\x00\x00\x00\x00\x00\x00\x00\x00\x00\x00\x00\x00\x00\x00\x00\x00\x00\x00\x00\x00\x00\x00\x00\x00\x00\x00\x00\x00\x00\x00\x00\x00\x00\x00\x00\x00\x00\x00\x00\x00\x00\x00\x00\x00\x00\x00\x00\x00\x00\x00\x00\x00\x00\x00\x00\x00\x00\x00\x00\x00\x00\x00\x00\x00\x00\x00\x00\x00\x00\x00\x00\x00\x00\x00\x00\x00\x00\x00\x00\x00\x00\x00\x00\x00\x00\x00\x00\x00\x00\x00\x00\x00\x00\x00\x00\x00\x00\x00\x00\x00\x00\x00\x00\x00\x00\x00\x00\x00\x00\x00\x00\x00\x00\x00\x00\x00\x00\x00\x00\x00\x00\x00\x00\x00\x00\x00\x00\x00\x00\x00\x00\x00\x00\x00\x00\x00\x00\x00\x00\x00\x00\x00\x00\x00\x00\x00\x00\x00\x00\x00\x00\x00\x00\x00\x00\x00\x00\x00\x00\x00\x00\x00\x00\x00\x00\x00\x00\x00\x00\x00\x00\x00\x00\x00\x00\x00\x00\x00\x00\x00\x00\x00\x00\x00\x00\x00\x00\x00\x00\x00\x00\x00\x00\x00\x00\x00\x00\x00\x00\',)', bytearray(b'\xd4\x98d\x12\xda\x7f\x13\x06\x00\x00\x13"\x00\x00\x00\x00\x00btp_tester\x00\x00\x00\x00\x00\x00\x00\x00\x00\x00\x00\x00\x00\x00\x00\x00\x00\x00\x00\x00\x00\x00\x00\x00\x00\x00\x00\x00\x00\x00\x00\x00\x00\x00\x00\x00\x00\x00\x00\x00\x00\x00\x00\x00\x00\x00\x00\x00\x00\x00\x00\x00\x00\x00\x00\x00\x00\x00\x00\x00\x00\x00\x00\x00\x00\x00\x00\x00\x00\x00\x00\x00\x00\x00\x00\x00\x00\x00\x00\x00\x00\x00\x00\x00\x00\x00\x00\x00\x00\x00\x00\x00\x00\x00\x00\x00\x00\x00\x00\x00\x00\x00\x00\x00\x00\x00\x00\x00\x00\x00\x00\x00\x00\x00\x00\x00\x00\x00\x00\x00\x00\x00\x00\x00\x00\x00\x00\x00\x00\x00\x00\x00\x00\x00\x00\x00\x00\x00\x00\x00\x00\x00\x00\x00\x00\x00\x00\x00\x00\x00\x00\x00\x00\x00\x00\x00\x00\x00\x00\x00\x00\x00\x00\x00\x00\x00\x00\x00\x00\x00\x00\x00\x00\x00\x00\x00\x00\x00\x00\x00\x00\x00\x00\x00\x00\x00\x00\x00\x00\x00\x00\x00\x00\x00\x00\x00\x00\x00\x00\x00\x00\x00\x00\x00\x00\x00\x00\x00\x00\x00\x00\x00\x00\x00\x00\x00\x00\x00\x00\x00\x00\x00\x00\x00\x00\x00\x00\x00\x00\x00\x00\x00\x00\x00\x00\x00\x00\x00\x00\x00\x00\x00\x00\x00\x00\x00\x00\x00\x00\x00')
2021-10-05 02:58:23,158 root DEBUG gap.py                    743   gap_read_ctrl_info        : received Header(svc_id=1, op=3, ctrl_index=0, data_len=277) (b'\xd4\x98d\x12\xda\x7f\x13\x06\x00\x00\x13"\x00\x00\x00\x00\x00btp_tester\x00\x00\x00\x00\x00\x00\x00\x00\x00\x00\x00\x00\x00\x00\x00\x00\x00\x00\x00\x00\x00\x00\x00\x00\x00\x00\x00\x00\x00\x00\x00\x00\x00\x00\x00\x00\x00\x00\x00\x00\x00\x00\x00\x00\x00\x00\x00\x00\x00\x00\x00\x00\x00\x00\x00\x00\x00\x00\x00\x00\x00\x00\x00\x00\x00\x00\x00\x00\x00\x00\x00\x00\x00\x00\x00\x00\x00\x00\x00\x00\x00\x00\x00\x00\x00\x00\x00\x00\x00\x00\x00\x00\x00\x00\x00\x00\x00\x00\x00\x00\x00\x00\x00\x00\x00\x00\x00\x00\x00\x00\x00\x00\x00\x00\x00\x00\x00\x00\x00\x00\x00\x00\x00\x00\x00\x00\x00\x00\x00\x00\x00\x00\x00\x00\x00\x00\x00\x00\x00\x00\x00\x00\x00\x00\x00\x00\x00\x00\x00\x00\x00\x00\x00\x00\x00\x00\x00\x00\x00\x00\x00\x00\x00\x00\x00\x00\x00\x00\x00\x00\x00\x00\x00\x00\x00\x00\x00\x00\x00\x00\x00\x00\x00\x00\x00\x00\x00\x00\x00\x00\x00\x00\x00\x00\x00\x00\x00\x00\x00\x00\x00\x00\x00\x00\x00\x00\x00\x00\x00\x00\x00\x00\x00\x00\x00\x00\x00\x00\x00\x00\x00\x00\x00\x00\x00\x00\x00\x00\x00\x00\x00\x00\x00\x00\x00\x00\x00\x00\x00\x00\x00\x00\x00\x00\x00\x00\x00\x00\x00\x00',)
2021-10-05 02:58:23,158 root DEBUG gap.py                    764   gap_read_ctrl_info        : IUT address '7fda126498d4'
2021-10-05 02:58:23,158 root DEBUG gap.py                    250   __gap_current_settings_update : __gap_current_settings_update 8723
2021-10-05 02:58:23,158 root DEBUG testcase.py               246   start                     : Starting test function: class=<class 'ptsprojects.testcase.TestFunc'>, func=<function test_cases.<locals>.<lambda> at 0x00000192F20DE940> start_wid=None stop_wid=None post_wid=None skip_call=None call_count=97 args=() kwds={}
2021-10-05 02:58:23,158 root DEBUG testcase.py               258   start                     : Test function parameters: args=(), kwds={}
2021-10-05 02:58:23,158 root DEBUG testcase.py               246   start                     : Starting test function: class=<class 'ptsprojects.testcase.TestFunc'>, func=<function test_cases.<locals>.<lambda> at 0x00000192F20DE8B0> start_wid=None stop_wid=None post_wid=None skip_call=None call_count=97 args=() kwds={}
2021-10-05 02:58:23,158 root DEBUG testcase.py               258   start                     : Test function parameters: args=(), kwds={}
2021-10-05 02:58:23,158 root DEBUG testcase.py               246   start                     : Starting test function: class=<class 'ptsprojects.testcase.TestFunc'>, func=<function test_cases.<locals>.<lambda> at 0x00000192F20DE9D0> start_wid=None stop_wid=None post_wid=None skip_call=None call_count=97 args=() kwds={}
2021-10-05 02:58:23,158 root DEBUG testcase.py               258   start                     : Test function parameters: args=(), kwds={}
2021-10-05 02:58:23,158 root DEBUG testcase.py               246   start                     : Starting test function: class=<class 'ptsprojects.testcase.TestFunc'>, func=<function test_cases.<locals>.<lambda> at 0x00000192F20DEA60> start_wid=None stop_wid=None post_wid=None skip_call=None call_count=97 args=() kwds={}
2021-10-05 02:58:23,158 root DEBUG testcase.py               258   start                     : Test function parameters: args=(), kwds={}
2021-10-05 02:58:23,158 root DEBUG testcase.py               246   start                     : Starting test function: class=<class 'ptsprojects.testcase.TestFunc'>, func=<function test_cases.<locals>.<lambda> at 0x00000192F20DEAF0> start_wid=None stop_wid=None post_wid=None skip_call=None call_count=97 args=() kwds={}
2021-10-05 02:58:23,158 root DEBUG testcase.py               258   start                     : Test function parameters: args=(), kwds={}
2021-10-05 02:58:23,158 root DEBUG testcase.py               246   start                     : Starting test function: class=<class 'ptsprojects.testcase.TestFunc'>, func=<function test_cases.<locals>.<lambda> at 0x00000192F20DEB80> start_wid=None stop_wid=None post_wid=None skip_call=None call_count=97 args=() kwds={}
2021-10-05 02:58:23,158 root DEBUG testcase.py               258   start                     : Test function parameters: args=(), kwds={}
2021-10-05 02:58:23,158 root DEBUG testcase.py               246   start                     : Starting test function: class=<class 'ptsprojects.testcase.TestFunc'>, func=<function test_cases.<locals>.<lambda> at 0x00000192F20DEC10> start_wid=None stop_wid=None post_wid=None skip_call=None call_count=97 args=() kwds={}
2021-10-05 02:58:23,158 root DEBUG testcase.py               258   start                     : Test function parameters: args=(), kwds={}
2021-10-05 02:58:23,158 root DEBUG testcase.py               246   start                     : Starting test function: class=<class 'ptsprojects.testcase.TestFunc'>, func=<function set_pts_addr at 0x00000192F07AC160> start_wid=None stop_wid=None post_wid=None skip_call=None call_count=97 args=('00:1B:DC:F2:1F:E4', 0) kwds={}
2021-10-05 02:58:23,158 root DEBUG testcase.py               258   start                     : Test function parameters: args=('00:1B:DC:F2:1F:E4', 0), kwds={}
2021-10-05 02:58:23,158 root DEBUG testcase.py               246   start                     : Starting test function: class=<class 'ptsprojects.testcase.TestFunc'>, func=<function gap_set_io_cap at 0x00000192F07B8CA0> start_wid=None stop_wid=None post_wid=None skip_call=None call_count=1 args=(0,) kwds={}
2021-10-05 02:58:23,158 root DEBUG testcase.py               258   start                     : Test function parameters: args=(0,), kwds={}
2021-10-05 02:58:23,158 root DEBUG gap.py                    450   gap_set_io_cap            : gap_set_io_cap 0
2021-10-05 02:58:23,158 root DEBUG iutctl_common.py          117   send                      : send, 1 16 0 '\x00'
2021-10-05 02:58:23,158 root DEBUG iutctl_common.py          120   send                      : btpclient command: send 1 16 0 '\x00'
2021-10-05 02:58:23,158 root DEBUG iutctl_common.py          125   send                      : sending frame b'\x01\x10\x00\x01\x00\x00'
2021-10-05 02:58:23,158 root DEBUG gap.py                    770   gap_command_rsp_succ      : gap_command_rsp_succ
2021-10-05 02:58:23,158 root DEBUG iutctl_common.py          174   read                      : read
2021-10-05 02:58:23,236 root DEBUG iutctl_common.py          98    read                      : Received: hdr: Header(svc_id=1, op=16, ctrl_index=0, data_len=0) bytearray(b'\x01\x10\x00\x00\x00')
2021-10-05 02:58:23,252 root DEBUG iutctl_common.py          111   read                      : Received data: "('',)", bytearray(b'')
2021-10-05 02:58:23,252 root DEBUG gap.py                    775   gap_command_rsp_succ      : received Header(svc_id=1, op=16, ctrl_index=0, data_len=0) (b'',)
2021-10-05 02:58:23,252 root DEBUG autoptsclient_common.py   270   set_current_test_case     : CallbackThread.set_current_test_case GAP/SEC/SEM/BI-10-C
2021-10-05 02:58:30,203 ClientCallback.on_implicit_send INFO autoptsclient_common.py   169   on_implicit_send          : ********************
2021-10-05 02:58:30,203 ClientCallback.on_implicit_send INFO autoptsclient_common.py   170   on_implicit_send          : BEGIN OnImplicitSend:
2021-10-05 02:58:30,203 ClientCallback.on_implicit_send INFO autoptsclient_common.py   171   on_implicit_send          : project_name: GAP
2021-10-05 02:58:30,203 ClientCallback.on_implicit_send INFO autoptsclient_common.py   172   on_implicit_send          : wid: 78
2021-10-05 02:58:30,203 ClientCallback.on_implicit_send INFO autoptsclient_common.py   173   on_implicit_send          : test_case_name: GAP/SEC/SEM/BI-10-C
2021-10-05 02:58:30,203 ClientCallback.on_implicit_send INFO autoptsclient_common.py   174   on_implicit_send          : description: Please send an LE connect request to establish a connection.
2021-10-05 02:58:30,203 ClientCallback.on_implicit_send INFO autoptsclient_common.py   175   on_implicit_send          : style: MMI_Style_Ok_Cancel2 0x11141
2021-10-05 02:58:30,203 ClientCallback.on_implicit_send INFO autoptsclient_common.py   181   on_implicit_send          : Calling test cases on_implicit_send
2021-10-05 02:58:30,203 root DEBUG testcase.py               675   on_implicit_send          : GAP GAP/SEC/SEM/BI-10-C on_implicit_send
2021-10-05 02:58:30,203 root DEBUG testcase.py               619   join_post_wid_thread      : GAP GAP/SEC/SEM/BI-10-C join_post_wid_thread
2021-10-05 02:58:30,203 root DEBUG testcase.py               621   join_post_wid_thread      : self.post_wid_thread None
2021-10-05 02:58:30,203 root DEBUG gap_wid.py                29    gap_wid_hdl               : gap_wid_hdl, 78, 'Please send an LE connect request to establish a connection.', GAP/SEC/SEM/BI-10-C
2021-10-05 02:58:30,203 root DEBUG gap.py                    377   gap_conn                  : gap_conn None None
2021-10-05 02:58:30,203 root DEBUG iutctl_common.py          117   send                      : send, 1 14 0 "bytearray(b'\\x00\\xe4\\x1f\\xf2\\xdc\\x1b\\x00\\x00')"
2021-10-05 02:58:30,203 root DEBUG iutctl_common.py          120   send                      : btpclient command: send 1 14 0 "bytearray(b'\\x00\\xe4\\x1f\\xf2\\xdc\\x1b\\x00\\x00')"
2021-10-05 02:58:30,203 root DEBUG iutctl_common.py          125   send                      : sending frame b'\x01\x0e\x00\x08\x00\x00\xe4\x1f\xf2\xdc\x1b\x00\x00'
2021-10-05 02:58:30,203 root DEBUG gap.py                    770   gap_command_rsp_succ      : gap_command_rsp_succ
2021-10-05 02:58:30,203 root DEBUG iutctl_common.py          174   read                      : read
2021-10-05 02:58:30,250 root DEBUG iutctl_common.py          98    read                      : Received: hdr: Header(svc_id=1, op=14, ctrl_index=0, data_len=0) bytearray(b'\x01\x0e\x00\x00\x00')
2021-10-05 02:58:30,250 root DEBUG iutctl_common.py          111   read                      : Received data: "('',)", bytearray(b'')
2021-10-05 02:58:30,250 root DEBUG gap.py                    775   gap_command_rsp_succ      : received Header(svc_id=1, op=14, ctrl_index=0, data_len=0) (b'',)
2021-10-05 02:58:30,250 root DEBUG testcase.py               713   on_implicit_send          : Sending response 'OK'
2021-10-05 02:58:30,250 ClientCallback.on_implicit_send INFO autoptsclient_common.py   186   on_implicit_send          : test case returned on_implicit_send, response: OK
2021-10-05 02:58:30,250 ClientCallback.on_implicit_send INFO autoptsclient_common.py   196   on_implicit_send          : END OnImplicitSend:
2021-10-05 02:58:30,250 ClientCallback.on_implicit_send INFO autoptsclient_common.py   197   on_implicit_send          : ********************
2021-10-05 02:58:30,688 ClientCallback.on_implicit_send INFO autoptsclient_common.py   169   on_implicit_send          : ********************
2021-10-05 02:58:30,688 ClientCallback.on_implicit_send INFO autoptsclient_common.py   170   on_implicit_send          : BEGIN OnImplicitSend:
2021-10-05 02:58:30,688 ClientCallback.on_implicit_send INFO autoptsclient_common.py   171   on_implicit_send          : project_name: GAP
2021-10-05 02:58:30,688 ClientCallback.on_implicit_send INFO autoptsclient_common.py   172   on_implicit_send          : wid: 208
2021-10-05 02:58:30,688 ClientCallback.on_implicit_send INFO autoptsclient_common.py   173   on_implicit_send          : test_case_name: GAP/SEC/SEM/BI-10-C
2021-10-05 02:58:30,688 ClientCallback.on_implicit_send INFO autoptsclient_common.py   174   on_implicit_send          : description: Please configure the IUT into LE Security Mode 1 Level 4 and start pairing process.
2021-10-05 02:58:30,688 ClientCallback.on_implicit_send INFO autoptsclient_common.py   175   on_implicit_send          : style: MMI_Style_Ok_Cancel2 0x11141
2021-10-05 02:58:30,688 ClientCallback.on_implicit_send INFO autoptsclient_common.py   181   on_implicit_send          : Calling test cases on_implicit_send
2021-10-05 02:58:30,688 root DEBUG testcase.py               675   on_implicit_send          : GAP GAP/SEC/SEM/BI-10-C on_implicit_send
2021-10-05 02:58:30,688 root DEBUG testcase.py               619   join_post_wid_thread      : GAP GAP/SEC/SEM/BI-10-C join_post_wid_thread
2021-10-05 02:58:30,688 root DEBUG testcase.py               621   join_post_wid_thread      : self.post_wid_thread None
2021-10-05 02:58:30,688 root DEBUG gap_wid.py                29    gap_wid_hdl               : gap_wid_hdl, 208, 'Please configure the IUT into LE Security Mode 1 Level 4 and start pairing process.', GAP/SEC/SEM/BI-10-C
2021-10-05 02:58:30,688 root DEBUG gap.py                    459   gap_pair                  : gap_pair None None
2021-10-05 02:58:30,719 root DEBUG iutctl_common.py          98    read                      : Received: hdr: Header(svc_id=1, op=130, ctrl_index=0, data_len=13) bytearray(b'\x01\x82\x00\r\x00')
2021-10-05 02:58:30,734 root DEBUG iutctl_common.py          111   read                      : Received data: "('\x00ä\x1fòÜ\x1b\x00(\x00\x00\x00\x90\x01',)", bytearray(b'\x00\xe4\x1f\xf2\xdc\x1b\x00(\x00\x00\x00\x90\x01')
2021-10-05 02:58:30,750 root DEBUG btp.py                    423   event_handler             : event_handler Header(svc_id=1, op=130, ctrl_index=0, data_len=13) (b'\x00\xe4\x1f\xf2\xdc\x1b\x00(\x00\x00\x00\x90\x01',)
2021-10-05 02:58:30,750 root DEBUG gap.py                    128   gap_connected_ev_         : gap_connected_ev_ b'\x00\xe4\x1f\xf2\xdc\x1b\x00(\x00\x00\x00\x90\x01'
2021-10-05 02:58:30,750 root DEBUG iutctl_common.py          117   send                      : send, 1 17 0 "bytearray(b'\\x00\\xe4\\x1f\\xf2\\xdc\\x1b\\x00')"
2021-10-05 02:58:30,750 root DEBUG iutctl_common.py          120   send                      : btpclient command: send 1 17 0 "bytearray(b'\\x00\\xe4\\x1f\\xf2\\xdc\\x1b\\x00')"
2021-10-05 02:58:30,750 root DEBUG iutctl_common.py          125   send                      : sending frame b'\x01\x11\x00\x07\x00\x00\xe4\x1f\xf2\xdc\x1b\x00'
2021-10-05 02:58:30,750 root DEBUG gap.py                    770   gap_command_rsp_succ      : gap_command_rsp_succ
2021-10-05 02:58:30,750 root DEBUG iutctl_common.py          174   read                      : read
2021-10-05 02:58:30,812 root DEBUG iutctl_common.py          98    read                      : Received: hdr: Header(svc_id=1, op=17, ctrl_index=0, data_len=0) bytearray(b'\x01\x11\x00\x00\x00')
2021-10-05 02:58:30,844 root DEBUG iutctl_common.py          111   read                      : Received data: "('',)", bytearray(b'')
2021-10-05 02:58:30,875 root DEBUG gap.py                    775   gap_command_rsp_succ      : received Header(svc_id=1, op=17, ctrl_index=0, data_len=0) (b'',)
2021-10-05 02:58:30,875 root DEBUG testcase.py               713   on_implicit_send          : Sending response 'OK'
2021-10-05 02:58:30,875 ClientCallback.on_implicit_send INFO autoptsclient_common.py   186   on_implicit_send          : test case returned on_implicit_send, response: OK
2021-10-05 02:58:30,875 ClientCallback.on_implicit_send INFO autoptsclient_common.py   196   on_implicit_send          : END OnImplicitSend:
2021-10-05 02:58:30,875 ClientCallback.on_implicit_send INFO autoptsclient_common.py   197   on_implicit_send          : ********************
2021-10-05 02:58:30,891 ClientCallback.on_implicit_send INFO autoptsclient_common.py   169   on_implicit_send          : ********************
2021-10-05 02:58:30,891 ClientCallback.on_implicit_send INFO autoptsclient_common.py   170   on_implicit_send          : BEGIN OnImplicitSend:
2021-10-05 02:58:30,891 ClientCallback.on_implicit_send INFO autoptsclient_common.py   171   on_implicit_send          : project_name: GAP
2021-10-05 02:58:30,891 ClientCallback.on_implicit_send INFO autoptsclient_common.py   172   on_implicit_send          : wid: 20115
2021-10-05 02:58:30,891 ClientCallback.on_implicit_send INFO autoptsclient_common.py   173   on_implicit_send          : test_case_name: GAP/SEC/SEM/BI-10-C
2021-10-05 02:58:30,891 ClientCallback.on_implicit_send INFO autoptsclient_common.py   174   on_implicit_send          : description: Please initiate a GATT disconnection to the PTS.

Description: Verify that the Implementation Under Test (IUT) can initiate GATT disconnect request to PTS.
2021-10-05 02:58:30,891 ClientCallback.on_implicit_send INFO autoptsclient_common.py   175   on_implicit_send          : style: MMI_Style_Ok_Cancel2 0x11141
2021-10-05 02:58:30,891 ClientCallback.on_implicit_send INFO autoptsclient_common.py   181   on_implicit_send          : Calling test cases on_implicit_send
2021-10-05 02:58:30,891 root DEBUG testcase.py               675   on_implicit_send          : GAP GAP/SEC/SEM/BI-10-C on_implicit_send
2021-10-05 02:58:30,891 root DEBUG testcase.py               619   join_post_wid_thread      : GAP GAP/SEC/SEM/BI-10-C join_post_wid_thread
2021-10-05 02:58:30,891 root DEBUG testcase.py               621   join_post_wid_thread      : self.post_wid_thread None
2021-10-05 02:58:30,891 root DEBUG gap_wid.py                29    gap_wid_hdl               : gap_wid_hdl, 20115, 'Please initiate a GATT disconnection to the PTS.\n\nDescription: Verify that the Implementation Under Test (IUT) can initiate GATT disconnect request to PTS.', GAP/SEC/SEM/BI-10-C
2021-10-05 02:58:30,891 root DEBUG gap.py                    419   gap_disconn               : gap_disconn None None
2021-10-05 02:58:30,891 root DEBUG iutctl_common.py          117   send                      : send, 1 15 0 "bytearray(b'\\x00\\xe4\\x1f\\xf2\\xdc\\x1b\\x00')"
2021-10-05 02:58:30,891 root DEBUG iutctl_common.py          120   send                      : btpclient command: send 1 15 0 "bytearray(b'\\x00\\xe4\\x1f\\xf2\\xdc\\x1b\\x00')"
2021-10-05 02:58:30,891 root DEBUG iutctl_common.py          125   send                      : sending frame b'\x01\x0f\x00\x07\x00\x00\xe4\x1f\xf2\xdc\x1b\x00'
2021-10-05 02:58:30,891 root DEBUG gap.py                    770   gap_command_rsp_succ      : gap_command_rsp_succ
2021-10-05 02:58:30,891 root DEBUG iutctl_common.py          174   read                      : read
2021-10-05 02:58:30,969 root DEBUG iutctl_common.py          98    read                      : Received: hdr: Header(svc_id=1, op=15, ctrl_index=0, data_len=0) bytearray(b'\x01\x0f\x00\x00\x00')
2021-10-05 02:58:31,000 root DEBUG iutctl_common.py          111   read                      : Received data: "('',)", bytearray(b'')
2021-10-05 02:58:31,000 root DEBUG gap.py                    775   gap_command_rsp_succ      : received Header(svc_id=1, op=15, ctrl_index=0, data_len=0) (b'',)
2021-10-05 02:58:31,000 root DEBUG testcase.py               713   on_implicit_send          : Sending response 'OK'
2021-10-05 02:58:31,000 root DEBUG iutctl_common.py          98    read                      : Received: hdr: Header(svc_id=1, op=131, ctrl_index=0, data_len=7) bytearray(b'\x01\x83\x00\x07\x00')
2021-10-05 02:58:31,000 ClientCallback.on_implicit_send INFO autoptsclient_common.py   186   on_implicit_send          : test case returned on_implicit_send, response: OK
2021-10-05 02:58:31,000 ClientCallback.on_implicit_send INFO autoptsclient_common.py   196   on_implicit_send          : END OnImplicitSend:
2021-10-05 02:58:31,000 ClientCallback.on_implicit_send INFO autoptsclient_common.py   197   on_implicit_send          : ********************
2021-10-05 02:58:31,000 root DEBUG iutctl_common.py          111   read                      : Received data: "('\x00ä\x1fòÜ\x1b\x00',)", bytearray(b'\x00\xe4\x1f\xf2\xdc\x1b\x00')
2021-10-05 02:58:31,000 root DEBUG btp.py                    423   event_handler             : event_handler Header(svc_id=1, op=131, ctrl_index=0, data_len=7) (b'\x00\xe4\x1f\xf2\xdc\x1b\x00',)
2021-10-05 02:58:31,000 root DEBUG gap.py                    142   gap_disconnected_ev_      : gap_disconnected_ev_ b'\x00\xe4\x1f\xf2\xdc\x1b\x00'
2021-10-05 02:58:31,000 ClientCallback.on_implicit_send INFO autoptsclient_common.py   169   on_implicit_send          : ********************
2021-10-05 02:58:31,000 ClientCallback.on_implicit_send INFO autoptsclient_common.py   170   on_implicit_send          : BEGIN OnImplicitSend:
2021-10-05 02:58:31,000 ClientCallback.on_implicit_send INFO autoptsclient_common.py   171   on_implicit_send          : project_name: GAP
2021-10-05 02:58:31,000 ClientCallback.on_implicit_send INFO autoptsclient_common.py   172   on_implicit_send          : wid: 20100
2021-10-05 02:58:31,000 ClientCallback.on_implicit_send INFO autoptsclient_common.py   173   on_implicit_send          : test_case_name: GAP/SEC/SEM/BI-10-C
2021-10-05 02:58:31,000 ClientCallback.on_implicit_send INFO autoptsclient_common.py   174   on_implicit_send          : description: Please initiate a GATT connection to the PTS.

Description: Verify that the Implementation Under Test (IUT) can initiate a GATT connect request to the PTS.
2021-10-05 02:58:31,000 ClientCallback.on_implicit_send INFO autoptsclient_common.py   175   on_implicit_send          : style: MMI_Style_Ok_Cancel2 0x11141
2021-10-05 02:58:31,000 ClientCallback.on_implicit_send INFO autoptsclient_common.py   181   on_implicit_send          : Calling test cases on_implicit_send
2021-10-05 02:58:31,000 root DEBUG testcase.py               675   on_implicit_send          : GAP GAP/SEC/SEM/BI-10-C on_implicit_send
2021-10-05 02:58:31,000 root DEBUG testcase.py               619   join_post_wid_thread      : GAP GAP/SEC/SEM/BI-10-C join_post_wid_thread
2021-10-05 02:58:31,000 root DEBUG testcase.py               621   join_post_wid_thread      : self.post_wid_thread None
2021-10-05 02:58:31,000 root DEBUG gap_wid.py                29    gap_wid_hdl               : gap_wid_hdl, 20100, 'Please initiate a GATT connection to the PTS.\n\nDescription: Verify that the Implementation Under Test (IUT) can initiate a GATT connect request to the PTS.', GAP/SEC/SEM/BI-10-C
2021-10-05 02:58:31,000 root DEBUG gap.py                    377   gap_conn                  : gap_conn None None
2021-10-05 02:58:31,000 root DEBUG iutctl_common.py          117   send                      : send, 1 14 0 "bytearray(b'\\x00\\xe4\\x1f\\xf2\\xdc\\x1b\\x00\\x00')"
2021-10-05 02:58:31,000 root DEBUG iutctl_common.py          120   send                      : btpclient command: send 1 14 0 "bytearray(b'\\x00\\xe4\\x1f\\xf2\\xdc\\x1b\\x00\\x00')"
2021-10-05 02:58:31,000 root DEBUG iutctl_common.py          125   send                      : sending frame b'\x01\x0e\x00\x08\x00\x00\xe4\x1f\xf2\xdc\x1b\x00\x00'
2021-10-05 02:58:31,000 root DEBUG gap.py                    770   gap_command_rsp_succ      : gap_command_rsp_succ
2021-10-05 02:58:31,000 root DEBUG iutctl_common.py          174   read                      : read
2021-10-05 02:58:31,062 root DEBUG iutctl_common.py          98    read                      : Received: hdr: Header(svc_id=1, op=14, ctrl_index=0, data_len=0) bytearray(b'\x01\x0e\x00\x00\x00')
2021-10-05 02:58:31,078 root DEBUG iutctl_common.py          111   read                      : Received data: "('',)", bytearray(b'')
2021-10-05 02:58:31,078 root DEBUG gap.py                    775   gap_command_rsp_succ      : received Header(svc_id=1, op=14, ctrl_index=0, data_len=0) (b'',)
2021-10-05 02:58:31,078 root DEBUG testcase.py               713   on_implicit_send          : Sending response 'OK'
2021-10-05 02:58:31,078 ClientCallback.on_implicit_send INFO autoptsclient_common.py   186   on_implicit_send          : test case returned on_implicit_send, response: OK
2021-10-05 02:58:31,078 ClientCallback.on_implicit_send INFO autoptsclient_common.py   196   on_implicit_send          : END OnImplicitSend:
2021-10-05 02:58:31,078 ClientCallback.on_implicit_send INFO autoptsclient_common.py   197   on_implicit_send          : ********************
2021-10-05 02:58:31,484 root DEBUG iutctl_common.py          98    read                      : Received: hdr: Header(svc_id=1, op=130, ctrl_index=0, data_len=13) bytearray(b'\x01\x82\x00\r\x00')
2021-10-05 02:58:31,484 root DEBUG iutctl_common.py          111   read                      : Received data: "('\x00ä\x1fòÜ\x1b\x00(\x00\x00\x00\x90\x01',)", bytearray(b'\x00\xe4\x1f\xf2\xdc\x1b\x00(\x00\x00\x00\x90\x01')
2021-10-05 02:58:31,484 root DEBUG btp.py                    423   event_handler             : event_handler Header(svc_id=1, op=130, ctrl_index=0, data_len=13) (b'\x00\xe4\x1f\xf2\xdc\x1b\x00(\x00\x00\x00\x90\x01',)
2021-10-05 02:58:31,484 root DEBUG gap.py                    128   gap_connected_ev_         : gap_connected_ev_ b'\x00\xe4\x1f\xf2\xdc\x1b\x00(\x00\x00\x00\x90\x01'
2021-10-05 02:58:32,500 ClientCallback.on_implicit_send INFO autoptsclient_common.py   169   on_implicit_send          : ********************
2021-10-05 02:58:32,500 ClientCallback.on_implicit_send INFO autoptsclient_common.py   170   on_implicit_send          : BEGIN OnImplicitSend:
2021-10-05 02:58:32,500 ClientCallback.on_implicit_send INFO autoptsclient_common.py   171   on_implicit_send          : project_name: GAP
2021-10-05 02:58:32,500 ClientCallback.on_implicit_send INFO autoptsclient_common.py   172   on_implicit_send          : wid: 208
2021-10-05 02:58:32,500 ClientCallback.on_implicit_send INFO autoptsclient_common.py   173   on_implicit_send          : test_case_name: GAP/SEC/SEM/BI-10-C
2021-10-05 02:58:32,500 ClientCallback.on_implicit_send INFO autoptsclient_common.py   174   on_implicit_send          : description: Please configure the IUT into LE Security Mode 1 Level 4 and start pairing process.
2021-10-05 02:58:32,500 ClientCallback.on_implicit_send INFO autoptsclient_common.py   175   on_implicit_send          : style: MMI_Style_Ok_Cancel2 0x11141
2021-10-05 02:58:32,500 ClientCallback.on_implicit_send INFO autoptsclient_common.py   181   on_implicit_send          : Calling test cases on_implicit_send
2021-10-05 02:58:32,500 root DEBUG testcase.py               675   on_implicit_send          : GAP GAP/SEC/SEM/BI-10-C on_implicit_send
2021-10-05 02:58:32,500 root DEBUG testcase.py               619   join_post_wid_thread      : GAP GAP/SEC/SEM/BI-10-C join_post_wid_thread
2021-10-05 02:58:32,500 root DEBUG testcase.py               621   join_post_wid_thread      : self.post_wid_thread None
2021-10-05 02:58:32,500 root DEBUG gap_wid.py                29    gap_wid_hdl               : gap_wid_hdl, 208, 'Please configure the IUT into LE Security Mode 1 Level 4 and start pairing process.', GAP/SEC/SEM/BI-10-C
2021-10-05 02:58:32,500 root DEBUG gap.py                    459   gap_pair                  : gap_pair None None
2021-10-05 02:58:32,500 root DEBUG iutctl_common.py          117   send                      : send, 1 17 0 "bytearray(b'\\x00\\xe4\\x1f\\xf2\\xdc\\x1b\\x00')"
2021-10-05 02:58:32,500 root DEBUG iutctl_common.py          120   send                      : btpclient command: send 1 17 0 "bytearray(b'\\x00\\xe4\\x1f\\xf2\\xdc\\x1b\\x00')"
2021-10-05 02:58:32,500 root DEBUG iutctl_common.py          125   send                      : sending frame b'\x01\x11\x00\x07\x00\x00\xe4\x1f\xf2\xdc\x1b\x00'
2021-10-05 02:58:32,500 root DEBUG gap.py                    770   gap_command_rsp_succ      : gap_command_rsp_succ
2021-10-05 02:58:32,500 root DEBUG iutctl_common.py          174   read                      : read
2021-10-05 02:58:32,578 root DEBUG iutctl_common.py          98    read                      : Received: hdr: Header(svc_id=1, op=17, ctrl_index=0, data_len=0) bytearray(b'\x01\x11\x00\x00\x00')
2021-10-05 02:58:32,578 root DEBUG iutctl_common.py          111   read                      : Received data: "('',)", bytearray(b'')
2021-10-05 02:58:32,593 root DEBUG gap.py                    775   gap_command_rsp_succ      : received Header(svc_id=1, op=17, ctrl_index=0, data_len=0) (b'',)
2021-10-05 02:58:32,593 root DEBUG testcase.py               713   on_implicit_send          : Sending response 'OK'
2021-10-05 02:58:32,593 ClientCallback.on_implicit_send INFO autoptsclient_common.py   186   on_implicit_send          : test case returned on_implicit_send, response: OK
2021-10-05 02:58:32,593 ClientCallback.on_implicit_send INFO autoptsclient_common.py   196   on_implicit_send          : END OnImplicitSend:
2021-10-05 02:58:32,593 ClientCallback.on_implicit_send INFO autoptsclient_common.py   197   on_implicit_send          : ********************
2021-10-05 02:58:32,671 ClientCallback.on_implicit_send INFO autoptsclient_common.py   169   on_implicit_send          : ********************
2021-10-05 02:58:32,671 ClientCallback.on_implicit_send INFO autoptsclient_common.py   170   on_implicit_send          : BEGIN OnImplicitSend:
2021-10-05 02:58:32,671 ClientCallback.on_implicit_send INFO autoptsclient_common.py   171   on_implicit_send          : project_name: GAP
2021-10-05 02:58:32,671 ClientCallback.on_implicit_send INFO autoptsclient_common.py   172   on_implicit_send          : wid: 20115
2021-10-05 02:58:32,671 ClientCallback.on_implicit_send INFO autoptsclient_common.py   173   on_implicit_send          : test_case_name: GAP/SEC/SEM/BI-10-C
2021-10-05 02:58:32,671 ClientCallback.on_implicit_send INFO autoptsclient_common.py   174   on_implicit_send          : description: Please initiate a GATT disconnection to the PTS.

Description: Verify that the Implementation Under Test (IUT) can initiate GATT disconnect request to PTS.
2021-10-05 02:58:32,671 ClientCallback.on_implicit_send INFO autoptsclient_common.py   175   on_implicit_send          : style: MMI_Style_Ok_Cancel2 0x11141
2021-10-05 02:58:32,671 ClientCallback.on_implicit_send INFO autoptsclient_common.py   181   on_implicit_send          : Calling test cases on_implicit_send
2021-10-05 02:58:32,671 root DEBUG testcase.py               675   on_implicit_send          : GAP GAP/SEC/SEM/BI-10-C on_implicit_send
2021-10-05 02:58:32,671 root DEBUG testcase.py               619   join_post_wid_thread      : GAP GAP/SEC/SEM/BI-10-C join_post_wid_thread
2021-10-05 02:58:32,671 root DEBUG testcase.py               621   join_post_wid_thread      : self.post_wid_thread None
2021-10-05 02:58:32,671 root DEBUG gap_wid.py                29    gap_wid_hdl               : gap_wid_hdl, 20115, 'Please initiate a GATT disconnection to the PTS.\n\nDescription: Verify that the Implementation Under Test (IUT) can initiate GATT disconnect request to PTS.', GAP/SEC/SEM/BI-10-C
2021-10-05 02:58:32,671 root DEBUG gap.py                    419   gap_disconn               : gap_disconn None None
2021-10-05 02:58:32,671 root DEBUG iutctl_common.py          117   send                      : send, 1 15 0 "bytearray(b'\\x00\\xe4\\x1f\\xf2\\xdc\\x1b\\x00')"
2021-10-05 02:58:32,671 root DEBUG iutctl_common.py          120   send                      : btpclient command: send 1 15 0 "bytearray(b'\\x00\\xe4\\x1f\\xf2\\xdc\\x1b\\x00')"
2021-10-05 02:58:32,671 root DEBUG iutctl_common.py          125   send                      : sending frame b'\x01\x0f\x00\x07\x00\x00\xe4\x1f\xf2\xdc\x1b\x00'
2021-10-05 02:58:32,671 root DEBUG gap.py                    770   gap_command_rsp_succ      : gap_command_rsp_succ
2021-10-05 02:58:32,671 root DEBUG iutctl_common.py          174   read                      : read
2021-10-05 02:58:32,749 root DEBUG iutctl_common.py          98    read                      : Received: hdr: Header(svc_id=1, op=15, ctrl_index=0, data_len=0) bytearray(b'\x01\x0f\x00\x00\x00')
2021-10-05 02:58:32,765 root DEBUG iutctl_common.py          111   read                      : Received data: "('',)", bytearray(b'')
2021-10-05 02:58:32,765 root DEBUG iutctl_common.py          98    read                      : Received: hdr: Header(svc_id=1, op=131, ctrl_index=0, data_len=7) bytearray(b'\x01\x83\x00\x07\x00')
2021-10-05 02:58:32,765 root DEBUG gap.py                    775   gap_command_rsp_succ      : received Header(svc_id=1, op=15, ctrl_index=0, data_len=0) (b'',)
2021-10-05 02:58:32,765 root DEBUG testcase.py               713   on_implicit_send          : Sending response 'OK'
2021-10-05 02:58:32,765 ClientCallback.on_implicit_send INFO autoptsclient_common.py   186   on_implicit_send          : test case returned on_implicit_send, response: OK
2021-10-05 02:58:32,765 ClientCallback.on_implicit_send INFO autoptsclient_common.py   196   on_implicit_send          : END OnImplicitSend:
2021-10-05 02:58:32,765 root DEBUG iutctl_common.py          111   read                      : Received data: "('\x00ä\x1fòÜ\x1b\x00',)", bytearray(b'\x00\xe4\x1f\xf2\xdc\x1b\x00')
2021-10-05 02:58:32,765 ClientCallback.on_implicit_send INFO autoptsclient_common.py   197   on_implicit_send          : ********************
2021-10-05 02:58:32,765 root DEBUG btp.py                    423   event_handler             : event_handler Header(svc_id=1, op=131, ctrl_index=0, data_len=7) (b'\x00\xe4\x1f\xf2\xdc\x1b\x00',)
2021-10-05 02:58:32,765 root DEBUG gap.py                    142   gap_disconnected_ev_      : gap_disconnected_ev_ b'\x00\xe4\x1f\xf2\xdc\x1b\x00'
2021-10-05 02:58:32,765 ClientCallback.on_implicit_send INFO autoptsclient_common.py   169   on_implicit_send          : ********************
2021-10-05 02:58:32,765 ClientCallback.on_implicit_send INFO autoptsclient_common.py   170   on_implicit_send          : BEGIN OnImplicitSend:
2021-10-05 02:58:32,765 ClientCallback.on_implicit_send INFO autoptsclient_common.py   171   on_implicit_send          : project_name: GAP
2021-10-05 02:58:32,765 ClientCallback.on_implicit_send INFO autoptsclient_common.py   172   on_implicit_send          : wid: 20100
2021-10-05 02:58:32,765 ClientCallback.on_implicit_send INFO autoptsclient_common.py   173   on_implicit_send          : test_case_name: GAP/SEC/SEM/BI-10-C
2021-10-05 02:58:32,765 ClientCallback.on_implicit_send INFO autoptsclient_common.py   174   on_implicit_send          : description: Please initiate a GATT connection to the PTS.

Description: Verify that the Implementation Under Test (IUT) can initiate a GATT connect request to the PTS.
2021-10-05 02:58:32,765 ClientCallback.on_implicit_send INFO autoptsclient_common.py   175   on_implicit_send          : style: MMI_Style_Ok_Cancel2 0x11141
2021-10-05 02:58:32,765 ClientCallback.on_implicit_send INFO autoptsclient_common.py   181   on_implicit_send          : Calling test cases on_implicit_send
2021-10-05 02:58:32,765 root DEBUG testcase.py               675   on_implicit_send          : GAP GAP/SEC/SEM/BI-10-C on_implicit_send
2021-10-05 02:58:32,765 root DEBUG testcase.py               619   join_post_wid_thread      : GAP GAP/SEC/SEM/BI-10-C join_post_wid_thread
2021-10-05 02:58:32,765 root DEBUG testcase.py               621   join_post_wid_thread      : self.post_wid_thread None
2021-10-05 02:58:32,765 root DEBUG gap_wid.py                29    gap_wid_hdl               : gap_wid_hdl, 20100, 'Please initiate a GATT connection to the PTS.\n\nDescription: Verify that the Implementation Under Test (IUT) can initiate a GATT connect request to the PTS.', GAP/SEC/SEM/BI-10-C
2021-10-05 02:58:32,765 root DEBUG gap.py                    377   gap_conn                  : gap_conn None None
2021-10-05 02:58:32,765 root DEBUG iutctl_common.py          117   send                      : send, 1 14 0 "bytearray(b'\\x00\\xe4\\x1f\\xf2\\xdc\\x1b\\x00\\x00')"
2021-10-05 02:58:32,765 root DEBUG iutctl_common.py          120   send                      : btpclient command: send 1 14 0 "bytearray(b'\\x00\\xe4\\x1f\\xf2\\xdc\\x1b\\x00\\x00')"
2021-10-05 02:58:32,765 root DEBUG iutctl_common.py          125   send                      : sending frame b'\x01\x0e\x00\x08\x00\x00\xe4\x1f\xf2\xdc\x1b\x00\x00'
2021-10-05 02:58:32,765 root DEBUG gap.py                    770   gap_command_rsp_succ      : gap_command_rsp_succ
2021-10-05 02:58:32,765 root DEBUG iutctl_common.py          174   read                      : read
2021-10-05 02:58:32,828 root DEBUG iutctl_common.py          98    read                      : Received: hdr: Header(svc_id=1, op=14, ctrl_index=0, data_len=0) bytearray(b'\x01\x0e\x00\x00\x00')
2021-10-05 02:58:32,843 root DEBUG iutctl_common.py          111   read                      : Received data: "('',)", bytearray(b'')
2021-10-05 02:58:32,859 root DEBUG gap.py                    775   gap_command_rsp_succ      : received Header(svc_id=1, op=14, ctrl_index=0, data_len=0) (b'',)
2021-10-05 02:58:32,859 root DEBUG testcase.py               713   on_implicit_send          : Sending response 'OK'
2021-10-05 02:58:32,859 ClientCallback.on_implicit_send INFO autoptsclient_common.py   186   on_implicit_send          : test case returned on_implicit_send, response: OK
2021-10-05 02:58:32,859 ClientCallback.on_implicit_send INFO autoptsclient_common.py   196   on_implicit_send          : END OnImplicitSend:
2021-10-05 02:58:32,859 ClientCallback.on_implicit_send INFO autoptsclient_common.py   197   on_implicit_send          : ********************
2021-10-05 02:58:33,234 root DEBUG iutctl_common.py          98    read                      : Received: hdr: Header(svc_id=1, op=130, ctrl_index=0, data_len=13) bytearray(b'\x01\x82\x00\r\x00')
2021-10-05 02:58:33,234 root DEBUG iutctl_common.py          111   read                      : Received data: "('\x00ä\x1fòÜ\x1b\x00(\x00\x00\x00\x90\x01',)", bytearray(b'\x00\xe4\x1f\xf2\xdc\x1b\x00(\x00\x00\x00\x90\x01')
2021-10-05 02:58:33,234 root DEBUG btp.py                    423   event_handler             : event_handler Header(svc_id=1, op=130, ctrl_index=0, data_len=13) (b'\x00\xe4\x1f\xf2\xdc\x1b\x00(\x00\x00\x00\x90\x01',)
2021-10-05 02:58:33,234 root DEBUG gap.py                    128   gap_connected_ev_         : gap_connected_ev_ b'\x00\xe4\x1f\xf2\xdc\x1b\x00(\x00\x00\x00\x90\x01'
2021-10-05 02:58:34,234 ClientCallback.on_implicit_send INFO autoptsclient_common.py   169   on_implicit_send          : ********************
2021-10-05 02:58:34,234 ClientCallback.on_implicit_send INFO autoptsclient_common.py   170   on_implicit_send          : BEGIN OnImplicitSend:
2021-10-05 02:58:34,234 ClientCallback.on_implicit_send INFO autoptsclient_common.py   171   on_implicit_send          : project_name: GAP
2021-10-05 02:58:34,234 ClientCallback.on_implicit_send INFO autoptsclient_common.py   172   on_implicit_send          : wid: 208
2021-10-05 02:58:34,234 ClientCallback.on_implicit_send INFO autoptsclient_common.py   173   on_implicit_send          : test_case_name: GAP/SEC/SEM/BI-10-C
2021-10-05 02:58:34,234 ClientCallback.on_implicit_send INFO autoptsclient_common.py   174   on_implicit_send          : description: Please configure the IUT into LE Security Mode 1 Level 4 and start pairing process.
2021-10-05 02:58:34,234 ClientCallback.on_implicit_send INFO autoptsclient_common.py   175   on_implicit_send          : style: MMI_Style_Ok_Cancel2 0x11141
2021-10-05 02:58:34,234 ClientCallback.on_implicit_send INFO autoptsclient_common.py   181   on_implicit_send          : Calling test cases on_implicit_send
2021-10-05 02:58:34,234 root DEBUG testcase.py               675   on_implicit_send          : GAP GAP/SEC/SEM/BI-10-C on_implicit_send
2021-10-05 02:58:34,234 root DEBUG testcase.py               619   join_post_wid_thread      : GAP GAP/SEC/SEM/BI-10-C join_post_wid_thread
2021-10-05 02:58:34,234 root DEBUG testcase.py               621   join_post_wid_thread      : self.post_wid_thread None
2021-10-05 02:58:34,234 root DEBUG gap_wid.py                29    gap_wid_hdl               : gap_wid_hdl, 208, 'Please configure the IUT into LE Security Mode 1 Level 4 and start pairing process.', GAP/SEC/SEM/BI-10-C
2021-10-05 02:58:34,234 root DEBUG gap.py                    459   gap_pair                  : gap_pair None None
2021-10-05 02:58:34,234 root DEBUG iutctl_common.py          117   send                      : send, 1 17 0 "bytearray(b'\\x00\\xe4\\x1f\\xf2\\xdc\\x1b\\x00')"
2021-10-05 02:58:34,234 root DEBUG iutctl_common.py          120   send                      : btpclient command: send 1 17 0 "bytearray(b'\\x00\\xe4\\x1f\\xf2\\xdc\\x1b\\x00')"
2021-10-05 02:58:34,234 root DEBUG iutctl_common.py          125   send                      : sending frame b'\x01\x11\x00\x07\x00\x00\xe4\x1f\xf2\xdc\x1b\x00'
2021-10-05 02:58:34,234 root DEBUG gap.py                    770   gap_command_rsp_succ      : gap_command_rsp_succ
2021-10-05 02:58:34,234 root DEBUG iutctl_common.py          174   read                      : read
2021-10-05 02:58:34,312 root DEBUG iutctl_common.py          98    read                      : Received: hdr: Header(svc_id=1, op=17, ctrl_index=0, data_len=0) bytearray(b'\x01\x11\x00\x00\x00')
2021-10-05 02:58:34,327 root DEBUG iutctl_common.py          111   read                      : Received data: "('',)", bytearray(b'')
2021-10-05 02:58:34,327 root DEBUG gap.py                    775   gap_command_rsp_succ      : received Header(svc_id=1, op=17, ctrl_index=0, data_len=0) (b'',)
2021-10-05 02:58:34,327 root DEBUG testcase.py               713   on_implicit_send          : Sending response 'OK'
2021-10-05 02:58:34,327 ClientCallback.on_implicit_send INFO autoptsclient_common.py   186   on_implicit_send          : test case returned on_implicit_send, response: OK
2021-10-05 02:58:34,327 ClientCallback.on_implicit_send INFO autoptsclient_common.py   196   on_implicit_send          : END OnImplicitSend:
2021-10-05 02:58:34,327 ClientCallback.on_implicit_send INFO autoptsclient_common.py   197   on_implicit_send          : ********************
2021-10-05 02:58:34,421 ClientCallback.on_implicit_send INFO autoptsclient_common.py   169   on_implicit_send          : ********************
2021-10-05 02:58:34,421 ClientCallback.on_implicit_send INFO autoptsclient_common.py   170   on_implicit_send          : BEGIN OnImplicitSend:
2021-10-05 02:58:34,421 ClientCallback.on_implicit_send INFO autoptsclient_common.py   171   on_implicit_send          : project_name: GAP
2021-10-05 02:58:34,421 ClientCallback.on_implicit_send INFO autoptsclient_common.py   172   on_implicit_send          : wid: 20115
2021-10-05 02:58:34,421 ClientCallback.on_implicit_send INFO autoptsclient_common.py   173   on_implicit_send          : test_case_name: GAP/SEC/SEM/BI-10-C
2021-10-05 02:58:34,421 ClientCallback.on_implicit_send INFO autoptsclient_common.py   174   on_implicit_send          : description: Please initiate a GATT disconnection to the PTS.

Description: Verify that the Implementation Under Test (IUT) can initiate GATT disconnect request to PTS.
2021-10-05 02:58:34,421 ClientCallback.on_implicit_send INFO autoptsclient_common.py   175   on_implicit_send          : style: MMI_Style_Ok_Cancel2 0x11141
2021-10-05 02:58:34,421 ClientCallback.on_implicit_send INFO autoptsclient_common.py   181   on_implicit_send          : Calling test cases on_implicit_send
2021-10-05 02:58:34,421 root DEBUG testcase.py               675   on_implicit_send          : GAP GAP/SEC/SEM/BI-10-C on_implicit_send
2021-10-05 02:58:34,421 root DEBUG testcase.py               619   join_post_wid_thread      : GAP GAP/SEC/SEM/BI-10-C join_post_wid_thread
2021-10-05 02:58:34,421 root DEBUG testcase.py               621   join_post_wid_thread      : self.post_wid_thread None
2021-10-05 02:58:34,421 root DEBUG gap_wid.py                29    gap_wid_hdl               : gap_wid_hdl, 20115, 'Please initiate a GATT disconnection to the PTS.\n\nDescription: Verify that the Implementation Under Test (IUT) can initiate GATT disconnect request to PTS.', GAP/SEC/SEM/BI-10-C
2021-10-05 02:58:34,421 root DEBUG gap.py                    419   gap_disconn               : gap_disconn None None
2021-10-05 02:58:34,421 root DEBUG iutctl_common.py          117   send                      : send, 1 15 0 "bytearray(b'\\x00\\xe4\\x1f\\xf2\\xdc\\x1b\\x00')"
2021-10-05 02:58:34,421 root DEBUG iutctl_common.py          120   send                      : btpclient command: send 1 15 0 "bytearray(b'\\x00\\xe4\\x1f\\xf2\\xdc\\x1b\\x00')"
2021-10-05 02:58:34,421 root DEBUG iutctl_common.py          125   send                      : sending frame b'\x01\x0f\x00\x07\x00\x00\xe4\x1f\xf2\xdc\x1b\x00'
2021-10-05 02:58:34,421 root DEBUG gap.py                    770   gap_command_rsp_succ      : gap_command_rsp_succ
2021-10-05 02:58:34,421 root DEBUG iutctl_common.py          174   read                      : read
2021-10-05 02:58:34,499 root DEBUG iutctl_common.py          98    read                      : Received: hdr: Header(svc_id=1, op=15, ctrl_index=0, data_len=0) bytearray(b'\x01\x0f\x00\x00\x00')
2021-10-05 02:58:34,515 root DEBUG iutctl_common.py          111   read                      : Received data: "('',)", bytearray(b'')
2021-10-05 02:58:34,546 root DEBUG iutctl_common.py          98    read                      : Received: hdr: Header(svc_id=1, op=131, ctrl_index=0, data_len=7) bytearray(b'\x01\x83\x00\x07\x00')
2021-10-05 02:58:34,546 root DEBUG gap.py                    775   gap_command_rsp_succ      : received Header(svc_id=1, op=15, ctrl_index=0, data_len=0) (b'',)
2021-10-05 02:58:34,546 root DEBUG iutctl_common.py          111   read                      : Received data: "('\x00ä\x1fòÜ\x1b\x00',)", bytearray(b'\x00\xe4\x1f\xf2\xdc\x1b\x00')
2021-10-05 02:58:34,546 root DEBUG testcase.py               713   on_implicit_send          : Sending response 'OK'
2021-10-05 02:58:34,546 root DEBUG btp.py                    423   event_handler             : event_handler Header(svc_id=1, op=131, ctrl_index=0, data_len=7) (b'\x00\xe4\x1f\xf2\xdc\x1b\x00',)
2021-10-05 02:58:34,546 ClientCallback.on_implicit_send INFO autoptsclient_common.py   186   on_implicit_send          : test case returned on_implicit_send, response: OK
2021-10-05 02:58:34,546 root DEBUG gap.py                    142   gap_disconnected_ev_      : gap_disconnected_ev_ b'\x00\xe4\x1f\xf2\xdc\x1b\x00'
2021-10-05 02:58:34,546 ClientCallback.on_implicit_send INFO autoptsclient_common.py   196   on_implicit_send          : END OnImplicitSend:
2021-10-05 02:58:34,546 ClientCallback.on_implicit_send INFO autoptsclient_common.py   197   on_implicit_send          : ********************
2021-10-05 02:58:34,546 ClientCallback.on_implicit_send INFO autoptsclient_common.py   169   on_implicit_send          : ********************
2021-10-05 02:58:34,546 ClientCallback.on_implicit_send INFO autoptsclient_common.py   170   on_implicit_send          : BEGIN OnImplicitSend:
2021-10-05 02:58:34,546 ClientCallback.on_implicit_send INFO autoptsclient_common.py   171   on_implicit_send          : project_name: GAP
2021-10-05 02:58:34,546 ClientCallback.on_implicit_send INFO autoptsclient_common.py   172   on_implicit_send          : wid: 20100
2021-10-05 02:58:34,546 ClientCallback.on_implicit_send INFO autoptsclient_common.py   173   on_implicit_send          : test_case_name: GAP/SEC/SEM/BI-10-C
2021-10-05 02:58:34,546 ClientCallback.on_implicit_send INFO autoptsclient_common.py   174   on_implicit_send          : description: Please initiate a GATT connection to the PTS.

Description: Verify that the Implementation Under Test (IUT) can initiate a GATT connect request to the PTS.
2021-10-05 02:58:34,546 ClientCallback.on_implicit_send INFO autoptsclient_common.py   175   on_implicit_send          : style: MMI_Style_Ok_Cancel2 0x11141
2021-10-05 02:58:34,546 ClientCallback.on_implicit_send INFO autoptsclient_common.py   181   on_implicit_send          : Calling test cases on_implicit_send
2021-10-05 02:58:34,546 root DEBUG testcase.py               675   on_implicit_send          : GAP GAP/SEC/SEM/BI-10-C on_implicit_send
2021-10-05 02:58:34,546 root DEBUG testcase.py               619   join_post_wid_thread      : GAP GAP/SEC/SEM/BI-10-C join_post_wid_thread
2021-10-05 02:58:34,546 root DEBUG testcase.py               621   join_post_wid_thread      : self.post_wid_thread None
2021-10-05 02:58:34,546 root DEBUG gap_wid.py                29    gap_wid_hdl               : gap_wid_hdl, 20100, 'Please initiate a GATT connection to the PTS.\n\nDescription: Verify that the Implementation Under Test (IUT) can initiate a GATT connect request to the PTS.', GAP/SEC/SEM/BI-10-C
2021-10-05 02:58:34,546 root DEBUG gap.py                    377   gap_conn                  : gap_conn None None
2021-10-05 02:58:34,546 root DEBUG iutctl_common.py          117   send                      : send, 1 14 0 "bytearray(b'\\x00\\xe4\\x1f\\xf2\\xdc\\x1b\\x00\\x00')"
2021-10-05 02:58:34,546 root DEBUG iutctl_common.py          120   send                      : btpclient command: send 1 14 0 "bytearray(b'\\x00\\xe4\\x1f\\xf2\\xdc\\x1b\\x00\\x00')"
2021-10-05 02:58:34,546 root DEBUG iutctl_common.py          125   send                      : sending frame b'\x01\x0e\x00\x08\x00\x00\xe4\x1f\xf2\xdc\x1b\x00\x00'
2021-10-05 02:58:34,546 root DEBUG gap.py                    770   gap_command_rsp_succ      : gap_command_rsp_succ
2021-10-05 02:58:34,546 root DEBUG iutctl_common.py          174   read                      : read
2021-10-05 02:58:34,624 root DEBUG iutctl_common.py          98    read                      : Received: hdr: Header(svc_id=1, op=14, ctrl_index=0, data_len=0) bytearray(b'\x01\x0e\x00\x00\x00')
2021-10-05 02:58:34,640 root DEBUG iutctl_common.py          111   read                      : Received data: "('',)", bytearray(b'')
2021-10-05 02:58:34,640 root DEBUG gap.py                    775   gap_command_rsp_succ      : received Header(svc_id=1, op=14, ctrl_index=0, data_len=0) (b'',)
2021-10-05 02:58:34,640 root DEBUG testcase.py               713   on_implicit_send          : Sending response 'OK'
2021-10-05 02:58:34,640 ClientCallback.on_implicit_send INFO autoptsclient_common.py   186   on_implicit_send          : test case returned on_implicit_send, response: OK
2021-10-05 02:58:34,640 ClientCallback.on_implicit_send INFO autoptsclient_common.py   196   on_implicit_send          : END OnImplicitSend:
2021-10-05 02:58:34,640 ClientCallback.on_implicit_send INFO autoptsclient_common.py   197   on_implicit_send          : ********************
2021-10-05 02:58:34,968 root DEBUG iutctl_common.py          98    read                      : Received: hdr: Header(svc_id=1, op=130, ctrl_index=0, data_len=13) bytearray(b'\x01\x82\x00\r\x00')
2021-10-05 02:58:34,968 root DEBUG iutctl_common.py          111   read                      : Received data: "('\x00ä\x1fòÜ\x1b\x00(\x00\x00\x00\x90\x01',)", bytearray(b'\x00\xe4\x1f\xf2\xdc\x1b\x00(\x00\x00\x00\x90\x01')
2021-10-05 02:58:34,968 root DEBUG btp.py                    423   event_handler             : event_handler Header(svc_id=1, op=130, ctrl_index=0, data_len=13) (b'\x00\xe4\x1f\xf2\xdc\x1b\x00(\x00\x00\x00\x90\x01',)
2021-10-05 02:58:34,968 root DEBUG gap.py                    128   gap_connected_ev_         : gap_connected_ev_ b'\x00\xe4\x1f\xf2\xdc\x1b\x00(\x00\x00\x00\x90\x01'
2021-10-05 02:58:35,983 ClientCallback.on_implicit_send INFO autoptsclient_common.py   169   on_implicit_send          : ********************
2021-10-05 02:58:35,983 ClientCallback.on_implicit_send INFO autoptsclient_common.py   170   on_implicit_send          : BEGIN OnImplicitSend:
2021-10-05 02:58:35,983 ClientCallback.on_implicit_send INFO autoptsclient_common.py   171   on_implicit_send          : project_name: GAP
2021-10-05 02:58:35,983 ClientCallback.on_implicit_send INFO autoptsclient_common.py   172   on_implicit_send          : wid: 208
2021-10-05 02:58:35,983 ClientCallback.on_implicit_send INFO autoptsclient_common.py   173   on_implicit_send          : test_case_name: GAP/SEC/SEM/BI-10-C
2021-10-05 02:58:35,983 ClientCallback.on_implicit_send INFO autoptsclient_common.py   174   on_implicit_send          : description: Please configure the IUT into LE Security Mode 1 Level 4 and start pairing process.
2021-10-05 02:58:35,983 ClientCallback.on_implicit_send INFO autoptsclient_common.py   175   on_implicit_send          : style: MMI_Style_Ok_Cancel2 0x11141
2021-10-05 02:58:35,983 ClientCallback.on_implicit_send INFO autoptsclient_common.py   181   on_implicit_send          : Calling test cases on_implicit_send
2021-10-05 02:58:35,983 root DEBUG testcase.py               675   on_implicit_send          : GAP GAP/SEC/SEM/BI-10-C on_implicit_send
2021-10-05 02:58:35,983 root DEBUG testcase.py               619   join_post_wid_thread      : GAP GAP/SEC/SEM/BI-10-C join_post_wid_thread
2021-10-05 02:58:35,983 root DEBUG testcase.py               621   join_post_wid_thread      : self.post_wid_thread None
2021-10-05 02:58:35,983 root DEBUG gap_wid.py                29    gap_wid_hdl               : gap_wid_hdl, 208, 'Please configure the IUT into LE Security Mode 1 Level 4 and start pairing process.', GAP/SEC/SEM/BI-10-C
2021-10-05 02:58:35,983 root DEBUG gap.py                    459   gap_pair                  : gap_pair None None
2021-10-05 02:58:35,983 root DEBUG iutctl_common.py          117   send                      : send, 1 17 0 "bytearray(b'\\x00\\xe4\\x1f\\xf2\\xdc\\x1b\\x00')"
2021-10-05 02:58:35,983 root DEBUG iutctl_common.py          120   send                      : btpclient command: send 1 17 0 "bytearray(b'\\x00\\xe4\\x1f\\xf2\\xdc\\x1b\\x00')"
2021-10-05 02:58:35,983 root DEBUG iutctl_common.py          125   send                      : sending frame b'\x01\x11\x00\x07\x00\x00\xe4\x1f\xf2\xdc\x1b\x00'
2021-10-05 02:58:35,983 root DEBUG gap.py                    770   gap_command_rsp_succ      : gap_command_rsp_succ
2021-10-05 02:58:35,983 root DEBUG iutctl_common.py          174   read                      : read
2021-10-05 02:58:36,077 root DEBUG iutctl_common.py          98    read                      : Received: hdr: Header(svc_id=1, op=17, ctrl_index=0, data_len=0) bytearray(b'\x01\x11\x00\x00\x00')
2021-10-05 02:58:36,093 root DEBUG iutctl_common.py          111   read                      : Received data: "('',)", bytearray(b'')
2021-10-05 02:58:36,124 root DEBUG gap.py                    775   gap_command_rsp_succ      : received Header(svc_id=1, op=17, ctrl_index=0, data_len=0) (b'',)
2021-10-05 02:58:36,124 root DEBUG testcase.py               713   on_implicit_send          : Sending response 'OK'
2021-10-05 02:58:36,124 ClientCallback.on_implicit_send INFO autoptsclient_common.py   186   on_implicit_send          : test case returned on_implicit_send, response: OK
2021-10-05 02:58:36,124 ClientCallback.on_implicit_send INFO autoptsclient_common.py   196   on_implicit_send          : END OnImplicitSend:
2021-10-05 02:58:36,124 ClientCallback.on_implicit_send INFO autoptsclient_common.py   197   on_implicit_send          : ********************
2021-10-05 02:58:36,155 ClientCallback.on_implicit_send INFO autoptsclient_common.py   169   on_implicit_send          : ********************
2021-10-05 02:58:36,155 ClientCallback.on_implicit_send INFO autoptsclient_common.py   170   on_implicit_send          : BEGIN OnImplicitSend:
2021-10-05 02:58:36,155 ClientCallback.on_implicit_send INFO autoptsclient_common.py   171   on_implicit_send          : project_name: GAP
2021-10-05 02:58:36,155 ClientCallback.on_implicit_send INFO autoptsclient_common.py   172   on_implicit_send          : wid: 20115
2021-10-05 02:58:36,155 ClientCallback.on_implicit_send INFO autoptsclient_common.py   173   on_implicit_send          : test_case_name: GAP/SEC/SEM/BI-10-C
2021-10-05 02:58:36,155 ClientCallback.on_implicit_send INFO autoptsclient_common.py   174   on_implicit_send          : description: Please initiate a GATT disconnection to the PTS.

Description: Verify that the Implementation Under Test (IUT) can initiate GATT disconnect request to PTS.
2021-10-05 02:58:36,155 ClientCallback.on_implicit_send INFO autoptsclient_common.py   175   on_implicit_send          : style: MMI_Style_Ok_Cancel2 0x11141
2021-10-05 02:58:36,155 ClientCallback.on_implicit_send INFO autoptsclient_common.py   181   on_implicit_send          : Calling test cases on_implicit_send
2021-10-05 02:58:36,155 root DEBUG testcase.py               675   on_implicit_send          : GAP GAP/SEC/SEM/BI-10-C on_implicit_send
2021-10-05 02:58:36,155 root DEBUG testcase.py               619   join_post_wid_thread      : GAP GAP/SEC/SEM/BI-10-C join_post_wid_thread
2021-10-05 02:58:36,155 root DEBUG testcase.py               621   join_post_wid_thread      : self.post_wid_thread None
2021-10-05 02:58:36,155 root DEBUG gap_wid.py                29    gap_wid_hdl               : gap_wid_hdl, 20115, 'Please initiate a GATT disconnection to the PTS.\n\nDescription: Verify that the Implementation Under Test (IUT) can initiate GATT disconnect request to PTS.', GAP/SEC/SEM/BI-10-C
2021-10-05 02:58:36,155 root DEBUG gap.py                    419   gap_disconn               : gap_disconn None None
2021-10-05 02:58:36,155 root DEBUG iutctl_common.py          117   send                      : send, 1 15 0 "bytearray(b'\\x00\\xe4\\x1f\\xf2\\xdc\\x1b\\x00')"
2021-10-05 02:58:36,155 root DEBUG iutctl_common.py          120   send                      : btpclient command: send 1 15 0 "bytearray(b'\\x00\\xe4\\x1f\\xf2\\xdc\\x1b\\x00')"
2021-10-05 02:58:36,155 root DEBUG iutctl_common.py          125   send                      : sending frame b'\x01\x0f\x00\x07\x00\x00\xe4\x1f\xf2\xdc\x1b\x00'
2021-10-05 02:58:36,155 root DEBUG gap.py                    770   gap_command_rsp_succ      : gap_command_rsp_succ
2021-10-05 02:58:36,155 root DEBUG iutctl_common.py          174   read                      : read
2021-10-05 02:58:36,249 root DEBUG iutctl_common.py          98    read                      : Received: hdr: Header(svc_id=1, op=15, ctrl_index=0, data_len=0) bytearray(b'\x01\x0f\x00\x00\x00')
2021-10-05 02:58:36,264 root DEBUG iutctl_common.py          111   read                      : Received data: "('',)", bytearray(b'')
2021-10-05 02:58:36,296 root DEBUG iutctl_common.py          98    read                      : Received: hdr: Header(svc_id=1, op=131, ctrl_index=0, data_len=7) bytearray(b'\x01\x83\x00\x07\x00')
2021-10-05 02:58:36,296 root DEBUG gap.py                    775   gap_command_rsp_succ      : received Header(svc_id=1, op=15, ctrl_index=0, data_len=0) (b'',)
2021-10-05 02:58:36,296 root DEBUG iutctl_common.py          111   read                      : Received data: "('\x00ä\x1fòÜ\x1b\x00',)", bytearray(b'\x00\xe4\x1f\xf2\xdc\x1b\x00')
2021-10-05 02:58:36,296 root DEBUG testcase.py               713   on_implicit_send          : Sending response 'OK'
2021-10-05 02:58:36,296 ClientCallback.on_implicit_send INFO autoptsclient_common.py   186   on_implicit_send          : test case returned on_implicit_send, response: OK
2021-10-05 02:58:36,296 ClientCallback.on_implicit_send INFO autoptsclient_common.py   196   on_implicit_send          : END OnImplicitSend:
2021-10-05 02:58:36,296 ClientCallback.on_implicit_send INFO autoptsclient_common.py   197   on_implicit_send          : ********************
2021-10-05 02:58:36,296 root DEBUG btp.py                    423   event_handler             : event_handler Header(svc_id=1, op=131, ctrl_index=0, data_len=7) (b'\x00\xe4\x1f\xf2\xdc\x1b\x00',)
2021-10-05 02:58:36,296 root DEBUG gap.py                    142   gap_disconnected_ev_      : gap_disconnected_ev_ b'\x00\xe4\x1f\xf2\xdc\x1b\x00'
2021-10-05 02:58:36,296 ClientCallback.on_implicit_send INFO autoptsclient_common.py   169   on_implicit_send          : ********************
2021-10-05 02:58:36,296 ClientCallback.on_implicit_send INFO autoptsclient_common.py   170   on_implicit_send          : BEGIN OnImplicitSend:
2021-10-05 02:58:36,296 ClientCallback.on_implicit_send INFO autoptsclient_common.py   171   on_implicit_send          : project_name: GAP
2021-10-05 02:58:36,296 ClientCallback.on_implicit_send INFO autoptsclient_common.py   172   on_implicit_send          : wid: 20100
2021-10-05 02:58:36,296 ClientCallback.on_implicit_send INFO autoptsclient_common.py   173   on_implicit_send          : test_case_name: GAP/SEC/SEM/BI-10-C
2021-10-05 02:58:36,296 ClientCallback.on_implicit_send INFO autoptsclient_common.py   174   on_implicit_send          : description: Please initiate a GATT connection to the PTS.

Description: Verify that the Implementation Under Test (IUT) can initiate a GATT connect request to the PTS.
2021-10-05 02:58:36,296 ClientCallback.on_implicit_send INFO autoptsclient_common.py   175   on_implicit_send          : style: MMI_Style_Ok_Cancel2 0x11141
2021-10-05 02:58:36,296 ClientCallback.on_implicit_send INFO autoptsclient_common.py   181   on_implicit_send          : Calling test cases on_implicit_send
2021-10-05 02:58:36,296 root DEBUG testcase.py               675   on_implicit_send          : GAP GAP/SEC/SEM/BI-10-C on_implicit_send
2021-10-05 02:58:36,296 root DEBUG testcase.py               619   join_post_wid_thread      : GAP GAP/SEC/SEM/BI-10-C join_post_wid_thread
2021-10-05 02:58:36,296 root DEBUG testcase.py               621   join_post_wid_thread      : self.post_wid_thread None
2021-10-05 02:58:36,296 root DEBUG gap_wid.py                29    gap_wid_hdl               : gap_wid_hdl, 20100, 'Please initiate a GATT connection to the PTS.\n\nDescription: Verify that the Implementation Under Test (IUT) can initiate a GATT connect request to the PTS.', GAP/SEC/SEM/BI-10-C
2021-10-05 02:58:36,296 root DEBUG gap.py                    377   gap_conn                  : gap_conn None None
2021-10-05 02:58:36,296 root DEBUG iutctl_common.py          117   send                      : send, 1 14 0 "bytearray(b'\\x00\\xe4\\x1f\\xf2\\xdc\\x1b\\x00\\x00')"
2021-10-05 02:58:36,296 root DEBUG iutctl_common.py          120   send                      : btpclient command: send 1 14 0 "bytearray(b'\\x00\\xe4\\x1f\\xf2\\xdc\\x1b\\x00\\x00')"
2021-10-05 02:58:36,296 root DEBUG iutctl_common.py          125   send                      : sending frame b'\x01\x0e\x00\x08\x00\x00\xe4\x1f\xf2\xdc\x1b\x00\x00'
2021-10-05 02:58:36,296 root DEBUG gap.py                    770   gap_command_rsp_succ      : gap_command_rsp_succ
2021-10-05 02:58:36,296 root DEBUG iutctl_common.py          174   read                      : read
2021-10-05 02:58:36,374 root DEBUG iutctl_common.py          98    read                      : Received: hdr: Header(svc_id=1, op=14, ctrl_index=0, data_len=0) bytearray(b'\x01\x0e\x00\x00\x00')
2021-10-05 02:58:36,405 root DEBUG iutctl_common.py          111   read                      : Received data: "('',)", bytearray(b'')
2021-10-05 02:58:36,452 root DEBUG gap.py                    775   gap_command_rsp_succ      : received Header(svc_id=1, op=14, ctrl_index=0, data_len=0) (b'',)
2021-10-05 02:58:36,452 root DEBUG testcase.py               713   on_implicit_send          : Sending response 'OK'
2021-10-05 02:58:36,452 ClientCallback.on_implicit_send INFO autoptsclient_common.py   186   on_implicit_send          : test case returned on_implicit_send, response: OK
2021-10-05 02:58:36,452 ClientCallback.on_implicit_send INFO autoptsclient_common.py   196   on_implicit_send          : END OnImplicitSend:
2021-10-05 02:58:36,452 ClientCallback.on_implicit_send INFO autoptsclient_common.py   197   on_implicit_send          : ********************
2021-10-05 02:58:36,702 root DEBUG iutctl_common.py          98    read                      : Received: hdr: Header(svc_id=1, op=130, ctrl_index=0, data_len=13) bytearray(b'\x01\x82\x00\r\x00')
2021-10-05 02:58:36,702 root DEBUG iutctl_common.py          111   read                      : Received data: "('\x00ä\x1fòÜ\x1b\x00(\x00\x00\x00\x90\x01',)", bytearray(b'\x00\xe4\x1f\xf2\xdc\x1b\x00(\x00\x00\x00\x90\x01')
2021-10-05 02:58:36,702 root DEBUG btp.py                    423   event_handler             : event_handler Header(svc_id=1, op=130, ctrl_index=0, data_len=13) (b'\x00\xe4\x1f\xf2\xdc\x1b\x00(\x00\x00\x00\x90\x01',)
2021-10-05 02:58:36,702 root DEBUG gap.py                    128   gap_connected_ev_         : gap_connected_ev_ b'\x00\xe4\x1f\xf2\xdc\x1b\x00(\x00\x00\x00\x90\x01'
2021-10-05 02:58:37,702 ClientCallback.on_implicit_send INFO autoptsclient_common.py   169   on_implicit_send          : ********************
2021-10-05 02:58:37,702 ClientCallback.on_implicit_send INFO autoptsclient_common.py   170   on_implicit_send          : BEGIN OnImplicitSend:
2021-10-05 02:58:37,702 ClientCallback.on_implicit_send INFO autoptsclient_common.py   171   on_implicit_send          : project_name: GAP
2021-10-05 02:58:37,702 ClientCallback.on_implicit_send INFO autoptsclient_common.py   172   on_implicit_send          : wid: 208
2021-10-05 02:58:37,702 ClientCallback.on_implicit_send INFO autoptsclient_common.py   173   on_implicit_send          : test_case_name: GAP/SEC/SEM/BI-10-C
2021-10-05 02:58:37,702 ClientCallback.on_implicit_send INFO autoptsclient_common.py   174   on_implicit_send          : description: Please configure the IUT into LE Security Mode 1 Level 4 and start pairing process.
2021-10-05 02:58:37,702 ClientCallback.on_implicit_send INFO autoptsclient_common.py   175   on_implicit_send          : style: MMI_Style_Ok_Cancel2 0x11141
2021-10-05 02:58:37,702 ClientCallback.on_implicit_send INFO autoptsclient_common.py   181   on_implicit_send          : Calling test cases on_implicit_send
2021-10-05 02:58:37,702 root DEBUG testcase.py               675   on_implicit_send          : GAP GAP/SEC/SEM/BI-10-C on_implicit_send
2021-10-05 02:58:37,702 root DEBUG testcase.py               619   join_post_wid_thread      : GAP GAP/SEC/SEM/BI-10-C join_post_wid_thread
2021-10-05 02:58:37,702 root DEBUG testcase.py               621   join_post_wid_thread      : self.post_wid_thread None
2021-10-05 02:58:37,702 root DEBUG gap_wid.py                29    gap_wid_hdl               : gap_wid_hdl, 208, 'Please configure the IUT into LE Security Mode 1 Level 4 and start pairing process.', GAP/SEC/SEM/BI-10-C
2021-10-05 02:58:37,702 root DEBUG gap.py                    459   gap_pair                  : gap_pair None None
2021-10-05 02:58:37,702 root DEBUG iutctl_common.py          117   send                      : send, 1 17 0 "bytearray(b'\\x00\\xe4\\x1f\\xf2\\xdc\\x1b\\x00')"
2021-10-05 02:58:37,702 root DEBUG iutctl_common.py          120   send                      : btpclient command: send 1 17 0 "bytearray(b'\\x00\\xe4\\x1f\\xf2\\xdc\\x1b\\x00')"
2021-10-05 02:58:37,702 root DEBUG iutctl_common.py          125   send                      : sending frame b'\x01\x11\x00\x07\x00\x00\xe4\x1f\xf2\xdc\x1b\x00'
2021-10-05 02:58:37,702 root DEBUG gap.py                    770   gap_command_rsp_succ      : gap_command_rsp_succ
2021-10-05 02:58:37,702 root DEBUG iutctl_common.py          174   read                      : read
2021-10-05 02:58:37,796 root DEBUG iutctl_common.py          98    read                      : Received: hdr: Header(svc_id=1, op=17, ctrl_index=0, data_len=0) bytearray(b'\x01\x11\x00\x00\x00')
2021-10-05 02:58:37,811 root DEBUG iutctl_common.py          111   read                      : Received data: "('',)", bytearray(b'')
2021-10-05 02:58:37,811 root DEBUG gap.py                    775   gap_command_rsp_succ      : received Header(svc_id=1, op=17, ctrl_index=0, data_len=0) (b'',)
2021-10-05 02:58:37,811 root DEBUG testcase.py               713   on_implicit_send          : Sending response 'OK'
2021-10-05 02:58:37,811 ClientCallback.on_implicit_send INFO autoptsclient_common.py   186   on_implicit_send          : test case returned on_implicit_send, response: OK
2021-10-05 02:58:37,811 ClientCallback.on_implicit_send INFO autoptsclient_common.py   196   on_implicit_send          : END OnImplicitSend:
2021-10-05 02:58:37,811 ClientCallback.on_implicit_send INFO autoptsclient_common.py   197   on_implicit_send          : ********************
2021-10-05 02:58:37,889 ClientCallback.on_implicit_send INFO autoptsclient_common.py   169   on_implicit_send          : ********************
2021-10-05 02:58:37,889 ClientCallback.on_implicit_send INFO autoptsclient_common.py   170   on_implicit_send          : BEGIN OnImplicitSend:
2021-10-05 02:58:37,889 ClientCallback.on_implicit_send INFO autoptsclient_common.py   171   on_implicit_send          : project_name: GAP
2021-10-05 02:58:37,889 ClientCallback.on_implicit_send INFO autoptsclient_common.py   172   on_implicit_send          : wid: 20115
2021-10-05 02:58:37,889 ClientCallback.on_implicit_send INFO autoptsclient_common.py   173   on_implicit_send          : test_case_name: GAP/SEC/SEM/BI-10-C
2021-10-05 02:58:37,905 ClientCallback.on_implicit_send INFO autoptsclient_common.py   174   on_implicit_send          : description: Please initiate a GATT disconnection to the PTS.

Description: Verify that the Implementation Under Test (IUT) can initiate GATT disconnect request to PTS.
2021-10-05 02:58:37,905 ClientCallback.on_implicit_send INFO autoptsclient_common.py   175   on_implicit_send          : style: MMI_Style_Ok_Cancel2 0x11141
2021-10-05 02:58:37,905 ClientCallback.on_implicit_send INFO autoptsclient_common.py   181   on_implicit_send          : Calling test cases on_implicit_send
2021-10-05 02:58:37,905 root DEBUG testcase.py               675   on_implicit_send          : GAP GAP/SEC/SEM/BI-10-C on_implicit_send
2021-10-05 02:58:37,905 root DEBUG testcase.py               619   join_post_wid_thread      : GAP GAP/SEC/SEM/BI-10-C join_post_wid_thread
2021-10-05 02:58:37,905 root DEBUG testcase.py               621   join_post_wid_thread      : self.post_wid_thread None
2021-10-05 02:58:37,905 root DEBUG gap_wid.py                29    gap_wid_hdl               : gap_wid_hdl, 20115, 'Please initiate a GATT disconnection to the PTS.\n\nDescription: Verify that the Implementation Under Test (IUT) can initiate GATT disconnect request to PTS.', GAP/SEC/SEM/BI-10-C
2021-10-05 02:58:37,905 root DEBUG gap.py                    419   gap_disconn               : gap_disconn None None
2021-10-05 02:58:37,905 root DEBUG iutctl_common.py          117   send                      : send, 1 15 0 "bytearray(b'\\x00\\xe4\\x1f\\xf2\\xdc\\x1b\\x00')"
2021-10-05 02:58:37,905 root DEBUG iutctl_common.py          120   send                      : btpclient command: send 1 15 0 "bytearray(b'\\x00\\xe4\\x1f\\xf2\\xdc\\x1b\\x00')"
2021-10-05 02:58:37,905 root DEBUG iutctl_common.py          125   send                      : sending frame b'\x01\x0f\x00\x07\x00\x00\xe4\x1f\xf2\xdc\x1b\x00'
2021-10-05 02:58:37,905 root DEBUG gap.py                    770   gap_command_rsp_succ      : gap_command_rsp_succ
2021-10-05 02:58:37,905 root DEBUG iutctl_common.py          174   read                      : read
2021-10-05 02:58:37,983 root DEBUG iutctl_common.py          98    read                      : Received: hdr: Header(svc_id=1, op=15, ctrl_index=0, data_len=0) bytearray(b'\x01\x0f\x00\x00\x00')
2021-10-05 02:58:37,999 root DEBUG iutctl_common.py          111   read                      : Received data: "('',)", bytearray(b'')
2021-10-05 02:58:38,030 root DEBUG iutctl_common.py          98    read                      : Received: hdr: Header(svc_id=1, op=131, ctrl_index=0, data_len=7) bytearray(b'\x01\x83\x00\x07\x00')
2021-10-05 02:58:38,030 root DEBUG gap.py                    775   gap_command_rsp_succ      : received Header(svc_id=1, op=15, ctrl_index=0, data_len=0) (b'',)
2021-10-05 02:58:38,030 root DEBUG iutctl_common.py          111   read                      : Received data: "('\x00ä\x1fòÜ\x1b\x00',)", bytearray(b'\x00\xe4\x1f\xf2\xdc\x1b\x00')
2021-10-05 02:58:38,030 root DEBUG testcase.py               713   on_implicit_send          : Sending response 'OK'
2021-10-05 02:58:38,030 root DEBUG btp.py                    423   event_handler             : event_handler Header(svc_id=1, op=131, ctrl_index=0, data_len=7) (b'\x00\xe4\x1f\xf2\xdc\x1b\x00',)
2021-10-05 02:58:38,030 ClientCallback.on_implicit_send INFO autoptsclient_common.py   186   on_implicit_send          : test case returned on_implicit_send, response: OK
2021-10-05 02:58:38,030 root DEBUG gap.py                    142   gap_disconnected_ev_      : gap_disconnected_ev_ b'\x00\xe4\x1f\xf2\xdc\x1b\x00'
2021-10-05 02:58:38,030 ClientCallback.on_implicit_send INFO autoptsclient_common.py   196   on_implicit_send          : END OnImplicitSend:
2021-10-05 02:58:38,030 ClientCallback.on_implicit_send INFO autoptsclient_common.py   197   on_implicit_send          : ********************
2021-10-05 02:58:38,030 ClientCallback.on_implicit_send INFO autoptsclient_common.py   169   on_implicit_send          : ********************
2021-10-05 02:58:38,030 ClientCallback.on_implicit_send INFO autoptsclient_common.py   170   on_implicit_send          : BEGIN OnImplicitSend:
2021-10-05 02:58:38,030 ClientCallback.on_implicit_send INFO autoptsclient_common.py   171   on_implicit_send          : project_name: GAP
2021-10-05 02:58:38,030 ClientCallback.on_implicit_send INFO autoptsclient_common.py   172   on_implicit_send          : wid: 20100
2021-10-05 02:58:38,030 ClientCallback.on_implicit_send INFO autoptsclient_common.py   173   on_implicit_send          : test_case_name: GAP/SEC/SEM/BI-10-C
2021-10-05 02:58:38,030 ClientCallback.on_implicit_send INFO autoptsclient_common.py   174   on_implicit_send          : description: Please initiate a GATT connection to the PTS.

Description: Verify that the Implementation Under Test (IUT) can initiate a GATT connect request to the PTS.
2021-10-05 02:58:38,030 ClientCallback.on_implicit_send INFO autoptsclient_common.py   175   on_implicit_send          : style: MMI_Style_Ok_Cancel2 0x11141
2021-10-05 02:58:38,030 ClientCallback.on_implicit_send INFO autoptsclient_common.py   181   on_implicit_send          : Calling test cases on_implicit_send
2021-10-05 02:58:38,030 root DEBUG testcase.py               675   on_implicit_send          : GAP GAP/SEC/SEM/BI-10-C on_implicit_send
2021-10-05 02:58:38,030 root DEBUG testcase.py               619   join_post_wid_thread      : GAP GAP/SEC/SEM/BI-10-C join_post_wid_thread
2021-10-05 02:58:38,030 root DEBUG testcase.py               621   join_post_wid_thread      : self.post_wid_thread None
2021-10-05 02:58:38,030 root DEBUG gap_wid.py                29    gap_wid_hdl               : gap_wid_hdl, 20100, 'Please initiate a GATT connection to the PTS.\n\nDescription: Verify that the Implementation Under Test (IUT) can initiate a GATT connect request to the PTS.', GAP/SEC/SEM/BI-10-C
2021-10-05 02:58:38,030 root DEBUG gap.py                    377   gap_conn                  : gap_conn None None
2021-10-05 02:58:38,030 root DEBUG iutctl_common.py          117   send                      : send, 1 14 0 "bytearray(b'\\x00\\xe4\\x1f\\xf2\\xdc\\x1b\\x00\\x00')"
2021-10-05 02:58:38,030 root DEBUG iutctl_common.py          120   send                      : btpclient command: send 1 14 0 "bytearray(b'\\x00\\xe4\\x1f\\xf2\\xdc\\x1b\\x00\\x00')"
2021-10-05 02:58:38,030 root DEBUG iutctl_common.py          125   send                      : sending frame b'\x01\x0e\x00\x08\x00\x00\xe4\x1f\xf2\xdc\x1b\x00\x00'
2021-10-05 02:58:38,030 root DEBUG gap.py                    770   gap_command_rsp_succ      : gap_command_rsp_succ
2021-10-05 02:58:38,030 root DEBUG iutctl_common.py          174   read                      : read
2021-10-05 02:58:38,092 root DEBUG iutctl_common.py          98    read                      : Received: hdr: Header(svc_id=1, op=14, ctrl_index=0, data_len=0) bytearray(b'\x01\x0e\x00\x00\x00')
2021-10-05 02:58:38,124 root DEBUG iutctl_common.py          111   read                      : Received data: "('',)", bytearray(b'')
2021-10-05 02:58:38,155 root DEBUG gap.py                    775   gap_command_rsp_succ      : received Header(svc_id=1, op=14, ctrl_index=0, data_len=0) (b'',)
2021-10-05 02:58:38,155 root DEBUG testcase.py               713   on_implicit_send          : Sending response 'OK'
2021-10-05 02:58:38,155 ClientCallback.on_implicit_send INFO autoptsclient_common.py   186   on_implicit_send          : test case returned on_implicit_send, response: OK
2021-10-05 02:58:38,155 ClientCallback.on_implicit_send INFO autoptsclient_common.py   196   on_implicit_send          : END OnImplicitSend:
2021-10-05 02:58:38,155 ClientCallback.on_implicit_send INFO autoptsclient_common.py   197   on_implicit_send          : ********************
2021-10-05 02:58:38,452 root DEBUG iutctl_common.py          98    read                      : Received: hdr: Header(svc_id=1, op=130, ctrl_index=0, data_len=13) bytearray(b'\x01\x82\x00\r\x00')
2021-10-05 02:58:38,452 root DEBUG iutctl_common.py          111   read                      : Received data: "('\x00ä\x1fòÜ\x1b\x00(\x00\x00\x00\x90\x01',)", bytearray(b'\x00\xe4\x1f\xf2\xdc\x1b\x00(\x00\x00\x00\x90\x01')
2021-10-05 02:58:38,452 root DEBUG btp.py                    423   event_handler             : event_handler Header(svc_id=1, op=130, ctrl_index=0, data_len=13) (b'\x00\xe4\x1f\xf2\xdc\x1b\x00(\x00\x00\x00\x90\x01',)
2021-10-05 02:58:38,452 root DEBUG gap.py                    128   gap_connected_ev_         : gap_connected_ev_ b'\x00\xe4\x1f\xf2\xdc\x1b\x00(\x00\x00\x00\x90\x01'
2021-10-05 02:58:39,452 ClientCallback.on_implicit_send INFO autoptsclient_common.py   169   on_implicit_send          : ********************
2021-10-05 02:58:39,452 ClientCallback.on_implicit_send INFO autoptsclient_common.py   170   on_implicit_send          : BEGIN OnImplicitSend:
2021-10-05 02:58:39,452 ClientCallback.on_implicit_send INFO autoptsclient_common.py   171   on_implicit_send          : project_name: GAP
2021-10-05 02:58:39,452 ClientCallback.on_implicit_send INFO autoptsclient_common.py   172   on_implicit_send          : wid: 208
2021-10-05 02:58:39,452 ClientCallback.on_implicit_send INFO autoptsclient_common.py   173   on_implicit_send          : test_case_name: GAP/SEC/SEM/BI-10-C
2021-10-05 02:58:39,452 ClientCallback.on_implicit_send INFO autoptsclient_common.py   174   on_implicit_send          : description: Please configure the IUT into LE Security Mode 1 Level 4 and start pairing process.
2021-10-05 02:58:39,452 ClientCallback.on_implicit_send INFO autoptsclient_common.py   175   on_implicit_send          : style: MMI_Style_Ok_Cancel2 0x11141
2021-10-05 02:58:39,452 ClientCallback.on_implicit_send INFO autoptsclient_common.py   181   on_implicit_send          : Calling test cases on_implicit_send
2021-10-05 02:58:39,452 root DEBUG testcase.py               675   on_implicit_send          : GAP GAP/SEC/SEM/BI-10-C on_implicit_send
2021-10-05 02:58:39,452 root DEBUG testcase.py               619   join_post_wid_thread      : GAP GAP/SEC/SEM/BI-10-C join_post_wid_thread
2021-10-05 02:58:39,452 root DEBUG testcase.py               621   join_post_wid_thread      : self.post_wid_thread None
2021-10-05 02:58:39,452 root DEBUG gap_wid.py                29    gap_wid_hdl               : gap_wid_hdl, 208, 'Please configure the IUT into LE Security Mode 1 Level 4 and start pairing process.', GAP/SEC/SEM/BI-10-C
2021-10-05 02:58:39,452 root DEBUG gap.py                    459   gap_pair                  : gap_pair None None
2021-10-05 02:58:39,452 root DEBUG iutctl_common.py          117   send                      : send, 1 17 0 "bytearray(b'\\x00\\xe4\\x1f\\xf2\\xdc\\x1b\\x00')"
2021-10-05 02:58:39,452 root DEBUG iutctl_common.py          120   send                      : btpclient command: send 1 17 0 "bytearray(b'\\x00\\xe4\\x1f\\xf2\\xdc\\x1b\\x00')"
2021-10-05 02:58:39,452 root DEBUG iutctl_common.py          125   send                      : sending frame b'\x01\x11\x00\x07\x00\x00\xe4\x1f\xf2\xdc\x1b\x00'
2021-10-05 02:58:39,452 root DEBUG gap.py                    770   gap_command_rsp_succ      : gap_command_rsp_succ
2021-10-05 02:58:39,452 root DEBUG iutctl_common.py          174   read                      : read
2021-10-05 02:58:39,514 root DEBUG iutctl_common.py          98    read                      : Received: hdr: Header(svc_id=1, op=17, ctrl_index=0, data_len=0) bytearray(b'\x01\x11\x00\x00\x00')
2021-10-05 02:58:39,530 root DEBUG iutctl_common.py          111   read                      : Received data: "('',)", bytearray(b'')
2021-10-05 02:58:39,545 root DEBUG gap.py                    775   gap_command_rsp_succ      : received Header(svc_id=1, op=17, ctrl_index=0, data_len=0) (b'',)
2021-10-05 02:58:39,545 root DEBUG testcase.py               713   on_implicit_send          : Sending response 'OK'
2021-10-05 02:58:39,545 ClientCallback.on_implicit_send INFO autoptsclient_common.py   186   on_implicit_send          : test case returned on_implicit_send, response: OK
2021-10-05 02:58:39,545 ClientCallback.on_implicit_send INFO autoptsclient_common.py   196   on_implicit_send          : END OnImplicitSend:
2021-10-05 02:58:39,545 ClientCallback.on_implicit_send INFO autoptsclient_common.py   197   on_implicit_send          : ********************
2021-10-05 02:58:39,592 ClientCallback.on_implicit_send INFO autoptsclient_common.py   169   on_implicit_send          : ********************
2021-10-05 02:58:39,592 ClientCallback.on_implicit_send INFO autoptsclient_common.py   170   on_implicit_send          : BEGIN OnImplicitSend:
2021-10-05 02:58:39,592 ClientCallback.on_implicit_send INFO autoptsclient_common.py   171   on_implicit_send          : project_name: GAP
2021-10-05 02:58:39,592 ClientCallback.on_implicit_send INFO autoptsclient_common.py   172   on_implicit_send          : wid: 20115
2021-10-05 02:58:39,592 ClientCallback.on_implicit_send INFO autoptsclient_common.py   173   on_implicit_send          : test_case_name: GAP/SEC/SEM/BI-10-C
2021-10-05 02:58:39,592 ClientCallback.on_implicit_send INFO autoptsclient_common.py   174   on_implicit_send          : description: Please initiate a GATT disconnection to the PTS.

Description: Verify that the Implementation Under Test (IUT) can initiate GATT disconnect request to PTS.
2021-10-05 02:58:39,592 ClientCallback.on_implicit_send INFO autoptsclient_common.py   175   on_implicit_send          : style: MMI_Style_Ok_Cancel2 0x11141
2021-10-05 02:58:39,592 ClientCallback.on_implicit_send INFO autoptsclient_common.py   181   on_implicit_send          : Calling test cases on_implicit_send
2021-10-05 02:58:39,592 root DEBUG testcase.py               675   on_implicit_send          : GAP GAP/SEC/SEM/BI-10-C on_implicit_send
2021-10-05 02:58:39,592 root DEBUG testcase.py               619   join_post_wid_thread      : GAP GAP/SEC/SEM/BI-10-C join_post_wid_thread
2021-10-05 02:58:39,592 root DEBUG testcase.py               621   join_post_wid_thread      : self.post_wid_thread None
2021-10-05 02:58:39,592 root DEBUG gap_wid.py                29    gap_wid_hdl               : gap_wid_hdl, 20115, 'Please initiate a GATT disconnection to the PTS.\n\nDescription: Verify that the Implementation Under Test (IUT) can initiate GATT disconnect request to PTS.', GAP/SEC/SEM/BI-10-C
2021-10-05 02:58:39,592 root DEBUG gap.py                    419   gap_disconn               : gap_disconn None None
2021-10-05 02:58:39,592 root DEBUG iutctl_common.py          117   send                      : send, 1 15 0 "bytearray(b'\\x00\\xe4\\x1f\\xf2\\xdc\\x1b\\x00')"
2021-10-05 02:58:39,592 root DEBUG iutctl_common.py          120   send                      : btpclient command: send 1 15 0 "bytearray(b'\\x00\\xe4\\x1f\\xf2\\xdc\\x1b\\x00')"
2021-10-05 02:58:39,592 root DEBUG iutctl_common.py          125   send                      : sending frame b'\x01\x0f\x00\x07\x00\x00\xe4\x1f\xf2\xdc\x1b\x00'
2021-10-05 02:58:39,592 root DEBUG gap.py                    770   gap_command_rsp_succ      : gap_command_rsp_succ
2021-10-05 02:58:39,592 root DEBUG iutctl_common.py          174   read                      : read
2021-10-05 02:58:39,670 root DEBUG iutctl_common.py          98    read                      : Received: hdr: Header(svc_id=1, op=15, ctrl_index=0, data_len=0) bytearray(b'\x01\x0f\x00\x00\x00')
2021-10-05 02:58:39,686 root DEBUG iutctl_common.py          111   read                      : Received data: "('',)", bytearray(b'')
2021-10-05 02:58:39,686 root DEBUG iutctl_common.py          98    read                      : Received: hdr: Header(svc_id=1, op=131, ctrl_index=0, data_len=7) bytearray(b'\x01\x83\x00\x07\x00')
2021-10-05 02:58:39,686 root DEBUG gap.py                    775   gap_command_rsp_succ      : received Header(svc_id=1, op=15, ctrl_index=0, data_len=0) (b'',)
2021-10-05 02:58:39,686 root DEBUG iutctl_common.py          111   read                      : Received data: "('\x00ä\x1fòÜ\x1b\x00',)", bytearray(b'\x00\xe4\x1f\xf2\xdc\x1b\x00')
2021-10-05 02:58:39,686 root DEBUG testcase.py               713   on_implicit_send          : Sending response 'OK'
2021-10-05 02:58:39,686 root DEBUG btp.py                    423   event_handler             : event_handler Header(svc_id=1, op=131, ctrl_index=0, data_len=7) (b'\x00\xe4\x1f\xf2\xdc\x1b\x00',)
2021-10-05 02:58:39,686 ClientCallback.on_implicit_send INFO autoptsclient_common.py   186   on_implicit_send          : test case returned on_implicit_send, response: OK
2021-10-05 02:58:39,686 root DEBUG gap.py                    142   gap_disconnected_ev_      : gap_disconnected_ev_ b'\x00\xe4\x1f\xf2\xdc\x1b\x00'
2021-10-05 02:58:39,686 ClientCallback.on_implicit_send INFO autoptsclient_common.py   196   on_implicit_send          : END OnImplicitSend:
2021-10-05 02:58:39,686 ClientCallback.on_implicit_send INFO autoptsclient_common.py   197   on_implicit_send          : ********************
2021-10-05 02:58:39,686 ClientCallback.on_implicit_send INFO autoptsclient_common.py   169   on_implicit_send          : ********************
2021-10-05 02:58:39,686 ClientCallback.on_implicit_send INFO autoptsclient_common.py   170   on_implicit_send          : BEGIN OnImplicitSend:
2021-10-05 02:58:39,686 ClientCallback.on_implicit_send INFO autoptsclient_common.py   171   on_implicit_send          : project_name: GAP
2021-10-05 02:58:39,686 ClientCallback.on_implicit_send INFO autoptsclient_common.py   172   on_implicit_send          : wid: 20100
2021-10-05 02:58:39,686 ClientCallback.on_implicit_send INFO autoptsclient_common.py   173   on_implicit_send          : test_case_name: GAP/SEC/SEM/BI-10-C
2021-10-05 02:58:39,686 ClientCallback.on_implicit_send INFO autoptsclient_common.py   174   on_implicit_send          : description: Please initiate a GATT connection to the PTS.

Description: Verify that the Implementation Under Test (IUT) can initiate a GATT connect request to the PTS.
2021-10-05 02:58:39,686 ClientCallback.on_implicit_send INFO autoptsclient_common.py   175   on_implicit_send          : style: MMI_Style_Ok_Cancel2 0x11141
2021-10-05 02:58:39,686 ClientCallback.on_implicit_send INFO autoptsclient_common.py   181   on_implicit_send          : Calling test cases on_implicit_send
2021-10-05 02:58:39,686 root DEBUG testcase.py               675   on_implicit_send          : GAP GAP/SEC/SEM/BI-10-C on_implicit_send
2021-10-05 02:58:39,686 root DEBUG testcase.py               619   join_post_wid_thread      : GAP GAP/SEC/SEM/BI-10-C join_post_wid_thread
2021-10-05 02:58:39,686 root DEBUG testcase.py               621   join_post_wid_thread      : self.post_wid_thread None
2021-10-05 02:58:39,686 root DEBUG gap_wid.py                29    gap_wid_hdl               : gap_wid_hdl, 20100, 'Please initiate a GATT connection to the PTS.\n\nDescription: Verify that the Implementation Under Test (IUT) can initiate a GATT connect request to the PTS.', GAP/SEC/SEM/BI-10-C
2021-10-05 02:58:39,686 root DEBUG gap.py                    377   gap_conn                  : gap_conn None None
2021-10-05 02:58:39,686 root DEBUG iutctl_common.py          117   send                      : send, 1 14 0 "bytearray(b'\\x00\\xe4\\x1f\\xf2\\xdc\\x1b\\x00\\x00')"
2021-10-05 02:58:39,686 root DEBUG iutctl_common.py          120   send                      : btpclient command: send 1 14 0 "bytearray(b'\\x00\\xe4\\x1f\\xf2\\xdc\\x1b\\x00\\x00')"
2021-10-05 02:58:39,686 root DEBUG iutctl_common.py          125   send                      : sending frame b'\x01\x0e\x00\x08\x00\x00\xe4\x1f\xf2\xdc\x1b\x00\x00'
2021-10-05 02:58:39,686 root DEBUG gap.py                    770   gap_command_rsp_succ      : gap_command_rsp_succ
2021-10-05 02:58:39,686 root DEBUG iutctl_common.py          174   read                      : read
2021-10-05 02:58:39,764 root DEBUG iutctl_common.py          98    read                      : Received: hdr: Header(svc_id=1, op=14, ctrl_index=0, data_len=0) bytearray(b'\x01\x0e\x00\x00\x00')
2021-10-05 02:58:39,795 root DEBUG iutctl_common.py          111   read                      : Received data: "('',)", bytearray(b'')
2021-10-05 02:58:39,842 root DEBUG gap.py                    775   gap_command_rsp_succ      : received Header(svc_id=1, op=14, ctrl_index=0, data_len=0) (b'',)
2021-10-05 02:58:39,842 root DEBUG testcase.py               713   on_implicit_send          : Sending response 'OK'
2021-10-05 02:58:39,842 ClientCallback.on_implicit_send INFO autoptsclient_common.py   186   on_implicit_send          : test case returned on_implicit_send, response: OK
2021-10-05 02:58:39,842 ClientCallback.on_implicit_send INFO autoptsclient_common.py   196   on_implicit_send          : END OnImplicitSend:
2021-10-05 02:58:39,842 ClientCallback.on_implicit_send INFO autoptsclient_common.py   197   on_implicit_send          : ********************
2021-10-05 02:58:40,139 root DEBUG iutctl_common.py          98    read                      : Received: hdr: Header(svc_id=1, op=130, ctrl_index=0, data_len=13) bytearray(b'\x01\x82\x00\r\x00')
2021-10-05 02:58:40,139 root DEBUG iutctl_common.py          111   read                      : Received data: "('\x00ä\x1fòÜ\x1b\x00(\x00\x00\x00\x90\x01',)", bytearray(b'\x00\xe4\x1f\xf2\xdc\x1b\x00(\x00\x00\x00\x90\x01')
2021-10-05 02:58:40,139 root DEBUG btp.py                    423   event_handler             : event_handler Header(svc_id=1, op=130, ctrl_index=0, data_len=13) (b'\x00\xe4\x1f\xf2\xdc\x1b\x00(\x00\x00\x00\x90\x01',)
2021-10-05 02:58:40,139 root DEBUG gap.py                    128   gap_connected_ev_         : gap_connected_ev_ b'\x00\xe4\x1f\xf2\xdc\x1b\x00(\x00\x00\x00\x90\x01'
2021-10-05 02:58:41,139 ClientCallback.on_implicit_send INFO autoptsclient_common.py   169   on_implicit_send          : ********************
2021-10-05 02:58:41,139 ClientCallback.on_implicit_send INFO autoptsclient_common.py   170   on_implicit_send          : BEGIN OnImplicitSend:
2021-10-05 02:58:41,139 ClientCallback.on_implicit_send INFO autoptsclient_common.py   171   on_implicit_send          : project_name: GAP
2021-10-05 02:58:41,139 ClientCallback.on_implicit_send INFO autoptsclient_common.py   172   on_implicit_send          : wid: 208
2021-10-05 02:58:41,139 ClientCallback.on_implicit_send INFO autoptsclient_common.py   173   on_implicit_send          : test_case_name: GAP/SEC/SEM/BI-10-C
2021-10-05 02:58:41,139 ClientCallback.on_implicit_send INFO autoptsclient_common.py   174   on_implicit_send          : description: Please configure the IUT into LE Security Mode 1 Level 4 and start pairing process.
2021-10-05 02:58:41,139 ClientCallback.on_implicit_send INFO autoptsclient_common.py   175   on_implicit_send          : style: MMI_Style_Ok_Cancel2 0x11141
2021-10-05 02:58:41,139 ClientCallback.on_implicit_send INFO autoptsclient_common.py   181   on_implicit_send          : Calling test cases on_implicit_send
2021-10-05 02:58:41,139 root DEBUG testcase.py               675   on_implicit_send          : GAP GAP/SEC/SEM/BI-10-C on_implicit_send
2021-10-05 02:58:41,139 root DEBUG testcase.py               619   join_post_wid_thread      : GAP GAP/SEC/SEM/BI-10-C join_post_wid_thread
2021-10-05 02:58:41,139 root DEBUG testcase.py               621   join_post_wid_thread      : self.post_wid_thread None
2021-10-05 02:58:41,139 root DEBUG gap_wid.py                29    gap_wid_hdl               : gap_wid_hdl, 208, 'Please configure the IUT into LE Security Mode 1 Level 4 and start pairing process.', GAP/SEC/SEM/BI-10-C
2021-10-05 02:58:41,139 root DEBUG gap.py                    459   gap_pair                  : gap_pair None None
2021-10-05 02:58:41,139 root DEBUG iutctl_common.py          117   send                      : send, 1 17 0 "bytearray(b'\\x00\\xe4\\x1f\\xf2\\xdc\\x1b\\x00')"
2021-10-05 02:58:41,139 root DEBUG iutctl_common.py          120   send                      : btpclient command: send 1 17 0 "bytearray(b'\\x00\\xe4\\x1f\\xf2\\xdc\\x1b\\x00')"
2021-10-05 02:58:41,139 root DEBUG iutctl_common.py          125   send                      : sending frame b'\x01\x11\x00\x07\x00\x00\xe4\x1f\xf2\xdc\x1b\x00'
2021-10-05 02:58:41,139 root DEBUG gap.py                    770   gap_command_rsp_succ      : gap_command_rsp_succ
2021-10-05 02:58:41,139 root DEBUG iutctl_common.py          174   read                      : read
2021-10-05 02:58:41,201 root DEBUG iutctl_common.py          98    read                      : Received: hdr: Header(svc_id=1, op=17, ctrl_index=0, data_len=0) bytearray(b'\x01\x11\x00\x00\x00')
2021-10-05 02:58:41,201 root DEBUG iutctl_common.py          111   read                      : Received data: "('',)", bytearray(b'')
2021-10-05 02:58:41,201 root DEBUG gap.py                    775   gap_command_rsp_succ      : received Header(svc_id=1, op=17, ctrl_index=0, data_len=0) (b'',)
2021-10-05 02:58:41,201 root DEBUG testcase.py               713   on_implicit_send          : Sending response 'OK'
2021-10-05 02:58:41,201 ClientCallback.on_implicit_send INFO autoptsclient_common.py   186   on_implicit_send          : test case returned on_implicit_send, response: OK
2021-10-05 02:58:41,201 ClientCallback.on_implicit_send INFO autoptsclient_common.py   196   on_implicit_send          : END OnImplicitSend:
2021-10-05 02:58:41,201 ClientCallback.on_implicit_send INFO autoptsclient_common.py   197   on_implicit_send          : ********************
2021-10-05 02:58:41,279 ClientCallback.on_implicit_send INFO autoptsclient_common.py   169   on_implicit_send          : ********************
2021-10-05 02:58:41,279 ClientCallback.on_implicit_send INFO autoptsclient_common.py   170   on_implicit_send          : BEGIN OnImplicitSend:
2021-10-05 02:58:41,279 ClientCallback.on_implicit_send INFO autoptsclient_common.py   171   on_implicit_send          : project_name: GAP
2021-10-05 02:58:41,279 ClientCallback.on_implicit_send INFO autoptsclient_common.py   172   on_implicit_send          : wid: 20115
2021-10-05 02:58:41,279 ClientCallback.on_implicit_send INFO autoptsclient_common.py   173   on_implicit_send          : test_case_name: GAP/SEC/SEM/BI-10-C
2021-10-05 02:58:41,279 ClientCallback.on_implicit_send INFO autoptsclient_common.py   174   on_implicit_send          : description: Please initiate a GATT disconnection to the PTS.

Description: Verify that the Implementation Under Test (IUT) can initiate GATT disconnect request to PTS.
2021-10-05 02:58:41,279 ClientCallback.on_implicit_send INFO autoptsclient_common.py   175   on_implicit_send          : style: MMI_Style_Ok_Cancel2 0x11141
2021-10-05 02:58:41,279 ClientCallback.on_implicit_send INFO autoptsclient_common.py   181   on_implicit_send          : Calling test cases on_implicit_send
2021-10-05 02:58:41,279 root DEBUG testcase.py               675   on_implicit_send          : GAP GAP/SEC/SEM/BI-10-C on_implicit_send
2021-10-05 02:58:41,279 root DEBUG testcase.py               619   join_post_wid_thread      : GAP GAP/SEC/SEM/BI-10-C join_post_wid_thread
2021-10-05 02:58:41,279 root DEBUG testcase.py               621   join_post_wid_thread      : self.post_wid_thread None
2021-10-05 02:58:41,279 root DEBUG gap_wid.py                29    gap_wid_hdl               : gap_wid_hdl, 20115, 'Please initiate a GATT disconnection to the PTS.\n\nDescription: Verify that the Implementation Under Test (IUT) can initiate GATT disconnect request to PTS.', GAP/SEC/SEM/BI-10-C
2021-10-05 02:58:41,279 root DEBUG gap.py                    419   gap_disconn               : gap_disconn None None
2021-10-05 02:58:41,279 root DEBUG iutctl_common.py          117   send                      : send, 1 15 0 "bytearray(b'\\x00\\xe4\\x1f\\xf2\\xdc\\x1b\\x00')"
2021-10-05 02:58:41,279 root DEBUG iutctl_common.py          120   send                      : btpclient command: send 1 15 0 "bytearray(b'\\x00\\xe4\\x1f\\xf2\\xdc\\x1b\\x00')"
2021-10-05 02:58:41,279 root DEBUG iutctl_common.py          125   send                      : sending frame b'\x01\x0f\x00\x07\x00\x00\xe4\x1f\xf2\xdc\x1b\x00'
2021-10-05 02:58:41,279 root DEBUG gap.py                    770   gap_command_rsp_succ      : gap_command_rsp_succ
2021-10-05 02:58:41,279 root DEBUG iutctl_common.py          174   read                      : read
2021-10-05 02:58:41,342 root DEBUG iutctl_common.py          98    read                      : Received: hdr: Header(svc_id=1, op=15, ctrl_index=0, data_len=0) bytearray(b'\x01\x0f\x00\x00\x00')
2021-10-05 02:58:41,342 root DEBUG iutctl_common.py          111   read                      : Received data: "('',)", bytearray(b'')
2021-10-05 02:58:41,342 root DEBUG gap.py                    775   gap_command_rsp_succ      : received Header(svc_id=1, op=15, ctrl_index=0, data_len=0) (b'',)
2021-10-05 02:58:41,342 root DEBUG testcase.py               713   on_implicit_send          : Sending response 'OK'
2021-10-05 02:58:41,342 ClientCallback.on_implicit_send INFO autoptsclient_common.py   186   on_implicit_send          : test case returned on_implicit_send, response: OK
2021-10-05 02:58:41,342 ClientCallback.on_implicit_send INFO autoptsclient_common.py   196   on_implicit_send          : END OnImplicitSend:
2021-10-05 02:58:41,342 ClientCallback.on_implicit_send INFO autoptsclient_common.py   197   on_implicit_send          : ********************
2021-10-05 02:58:41,342 root DEBUG iutctl_common.py          98    read                      : Received: hdr: Header(svc_id=1, op=131, ctrl_index=0, data_len=7) bytearray(b'\x01\x83\x00\x07\x00')
2021-10-05 02:58:41,342 root DEBUG iutctl_common.py          111   read                      : Received data: "('\x00ä\x1fòÜ\x1b\x00',)", bytearray(b'\x00\xe4\x1f\xf2\xdc\x1b\x00')
2021-10-05 02:58:41,342 root DEBUG btp.py                    423   event_handler             : event_handler Header(svc_id=1, op=131, ctrl_index=0, data_len=7) (b'\x00\xe4\x1f\xf2\xdc\x1b\x00',)
2021-10-05 02:58:41,342 root DEBUG gap.py                    142   gap_disconnected_ev_      : gap_disconnected_ev_ b'\x00\xe4\x1f\xf2\xdc\x1b\x00'
2021-10-05 02:58:41,342 ClientCallback.on_implicit_send INFO autoptsclient_common.py   169   on_implicit_send          : ********************
2021-10-05 02:58:41,342 ClientCallback.on_implicit_send INFO autoptsclient_common.py   170   on_implicit_send          : BEGIN OnImplicitSend:
2021-10-05 02:58:41,342 ClientCallback.on_implicit_send INFO autoptsclient_common.py   171   on_implicit_send          : project_name: GAP
2021-10-05 02:58:41,342 ClientCallback.on_implicit_send INFO autoptsclient_common.py   172   on_implicit_send          : wid: 20100
2021-10-05 02:58:41,342 ClientCallback.on_implicit_send INFO autoptsclient_common.py   173   on_implicit_send          : test_case_name: GAP/SEC/SEM/BI-10-C
2021-10-05 02:58:41,342 ClientCallback.on_implicit_send INFO autoptsclient_common.py   174   on_implicit_send          : description: Please initiate a GATT connection to the PTS.

Description: Verify that the Implementation Under Test (IUT) can initiate a GATT connect request to the PTS.
2021-10-05 02:58:41,342 ClientCallback.on_implicit_send INFO autoptsclient_common.py   175   on_implicit_send          : style: MMI_Style_Ok_Cancel2 0x11141
2021-10-05 02:58:41,342 ClientCallback.on_implicit_send INFO autoptsclient_common.py   181   on_implicit_send          : Calling test cases on_implicit_send
2021-10-05 02:58:41,342 root DEBUG testcase.py               675   on_implicit_send          : GAP GAP/SEC/SEM/BI-10-C on_implicit_send
2021-10-05 02:58:41,342 root DEBUG testcase.py               619   join_post_wid_thread      : GAP GAP/SEC/SEM/BI-10-C join_post_wid_thread
2021-10-05 02:58:41,342 root DEBUG testcase.py               621   join_post_wid_thread      : self.post_wid_thread None
2021-10-05 02:58:41,342 root DEBUG gap_wid.py                29    gap_wid_hdl               : gap_wid_hdl, 20100, 'Please initiate a GATT connection to the PTS.\n\nDescription: Verify that the Implementation Under Test (IUT) can initiate a GATT connect request to the PTS.', GAP/SEC/SEM/BI-10-C
2021-10-05 02:58:41,342 root DEBUG gap.py                    377   gap_conn                  : gap_conn None None
2021-10-05 02:58:41,342 root DEBUG iutctl_common.py          117   send                      : send, 1 14 0 "bytearray(b'\\x00\\xe4\\x1f\\xf2\\xdc\\x1b\\x00\\x00')"
2021-10-05 02:58:41,342 root DEBUG iutctl_common.py          120   send                      : btpclient command: send 1 14 0 "bytearray(b'\\x00\\xe4\\x1f\\xf2\\xdc\\x1b\\x00\\x00')"
2021-10-05 02:58:41,342 root DEBUG iutctl_common.py          125   send                      : sending frame b'\x01\x0e\x00\x08\x00\x00\xe4\x1f\xf2\xdc\x1b\x00\x00'
2021-10-05 02:58:41,342 root DEBUG gap.py                    770   gap_command_rsp_succ      : gap_command_rsp_succ
2021-10-05 02:58:41,342 root DEBUG iutctl_common.py          174   read                      : read
2021-10-05 02:58:41,404 root DEBUG iutctl_common.py          98    read                      : Received: hdr: Header(svc_id=1, op=14, ctrl_index=0, data_len=0) bytearray(b'\x01\x0e\x00\x00\x00')
2021-10-05 02:58:41,420 root DEBUG iutctl_common.py          111   read                      : Received data: "('',)", bytearray(b'')
2021-10-05 02:58:41,435 root DEBUG gap.py                    775   gap_command_rsp_succ      : received Header(svc_id=1, op=14, ctrl_index=0, data_len=0) (b'',)
2021-10-05 02:58:41,435 root DEBUG testcase.py               713   on_implicit_send          : Sending response 'OK'
2021-10-05 02:58:41,435 ClientCallback.on_implicit_send INFO autoptsclient_common.py   186   on_implicit_send          : test case returned on_implicit_send, response: OK
2021-10-05 02:58:41,435 ClientCallback.on_implicit_send INFO autoptsclient_common.py   196   on_implicit_send          : END OnImplicitSend:
2021-10-05 02:58:41,435 ClientCallback.on_implicit_send INFO autoptsclient_common.py   197   on_implicit_send          : ********************
2021-10-05 02:58:41,826 root DEBUG iutctl_common.py          98    read                      : Received: hdr: Header(svc_id=1, op=130, ctrl_index=0, data_len=13) bytearray(b'\x01\x82\x00\r\x00')
2021-10-05 02:58:41,826 root DEBUG iutctl_common.py          111   read                      : Received data: "('\x00ä\x1fòÜ\x1b\x00(\x00\x00\x00\x90\x01',)", bytearray(b'\x00\xe4\x1f\xf2\xdc\x1b\x00(\x00\x00\x00\x90\x01')
2021-10-05 02:58:41,826 root DEBUG btp.py                    423   event_handler             : event_handler Header(svc_id=1, op=130, ctrl_index=0, data_len=13) (b'\x00\xe4\x1f\xf2\xdc\x1b\x00(\x00\x00\x00\x90\x01',)
2021-10-05 02:58:41,826 root DEBUG gap.py                    128   gap_connected_ev_         : gap_connected_ev_ b'\x00\xe4\x1f\xf2\xdc\x1b\x00(\x00\x00\x00\x90\x01'
2021-10-05 02:58:42,826 ClientCallback.on_implicit_send INFO autoptsclient_common.py   169   on_implicit_send          : ********************
2021-10-05 02:58:42,826 ClientCallback.on_implicit_send INFO autoptsclient_common.py   170   on_implicit_send          : BEGIN OnImplicitSend:
2021-10-05 02:58:42,826 ClientCallback.on_implicit_send INFO autoptsclient_common.py   171   on_implicit_send          : project_name: GAP
2021-10-05 02:58:42,826 ClientCallback.on_implicit_send INFO autoptsclient_common.py   172   on_implicit_send          : wid: 208
2021-10-05 02:58:42,826 ClientCallback.on_implicit_send INFO autoptsclient_common.py   173   on_implicit_send          : test_case_name: GAP/SEC/SEM/BI-10-C
2021-10-05 02:58:42,826 ClientCallback.on_implicit_send INFO autoptsclient_common.py   174   on_implicit_send          : description: Please configure the IUT into LE Security Mode 1 Level 4 and start pairing process.
2021-10-05 02:58:42,826 ClientCallback.on_implicit_send INFO autoptsclient_common.py   175   on_implicit_send          : style: MMI_Style_Ok_Cancel2 0x11141
2021-10-05 02:58:42,826 ClientCallback.on_implicit_send INFO autoptsclient_common.py   181   on_implicit_send          : Calling test cases on_implicit_send
2021-10-05 02:58:42,826 root DEBUG testcase.py               675   on_implicit_send          : GAP GAP/SEC/SEM/BI-10-C on_implicit_send
2021-10-05 02:58:42,826 root DEBUG testcase.py               619   join_post_wid_thread      : GAP GAP/SEC/SEM/BI-10-C join_post_wid_thread
2021-10-05 02:58:42,826 root DEBUG testcase.py               621   join_post_wid_thread      : self.post_wid_thread None
2021-10-05 02:58:42,826 root DEBUG gap_wid.py                29    gap_wid_hdl               : gap_wid_hdl, 208, 'Please configure the IUT into LE Security Mode 1 Level 4 and start pairing process.', GAP/SEC/SEM/BI-10-C
2021-10-05 02:58:42,826 root DEBUG gap.py                    459   gap_pair                  : gap_pair None None
2021-10-05 02:58:42,826 root DEBUG iutctl_common.py          117   send                      : send, 1 17 0 "bytearray(b'\\x00\\xe4\\x1f\\xf2\\xdc\\x1b\\x00')"
2021-10-05 02:58:42,826 root DEBUG iutctl_common.py          120   send                      : btpclient command: send 1 17 0 "bytearray(b'\\x00\\xe4\\x1f\\xf2\\xdc\\x1b\\x00')"
2021-10-05 02:58:42,826 root DEBUG iutctl_common.py          125   send                      : sending frame b'\x01\x11\x00\x07\x00\x00\xe4\x1f\xf2\xdc\x1b\x00'
2021-10-05 02:58:42,826 root DEBUG gap.py                    770   gap_command_rsp_succ      : gap_command_rsp_succ
2021-10-05 02:58:42,826 root DEBUG iutctl_common.py          174   read                      : read
2021-10-05 02:58:42,888 root DEBUG iutctl_common.py          98    read                      : Received: hdr: Header(svc_id=1, op=17, ctrl_index=0, data_len=0) bytearray(b'\x01\x11\x00\x00\x00')
2021-10-05 02:58:42,904 root DEBUG iutctl_common.py          111   read                      : Received data: "('',)", bytearray(b'')
2021-10-05 02:58:42,904 root DEBUG gap.py                    775   gap_command_rsp_succ      : received Header(svc_id=1, op=17, ctrl_index=0, data_len=0) (b'',)
2021-10-05 02:58:42,904 root DEBUG testcase.py               713   on_implicit_send          : Sending response 'OK'
2021-10-05 02:58:42,904 ClientCallback.on_implicit_send INFO autoptsclient_common.py   186   on_implicit_send          : test case returned on_implicit_send, response: OK
2021-10-05 02:58:42,904 ClientCallback.on_implicit_send INFO autoptsclient_common.py   196   on_implicit_send          : END OnImplicitSend:
2021-10-05 02:58:42,904 ClientCallback.on_implicit_send INFO autoptsclient_common.py   197   on_implicit_send          : ********************
2021-10-05 02:58:42,966 ClientCallback.on_implicit_send INFO autoptsclient_common.py   169   on_implicit_send          : ********************
2021-10-05 02:58:42,966 ClientCallback.on_implicit_send INFO autoptsclient_common.py   170   on_implicit_send          : BEGIN OnImplicitSend:
2021-10-05 02:58:42,966 ClientCallback.on_implicit_send INFO autoptsclient_common.py   171   on_implicit_send          : project_name: GAP
2021-10-05 02:58:42,966 ClientCallback.on_implicit_send INFO autoptsclient_common.py   172   on_implicit_send          : wid: 20115
2021-10-05 02:58:42,966 ClientCallback.on_implicit_send INFO autoptsclient_common.py   173   on_implicit_send          : test_case_name: GAP/SEC/SEM/BI-10-C
2021-10-05 02:58:42,966 ClientCallback.on_implicit_send INFO autoptsclient_common.py   174   on_implicit_send          : description: Please initiate a GATT disconnection to the PTS.

Description: Verify that the Implementation Under Test (IUT) can initiate GATT disconnect request to PTS.
2021-10-05 02:58:42,966 ClientCallback.on_implicit_send INFO autoptsclient_common.py   175   on_implicit_send          : style: MMI_Style_Ok_Cancel2 0x11141
2021-10-05 02:58:42,966 ClientCallback.on_implicit_send INFO autoptsclient_common.py   181   on_implicit_send          : Calling test cases on_implicit_send
2021-10-05 02:58:42,966 root DEBUG testcase.py               675   on_implicit_send          : GAP GAP/SEC/SEM/BI-10-C on_implicit_send
2021-10-05 02:58:42,966 root DEBUG testcase.py               619   join_post_wid_thread      : GAP GAP/SEC/SEM/BI-10-C join_post_wid_thread
2021-10-05 02:58:42,966 root DEBUG testcase.py               621   join_post_wid_thread      : self.post_wid_thread None
2021-10-05 02:58:42,966 root DEBUG gap_wid.py                29    gap_wid_hdl               : gap_wid_hdl, 20115, 'Please initiate a GATT disconnection to the PTS.\n\nDescription: Verify that the Implementation Under Test (IUT) can initiate GATT disconnect request to PTS.', GAP/SEC/SEM/BI-10-C
2021-10-05 02:58:42,966 root DEBUG gap.py                    419   gap_disconn               : gap_disconn None None
2021-10-05 02:58:42,982 root DEBUG iutctl_common.py          117   send                      : send, 1 15 0 "bytearray(b'\\x00\\xe4\\x1f\\xf2\\xdc\\x1b\\x00')"
2021-10-05 02:58:42,982 root DEBUG iutctl_common.py          120   send                      : btpclient command: send 1 15 0 "bytearray(b'\\x00\\xe4\\x1f\\xf2\\xdc\\x1b\\x00')"
2021-10-05 02:58:42,982 root DEBUG iutctl_common.py          125   send                      : sending frame b'\x01\x0f\x00\x07\x00\x00\xe4\x1f\xf2\xdc\x1b\x00'
2021-10-05 02:58:42,982 root DEBUG gap.py                    770   gap_command_rsp_succ      : gap_command_rsp_succ
2021-10-05 02:58:42,982 root DEBUG iutctl_common.py          174   read                      : read
2021-10-05 02:58:43,060 root DEBUG iutctl_common.py          98    read                      : Received: hdr: Header(svc_id=1, op=15, ctrl_index=0, data_len=0) bytearray(b'\x01\x0f\x00\x00\x00')
2021-10-05 02:58:43,076 root DEBUG iutctl_common.py          111   read                      : Received data: "('',)", bytearray(b'')
2021-10-05 02:58:43,091 root DEBUG iutctl_common.py          98    read                      : Received: hdr: Header(svc_id=1, op=131, ctrl_index=0, data_len=7) bytearray(b'\x01\x83\x00\x07\x00')
2021-10-05 02:58:43,091 root DEBUG iutctl_common.py          111   read                      : Received data: "('\x00ä\x1fòÜ\x1b\x00',)", bytearray(b'\x00\xe4\x1f\xf2\xdc\x1b\x00')
2021-10-05 02:58:43,091 root DEBUG btp.py                    423   event_handler             : event_handler Header(svc_id=1, op=131, ctrl_index=0, data_len=7) (b'\x00\xe4\x1f\xf2\xdc\x1b\x00',)
2021-10-05 02:58:43,091 root DEBUG gap.py                    142   gap_disconnected_ev_      : gap_disconnected_ev_ b'\x00\xe4\x1f\xf2\xdc\x1b\x00'
2021-10-05 02:58:43,091 root DEBUG gap.py                    775   gap_command_rsp_succ      : received Header(svc_id=1, op=15, ctrl_index=0, data_len=0) (b'',)
2021-10-05 02:58:43,091 root DEBUG testcase.py               713   on_implicit_send          : Sending response 'OK'
2021-10-05 02:58:43,091 ClientCallback.on_implicit_send INFO autoptsclient_common.py   186   on_implicit_send          : test case returned on_implicit_send, response: OK
2021-10-05 02:58:43,091 ClientCallback.on_implicit_send INFO autoptsclient_common.py   196   on_implicit_send          : END OnImplicitSend:
2021-10-05 02:58:43,091 ClientCallback.on_implicit_send INFO autoptsclient_common.py   197   on_implicit_send          : ********************
2021-10-05 02:58:43,091 ClientCallback.on_implicit_send INFO autoptsclient_common.py   169   on_implicit_send          : ********************
2021-10-05 02:58:43,091 ClientCallback.on_implicit_send INFO autoptsclient_common.py   170   on_implicit_send          : BEGIN OnImplicitSend:
2021-10-05 02:58:43,091 ClientCallback.on_implicit_send INFO autoptsclient_common.py   171   on_implicit_send          : project_name: GAP
2021-10-05 02:58:43,091 ClientCallback.on_implicit_send INFO autoptsclient_common.py   172   on_implicit_send          : wid: 20100
2021-10-05 02:58:43,091 ClientCallback.on_implicit_send INFO autoptsclient_common.py   173   on_implicit_send          : test_case_name: GAP/SEC/SEM/BI-10-C
2021-10-05 02:58:43,091 ClientCallback.on_implicit_send INFO autoptsclient_common.py   174   on_implicit_send          : description: Please initiate a GATT connection to the PTS.

Description: Verify that the Implementation Under Test (IUT) can initiate a GATT connect request to the PTS.
2021-10-05 02:58:43,091 ClientCallback.on_implicit_send INFO autoptsclient_common.py   175   on_implicit_send          : style: MMI_Style_Ok_Cancel2 0x11141
2021-10-05 02:58:43,091 ClientCallback.on_implicit_send INFO autoptsclient_common.py   181   on_implicit_send          : Calling test cases on_implicit_send
2021-10-05 02:58:43,091 root DEBUG testcase.py               675   on_implicit_send          : GAP GAP/SEC/SEM/BI-10-C on_implicit_send
2021-10-05 02:58:43,091 root DEBUG testcase.py               619   join_post_wid_thread      : GAP GAP/SEC/SEM/BI-10-C join_post_wid_thread
2021-10-05 02:58:43,091 root DEBUG testcase.py               621   join_post_wid_thread      : self.post_wid_thread None
2021-10-05 02:58:43,091 root DEBUG gap_wid.py                29    gap_wid_hdl               : gap_wid_hdl, 20100, 'Please initiate a GATT connection to the PTS.\n\nDescription: Verify that the Implementation Under Test (IUT) can initiate a GATT connect request to the PTS.', GAP/SEC/SEM/BI-10-C
2021-10-05 02:58:43,091 root DEBUG gap.py                    377   gap_conn                  : gap_conn None None
2021-10-05 02:58:43,091 root DEBUG iutctl_common.py          117   send                      : send, 1 14 0 "bytearray(b'\\x00\\xe4\\x1f\\xf2\\xdc\\x1b\\x00\\x00')"
2021-10-05 02:58:43,091 root DEBUG iutctl_common.py          120   send                      : btpclient command: send 1 14 0 "bytearray(b'\\x00\\xe4\\x1f\\xf2\\xdc\\x1b\\x00\\x00')"
2021-10-05 02:58:43,091 root DEBUG iutctl_common.py          125   send                      : sending frame b'\x01\x0e\x00\x08\x00\x00\xe4\x1f\xf2\xdc\x1b\x00\x00'
2021-10-05 02:58:43,091 root DEBUG gap.py                    770   gap_command_rsp_succ      : gap_command_rsp_succ
2021-10-05 02:58:43,091 root DEBUG iutctl_common.py          174   read                      : read
2021-10-05 02:58:43,154 root DEBUG iutctl_common.py          98    read                      : Received: hdr: Header(svc_id=1, op=14, ctrl_index=0, data_len=0) bytearray(b'\x01\x0e\x00\x00\x00')
2021-10-05 02:58:43,185 root DEBUG iutctl_common.py          111   read                      : Received data: "('',)", bytearray(b'')
2021-10-05 02:58:43,201 root DEBUG gap.py                    775   gap_command_rsp_succ      : received Header(svc_id=1, op=14, ctrl_index=0, data_len=0) (b'',)
2021-10-05 02:58:43,201 root DEBUG testcase.py               713   on_implicit_send          : Sending response 'OK'
2021-10-05 02:58:43,201 ClientCallback.on_implicit_send INFO autoptsclient_common.py   186   on_implicit_send          : test case returned on_implicit_send, response: OK
2021-10-05 02:58:43,201 ClientCallback.on_implicit_send INFO autoptsclient_common.py   196   on_implicit_send          : END OnImplicitSend:
2021-10-05 02:58:43,201 ClientCallback.on_implicit_send INFO autoptsclient_common.py   197   on_implicit_send          : ********************
2021-10-05 02:58:43,513 root DEBUG iutctl_common.py          98    read                      : Received: hdr: Header(svc_id=1, op=130, ctrl_index=0, data_len=13) bytearray(b'\x01\x82\x00\r\x00')
2021-10-05 02:58:43,513 root DEBUG iutctl_common.py          111   read                      : Received data: "('\x00ä\x1fòÜ\x1b\x00(\x00\x00\x00\x90\x01',)", bytearray(b'\x00\xe4\x1f\xf2\xdc\x1b\x00(\x00\x00\x00\x90\x01')
2021-10-05 02:58:43,513 root DEBUG btp.py                    423   event_handler             : event_handler Header(svc_id=1, op=130, ctrl_index=0, data_len=13) (b'\x00\xe4\x1f\xf2\xdc\x1b\x00(\x00\x00\x00\x90\x01',)
2021-10-05 02:58:43,513 root DEBUG gap.py                    128   gap_connected_ev_         : gap_connected_ev_ b'\x00\xe4\x1f\xf2\xdc\x1b\x00(\x00\x00\x00\x90\x01'
2021-10-05 02:58:44,513 ClientCallback.on_implicit_send INFO autoptsclient_common.py   169   on_implicit_send          : ********************
2021-10-05 02:58:44,513 ClientCallback.on_implicit_send INFO autoptsclient_common.py   170   on_implicit_send          : BEGIN OnImplicitSend:
2021-10-05 02:58:44,513 ClientCallback.on_implicit_send INFO autoptsclient_common.py   171   on_implicit_send          : project_name: GAP
2021-10-05 02:58:44,513 ClientCallback.on_implicit_send INFO autoptsclient_common.py   172   on_implicit_send          : wid: 208
2021-10-05 02:58:44,513 ClientCallback.on_implicit_send INFO autoptsclient_common.py   173   on_implicit_send          : test_case_name: GAP/SEC/SEM/BI-10-C
2021-10-05 02:58:44,513 ClientCallback.on_implicit_send INFO autoptsclient_common.py   174   on_implicit_send          : description: Please configure the IUT into LE Security Mode 1 Level 4 and start pairing process.
2021-10-05 02:58:44,513 ClientCallback.on_implicit_send INFO autoptsclient_common.py   175   on_implicit_send          : style: MMI_Style_Ok_Cancel2 0x11141
2021-10-05 02:58:44,513 ClientCallback.on_implicit_send INFO autoptsclient_common.py   181   on_implicit_send          : Calling test cases on_implicit_send
2021-10-05 02:58:44,513 root DEBUG testcase.py               675   on_implicit_send          : GAP GAP/SEC/SEM/BI-10-C on_implicit_send
2021-10-05 02:58:44,513 root DEBUG testcase.py               619   join_post_wid_thread      : GAP GAP/SEC/SEM/BI-10-C join_post_wid_thread
2021-10-05 02:58:44,513 root DEBUG testcase.py               621   join_post_wid_thread      : self.post_wid_thread None
2021-10-05 02:58:44,513 root DEBUG gap_wid.py                29    gap_wid_hdl               : gap_wid_hdl, 208, 'Please configure the IUT into LE Security Mode 1 Level 4 and start pairing process.', GAP/SEC/SEM/BI-10-C
2021-10-05 02:58:44,513 root DEBUG gap.py                    459   gap_pair                  : gap_pair None None
2021-10-05 02:58:44,513 root DEBUG iutctl_common.py          117   send                      : send, 1 17 0 "bytearray(b'\\x00\\xe4\\x1f\\xf2\\xdc\\x1b\\x00')"
2021-10-05 02:58:44,513 root DEBUG iutctl_common.py          120   send                      : btpclient command: send 1 17 0 "bytearray(b'\\x00\\xe4\\x1f\\xf2\\xdc\\x1b\\x00')"
2021-10-05 02:58:44,513 root DEBUG iutctl_common.py          125   send                      : sending frame b'\x01\x11\x00\x07\x00\x00\xe4\x1f\xf2\xdc\x1b\x00'
2021-10-05 02:58:44,513 root DEBUG gap.py                    770   gap_command_rsp_succ      : gap_command_rsp_succ
2021-10-05 02:58:44,513 root DEBUG iutctl_common.py          174   read                      : read
2021-10-05 02:58:44,560 root DEBUG iutctl_common.py          98    read                      : Received: hdr: Header(svc_id=1, op=17, ctrl_index=0, data_len=0) bytearray(b'\x01\x11\x00\x00\x00')
2021-10-05 02:58:44,560 root DEBUG iutctl_common.py          111   read                      : Received data: "('',)", bytearray(b'')
2021-10-05 02:58:44,560 root DEBUG gap.py                    775   gap_command_rsp_succ      : received Header(svc_id=1, op=17, ctrl_index=0, data_len=0) (b'',)
2021-10-05 02:58:44,560 root DEBUG testcase.py               713   on_implicit_send          : Sending response 'OK'
2021-10-05 02:58:44,560 ClientCallback.on_implicit_send INFO autoptsclient_common.py   186   on_implicit_send          : test case returned on_implicit_send, response: OK
2021-10-05 02:58:44,560 ClientCallback.on_implicit_send INFO autoptsclient_common.py   196   on_implicit_send          : END OnImplicitSend:
2021-10-05 02:58:44,560 ClientCallback.on_implicit_send INFO autoptsclient_common.py   197   on_implicit_send          : ********************
2021-10-05 02:58:44,653 ClientCallback.on_implicit_send INFO autoptsclient_common.py   169   on_implicit_send          : ********************
2021-10-05 02:58:44,653 ClientCallback.on_implicit_send INFO autoptsclient_common.py   170   on_implicit_send          : BEGIN OnImplicitSend:
2021-10-05 02:58:44,653 ClientCallback.on_implicit_send INFO autoptsclient_common.py   171   on_implicit_send          : project_name: GAP
2021-10-05 02:58:44,653 ClientCallback.on_implicit_send INFO autoptsclient_common.py   172   on_implicit_send          : wid: 20115
2021-10-05 02:58:44,653 ClientCallback.on_implicit_send INFO autoptsclient_common.py   173   on_implicit_send          : test_case_name: GAP/SEC/SEM/BI-10-C
2021-10-05 02:58:44,653 ClientCallback.on_implicit_send INFO autoptsclient_common.py   174   on_implicit_send          : description: Please initiate a GATT disconnection to the PTS.

Description: Verify that the Implementation Under Test (IUT) can initiate GATT disconnect request to PTS.
2021-10-05 02:58:44,653 ClientCallback.on_implicit_send INFO autoptsclient_common.py   175   on_implicit_send          : style: MMI_Style_Ok_Cancel2 0x11141
2021-10-05 02:58:44,653 ClientCallback.on_implicit_send INFO autoptsclient_common.py   181   on_implicit_send          : Calling test cases on_implicit_send
2021-10-05 02:58:44,653 root DEBUG testcase.py               675   on_implicit_send          : GAP GAP/SEC/SEM/BI-10-C on_implicit_send
2021-10-05 02:58:44,653 root DEBUG testcase.py               619   join_post_wid_thread      : GAP GAP/SEC/SEM/BI-10-C join_post_wid_thread
2021-10-05 02:58:44,653 root DEBUG testcase.py               621   join_post_wid_thread      : self.post_wid_thread None
2021-10-05 02:58:44,653 root DEBUG gap_wid.py                29    gap_wid_hdl               : gap_wid_hdl, 20115, 'Please initiate a GATT disconnection to the PTS.\n\nDescription: Verify that the Implementation Under Test (IUT) can initiate GATT disconnect request to PTS.', GAP/SEC/SEM/BI-10-C
2021-10-05 02:58:44,653 root DEBUG gap.py                    419   gap_disconn               : gap_disconn None None
2021-10-05 02:58:44,653 root DEBUG iutctl_common.py          117   send                      : send, 1 15 0 "bytearray(b'\\x00\\xe4\\x1f\\xf2\\xdc\\x1b\\x00')"
2021-10-05 02:58:44,653 root DEBUG iutctl_common.py          120   send                      : btpclient command: send 1 15 0 "bytearray(b'\\x00\\xe4\\x1f\\xf2\\xdc\\x1b\\x00')"
2021-10-05 02:58:44,653 root DEBUG iutctl_common.py          125   send                      : sending frame b'\x01\x0f\x00\x07\x00\x00\xe4\x1f\xf2\xdc\x1b\x00'
2021-10-05 02:58:44,653 root DEBUG gap.py                    770   gap_command_rsp_succ      : gap_command_rsp_succ
2021-10-05 02:58:44,653 root DEBUG iutctl_common.py          174   read                      : read
2021-10-05 02:58:44,716 root DEBUG iutctl_common.py          98    read                      : Received: hdr: Header(svc_id=1, op=15, ctrl_index=0, data_len=0) bytearray(b'\x01\x0f\x00\x00\x00')
2021-10-05 02:58:44,731 root DEBUG iutctl_common.py          111   read                      : Received data: "('',)", bytearray(b'')
2021-10-05 02:58:44,731 root DEBUG iutctl_common.py          98    read                      : Received: hdr: Header(svc_id=1, op=131, ctrl_index=0, data_len=7) bytearray(b'\x01\x83\x00\x07\x00')
2021-10-05 02:58:44,731 root DEBUG gap.py                    775   gap_command_rsp_succ      : received Header(svc_id=1, op=15, ctrl_index=0, data_len=0) (b'',)
2021-10-05 02:58:44,731 root DEBUG iutctl_common.py          111   read                      : Received data: "('\x00ä\x1fòÜ\x1b\x00',)", bytearray(b'\x00\xe4\x1f\xf2\xdc\x1b\x00')
2021-10-05 02:58:44,731 root DEBUG testcase.py               713   on_implicit_send          : Sending response 'OK'
2021-10-05 02:58:44,731 root DEBUG btp.py                    423   event_handler             : event_handler Header(svc_id=1, op=131, ctrl_index=0, data_len=7) (b'\x00\xe4\x1f\xf2\xdc\x1b\x00',)
2021-10-05 02:58:44,731 ClientCallback.on_implicit_send INFO autoptsclient_common.py   186   on_implicit_send          : test case returned on_implicit_send, response: OK
2021-10-05 02:58:44,731 root DEBUG gap.py                    142   gap_disconnected_ev_      : gap_disconnected_ev_ b'\x00\xe4\x1f\xf2\xdc\x1b\x00'
2021-10-05 02:58:44,731 ClientCallback.on_implicit_send INFO autoptsclient_common.py   196   on_implicit_send          : END OnImplicitSend:
2021-10-05 02:58:44,731 ClientCallback.on_implicit_send INFO autoptsclient_common.py   197   on_implicit_send          : ********************
2021-10-05 02:58:47,371 ClientCallback.log INFO autoptsclient_common.py   133   log                       : PTS_LOGTYPE_START_TEST Start Test Case 

+140 ms
 GAP/SEC/SEM/BI-10-C GAP/SEC/SEM/BI-10-C

2021-10-05 02:58:47,371 root DEBUG testcase.py               464   log                       : New status GAP GAP/SEC/SEM/BI-10-C - Started
2021-10-05 02:58:47,778 ClientCallback.log INFO autoptsclient_common.py   133   log                       : PTS_LOGTYPE_FINAL_VERDICT Final Verdict 

+21687 ms
 GAP/SEC/SEM/BI-10-C PASS

2021-10-05 02:58:47,778 root DEBUG testcase.py               464   log                       : New status GAP GAP/SEC/SEM/BI-10-C - PASS
2021-10-05 02:58:47,778 ClientCallback.log INFO autoptsclient_common.py   133   log                       : PTS_LOGTYPE_FINAL_VERDICT Encrypted Verdict 

+21687 ms
 GAP/SEC/SEM/BI-10-C A1#ZWY4MzQ5MDg3MmQwNTIxOGQzMzQ5YjY2ODA5M2MzNjQ5ZDY4NmY0Yjc2MzIzM2VkNTUyNTFhNGU4Mjg1MjI0NA==#1Sv5uOLhQUriY1fI8Y4XQJIN4I/VwPvnYEgFSfd7Bq/UeBMqDh7389Jq3fJVTyop

2021-10-05 02:58:47,949 ClientCallback.log INFO autoptsclient_common.py   133   log                       : PTS_LOGTYPE_END_TEST Test Case Ended 

+21687 ms
 GAP/SEC/SEM/BI-10-C GAP/SEC/SEM/BI-10-C

2021-10-05 02:58:48,106 root DEBUG autoptsclient_common.py   796   run_test_case_thread_entry : After run_test_case error_code='' status='PASS'
2021-10-05 02:58:48,106 root DEBUG autoptsclient_common.py   278   error_code                : CallbackThread.error_code
2021-10-05 02:58:48,106 root DEBUG autoptsclient_common.py   292   cleanup                   : CallbackThread.cleanup
2021-10-05 02:58:49,121 root DEBUG testcase.py               758   post_run                  : post_run GAP GAP/SEC/SEM/BI-10-C 
2021-10-05 02:58:49,121 root DEBUG testcase.py               246   start                     : Starting test function: class=<class 'ptsprojects.testcase.TestFuncCleanUp'>, func=<bound method Stack.cleanup of <ptsprojects.stack.Stack object at 0x00000192F20C4640>> start_wid=None stop_wid=None post_wid=None skip_call=None call_count=1 args=() kwds={}
2021-10-05 02:58:49,121 root DEBUG testcase.py               258   start                     : Test function parameters: args=(), kwds={}
2021-10-05 02:58:49,121 root DEBUG autoptsclient_common.py   287   clear_pending_responses   : CallbackThread.clear_pending_responses
2021-10-05 02:58:49,121 root DEBUG autoptsclient_common.py   287   clear_pending_responses   : CallbackThread.clear_pending_responses
2021-10-05 02:58:49,121 root DEBUG testcase.py               246   start                     : Starting test function: class=<class 'ptsprojects.testcase.TestFuncCleanUp'>, func=<bound method ZephyrCtl.stop of <ptsprojects.zephyr.iutctl.ZephyrCtl object at 0x00000192F20C4730>> start_wid=None stop_wid=None post_wid=None skip_call=None call_count=1 args=() kwds={}
2021-10-05 02:58:49,121 root DEBUG testcase.py               258   start                     : Test function parameters: args=(), kwds={}
2021-10-05 02:58:49,121 root DEBUG iutctl.py                 221   stop                      : <class 'ptsprojects.zephyr.iutctl.ZephyrCtl'>.stop
2021-10-05 02:58:52,839 root DEBUG testcase.py               783   post_run                  : post_run, cleanup running pre test case script
2021-10-05 02:58:52,839 root DEBUG testcase.py               793   post_run                  : post_run, run post test case script
2021-10-05 02:58:52,901 root DEBUG autoptsclient_common.py   826   run_test_case_thread_entry : Done TestCase wrapper GAP GAP/SEC/SEM/BI-10-C
