2024-10-12 02:49:13,812 LT1-thread root DEBUG client.py                 951   _run_test_case            : Starting TestCase _run_test_case GAP GAP/PADV/PAST/BV-02-C
2024-10-12 02:49:13,812 LT1-thread root DEBUG testcase.py               712   pre_run                   : pre_run GAP GAP/PADV/PAST/BV-02-C
2024-10-12 02:49:13,812 LT1-thread root DEBUG testcase.py               714   pre_run                   : About to run test case GAP GAP/PADV/PAST/BV-02-C with commands:
2024-10-12 02:49:13,812 LT1-thread root DEBUG testcase.py               717   pre_run                   : 0) class=<class 'autopts.ptsprojects.testcase.TestFunc'>, func=<bound method Stack.core_init of <autopts.ptsprojects.stack.stack.Stack object at 0x7f0f9313b460>> start_wid=None stop_wid=None post_wid=None skip_call=None call_count=0 args=() kwds={}
2024-10-12 02:49:13,812 LT1-thread root DEBUG testcase.py               717   pre_run                   : 1) class=<class 'autopts.ptsprojects.testcase.TestFunc'>, func=<bound method ZephyrCtl.hw_reset of <autopts.ptsprojects.zephyr.iutctl.ZephyrCtl object at 0x7f0f9313b520>> start_wid=None stop_wid=None post_wid=None skip_call=None call_count=0 args=() kwds={}
2024-10-12 02:49:13,812 LT1-thread root DEBUG testcase.py               717   pre_run                   : 2) class=<class 'autopts.ptsprojects.testcase.TestFunc'>, func=<bound method ZephyrCtl.start of <autopts.ptsprojects.zephyr.iutctl.ZephyrCtl object at 0x7f0f9313b520>> start_wid=None stop_wid=None post_wid=None skip_call=None call_count=0 args=(<autopts.ptsprojects.zephyr.ztestcase.ZTestCase object at 0x7f0f91884280>,) kwds={}
2024-10-12 02:49:13,812 LT1-thread root DEBUG testcase.py               717   pre_run                   : 3) class=<class 'autopts.ptsprojects.testcase.TestFunc'>, func=<bound method ZephyrCtl.hw_reset of <autopts.ptsprojects.zephyr.iutctl.ZephyrCtl object at 0x7f0f9313b520>> start_wid=None stop_wid=None post_wid=None skip_call=None call_count=0 args=() kwds={}
2024-10-12 02:49:13,813 LT1-thread root DEBUG testcase.py               717   pre_run                   : 4) class=<class 'autopts.ptsprojects.testcase.TestFunc'>, func=<bound method ZephyrCtl.wait_iut_ready_event of <autopts.ptsprojects.zephyr.iutctl.ZephyrCtl object at 0x7f0f9313b520>> start_wid=None stop_wid=None post_wid=None skip_call=None call_count=0 args=(False,) kwds={}
2024-10-12 02:49:13,813 LT1-thread root DEBUG testcase.py               717   pre_run                   : 5) class=<class 'autopts.ptsprojects.testcase.TestFunc'>, func=<function core_reg_svc_gap at 0x7f0f95b3ad40> start_wid=None stop_wid=None post_wid=None skip_call=None call_count=143 args=() kwds={}
2024-10-12 02:49:13,813 LT1-thread root DEBUG testcase.py               717   pre_run                   : 6) class=<class 'autopts.ptsprojects.testcase.TestFunc'>, func=<bound method Stack.gap_init of <autopts.ptsprojects.stack.stack.Stack object at 0x7f0f9313b460>> start_wid=None stop_wid=None post_wid=None skip_call=None call_count=143 args=(b'Tester_1C28DF', 'ABCD', '1111', '1111', '11', '1111', b'\x17github.com/auto-pts', (8, 'PADV_Tester'), 'FF') kwds={}
2024-10-12 02:49:13,813 LT1-thread root DEBUG testcase.py               717   pre_run                   : 7) class=<class 'autopts.ptsprojects.testcase.TestFunc'>, func=<function gap_read_ctrl_info at 0x7f0f95b3ecb0> start_wid=None stop_wid=None post_wid=None skip_call=None call_count=143 args=() kwds={}
2024-10-12 02:49:13,813 LT1-thread root DEBUG testcase.py               717   pre_run                   : 8) class=<class 'autopts.ptsprojects.testcase.TestFunc'>, func=<function test_cases.<locals>.<lambda> at 0x7f0f93162680> start_wid=None stop_wid=None post_wid=None skip_call=None call_count=143 args=() kwds={}
2024-10-12 02:49:13,813 LT1-thread root DEBUG testcase.py               717   pre_run                   : 9) class=<class 'autopts.ptsprojects.testcase.TestFunc'>, func=<function test_cases.<locals>.<lambda> at 0x7f0f93162710> start_wid=None stop_wid=None post_wid=None skip_call=None call_count=143 args=() kwds={}
2024-10-12 02:49:13,813 LT1-thread root DEBUG testcase.py               717   pre_run                   : 10) class=<class 'autopts.ptsprojects.testcase.TestFunc'>, func=<function test_cases.<locals>.<lambda> at 0x7f0f931625f0> start_wid=None stop_wid=None post_wid=None skip_call=None call_count=143 args=() kwds={}
2024-10-12 02:49:13,813 LT1-thread root DEBUG testcase.py               717   pre_run                   : 11) class=<class 'autopts.ptsprojects.testcase.TestFunc'>, func=<function test_cases.<locals>.<lambda> at 0x7f0f93162290> start_wid=None stop_wid=None post_wid=None skip_call=None call_count=143 args=() kwds={}
2024-10-12 02:49:13,813 LT1-thread root DEBUG testcase.py               717   pre_run                   : 12) class=<class 'autopts.ptsprojects.testcase.TestFunc'>, func=<function test_cases.<locals>.<lambda> at 0x7f0f931623b0> start_wid=None stop_wid=None post_wid=None skip_call=None call_count=143 args=() kwds={}
2024-10-12 02:49:13,813 LT1-thread root DEBUG testcase.py               717   pre_run                   : 13) class=<class 'autopts.ptsprojects.testcase.TestFunc'>, func=<function test_cases.<locals>.<lambda> at 0x7f0f93162320> start_wid=None stop_wid=None post_wid=None skip_call=None call_count=143 args=() kwds={}
2024-10-12 02:49:13,813 LT1-thread root DEBUG testcase.py               717   pre_run                   : 14) class=<class 'autopts.ptsprojects.testcase.TestFunc'>, func=<function test_cases.<locals>.<lambda> at 0x7f0f93161e10> start_wid=None stop_wid=None post_wid=None skip_call=None call_count=143 args=() kwds={}
2024-10-12 02:49:13,813 LT1-thread root DEBUG testcase.py               717   pre_run                   : 15) class=<class 'autopts.ptsprojects.testcase.TestFunc'>, func=<function test_cases.<locals>.<lambda> at 0x7f0f931620e0> start_wid=None stop_wid=None post_wid=None skip_call=None call_count=143 args=() kwds={}
2024-10-12 02:49:13,813 LT1-thread root DEBUG testcase.py               717   pre_run                   : 16) class=<class 'autopts.ptsprojects.testcase.TestFunc'>, func=<function test_cases.<locals>.<lambda> at 0x7f0f931603a0> start_wid=None stop_wid=None post_wid=None skip_call=None call_count=143 args=() kwds={}
2024-10-12 02:49:13,813 LT1-thread root DEBUG testcase.py               717   pre_run                   : 17) class=<class 'autopts.ptsprojects.testcase.TestFunc'>, func=<function test_cases.<locals>.<lambda> at 0x7f0f931627a0> start_wid=None stop_wid=None post_wid=None skip_call=None call_count=143 args=() kwds={}
2024-10-12 02:49:13,813 LT1-thread root DEBUG testcase.py               717   pre_run                   : 18) class=<class 'autopts.ptsprojects.testcase.TestFunc'>, func=<function test_cases.<locals>.<lambda> at 0x7f0f93162830> start_wid=None stop_wid=None post_wid=None skip_call=None call_count=143 args=() kwds={}
2024-10-12 02:49:13,813 LT1-thread root DEBUG testcase.py               717   pre_run                   : 19) class=<class 'autopts.ptsprojects.testcase.TestFunc'>, func=<function test_cases.<locals>.<lambda> at 0x7f0f931628c0> start_wid=None stop_wid=None post_wid=None skip_call=None call_count=143 args=() kwds={}
2024-10-12 02:49:13,813 LT1-thread root DEBUG testcase.py               717   pre_run                   : 20) class=<class 'autopts.ptsprojects.testcase.TestFunc'>, func=<function core_reg_svc_gatt at 0x7f0f95b3ae60> start_wid=None stop_wid=None post_wid=None skip_call=None call_count=143 args=() kwds={}
2024-10-12 02:49:13,813 LT1-thread root DEBUG testcase.py               717   pre_run                   : 21) class=<class 'autopts.ptsprojects.testcase.TestFunc'>, func=<bound method Stack.gatt_init of <autopts.ptsprojects.stack.stack.Stack object at 0x7f0f9313b460>> start_wid=None stop_wid=None post_wid=None skip_call=None call_count=143 args=() kwds={}
2024-10-12 02:49:13,813 LT1-thread root DEBUG testcase.py               717   pre_run                   : 22) class=<class 'autopts.ptsprojects.testcase.TestFunc'>, func=<function gap_set_io_cap at 0x7f0f95b3e320> start_wid=None stop_wid=None post_wid=None skip_call=None call_count=143 args=(4,) kwds={}
2024-10-12 02:49:13,813 LT1-thread root DEBUG testcase.py               717   pre_run                   : 23) class=<class 'autopts.ptsprojects.testcase.TestFunc'>, func=<function set_pts_addr at 0x7f0f95b3a950> start_wid=None stop_wid=None post_wid=None skip_call=None call_count=143 args=('C0:07:E8:1C:28:DF', 0) kwds={}
2024-10-12 02:49:13,813 LT1-thread root DEBUG testcase.py               717   pre_run                   : 24) class=<class 'autopts.ptsprojects.testcase.TestFunc'>, func=<function gatts_add_svc at 0x7f0f95b50550> start_wid=None stop_wid=None post_wid=None skip_call=None call_count=142 args=(0, 'AA51') kwds={}
2024-10-12 02:49:13,813 LT1-thread root DEBUG testcase.py               717   pre_run                   : 25) class=<class 'autopts.ptsprojects.testcase.TestFunc'>, func=<function gatts_add_char at 0x7f0f95b50670> start_wid=None stop_wid=None post_wid=None skip_call=None call_count=142 args=(0, 2, 17, 'AA52') kwds={}
2024-10-12 02:49:13,813 LT1-thread root DEBUG testcase.py               717   pre_run                   : 26) class=<class 'autopts.ptsprojects.testcase.TestFunc'>, func=<function gatts_set_val at 0x7f0f95b50700> start_wid=None stop_wid=None post_wid=None skip_call=None call_count=142 args=(0, '01') kwds={}
2024-10-12 02:49:13,813 LT1-thread root DEBUG testcase.py               717   pre_run                   : 27) class=<class 'autopts.ptsprojects.testcase.TestFunc'>, func=<function gatts_add_char at 0x7f0f95b50670> start_wid=None stop_wid=None post_wid=None skip_call=None call_count=142 args=(0, 2, 5, 'AA53') kwds={}
2024-10-12 02:49:13,814 LT1-thread root DEBUG testcase.py               717   pre_run                   : 28) class=<class 'autopts.ptsprojects.testcase.TestFunc'>, func=<function gatts_set_val at 0x7f0f95b50700> start_wid=None stop_wid=None post_wid=None skip_call=None call_count=142 args=(0, '02') kwds={}
2024-10-12 02:49:13,814 LT1-thread root DEBUG testcase.py               717   pre_run                   : 29) class=<class 'autopts.ptsprojects.testcase.TestFunc'>, func=<function gatts_add_char at 0x7f0f95b50670> start_wid=None stop_wid=None post_wid=None skip_call=None call_count=142 args=(0, 66, 3, 'AA54') kwds={}
2024-10-12 02:49:13,814 LT1-thread root DEBUG testcase.py               717   pre_run                   : 30) class=<class 'autopts.ptsprojects.testcase.TestFunc'>, func=<function gatts_set_val at 0x7f0f95b50700> start_wid=None stop_wid=None post_wid=None skip_call=None call_count=142 args=(0, '03') kwds={}
2024-10-12 02:49:13,814 LT1-thread root DEBUG testcase.py               717   pre_run                   : 31) class=<class 'autopts.ptsprojects.testcase.TestFunc'>, func=<function gatts_add_char at 0x7f0f95b50670> start_wid=None stop_wid=None post_wid=None skip_call=None call_count=142 args=(0, 10, 48, 'AA55') kwds={}
2024-10-12 02:49:13,814 LT1-thread root DEBUG testcase.py               717   pre_run                   : 32) class=<class 'autopts.ptsprojects.testcase.TestFunc'>, func=<function gatts_set_val at 0x7f0f95b50700> start_wid=None stop_wid=None post_wid=None skip_call=None call_count=142 args=(0, '04') kwds={}
2024-10-12 02:49:13,814 LT1-thread root DEBUG testcase.py               717   pre_run                   : 33) class=<class 'autopts.ptsprojects.testcase.TestFunc'>, func=<function gatts_start_server at 0x7f0f95b50940> start_wid=None stop_wid=None post_wid=None skip_call=None call_count=142 args=() kwds={}
2024-10-12 02:49:13,814 LT1-thread root DEBUG testcase.py               717   pre_run                   : 34) class=<class 'autopts.ptsprojects.testcase.TestFuncCleanUp'>, func=<bound method Stack.cleanup of <autopts.ptsprojects.stack.stack.Stack object at 0x7f0f9313b460>> start_wid=None stop_wid=None post_wid=None skip_call=None call_count=0 args=() kwds={}
2024-10-12 02:49:13,814 LT1-thread root DEBUG testcase.py               717   pre_run                   : 35) class=<class 'autopts.ptsprojects.testcase.TestFuncCleanUp'>, func=<bound method ZephyrCtl.stop of <autopts.ptsprojects.zephyr.iutctl.ZephyrCtl object at 0x7f0f9313b520>> start_wid=None stop_wid=None post_wid=None skip_call=None call_count=0 args=() kwds={}
2024-10-12 02:49:13,814 LT1-thread root DEBUG testcase.py               724   pre_run                   : pre_run, run pre test case script
2024-10-12 02:49:13,814 LT1-thread root DEBUG testcase.py               253   start                     : Starting test function: class=<class 'autopts.ptsprojects.testcase.TestFunc'>, func=<bound method Stack.core_init of <autopts.ptsprojects.stack.stack.Stack object at 0x7f0f9313b460>> start_wid=None stop_wid=None post_wid=None skip_call=None call_count=1 args=() kwds={}
2024-10-12 02:49:13,814 LT1-thread root DEBUG testcase.py               265   start                     : Test function parameters: args=(), kwds={}
2024-10-12 02:49:13,814 LT1-thread root DEBUG testcase.py               253   start                     : Starting test function: class=<class 'autopts.ptsprojects.testcase.TestFunc'>, func=<bound method ZephyrCtl.hw_reset of <autopts.ptsprojects.zephyr.iutctl.ZephyrCtl object at 0x7f0f9313b520>> start_wid=None stop_wid=None post_wid=None skip_call=None call_count=1 args=() kwds={}
2024-10-12 02:49:13,814 LT1-thread root DEBUG testcase.py               265   start                     : Test function parameters: args=(), kwds={}
2024-10-12 02:49:13,815 LT1-thread root DEBUG testcase.py               253   start                     : Starting test function: class=<class 'autopts.ptsprojects.testcase.TestFunc'>, func=<bound method ZephyrCtl.start of <autopts.ptsprojects.zephyr.iutctl.ZephyrCtl object at 0x7f0f9313b520>> start_wid=None stop_wid=None post_wid=None skip_call=None call_count=1 args=(<autopts.ptsprojects.zephyr.ztestcase.ZTestCase object at 0x7f0f91884280>,) kwds={}
2024-10-12 02:49:13,815 LT1-thread root DEBUG testcase.py               265   start                     : Test function parameters: args=(<autopts.ptsprojects.zephyr.ztestcase.ZTestCase object at 0x7f0f91884280>,), kwds={}
2024-10-12 02:49:13,815 LT1-thread root DEBUG iutctl.py                 104   start                     : <class 'autopts.ptsprojects.zephyr.iutctl.ZephyrCtl'>.start
2024-10-12 02:49:13,815 LT1-thread root DEBUG iutctl.py                 169   flush_serial              : <class 'autopts.ptsprojects.zephyr.iutctl.ZephyrCtl'>.flush_serial
2024-10-12 02:49:14,818 LT1-thread root DEBUG iutctl.py                 134   start                     : Starting socat process: socat -x -v /dev/ttyACM2,rawer,b115200 UNIX-CONNECT:/tmp/bt-stack-tester683989059
2024-10-12 02:49:14,819 LT1-thread root DEBUG iutctl_common.py          293   accept                    : accept
2024-10-12 02:49:14,820 BTPWorkerThread-3517 (_rx_task) root DEBUG iutctl_common.py          198   _rx_task                  : BTPWorkerThread-3517 (_rx_task) started
2024-10-12 02:49:14,821 LT1-thread root DEBUG testcase.py               253   start                     : Starting test function: class=<class 'autopts.ptsprojects.testcase.TestFunc'>, func=<bound method ZephyrCtl.hw_reset of <autopts.ptsprojects.zephyr.iutctl.ZephyrCtl object at 0x7f0f9313b520>> start_wid=None stop_wid=None post_wid=None skip_call=None call_count=1 args=() kwds={}
2024-10-12 02:49:14,821 LT1-thread root DEBUG testcase.py               265   start                     : Test function parameters: args=(), kwds={}
2024-10-12 02:49:14,821 LT1-thread root DEBUG testcase.py               253   start                     : Starting test function: class=<class 'autopts.ptsprojects.testcase.TestFunc'>, func=<bound method ZephyrCtl.wait_iut_ready_event of <autopts.ptsprojects.zephyr.iutctl.ZephyrCtl object at 0x7f0f9313b520>> start_wid=None stop_wid=None post_wid=None skip_call=None call_count=1 args=(False,) kwds={}
2024-10-12 02:49:14,821 LT1-thread root DEBUG testcase.py               265   start                     : Test function parameters: args=(False,), kwds={}
2024-10-12 02:49:14,821 LT1-thread root DEBUG iutctl.py                 231   wait_iut_ready_event      : IUT ready event received OK
2024-10-12 02:49:14,821 LT1-thread root DEBUG rtt.py                    232   start                     : <class 'autopts.rtt.RTTLogger'>.start
2024-10-12 02:49:14,821 LT1-thread root DEBUG rtt.py                    87    start                     : <class 'autopts.rtt.RTT'>.start
2024-10-12 02:49:15,458 LT1-thread root DEBUG testcase.py               253   start                     : Starting test function: class=<class 'autopts.ptsprojects.testcase.TestFunc'>, func=<function core_reg_svc_gap at 0x7f0f95b3ad40> start_wid=None stop_wid=None post_wid=None skip_call=None call_count=144 args=() kwds={}
2024-10-12 02:49:15,458 LT1-thread root DEBUG testcase.py               265   start                     : Test function parameters: args=(), kwds={}
2024-10-12 02:49:15,458 LT1-thread root DEBUG btp.py                    461   core_reg_svc_gap          : core_reg_svc_gap
2024-10-12 02:49:15,458 LT1-thread root DEBUG iutctl_common.py          106   send                      : send, 0 3 255 '1'
2024-10-12 02:49:15,458 LT1-thread root DEBUG iutctl_common.py          111   send                      : sending frame '0003ff010001'
2024-10-12 02:49:15,458 LT1-thread root DEBUG btp.py                    710   core_reg_svc_rsp_succ     : core_reg_svc_rsp_succ
2024-10-12 02:49:15,458 LT1-thread root DEBUG iutctl_common.py          230   read                      : read
2024-10-12 02:49:15,484 BTPWorkerThread-3517 (_rx_task) root DEBUG iutctl_common.py          76    read                      : Read 5 bytes
2024-10-12 02:49:15,490 BTPWorkerThread-3517 (_rx_task) root DEBUG iutctl_common.py          83    read                      : Received: hdr: Header(svc_id=0, op=3, ctrl_index=255, data_len=0) bytearray(b'\x00\x03\xff\x00\x00')
2024-10-12 02:49:15,495 BTPWorkerThread-3517 (_rx_task) root DEBUG iutctl_common.py          99    read                      : Received data: {''}, bytearray(b'')
2024-10-12 02:49:15,495 LT1-thread root DEBUG btp.py                    721   core_reg_svc_rsp_succ     : received Header(svc_id=0, op=3, ctrl_index=255, data_len=0) (b'',)
2024-10-12 02:49:15,495 LT1-thread root DEBUG btp.py                    722   core_reg_svc_rsp_succ     : expected ((0, 3, 255, 0), (b'',))
2024-10-12 02:49:15,495 LT1-thread root DEBUG btp.py                    727   core_reg_svc_rsp_succ     : response is valid
2024-10-12 02:49:15,495 LT1-thread root DEBUG testcase.py               253   start                     : Starting test function: class=<class 'autopts.ptsprojects.testcase.TestFunc'>, func=<bound method Stack.gap_init of <autopts.ptsprojects.stack.stack.Stack object at 0x7f0f9313b460>> start_wid=None stop_wid=None post_wid=None skip_call=None call_count=144 args=(b'Tester_1C28DF', 'ABCD', '1111', '1111', '11', '1111', b'\x17github.com/auto-pts', (8, 'PADV_Tester'), 'FF') kwds={}
2024-10-12 02:49:15,495 LT1-thread root DEBUG testcase.py               265   start                     : Test function parameters: args=(b'Tester_1C28DF', 'ABCD', '1111', '1111', '11', '1111', b'\x17github.com/auto-pts', (8, 'PADV_Tester'), 'FF'), kwds={}
2024-10-12 02:49:15,496 LT1-thread root DEBUG testcase.py               253   start                     : Starting test function: class=<class 'autopts.ptsprojects.testcase.TestFunc'>, func=<function gap_read_ctrl_info at 0x7f0f95b3ecb0> start_wid=None stop_wid=None post_wid=None skip_call=None call_count=144 args=() kwds={}
2024-10-12 02:49:15,496 LT1-thread root DEBUG testcase.py               265   start                     : Test function parameters: args=(), kwds={}
2024-10-12 02:49:15,496 LT1-thread root DEBUG gap.py                    937   gap_read_ctrl_info        : gap_read_ctrl_info
2024-10-12 02:49:15,496 LT1-thread root DEBUG iutctl_common.py          106   send                      : send, 1 3 0 ''
2024-10-12 02:49:15,496 LT1-thread root DEBUG iutctl_common.py          111   send                      : sending frame '0103000000'
2024-10-12 02:49:15,496 LT1-thread root DEBUG iutctl_common.py          230   read                      : read
2024-10-12 02:49:15,743 BTPWorkerThread-3517 (_rx_task) root DEBUG iutctl_common.py          76    read                      : Read 5 bytes
2024-10-12 02:49:15,748 BTPWorkerThread-3517 (_rx_task) root DEBUG iutctl_common.py          83    read                      : Received: hdr: Header(svc_id=1, op=3, ctrl_index=0, data_len=277) bytearray(b'\x01\x03\x00\x15\x01')
2024-10-12 02:49:15,759 BTPWorkerThread-3517 (_rx_task) root DEBUG iutctl_common.py          91    read                      : Read 189 bytes data
2024-10-12 02:49:15,769 BTPWorkerThread-3517 (_rx_task) root DEBUG iutctl_common.py          91    read                      : Read 88 bytes data
2024-10-12 02:49:15,780 BTPWorkerThread-3517 (_rx_task) root DEBUG iutctl_common.py          99    read                      : Received data: {'70 1f c4 76 e7 dc 13 06 02 00 13 82 00 00 00 00 00 62 74 70 5f 74 65 73 74 65 72 00 00 00 00 00 00 00 00 00 00 00 00 00 00 00 00 00 00 00 00 00 00 00 00 00 00 00 00 00 00 00 00 00 00 00 00 00 00 00 00 00 00 00 00 00 00 00 00 00 00 00 00 00 00 00 00 00 00 00 00 00 00 00 00 00 00 00 00 00 00 00 00 00 00 00 00 00 00 00 00 00 00 00 00 00 00 00 00 00 00 00 00 00 00 00 00 00 00 00 00 00 00 00 00 00 00 00 00 00 00 00 00 00 00 00 00 00 00 00 00 00 00 00 00 00 00 00 00 00 00 00 00 00 00 00 00 00 00 00 00 00 00 00 00 00 00 00 00 00 00 00 00 00 00 00 00 00 00 00 00 00 00 00 00 00 00 00 00 00 00 00 00 00 00 00 00 00 00 00 00 00 00 00 00 00 00 00 00 00 00 00 00 00 00 00 00 00 00 00 00 00 00 00 00 00 00 00 00 00 00 00 00 00 00 00 00 00 00 00 00 00 00 00 00 00 00 00 00 00 00 00 00 00 00 00 00 00 00 00 00 00 00 00 00 00 00 00 00 00 00'}, bytearray(b'p\x1f\xc4v\xe7\xdc\x13\x06\x02\x00\x13\x82\x00\x00\x00\x00\x00btp_tester\x00\x00\x00\x00\x00\x00\x00\x00\x00\x00\x00\x00\x00\x00\x00\x00\x00\x00\x00\x00\x00\x00\x00\x00\x00\x00\x00\x00\x00\x00\x00\x00\x00\x00\x00\x00\x00\x00\x00\x00\x00\x00\x00\x00\x00\x00\x00\x00\x00\x00\x00\x00\x00\x00\x00\x00\x00\x00\x00\x00\x00\x00\x00\x00\x00\x00\x00\x00\x00\x00\x00\x00\x00\x00\x00\x00\x00\x00\x00\x00\x00\x00\x00\x00\x00\x00\x00\x00\x00\x00\x00\x00\x00\x00\x00\x00\x00\x00\x00\x00\x00\x00\x00\x00\x00\x00\x00\x00\x00\x00\x00\x00\x00\x00\x00\x00\x00\x00\x00\x00\x00\x00\x00\x00\x00\x00\x00\x00\x00\x00\x00\x00\x00\x00\x00\x00\x00\x00\x00\x00\x00\x00\x00\x00\x00\x00\x00\x00\x00\x00\x00\x00\x00\x00\x00\x00\x00\x00\x00\x00\x00\x00\x00\x00\x00\x00\x00\x00\x00\x00\x00\x00\x00\x00\x00\x00\x00\x00\x00\x00\x00\x00\x00\x00\x00\x00\x00\x00\x00\x00\x00\x00\x00\x00\x00\x00\x00\x00\x00\x00\x00\x00\x00\x00\x00\x00\x00\x00\x00\x00\x00\x00\x00\x00\x00\x00\x00\x00\x00\x00\x00\x00\x00\x00\x00\x00\x00\x00\x00\x00\x00\x00\x00\x00\x00\x00\x00\x00\x00\x00\x00\x00\x00\x00\x00\x00\x00\x00\x00\x00')
2024-10-12 02:49:15,790 LT1-thread root DEBUG gap.py                    944   gap_read_ctrl_info        : received Header(svc_id=1, op=3, ctrl_index=0, data_len=277) (b'p\x1f\xc4v\xe7\xdc\x13\x06\x02\x00\x13\x82\x00\x00\x00\x00\x00btp_tester\x00\x00\x00\x00\x00\x00\x00\x00\x00\x00\x00\x00\x00\x00\x00\x00\x00\x00\x00\x00\x00\x00\x00\x00\x00\x00\x00\x00\x00\x00\x00\x00\x00\x00\x00\x00\x00\x00\x00\x00\x00\x00\x00\x00\x00\x00\x00\x00\x00\x00\x00\x00\x00\x00\x00\x00\x00\x00\x00\x00\x00\x00\x00\x00\x00\x00\x00\x00\x00\x00\x00\x00\x00\x00\x00\x00\x00\x00\x00\x00\x00\x00\x00\x00\x00\x00\x00\x00\x00\x00\x00\x00\x00\x00\x00\x00\x00\x00\x00\x00\x00\x00\x00\x00\x00\x00\x00\x00\x00\x00\x00\x00\x00\x00\x00\x00\x00\x00\x00\x00\x00\x00\x00\x00\x00\x00\x00\x00\x00\x00\x00\x00\x00\x00\x00\x00\x00\x00\x00\x00\x00\x00\x00\x00\x00\x00\x00\x00\x00\x00\x00\x00\x00\x00\x00\x00\x00\x00\x00\x00\x00\x00\x00\x00\x00\x00\x00\x00\x00\x00\x00\x00\x00\x00\x00\x00\x00\x00\x00\x00\x00\x00\x00\x00\x00\x00\x00\x00\x00\x00\x00\x00\x00\x00\x00\x00\x00\x00\x00\x00\x00\x00\x00\x00\x00\x00\x00\x00\x00\x00\x00\x00\x00\x00\x00\x00\x00\x00\x00\x00\x00\x00\x00\x00\x00\x00\x00\x00\x00\x00\x00\x00\x00\x00\x00\x00\x00\x00\x00\x00\x00\x00\x00\x00\x00\x00\x00\x00\x00\x00',)
2024-10-12 02:49:15,790 LT1-thread root DEBUG gap.py                    965   gap_read_ctrl_info        : IUT address 'dce776c41f70' 'random'
2024-10-12 02:49:15,790 LT1-thread root DEBUG gap.py                    400   __gap_current_settings_update : __gap_current_settings_update 33299
2024-10-12 02:49:15,790 LT1-thread root DEBUG testcase.py               253   start                     : Starting test function: class=<class 'autopts.ptsprojects.testcase.TestFunc'>, func=<function test_cases.<locals>.<lambda> at 0x7f0f93162680> start_wid=None stop_wid=None post_wid=None skip_call=None call_count=144 args=() kwds={}
2024-10-12 02:49:15,790 LT1-thread root DEBUG testcase.py               265   start                     : Test function parameters: args=(), kwds={}
2024-10-12 02:49:15,793 LT1-thread root DEBUG testcase.py               253   start                     : Starting test function: class=<class 'autopts.ptsprojects.testcase.TestFunc'>, func=<function test_cases.<locals>.<lambda> at 0x7f0f93162710> start_wid=None stop_wid=None post_wid=None skip_call=None call_count=144 args=() kwds={}
2024-10-12 02:49:15,793 LT1-thread root DEBUG testcase.py               265   start                     : Test function parameters: args=(), kwds={}
2024-10-12 02:49:15,796 LT1-thread root DEBUG testcase.py               253   start                     : Starting test function: class=<class 'autopts.ptsprojects.testcase.TestFunc'>, func=<function test_cases.<locals>.<lambda> at 0x7f0f931625f0> start_wid=None stop_wid=None post_wid=None skip_call=None call_count=144 args=() kwds={}
2024-10-12 02:49:15,796 LT1-thread root DEBUG testcase.py               265   start                     : Test function parameters: args=(), kwds={}
2024-10-12 02:49:15,798 LT1-thread root DEBUG testcase.py               253   start                     : Starting test function: class=<class 'autopts.ptsprojects.testcase.TestFunc'>, func=<function test_cases.<locals>.<lambda> at 0x7f0f93162290> start_wid=None stop_wid=None post_wid=None skip_call=None call_count=144 args=() kwds={}
2024-10-12 02:49:15,798 LT1-thread root DEBUG testcase.py               265   start                     : Test function parameters: args=(), kwds={}
2024-10-12 02:49:15,801 LT1-thread root DEBUG testcase.py               253   start                     : Starting test function: class=<class 'autopts.ptsprojects.testcase.TestFunc'>, func=<function test_cases.<locals>.<lambda> at 0x7f0f931623b0> start_wid=None stop_wid=None post_wid=None skip_call=None call_count=144 args=() kwds={}
2024-10-12 02:49:15,801 LT1-thread root DEBUG testcase.py               265   start                     : Test function parameters: args=(), kwds={}
2024-10-12 02:49:15,803 LT1-thread root DEBUG testcase.py               253   start                     : Starting test function: class=<class 'autopts.ptsprojects.testcase.TestFunc'>, func=<function test_cases.<locals>.<lambda> at 0x7f0f93162320> start_wid=None stop_wid=None post_wid=None skip_call=None call_count=144 args=() kwds={}
2024-10-12 02:49:15,803 LT1-thread root DEBUG testcase.py               265   start                     : Test function parameters: args=(), kwds={}
2024-10-12 02:49:15,805 LT1-thread root DEBUG testcase.py               253   start                     : Starting test function: class=<class 'autopts.ptsprojects.testcase.TestFunc'>, func=<function test_cases.<locals>.<lambda> at 0x7f0f93161e10> start_wid=None stop_wid=None post_wid=None skip_call=None call_count=144 args=() kwds={}
2024-10-12 02:49:15,805 LT1-thread root DEBUG testcase.py               265   start                     : Test function parameters: args=(), kwds={}
2024-10-12 02:49:15,807 LT1-thread root DEBUG testcase.py               253   start                     : Starting test function: class=<class 'autopts.ptsprojects.testcase.TestFunc'>, func=<function test_cases.<locals>.<lambda> at 0x7f0f931620e0> start_wid=None stop_wid=None post_wid=None skip_call=None call_count=144 args=() kwds={}
2024-10-12 02:49:15,808 LT1-thread root DEBUG testcase.py               265   start                     : Test function parameters: args=(), kwds={}
2024-10-12 02:49:15,810 LT1-thread root DEBUG testcase.py               253   start                     : Starting test function: class=<class 'autopts.ptsprojects.testcase.TestFunc'>, func=<function test_cases.<locals>.<lambda> at 0x7f0f931603a0> start_wid=None stop_wid=None post_wid=None skip_call=None call_count=144 args=() kwds={}
2024-10-12 02:49:15,810 LT1-thread root DEBUG testcase.py               265   start                     : Test function parameters: args=(), kwds={}
2024-10-12 02:49:15,812 LT1-thread root DEBUG testcase.py               253   start                     : Starting test function: class=<class 'autopts.ptsprojects.testcase.TestFunc'>, func=<function test_cases.<locals>.<lambda> at 0x7f0f931627a0> start_wid=None stop_wid=None post_wid=None skip_call=None call_count=144 args=() kwds={}
2024-10-12 02:49:15,812 LT1-thread root DEBUG testcase.py               265   start                     : Test function parameters: args=(), kwds={}
2024-10-12 02:49:15,815 LT1-thread root DEBUG testcase.py               253   start                     : Starting test function: class=<class 'autopts.ptsprojects.testcase.TestFunc'>, func=<function test_cases.<locals>.<lambda> at 0x7f0f93162830> start_wid=None stop_wid=None post_wid=None skip_call=None call_count=144 args=() kwds={}
2024-10-12 02:49:15,815 LT1-thread root DEBUG testcase.py               265   start                     : Test function parameters: args=(), kwds={}
2024-10-12 02:49:15,817 LT1-thread root DEBUG testcase.py               253   start                     : Starting test function: class=<class 'autopts.ptsprojects.testcase.TestFunc'>, func=<function test_cases.<locals>.<lambda> at 0x7f0f931628c0> start_wid=None stop_wid=None post_wid=None skip_call=None call_count=144 args=() kwds={}
2024-10-12 02:49:15,817 LT1-thread root DEBUG testcase.py               265   start                     : Test function parameters: args=(), kwds={}
2024-10-12 02:49:15,819 LT1-thread root DEBUG testcase.py               253   start                     : Starting test function: class=<class 'autopts.ptsprojects.testcase.TestFunc'>, func=<function core_reg_svc_gatt at 0x7f0f95b3ae60> start_wid=None stop_wid=None post_wid=None skip_call=None call_count=144 args=() kwds={}
2024-10-12 02:49:15,819 LT1-thread root DEBUG testcase.py               265   start                     : Test function parameters: args=(), kwds={}
2024-10-12 02:49:15,819 LT1-thread root DEBUG btp.py                    479   core_reg_svc_gatt         : core_reg_svc_gatt
2024-10-12 02:49:15,819 LT1-thread root DEBUG iutctl_common.py          106   send                      : send, 0 3 255 '2'
2024-10-12 02:49:15,819 LT1-thread root DEBUG iutctl_common.py          111   send                      : sending frame '0003ff010002'
2024-10-12 02:49:15,819 LT1-thread root DEBUG btp.py                    710   core_reg_svc_rsp_succ     : core_reg_svc_rsp_succ
2024-10-12 02:49:15,820 LT1-thread root DEBUG iutctl_common.py          230   read                      : read
2024-10-12 02:49:15,845 BTPWorkerThread-3517 (_rx_task) root DEBUG iutctl_common.py          76    read                      : Read 5 bytes
2024-10-12 02:49:15,851 BTPWorkerThread-3517 (_rx_task) root DEBUG iutctl_common.py          83    read                      : Received: hdr: Header(svc_id=0, op=3, ctrl_index=255, data_len=0) bytearray(b'\x00\x03\xff\x00\x00')
2024-10-12 02:49:15,851 BTPWorkerThread-3517 (_rx_task) root DEBUG iutctl_common.py          99    read                      : Received data: {''}, bytearray(b'')
2024-10-12 02:49:15,851 LT1-thread root DEBUG btp.py                    721   core_reg_svc_rsp_succ     : received Header(svc_id=0, op=3, ctrl_index=255, data_len=0) (b'',)
2024-10-12 02:49:15,851 LT1-thread root DEBUG btp.py                    722   core_reg_svc_rsp_succ     : expected ((0, 3, 255, 0), (b'',))
2024-10-12 02:49:15,851 LT1-thread root DEBUG btp.py                    727   core_reg_svc_rsp_succ     : response is valid
2024-10-12 02:49:15,851 LT1-thread root DEBUG testcase.py               253   start                     : Starting test function: class=<class 'autopts.ptsprojects.testcase.TestFunc'>, func=<bound method Stack.gatt_init of <autopts.ptsprojects.stack.stack.Stack object at 0x7f0f9313b460>> start_wid=None stop_wid=None post_wid=None skip_call=None call_count=144 args=() kwds={}
2024-10-12 02:49:15,851 LT1-thread root DEBUG testcase.py               265   start                     : Test function parameters: args=(), kwds={}
2024-10-12 02:49:15,852 LT1-thread root DEBUG testcase.py               253   start                     : Starting test function: class=<class 'autopts.ptsprojects.testcase.TestFunc'>, func=<function gap_set_io_cap at 0x7f0f95b3e320> start_wid=None stop_wid=None post_wid=None skip_call=None call_count=144 args=(4,) kwds={}
2024-10-12 02:49:15,852 LT1-thread root DEBUG testcase.py               265   start                     : Test function parameters: args=(4,), kwds={}
2024-10-12 02:49:15,852 LT1-thread root DEBUG gap.py                    659   gap_set_io_cap            : gap_set_io_cap 4
2024-10-12 02:49:15,852 LT1-thread root DEBUG iutctl_common.py          106   send                      : send, 1 16 0 '\x04'
2024-10-12 02:49:15,852 LT1-thread root DEBUG iutctl_common.py          111   send                      : sending frame '011000010004'
2024-10-12 02:49:15,852 LT1-thread root DEBUG gap.py                    972   gap_command_rsp_succ      : gap_command_rsp_succ
2024-10-12 02:49:15,852 LT1-thread root DEBUG iutctl_common.py          230   read                      : read
2024-10-12 02:49:15,873 BTPWorkerThread-3517 (_rx_task) root DEBUG iutctl_common.py          76    read                      : Read 5 bytes
2024-10-12 02:49:15,879 BTPWorkerThread-3517 (_rx_task) root DEBUG iutctl_common.py          83    read                      : Received: hdr: Header(svc_id=1, op=16, ctrl_index=0, data_len=0) bytearray(b'\x01\x10\x00\x00\x00')
2024-10-12 02:49:15,889 BTPWorkerThread-3517 (_rx_task) root DEBUG iutctl_common.py          99    read                      : Received data: {''}, bytearray(b'')
2024-10-12 02:49:15,894 LT1-thread root DEBUG gap.py                    977   gap_command_rsp_succ      : received Header(svc_id=1, op=16, ctrl_index=0, data_len=0) (b'',)
2024-10-12 02:49:15,895 LT1-thread root DEBUG testcase.py               253   start                     : Starting test function: class=<class 'autopts.ptsprojects.testcase.TestFunc'>, func=<function set_pts_addr at 0x7f0f95b3a950> start_wid=None stop_wid=None post_wid=None skip_call=None call_count=144 args=('C0:07:E8:1C:28:DF', 0) kwds={}
2024-10-12 02:49:15,895 LT1-thread root DEBUG testcase.py               265   start                     : Test function parameters: args=('C0:07:E8:1C:28:DF', 0), kwds={}
2024-10-12 02:49:15,895 LT1-thread root DEBUG testcase.py               253   start                     : Starting test function: class=<class 'autopts.ptsprojects.testcase.TestFunc'>, func=<function gatts_add_svc at 0x7f0f95b50550> start_wid=None stop_wid=None post_wid=None skip_call=None call_count=143 args=(0, 'AA51') kwds={}
2024-10-12 02:49:15,895 LT1-thread root DEBUG testcase.py               265   start                     : Test function parameters: args=(0, 'AA51'), kwds={}
2024-10-12 02:49:15,895 LT1-thread root DEBUG gatt.py                   124   gatts_add_svc             : gatts_add_svc 0 'AA51'
2024-10-12 02:49:15,895 LT1-thread root DEBUG iutctl_common.py          106   send                      : send, 2 2 0 "bytearray(b'\\x00\\x02\\xaaQ')"
2024-10-12 02:49:15,895 LT1-thread root DEBUG iutctl_common.py          111   send                      : sending frame '02020004000002aa51'
2024-10-12 02:49:15,895 LT1-thread root DEBUG gatt.py                   1141  gatt_command_rsp_succ     : gatt_command_rsp_succ
2024-10-12 02:49:15,895 LT1-thread root DEBUG iutctl_common.py          230   read                      : read
2024-10-12 02:49:15,917 BTPWorkerThread-3517 (_rx_task) root DEBUG iutctl_common.py          76    read                      : Read 5 bytes
2024-10-12 02:49:15,922 BTPWorkerThread-3517 (_rx_task) root DEBUG iutctl_common.py          83    read                      : Received: hdr: Header(svc_id=2, op=2, ctrl_index=0, data_len=2) bytearray(b'\x02\x02\x00\x02\x00')
2024-10-12 02:49:15,963 BTPWorkerThread-3517 (_rx_task) root DEBUG iutctl_common.py          91    read                      : Read 2 bytes data
2024-10-12 02:49:15,984 BTPWorkerThread-3517 (_rx_task) root DEBUG iutctl_common.py          99    read                      : Received data: {'00 00'}, bytearray(b'\x00\x00')
2024-10-12 02:49:15,995 LT1-thread root DEBUG gatt.py                   1146  gatt_command_rsp_succ     : received Header(svc_id=2, op=2, ctrl_index=0, data_len=2) (b'\x00\x00',)
2024-10-12 02:49:15,995 LT1-thread root DEBUG testcase.py               253   start                     : Starting test function: class=<class 'autopts.ptsprojects.testcase.TestFunc'>, func=<function gatts_add_char at 0x7f0f95b50670> start_wid=None stop_wid=None post_wid=None skip_call=None call_count=143 args=(0, 2, 17, 'AA52') kwds={}
2024-10-12 02:49:15,995 LT1-thread root DEBUG testcase.py               265   start                     : Test function parameters: args=(0, 2, 17, 'AA52'), kwds={}
2024-10-12 02:49:15,995 LT1-thread root DEBUG gatt.py                   158   gatts_add_char            : gatts_add_char 0 2 17 'AA52'
2024-10-12 02:49:15,995 LT1-thread root DEBUG iutctl_common.py          106   send                      : send, 2 3 0 "bytearray(b'\\x00\\x00\\x02\\x11\\x02\\xaaR')"
2024-10-12 02:49:15,995 LT1-thread root DEBUG iutctl_common.py          111   send                      : sending frame '02030007000000021102aa52'
2024-10-12 02:49:15,995 LT1-thread root DEBUG gatt.py                   1141  gatt_command_rsp_succ     : gatt_command_rsp_succ
2024-10-12 02:49:15,995 LT1-thread root DEBUG iutctl_common.py          230   read                      : read
2024-10-12 02:49:16,021 BTPWorkerThread-3517 (_rx_task) root DEBUG iutctl_common.py          76    read                      : Read 5 bytes
2024-10-12 02:49:16,026 BTPWorkerThread-3517 (_rx_task) root DEBUG iutctl_common.py          83    read                      : Received: hdr: Header(svc_id=2, op=3, ctrl_index=0, data_len=2) bytearray(b'\x02\x03\x00\x02\x00')
2024-10-12 02:49:16,032 BTPWorkerThread-3517 (_rx_task) root DEBUG iutctl_common.py          91    read                      : Read 2 bytes data
2024-10-12 02:49:16,032 BTPWorkerThread-3517 (_rx_task) root DEBUG iutctl_common.py          99    read                      : Received data: {'00 00'}, bytearray(b'\x00\x00')
2024-10-12 02:49:16,032 LT1-thread root DEBUG gatt.py                   1146  gatt_command_rsp_succ     : received Header(svc_id=2, op=3, ctrl_index=0, data_len=2) (b'\x00\x00',)
2024-10-12 02:49:16,032 LT1-thread root DEBUG testcase.py               253   start                     : Starting test function: class=<class 'autopts.ptsprojects.testcase.TestFunc'>, func=<function gatts_set_val at 0x7f0f95b50700> start_wid=None stop_wid=None post_wid=None skip_call=None call_count=143 args=(0, '01') kwds={}
2024-10-12 02:49:16,032 LT1-thread root DEBUG testcase.py               265   start                     : Test function parameters: args=(0, '01'), kwds={}
2024-10-12 02:49:16,032 LT1-thread root DEBUG gatt.py                   190   gatts_set_val             : gatts_set_val 0 '01' 
2024-10-12 02:49:16,032 LT1-thread root DEBUG iutctl_common.py          106   send                      : send, 2 6 0 "bytearray(b'\\x00\\x00\\x01\\x00\\x01')"
2024-10-12 02:49:16,032 LT1-thread root DEBUG iutctl_common.py          111   send                      : sending frame '02060005000000010001'
2024-10-12 02:49:16,032 LT1-thread root DEBUG gatt.py                   1141  gatt_command_rsp_succ     : gatt_command_rsp_succ
2024-10-12 02:49:16,032 LT1-thread root DEBUG iutctl_common.py          230   read                      : read
2024-10-12 02:49:16,054 BTPWorkerThread-3517 (_rx_task) root DEBUG iutctl_common.py          76    read                      : Read 5 bytes
2024-10-12 02:49:16,059 BTPWorkerThread-3517 (_rx_task) root DEBUG iutctl_common.py          83    read                      : Received: hdr: Header(svc_id=2, op=6, ctrl_index=0, data_len=0) bytearray(b'\x02\x06\x00\x00\x00')
2024-10-12 02:49:16,065 BTPWorkerThread-3517 (_rx_task) root DEBUG iutctl_common.py          99    read                      : Received data: {''}, bytearray(b'')
2024-10-12 02:49:16,075 LT1-thread root DEBUG gatt.py                   1146  gatt_command_rsp_succ     : received Header(svc_id=2, op=6, ctrl_index=0, data_len=0) (b'',)
2024-10-12 02:49:16,075 LT1-thread root DEBUG testcase.py               253   start                     : Starting test function: class=<class 'autopts.ptsprojects.testcase.TestFunc'>, func=<function gatts_add_char at 0x7f0f95b50670> start_wid=None stop_wid=None post_wid=None skip_call=None call_count=143 args=(0, 2, 5, 'AA53') kwds={}
2024-10-12 02:49:16,075 LT1-thread root DEBUG testcase.py               265   start                     : Test function parameters: args=(0, 2, 5, 'AA53'), kwds={}
2024-10-12 02:49:16,075 LT1-thread root DEBUG gatt.py                   158   gatts_add_char            : gatts_add_char 0 2 5 'AA53'
2024-10-12 02:49:16,075 LT1-thread root DEBUG iutctl_common.py          106   send                      : send, 2 3 0 "bytearray(b'\\x00\\x00\\x02\\x05\\x02\\xaaS')"
2024-10-12 02:49:16,075 LT1-thread root DEBUG iutctl_common.py          111   send                      : sending frame '02030007000000020502aa53'
2024-10-12 02:49:16,075 LT1-thread root DEBUG gatt.py                   1141  gatt_command_rsp_succ     : gatt_command_rsp_succ
2024-10-12 02:49:16,075 LT1-thread root DEBUG iutctl_common.py          230   read                      : read
2024-10-12 02:49:16,088 BTPWorkerThread-3517 (_rx_task) root DEBUG iutctl_common.py          76    read                      : Read 5 bytes
2024-10-12 02:49:16,098 BTPWorkerThread-3517 (_rx_task) root DEBUG iutctl_common.py          83    read                      : Received: hdr: Header(svc_id=2, op=3, ctrl_index=0, data_len=2) bytearray(b'\x02\x03\x00\x02\x00')
2024-10-12 02:49:16,119 BTPWorkerThread-3517 (_rx_task) root DEBUG iutctl_common.py          91    read                      : Read 2 bytes data
2024-10-12 02:49:16,124 BTPWorkerThread-3517 (_rx_task) root DEBUG iutctl_common.py          99    read                      : Received data: {'00 00'}, bytearray(b'\x00\x00')
2024-10-12 02:49:16,160 LT1-thread root DEBUG gatt.py                   1146  gatt_command_rsp_succ     : received Header(svc_id=2, op=3, ctrl_index=0, data_len=2) (b'\x00\x00',)
2024-10-12 02:49:16,161 LT1-thread root DEBUG testcase.py               253   start                     : Starting test function: class=<class 'autopts.ptsprojects.testcase.TestFunc'>, func=<function gatts_set_val at 0x7f0f95b50700> start_wid=None stop_wid=None post_wid=None skip_call=None call_count=143 args=(0, '02') kwds={}
2024-10-12 02:49:16,161 LT1-thread root DEBUG testcase.py               265   start                     : Test function parameters: args=(0, '02'), kwds={}
2024-10-12 02:49:16,161 LT1-thread root DEBUG gatt.py                   190   gatts_set_val             : gatts_set_val 0 '02' 
2024-10-12 02:49:16,161 LT1-thread root DEBUG iutctl_common.py          106   send                      : send, 2 6 0 "bytearray(b'\\x00\\x00\\x01\\x00\\x02')"
2024-10-12 02:49:16,161 LT1-thread root DEBUG iutctl_common.py          111   send                      : sending frame '02060005000000010002'
2024-10-12 02:49:16,161 LT1-thread root DEBUG gatt.py                   1141  gatt_command_rsp_succ     : gatt_command_rsp_succ
2024-10-12 02:49:16,161 LT1-thread root DEBUG iutctl_common.py          230   read                      : read
2024-10-12 02:49:16,187 BTPWorkerThread-3517 (_rx_task) root DEBUG iutctl_common.py          76    read                      : Read 5 bytes
2024-10-12 02:49:16,192 BTPWorkerThread-3517 (_rx_task) root DEBUG iutctl_common.py          83    read                      : Received: hdr: Header(svc_id=2, op=6, ctrl_index=0, data_len=0) bytearray(b'\x02\x06\x00\x00\x00')
2024-10-12 02:49:16,198 BTPWorkerThread-3517 (_rx_task) root DEBUG iutctl_common.py          99    read                      : Received data: {''}, bytearray(b'')
2024-10-12 02:49:16,213 LT1-thread root DEBUG gatt.py                   1146  gatt_command_rsp_succ     : received Header(svc_id=2, op=6, ctrl_index=0, data_len=0) (b'',)
2024-10-12 02:49:16,213 LT1-thread root DEBUG testcase.py               253   start                     : Starting test function: class=<class 'autopts.ptsprojects.testcase.TestFunc'>, func=<function gatts_add_char at 0x7f0f95b50670> start_wid=None stop_wid=None post_wid=None skip_call=None call_count=143 args=(0, 66, 3, 'AA54') kwds={}
2024-10-12 02:49:16,213 LT1-thread root DEBUG testcase.py               265   start                     : Test function parameters: args=(0, 66, 3, 'AA54'), kwds={}
2024-10-12 02:49:16,213 LT1-thread root DEBUG gatt.py                   158   gatts_add_char            : gatts_add_char 0 66 3 'AA54'
2024-10-12 02:49:16,214 LT1-thread root DEBUG iutctl_common.py          106   send                      : send, 2 3 0 "bytearray(b'\\x00\\x00B\\x03\\x02\\xaaT')"
2024-10-12 02:49:16,214 LT1-thread root DEBUG iutctl_common.py          111   send                      : sending frame '02030007000000420302aa54'
2024-10-12 02:49:16,214 LT1-thread root DEBUG gatt.py                   1141  gatt_command_rsp_succ     : gatt_command_rsp_succ
2024-10-12 02:49:16,214 LT1-thread root DEBUG iutctl_common.py          230   read                      : read
2024-10-12 02:49:16,240 BTPWorkerThread-3517 (_rx_task) root DEBUG iutctl_common.py          76    read                      : Read 5 bytes
2024-10-12 02:49:16,245 BTPWorkerThread-3517 (_rx_task) root DEBUG iutctl_common.py          83    read                      : Received: hdr: Header(svc_id=2, op=3, ctrl_index=0, data_len=2) bytearray(b'\x02\x03\x00\x02\x00')
2024-10-12 02:49:16,265 BTPWorkerThread-3517 (_rx_task) root DEBUG iutctl_common.py          91    read                      : Read 2 bytes data
2024-10-12 02:49:16,276 BTPWorkerThread-3517 (_rx_task) root DEBUG iutctl_common.py          99    read                      : Received data: {'00 00'}, bytearray(b'\x00\x00')
2024-10-12 02:49:16,281 LT1-thread root DEBUG gatt.py                   1146  gatt_command_rsp_succ     : received Header(svc_id=2, op=3, ctrl_index=0, data_len=2) (b'\x00\x00',)
2024-10-12 02:49:16,281 LT1-thread root DEBUG testcase.py               253   start                     : Starting test function: class=<class 'autopts.ptsprojects.testcase.TestFunc'>, func=<function gatts_set_val at 0x7f0f95b50700> start_wid=None stop_wid=None post_wid=None skip_call=None call_count=143 args=(0, '03') kwds={}
2024-10-12 02:49:16,281 LT1-thread root DEBUG testcase.py               265   start                     : Test function parameters: args=(0, '03'), kwds={}
2024-10-12 02:49:16,281 LT1-thread root DEBUG gatt.py                   190   gatts_set_val             : gatts_set_val 0 '03' 
2024-10-12 02:49:16,281 LT1-thread root DEBUG iutctl_common.py          106   send                      : send, 2 6 0 "bytearray(b'\\x00\\x00\\x01\\x00\\x03')"
2024-10-12 02:49:16,281 LT1-thread root DEBUG iutctl_common.py          111   send                      : sending frame '02060005000000010003'
2024-10-12 02:49:16,282 LT1-thread root DEBUG gatt.py                   1141  gatt_command_rsp_succ     : gatt_command_rsp_succ
2024-10-12 02:49:16,282 LT1-thread root DEBUG iutctl_common.py          230   read                      : read
2024-10-12 02:49:16,298 BTPWorkerThread-3517 (_rx_task) root DEBUG iutctl_common.py          76    read                      : Read 5 bytes
2024-10-12 02:49:16,303 BTPWorkerThread-3517 (_rx_task) root DEBUG iutctl_common.py          83    read                      : Received: hdr: Header(svc_id=2, op=6, ctrl_index=0, data_len=0) bytearray(b'\x02\x06\x00\x00\x00')
2024-10-12 02:49:16,313 BTPWorkerThread-3517 (_rx_task) root DEBUG iutctl_common.py          99    read                      : Received data: {''}, bytearray(b'')
2024-10-12 02:49:16,319 LT1-thread root DEBUG gatt.py                   1146  gatt_command_rsp_succ     : received Header(svc_id=2, op=6, ctrl_index=0, data_len=0) (b'',)
2024-10-12 02:49:16,319 LT1-thread root DEBUG testcase.py               253   start                     : Starting test function: class=<class 'autopts.ptsprojects.testcase.TestFunc'>, func=<function gatts_add_char at 0x7f0f95b50670> start_wid=None stop_wid=None post_wid=None skip_call=None call_count=143 args=(0, 10, 48, 'AA55') kwds={}
2024-10-12 02:49:16,319 LT1-thread root DEBUG testcase.py               265   start                     : Test function parameters: args=(0, 10, 48, 'AA55'), kwds={}
2024-10-12 02:49:16,319 LT1-thread root DEBUG gatt.py                   158   gatts_add_char            : gatts_add_char 0 10 48 'AA55'
2024-10-12 02:49:16,319 LT1-thread root DEBUG iutctl_common.py          106   send                      : send, 2 3 0 "bytearray(b'\\x00\\x00\\n0\\x02\\xaaU')"
2024-10-12 02:49:16,319 LT1-thread root DEBUG iutctl_common.py          111   send                      : sending frame '020300070000000a3002aa55'
2024-10-12 02:49:16,319 LT1-thread root DEBUG gatt.py                   1141  gatt_command_rsp_succ     : gatt_command_rsp_succ
2024-10-12 02:49:16,319 LT1-thread root DEBUG iutctl_common.py          230   read                      : read
2024-10-12 02:49:16,335 BTPWorkerThread-3517 (_rx_task) root DEBUG iutctl_common.py          76    read                      : Read 5 bytes
2024-10-12 02:49:16,350 BTPWorkerThread-3517 (_rx_task) root DEBUG iutctl_common.py          83    read                      : Received: hdr: Header(svc_id=2, op=3, ctrl_index=0, data_len=2) bytearray(b'\x02\x03\x00\x02\x00')
2024-10-12 02:49:16,356 BTPWorkerThread-3517 (_rx_task) root DEBUG iutctl_common.py          91    read                      : Read 2 bytes data
2024-10-12 02:49:16,371 BTPWorkerThread-3517 (_rx_task) root DEBUG iutctl_common.py          99    read                      : Received data: {'00 00'}, bytearray(b'\x00\x00')
2024-10-12 02:49:16,377 LT1-thread root DEBUG gatt.py                   1146  gatt_command_rsp_succ     : received Header(svc_id=2, op=3, ctrl_index=0, data_len=2) (b'\x00\x00',)
2024-10-12 02:49:16,377 LT1-thread root DEBUG testcase.py               253   start                     : Starting test function: class=<class 'autopts.ptsprojects.testcase.TestFunc'>, func=<function gatts_set_val at 0x7f0f95b50700> start_wid=None stop_wid=None post_wid=None skip_call=None call_count=143 args=(0, '04') kwds={}
2024-10-12 02:49:16,377 LT1-thread root DEBUG testcase.py               265   start                     : Test function parameters: args=(0, '04'), kwds={}
2024-10-12 02:49:16,377 LT1-thread root DEBUG gatt.py                   190   gatts_set_val             : gatts_set_val 0 '04' 
2024-10-12 02:49:16,377 LT1-thread root DEBUG iutctl_common.py          106   send                      : send, 2 6 0 "bytearray(b'\\x00\\x00\\x01\\x00\\x04')"
2024-10-12 02:49:16,377 LT1-thread root DEBUG iutctl_common.py          111   send                      : sending frame '02060005000000010004'
2024-10-12 02:49:16,377 LT1-thread root DEBUG gatt.py                   1141  gatt_command_rsp_succ     : gatt_command_rsp_succ
2024-10-12 02:49:16,377 LT1-thread root DEBUG iutctl_common.py          230   read                      : read
2024-10-12 02:49:16,393 BTPWorkerThread-3517 (_rx_task) root DEBUG iutctl_common.py          76    read                      : Read 5 bytes
2024-10-12 02:49:16,408 BTPWorkerThread-3517 (_rx_task) root DEBUG iutctl_common.py          83    read                      : Received: hdr: Header(svc_id=2, op=6, ctrl_index=0, data_len=0) bytearray(b'\x02\x06\x00\x00\x00')
2024-10-12 02:49:16,414 BTPWorkerThread-3517 (_rx_task) root DEBUG iutctl_common.py          99    read                      : Received data: {''}, bytearray(b'')
2024-10-12 02:49:16,424 LT1-thread root DEBUG gatt.py                   1146  gatt_command_rsp_succ     : received Header(svc_id=2, op=6, ctrl_index=0, data_len=0) (b'',)
2024-10-12 02:49:16,424 LT1-thread root DEBUG testcase.py               253   start                     : Starting test function: class=<class 'autopts.ptsprojects.testcase.TestFunc'>, func=<function gatts_start_server at 0x7f0f95b50940> start_wid=None stop_wid=None post_wid=None skip_call=None call_count=143 args=() kwds={}
2024-10-12 02:49:16,424 LT1-thread root DEBUG testcase.py               265   start                     : Test function parameters: args=(), kwds={}
2024-10-12 02:49:16,424 LT1-thread root DEBUG gatt.py                   286   gatts_start_server        : gatts_start_server
2024-10-12 02:49:16,424 LT1-thread root DEBUG iutctl_common.py          106   send                      : send, 2 7 0 ''
2024-10-12 02:49:16,425 LT1-thread root DEBUG iutctl_common.py          111   send                      : sending frame '0207000000'
2024-10-12 02:49:16,425 LT1-thread root DEBUG gatt.py                   1141  gatt_command_rsp_succ     : gatt_command_rsp_succ
2024-10-12 02:49:16,425 LT1-thread root DEBUG iutctl_common.py          230   read                      : read
2024-10-12 02:49:16,456 BTPWorkerThread-3517 (_rx_task) root DEBUG iutctl_common.py          76    read                      : Read 5 bytes
2024-10-12 02:49:16,462 BTPWorkerThread-3517 (_rx_task) root DEBUG iutctl_common.py          83    read                      : Received: hdr: Header(svc_id=2, op=7, ctrl_index=0, data_len=3) bytearray(b'\x02\x07\x00\x03\x00')
2024-10-12 02:49:16,472 BTPWorkerThread-3517 (_rx_task) root DEBUG iutctl_common.py          91    read                      : Read 3 bytes data
2024-10-12 02:49:16,472 BTPWorkerThread-3517 (_rx_task) root DEBUG iutctl_common.py          99    read                      : Received data: {'00 00 00'}, bytearray(b'\x00\x00\x00')
2024-10-12 02:49:16,473 LT1-thread root DEBUG gatt.py                   1146  gatt_command_rsp_succ     : received Header(svc_id=2, op=7, ctrl_index=0, data_len=3) (b'\x00\x00\x00',)
2024-10-12 02:49:16,474 LT1-thread root DEBUG client.py                 309   get_result                : ClientCallback.get_result run_test_case
2024-10-12 02:49:36,049 LT1-callback ClientCallback.on_implicit_send INFO client.py                 256   on_implicit_send          : 
    ********************
    BEGIN OnImplicitSend:
    project_name: GAP
    wid: 20100
    test_case_name: GAP/PADV/PAST/BV-02-C
    description: Please initiate a GATT connection to the PTS.

Description: Verify that the Implementation Under Test (IUT) can initiate a GATT connect request to the PTS.
    style: MMI_Style_Ok_Cancel2 0x11141
2024-10-12 02:49:36,049 LT1-callback ClientCallback.on_implicit_send INFO client.py                 269   on_implicit_send          : Calling test cases on_implicit_send
2024-10-12 02:49:36,049 LT1-callback ClientCallback.on_implicit_send INFO client.py                 282   on_implicit_send          : 
    on_implicit_send returned response: WAIT
    END OnImplicitSend
    ********************
2024-10-12 02:49:36,477 LT1-thread root DEBUG testcase.py               671   run_wid                   : GAP GAP/PADV/PAST/BV-02-C on_implicit_send
2024-10-12 02:49:36,477 LT1-thread root DEBUG gap_wid.py                25    gap_wid_hdl               : gap_wid_hdl, 20100, Please initiate a GATT connection to the PTS.

Description: Verify that the Implementation Under Test (IUT) can initiate a GATT connect request to the PTS., GAP/PADV/PAST/BV-02-C
2024-10-12 02:49:36,477 LT1-thread root DEBUG gap.py                    561   gap_conn                  : gap_conn None None
2024-10-12 02:49:36,477 LT1-thread root DEBUG iutctl_common.py          106   send                      : send, 1 14 0 "bytearray(b'\\x00\\xdf(\\x1c\\xe8\\x07\\xc0\\x00')"
2024-10-12 02:49:36,477 LT1-thread root DEBUG iutctl_common.py          111   send                      : sending frame '010e00080000df281ce807c000'
2024-10-12 02:49:36,477 LT1-thread root DEBUG iutctl_common.py          230   read                      : read
2024-10-12 02:49:36,482 BTPWorkerThread-3517 (_rx_task) root DEBUG iutctl_common.py          76    read                      : Read 5 bytes
2024-10-12 02:49:36,483 BTPWorkerThread-3517 (_rx_task) root DEBUG iutctl_common.py          83    read                      : Received: hdr: Header(svc_id=1, op=14, ctrl_index=0, data_len=0) bytearray(b'\x01\x0e\x00\x00\x00')
2024-10-12 02:49:36,483 BTPWorkerThread-3517 (_rx_task) root DEBUG iutctl_common.py          99    read                      : Received data: {''}, bytearray(b'')
2024-10-12 02:49:36,483 LT1-thread root DEBUG testcase.py               707   run_wid                   : Sending response 'OK' to wid 20100 test case GAP/PADV/PAST/BV-02-C
2024-10-12 02:49:36,484 LT1-thread root DEBUG client.py                 309   get_result                : ClientCallback.get_result run_test_case
2024-10-12 02:49:36,487 LT1-callback ClientCallback.log INFO client.py                 232   log                       : PTS_LOGTYPE_IMPLICIT_SEND PTS ControlServer  GAP/PADV/PAST/BV-02-C Server: SUCCESS with response=OK
2024-10-12 02:49:36,567 BTPWorkerThread-3517 (_rx_task) root DEBUG iutctl_common.py          76    read                      : Read 2 bytes
2024-10-12 02:49:36,569 BTPWorkerThread-3517 (_rx_task) root DEBUG iutctl_common.py          76    read                      : Read 3 bytes
2024-10-12 02:49:36,569 BTPWorkerThread-3517 (_rx_task) root DEBUG iutctl_common.py          83    read                      : Received: hdr: Header(svc_id=1, op=130, ctrl_index=0, data_len=13) bytearray(b'\x01\x82\x00\r\x00')
2024-10-12 02:49:36,569 BTPWorkerThread-3517 (_rx_task) root DEBUG iutctl_common.py          91    read                      : Read 13 bytes data
2024-10-12 02:49:36,569 BTPWorkerThread-3517 (_rx_task) root DEBUG iutctl_common.py          99    read                      : Received data: {'00 df 28 1c e8 07 c0 28 00 00 00 90 01'}, bytearray(b'\x00\xdf(\x1c\xe8\x07\xc0(\x00\x00\x00\x90\x01')
2024-10-12 02:49:36,569 BTPWorkerThread-3517 (_rx_task) root DEBUG btp.py                    814   event_handler             : event_handler Header(svc_id=1, op=130, ctrl_index=0, data_len=13) (b'\x00\xdf(\x1c\xe8\x07\xc0(\x00\x00\x00\x90\x01',)
2024-10-12 02:49:36,569 BTPWorkerThread-3517 (_rx_task) root DEBUG gap.py                    171   gap_connected_ev_         : gap_connected_ev_ b'\x00\xdf(\x1c\xe8\x07\xc0(\x00\x00\x00\x90\x01'
2024-10-12 02:49:37,676 LT1-callback ClientCallback.on_implicit_send INFO client.py                 256   on_implicit_send          : 
    ********************
    BEGIN OnImplicitSend:
    project_name: GAP
    wid: 305
    test_case_name: GAP/PADV/PAST/BV-02-C
    description: Please enter Periodic Advertising Synchronizability mode, and then perform Periodic Advertising Synchronization Transfer Procedure
    style: MMI_Style_Ok 0x11040
2024-10-12 02:49:37,676 LT1-callback ClientCallback.on_implicit_send INFO client.py                 269   on_implicit_send          : Calling test cases on_implicit_send
2024-10-12 02:49:37,676 LT1-callback ClientCallback.on_implicit_send INFO client.py                 282   on_implicit_send          : 
    on_implicit_send returned response: WAIT
    END OnImplicitSend
    ********************
2024-10-12 02:49:38,485 LT1-thread root DEBUG testcase.py               671   run_wid                   : GAP GAP/PADV/PAST/BV-02-C on_implicit_send
2024-10-12 02:49:38,485 LT1-thread root DEBUG gap_wid.py                25    gap_wid_hdl               : gap_wid_hdl, 305, Please enter Periodic Advertising Synchronizability mode, and then perform Periodic Advertising Synchronization Transfer Procedure, GAP/PADV/PAST/BV-02-C
2024-10-12 02:49:38,485 LT1-thread root DEBUG gap.py                    1317  gap_padv_configure        : gap_padv_configure
2024-10-12 02:49:38,485 LT1-thread root DEBUG iutctl_common.py          106   send                      : send, 1 34 0 "bytearray(b'\\x01\\x96\\x00\\xc8\\x00')"
2024-10-12 02:49:38,485 LT1-thread root DEBUG iutctl_common.py          111   send                      : sending frame '0122000500019600c800'
2024-10-12 02:49:38,485 LT1-thread root DEBUG gap.py                    972   gap_command_rsp_succ      : gap_command_rsp_succ
2024-10-12 02:49:38,485 LT1-thread root DEBUG iutctl_common.py          230   read                      : read
2024-10-12 02:49:38,496 BTPWorkerThread-3517 (_rx_task) root DEBUG iutctl_common.py          76    read                      : Read 5 bytes
2024-10-12 02:49:38,496 BTPWorkerThread-3517 (_rx_task) root DEBUG iutctl_common.py          83    read                      : Received: hdr: Header(svc_id=1, op=34, ctrl_index=0, data_len=4) bytearray(b'\x01"\x00\x04\x00')
2024-10-12 02:49:38,506 BTPWorkerThread-3517 (_rx_task) root DEBUG iutctl_common.py          91    read                      : Read 4 bytes data
2024-10-12 02:49:38,527 BTPWorkerThread-3517 (_rx_task) root DEBUG iutctl_common.py          99    read                      : Received data: {'08 00 02 00'}, bytearray(b'\x08\x00\x02\x00')
2024-10-12 02:49:38,533 LT1-thread root DEBUG gap.py                    977   gap_command_rsp_succ      : received Header(svc_id=1, op=34, ctrl_index=0, data_len=4) (b'\x08\x00\x02\x00',)
2024-10-12 02:49:38,533 LT1-thread root DEBUG gap.py                    400   __gap_current_settings_update : __gap_current_settings_update (b'\x08\x00\x02\x00',)
2024-10-12 02:49:38,533 LT1-thread root DEBUG gap.py                    1342  gap_padv_set_data         : gap_padv_set_data
2024-10-12 02:49:38,533 LT1-thread root DEBUG iutctl_common.py          106   send                      : send, 1 37 0 "bytearray(b'\\r\\x00\\x0c\\x08PADV_Tester')"
2024-10-12 02:49:38,533 LT1-thread root DEBUG iutctl_common.py          111   send                      : sending frame '0125000f000d000c08504144565f546573746572'
2024-10-12 02:49:38,533 LT1-thread root DEBUG gap.py                    972   gap_command_rsp_succ      : gap_command_rsp_succ
2024-10-12 02:49:38,533 LT1-thread root DEBUG iutctl_common.py          230   read                      : read
2024-10-12 02:49:38,549 BTPWorkerThread-3517 (_rx_task) root DEBUG iutctl_common.py          76    read                      : Read 5 bytes
2024-10-12 02:49:38,569 BTPWorkerThread-3517 (_rx_task) root DEBUG iutctl_common.py          83    read                      : Received: hdr: Header(svc_id=1, op=37, ctrl_index=0, data_len=0) bytearray(b'\x01%\x00\x00\x00')
2024-10-12 02:49:38,570 BTPWorkerThread-3517 (_rx_task) root DEBUG iutctl_common.py          99    read                      : Received data: {''}, bytearray(b'')
2024-10-12 02:49:38,570 LT1-thread root DEBUG gap.py                    977   gap_command_rsp_succ      : received Header(svc_id=1, op=37, ctrl_index=0, data_len=0) (b'',)
2024-10-12 02:49:38,570 LT1-thread root DEBUG gap.py                    1330  gap_padv_start            : gap_padv_start
2024-10-12 02:49:38,570 LT1-thread root DEBUG iutctl_common.py          106   send                      : send, 1 35 0 "bytearray(b'\\x00')"
2024-10-12 02:49:38,570 LT1-thread root DEBUG iutctl_common.py          111   send                      : sending frame '012300010000'
2024-10-12 02:49:38,570 LT1-thread root DEBUG gap.py                    972   gap_command_rsp_succ      : gap_command_rsp_succ
2024-10-12 02:49:38,570 LT1-thread root DEBUG iutctl_common.py          230   read                      : read
2024-10-12 02:49:38,586 BTPWorkerThread-3517 (_rx_task) root DEBUG iutctl_common.py          76    read                      : Read 5 bytes
2024-10-12 02:49:38,591 BTPWorkerThread-3517 (_rx_task) root DEBUG iutctl_common.py          83    read                      : Received: hdr: Header(svc_id=1, op=35, ctrl_index=0, data_len=4) bytearray(b'\x01#\x00\x04\x00')
2024-10-12 02:49:38,597 BTPWorkerThread-3517 (_rx_task) root DEBUG iutctl_common.py          91    read                      : Read 4 bytes data
2024-10-12 02:49:38,597 BTPWorkerThread-3517 (_rx_task) root DEBUG iutctl_common.py          99    read                      : Received data: {'08 04 02 00'}, bytearray(b'\x08\x04\x02\x00')
2024-10-12 02:49:38,618 LT1-thread root DEBUG gap.py                    977   gap_command_rsp_succ      : received Header(svc_id=1, op=35, ctrl_index=0, data_len=4) (b'\x08\x04\x02\x00',)
2024-10-12 02:49:38,618 LT1-thread root DEBUG gap.py                    400   __gap_current_settings_update : __gap_current_settings_update (b'\x08\x04\x02\x00',)
2024-10-12 02:49:38,618 LT1-thread root DEBUG gap.py                    1358  gap_padv_create_sync      : gap_padv_create_sync
2024-10-12 02:49:38,618 LT1-thread root DEBUG iutctl_common.py          106   send                      : send, 1 38 0 "bytearray(b'\\x00\\xdf(\\x1c\\xe8\\x07\\xc0\\x00\\x00\\x00\\n\\x00\\x01')"
2024-10-12 02:49:38,618 LT1-thread root DEBUG iutctl_common.py          111   send                      : sending frame '0126000d0000df281ce807c00000000a0001'
2024-10-12 02:49:38,618 LT1-thread root DEBUG gap.py                    972   gap_command_rsp_succ      : gap_command_rsp_succ
2024-10-12 02:49:38,618 LT1-thread root DEBUG iutctl_common.py          230   read                      : read
2024-10-12 02:49:38,629 BTPWorkerThread-3517 (_rx_task) root DEBUG iutctl_common.py          76    read                      : Read 5 bytes
2024-10-12 02:49:38,634 BTPWorkerThread-3517 (_rx_task) root DEBUG iutctl_common.py          83    read                      : Received: hdr: Header(svc_id=1, op=38, ctrl_index=0, data_len=0) bytearray(b'\x01&\x00\x00\x00')
2024-10-12 02:49:38,644 BTPWorkerThread-3517 (_rx_task) root DEBUG iutctl_common.py          99    read                      : Received data: {''}, bytearray(b'')
2024-10-12 02:49:38,650 LT1-thread root DEBUG gap.py                    977   gap_command_rsp_succ      : received Header(svc_id=1, op=38, ctrl_index=0, data_len=0) (b'',)
2024-10-12 02:49:38,650 LT1-thread root DEBUG gap.py                    1376  gap_padv_sync_transfer_set_info : gap_padv_sync_transfer_set_info
2024-10-12 02:49:38,650 LT1-thread root DEBUG iutctl_common.py          106   send                      : send, 1 39 0 "bytearray(b'\\x00\\xdf(\\x1c\\xe8\\x07\\xc0\\x00\\x00')"
2024-10-12 02:49:38,650 LT1-thread root DEBUG iutctl_common.py          111   send                      : sending frame '012700090000df281ce807c00000'
2024-10-12 02:49:38,650 LT1-thread root DEBUG gap.py                    972   gap_command_rsp_succ      : gap_command_rsp_succ
2024-10-12 02:49:38,650 LT1-thread root DEBUG iutctl_common.py          230   read                      : read
2024-10-12 02:49:38,671 BTPWorkerThread-3517 (_rx_task) root DEBUG iutctl_common.py          76    read                      : Read 5 bytes
2024-10-12 02:49:38,676 BTPWorkerThread-3517 (_rx_task) root DEBUG iutctl_common.py          83    read                      : Received: hdr: Header(svc_id=1, op=0, ctrl_index=0, data_len=1) bytearray(b'\x01\x00\x00\x01\x00')
2024-10-12 02:49:38,713 BTPWorkerThread-3517 (_rx_task) root DEBUG iutctl_common.py          91    read                      : Read 1 bytes data
2024-10-12 02:49:38,718 BTPWorkerThread-3517 (_rx_task) root DEBUG iutctl_common.py          99    read                      : Received data: {'01'}, bytearray(b'\x01')
2024-10-12 02:49:38,723 LT1-thread root DEBUG gap.py                    977   gap_command_rsp_succ      : received Header(svc_id=1, op=0, ctrl_index=0, data_len=1) (b'\x01',)
2024-10-12 02:49:38,723 LT1-thread root ERROR client.py                 1014  _run_test_case            : Error opcode in response!
Traceback (most recent call last):
  File "/home/codecoup/workspace/autopts/auto-pts/autopts/client.py", line 998, in _run_test_case
    response = test_case.run_next_step()
  File "/home/codecoup/workspace/autopts/auto-pts/autopts/ptsprojects/testcase.py", line 664, in run_next_step
    response = step(*args)
  File "/home/codecoup/workspace/autopts/auto-pts/autopts/ptsprojects/testcase.py", line 684, in run_wid
    my_response = self.handle_mmi_generic(wid, description, style,
  File "/home/codecoup/workspace/autopts/auto-pts/autopts/ptsprojects/testcase.py", line 605, in handle_mmi_generic
    response = self.generic_wid_hdl(wid, description, test_case_name)
  File "/home/codecoup/workspace/autopts/auto-pts/autopts/ptsprojects/zephyr/gap_wid.py", line 26, in gap_wid_hdl
    return generic_wid_hdl(wid, description, test_case_name, [__name__, 'autopts.wid.gap'])
  File "/home/codecoup/workspace/autopts/auto-pts/autopts/wid/wid.py", line 26, in generic_wid_hdl
    response = _generic_wid_hdl(wid, description, test_case_name, module_names)
  File "/home/codecoup/workspace/autopts/auto-pts/autopts/wid/wid.py", line 22, in _generic_wid_hdl
    return wid_hdl(WIDParams(wid, description, test_case_name))
  File "/home/codecoup/workspace/autopts/auto-pts/autopts/wid/gap.py", line 1359, in hdl_wid_305
    btp.gap_padv_sync_transfer_set_info(0)
  File "/home/codecoup/workspace/autopts/auto-pts/autopts/pybtp/btp/gap.py", line 1389, in gap_padv_sync_transfer_set_info
    gap_command_rsp_succ()
  File "/home/codecoup/workspace/autopts/auto-pts/autopts/pybtp/btp/gap.py", line 979, in gap_command_rsp_succ
    btp_hdr_check(tuple_hdr, defs.BTP_SERVICE_ID_GAP, op)
  File "/home/codecoup/workspace/autopts/auto-pts/autopts/pybtp/btp/btp.py", line 379, in btp_hdr_check
    raise BTPError("Error opcode in response!")
autopts.pybtp.types.BTPError: Error opcode in response!
2024-10-12 02:49:38,724 LT1-thread root DEBUG client.py                 868   get_error_code            : get_error_code returning error code 'BTP ERROR' for exception BTPError('Error opcode in response!')
2024-10-12 02:49:38,726 LT1-thread root DEBUG client.py                 1029  _run_test_case            : After run_test_case error_code='BTP ERROR' status='RUNNING'
2024-10-12 02:49:38,727 LT1-thread root DEBUG testcase.py               752   post_run                  : post_run GAP GAP/PADV/PAST/BV-02-C BTP ERROR
2024-10-12 02:49:38,728 MainThread root DEBUG client.py                 1140  run_test_case             : Interrupting GAP GAP/PADV/PAST/BV-02-C test case of thread LT1-thread
2024-10-12 02:49:38,728 LT1-thread root DEBUG testcase.py               253   start                     : Starting test function: class=<class 'autopts.ptsprojects.testcase.TestFuncCleanUp'>, func=<bound method Stack.cleanup of <autopts.ptsprojects.stack.stack.Stack object at 0x7f0f9313b460>> start_wid=None stop_wid=None post_wid=None skip_call=None call_count=1 args=() kwds={}
2024-10-12 02:49:38,728 LT1-callback ClientCallback.log INFO client.py                 232   log                       : PTS_LOGTYPE_IMPLICIT_SEND PTS ControlServer  GAP/PADV/PAST/BV-02-C Server: SUCCESS with response=Cancel
2024-10-12 02:49:38,728 LT1-thread root DEBUG testcase.py               265   start                     : Test function parameters: args=(), kwds={}
2024-10-12 02:49:38,728 LT1-thread root DEBUG testcase.py               253   start                     : Starting test function: class=<class 'autopts.ptsprojects.testcase.TestFuncCleanUp'>, func=<bound method ZephyrCtl.stop of <autopts.ptsprojects.zephyr.iutctl.ZephyrCtl object at 0x7f0f9313b520>> start_wid=None stop_wid=None post_wid=None skip_call=None call_count=1 args=() kwds={}
2024-10-12 02:49:38,728 LT1-thread root DEBUG testcase.py               265   start                     : Test function parameters: args=(), kwds={}
2024-10-12 02:49:38,728 LT1-thread root DEBUG iutctl.py                 249   stop                      : <class 'autopts.ptsprojects.zephyr.iutctl.ZephyrCtl'>.stop
2024-10-12 02:49:38,829 LT1-thread root DEBUG rtt.py                    237   stop                      : <class 'autopts.rtt.RTTLogger'>.stop
2024-10-12 02:49:38,829 LT1-thread root DEBUG rtt.py                    102   stop                      : <class 'autopts.rtt.RTT'>.stop
2024-10-12 02:49:38,851 LT1-thread root DEBUG __init__.py               49    reset                     : About to reset DUT: nrfjprog -r -s 683989059
2024-10-12 02:49:39,170 BTPWorkerThread-3517 (_rx_task) root DEBUG iutctl_common.py          76    read                      : Read 5 bytes
2024-10-12 02:49:39,171 BTPWorkerThread-3517 (_rx_task) root DEBUG iutctl_common.py          83    read                      : Received: hdr: Header(svc_id=1, op=131, ctrl_index=0, data_len=7) bytearray(b'\x01\x83\x00\x07\x00')
2024-10-12 02:49:39,171 BTPWorkerThread-3517 (_rx_task) root DEBUG iutctl_common.py          91    read                      : Read 5 bytes data
2024-10-12 02:49:39,171 BTPWorkerThread-3517 (_rx_task) root DEBUG iutctl_common.py          91    read                      : Read 2 bytes data
2024-10-12 02:49:39,171 BTPWorkerThread-3517 (_rx_task) root DEBUG iutctl_common.py          99    read                      : Received data: {'00 df 28 1c e8 07 c0'}, bytearray(b'\x00\xdf(\x1c\xe8\x07\xc0')
2024-10-12 02:49:39,171 BTPWorkerThread-3517 (_rx_task) root DEBUG btp.py                    814   event_handler             : event_handler Header(svc_id=1, op=131, ctrl_index=0, data_len=7) (b'\x00\xdf(\x1c\xe8\x07\xc0',)
2024-10-12 02:49:39,172 BTPWorkerThread-3517 (_rx_task) root DEBUG gap.py                    184   gap_disconnected_ev_      : gap_disconnected_ev_ b'\x00\xdf(\x1c\xe8\x07\xc0'
2024-10-12 02:49:39,172 BTPWorkerThread-3517 (_rx_task) root ERROR iutctl_common.py          221   _rx_task                  : KeyError('c007e81c28df')
2024-10-12 02:49:41,013 BTPWorkerThread-3517 (_rx_task) root DEBUG iutctl_common.py          76    read                      : Read 5 bytes
2024-10-12 02:49:41,013 BTPWorkerThread-3517 (_rx_task) root DEBUG iutctl_common.py          83    read                      : Received: hdr: Header(svc_id=0, op=128, ctrl_index=255, data_len=0) bytearray(b'\x00\x80\xff\x00\x00')
2024-10-12 02:49:41,023 BTPWorkerThread-3517 (_rx_task) root DEBUG iutctl_common.py          99    read                      : Received data: {''}, bytearray(b'')
2024-10-12 02:49:41,033 BTPWorkerThread-3517 (_rx_task) root DEBUG btp.py                    814   event_handler             : event_handler Header(svc_id=0, op=128, ctrl_index=255, data_len=0) (b'',)
2024-10-12 02:49:41,044 BTPWorkerThread-3517 (_rx_task) root DEBUG core.py                   28    core_iut_ready_ev         : core_iut_ready_ev
2024-10-12 02:49:41,054 LT1-thread root DEBUG iutctl.py                 267   stop                      : IUT ready event received OK
2024-10-12 02:49:41,054 LT1-thread root DEBUG iutctl_common.py          307   close                     : Waiting for _rx_worker to finish ...
2024-10-12 02:49:41,712 LT1-callback ClientCallback.log INFO client.py                 232   log                       : PTS_LOGTYPE_RECEIVE_EVENT Receive Event 

+375 ms
 GAP/PADV/PAST/BV-02-C HCI?HCI_RESET_COMPLETE_EVENT{
                           status=HCI_OK
                         }
2024-10-12 02:49:41,716 LT1-callback ClientCallback.log INFO client.py                 232   log                       : PTS_LOGTYPE_MESSAGE Message 

+1578 ms
 GAP/PADV/PAST/BV-02-C MindTree Stack Version - 026.000.000

2024-10-12 02:49:41,720 LT1-callback ClientCallback.log INFO client.py                 232   log                       : PTS_LOGTYPE_PRELIMINARY_VERDICT Initialize Test Case 

+1578 ms
 GAP/PADV/PAST/BV-02-C Build date: Oct  2 2024, 08:26:43

2024-10-12 02:49:41,723 LT1-callback ClientCallback.log INFO client.py                 232   log                       : PTS_LOGTYPE_START_TEST Start Test Case 

+1578 ms
 GAP/PADV/PAST/BV-02-C GAP/PADV/PAST/BV-02-C

2024-10-12 02:49:41,730 LT1-callback ClientCallback.log INFO client.py                 232   log                       : PTS_LOGTYPE_SEND_EVENT Send Event 

+5593 ms
 GAP/PADV/PAST/BV-02-C HCI!HCI_RESET
2024-10-12 02:49:41,733 LT1-callback ClientCallback.log INFO client.py                 232   log                       : PTS_LOGTYPE_RECEIVE_EVENT Receive Event 

+5609 ms
 GAP/PADV/PAST/BV-02-C HCI?HCI_RESET_COMPLETE_EVENT{
                           status=HCI_OK
                         }
2024-10-12 02:49:41,737 LT1-callback ClientCallback.log INFO client.py                 232   log                       : PTS_LOGTYPE_PRELIMINARY_VERDICT Preliminary Verdict 

+5609 ms
 GAP/PADV/PAST/BV-02-C PASS

2024-10-12 02:49:41,741 LT1-callback ClientCallback.log INFO client.py                 232   log                       : PTS_LOGTYPE_SEND_EVENT Send Event 

+5609 ms
 GAP/PADV/PAST/BV-02-C HCI!HCI_READ_LOCAL_VERSION_INFORMATION
2024-10-12 02:49:41,745 LT1-callback ClientCallback.log INFO client.py                 232   log                       : PTS_LOGTYPE_RECEIVE_EVENT Receive Event 

+5609 ms
 GAP/PADV/PAST/BV-02-C HCI?HCI_READ_LOCAL_VERSION_INFORMATION_COMPLETE_EVENT{
                           status=HCI_OK,
                           hciVersion=0x0D,
                           hciRevision=0x5B0E,
                           lmpVersion=0x0D,
                           manufacturerName=0x07E8,
                           lmpSubversion=0x5B0E
                         }
2024-10-12 02:49:41,756 LT1-callback ClientCallback.log INFO client.py                 232   log                       : PTS_LOGTYPE_PRELIMINARY_VERDICT Preliminary Verdict 

+5609 ms
 GAP/PADV/PAST/BV-02-C PASS

2024-10-12 02:49:41,761 LT1-callback ClientCallback.log INFO client.py                 232   log                       : PTS_LOGTYPE_SEND_EVENT Send Event 

+5609 ms
 GAP/PADV/PAST/BV-02-C HCI!HCI_SET_EVENT_MASK{
                           eventMask=0x3FFFFFFFFFFFFFFF
                         }
2024-10-12 02:49:41,764 LT1-callback ClientCallback.log INFO client.py                 232   log                       : PTS_LOGTYPE_RECEIVE_EVENT Receive Event 

+5609 ms
 GAP/PADV/PAST/BV-02-C HCI?HCI_SET_EVENT_MASK_COMPLETE_EVENT{
                           status=HCI_OK
                         }
2024-10-12 02:49:41,768 LT1-callback ClientCallback.log INFO client.py                 232   log                       : PTS_LOGTYPE_PRELIMINARY_VERDICT Preliminary Verdict 

+5609 ms
 GAP/PADV/PAST/BV-02-C PASS

2024-10-12 02:49:41,771 LT1-callback ClientCallback.log INFO client.py                 232   log                       : PTS_LOGTYPE_SEND_EVENT Send Event 

+5609 ms
 GAP/PADV/PAST/BV-02-C HCI!HCI_READ_LOCAL_SUPPORTED_FEATURES
2024-10-12 02:49:41,774 LT1-callback ClientCallback.log INFO client.py                 232   log                       : PTS_LOGTYPE_RECEIVE_EVENT Receive Event 

+5609 ms
 GAP/PADV/PAST/BV-02-C HCI?HCI_READ_LOCAL_SUPPORTED_FEATURES_COMPLETE_EVENT{
                           status=HCI_OK,
                           lmpFeatures=0x0000006000000000
                         }
2024-10-12 02:49:41,779 LT1-callback ClientCallback.log INFO client.py                 232   log                       : PTS_LOGTYPE_PRELIMINARY_VERDICT Preliminary Verdict 

+5609 ms
 GAP/PADV/PAST/BV-02-C PASS

2024-10-12 02:49:41,782 LT1-callback ClientCallback.log INFO client.py                 232   log                       : PTS_LOGTYPE_SEND_EVENT Send Event 

+5609 ms
 GAP/PADV/PAST/BV-02-C HCI!HCI_READ_LOCAL_SUPPORTED_COMMANDS
2024-10-12 02:49:41,787 LT1-callback ClientCallback.log INFO client.py                 232   log                       : PTS_LOGTYPE_RECEIVE_EVENT Receive Event 

+5609 ms
 GAP/PADV/PAST/BV-02-C HCI?HCI_READ_LOCAL_SUPPORTED_COMMANDS_COMPLETE_EVENT{
                           status=HCI_OK,
                           supported_commands=0x0000000000000000000000000000000003E741FFFFFFF7E01FFFFFFFFFFFF0300000007FFFFFF700000400000000000022280C00000400000C00C00000800020
                         }
2024-10-12 02:49:41,872 LT1-callback ClientCallback.log INFO client.py                 232   log                       : PTS_LOGTYPE_PRELIMINARY_VERDICT Preliminary Verdict 

+5609 ms
 GAP/PADV/PAST/BV-02-C PASS

2024-10-12 02:49:41,877 LT1-callback ClientCallback.log INFO client.py                 232   log                       : PTS_LOGTYPE_SEND_EVENT Send Event 

+5609 ms
 GAP/PADV/PAST/BV-02-C HCI!HCI_READ_BD_ADDR
2024-10-12 02:49:41,880 LT1-callback ClientCallback.log INFO client.py                 232   log                       : PTS_LOGTYPE_RECEIVE_EVENT Receive Event 

+5625 ms
 GAP/PADV/PAST/BV-02-C HCI?HCI_READ_BD_ADDR_COMPLETE_EVENT{
                           status=HCI_OK,
                           bdAddress=0xC007E81C28DF
                         }
2024-10-12 02:49:41,885 LT1-callback ClientCallback.log INFO client.py                 232   log                       : PTS_LOGTYPE_PRELIMINARY_VERDICT Preliminary Verdict 

+5625 ms
 GAP/PADV/PAST/BV-02-C PASS

2024-10-12 02:49:41,892 LT1-callback ClientCallback.log INFO client.py                 232   log                       : PTS_LOGTYPE_SEND_EVENT Send Event 

+5625 ms
 GAP/PADV/PAST/BV-02-C HCI!HCI_LE_LOCAL_SUPPORTED_FEATURES
2024-10-12 02:49:41,896 LT1-callback ClientCallback.log INFO client.py                 232   log                       : PTS_LOGTYPE_RECEIVE_EVENT Receive Event 

+5625 ms
 GAP/PADV/PAST/BV-02-C HCI?HCI_LE_READ_LOCAL_SUPPORTED_FEATURES_COMPLETE_EVENT{
                           status=HCI_OK,
                           leFeatures=0x000019BEFF017FFF
                         }
2024-10-12 02:49:41,900 LT1-callback ClientCallback.log INFO client.py                 232   log                       : PTS_LOGTYPE_PRELIMINARY_VERDICT Preliminary Verdict 

+5625 ms
 GAP/PADV/PAST/BV-02-C PASS

2024-10-12 02:49:41,903 LT1-callback ClientCallback.log INFO client.py                 232   log                       : PTS_LOGTYPE_PRELIMINARY_VERDICT Preliminary Verdict 

+5625 ms
 GAP/PADV/PAST/BV-02-C PASS

2024-10-12 02:49:41,907 LT1-callback ClientCallback.log INFO client.py                 232   log                       : PTS_LOGTYPE_SEND_EVENT Send Event 

+5625 ms
 GAP/PADV/PAST/BV-02-C HCI!HCI_LE_SET_EVENT_MASK{
                           leEventMask=0x000000FE7F8FFFFF
                         }
2024-10-12 02:49:41,910 LT1-callback ClientCallback.log INFO client.py                 232   log                       : PTS_LOGTYPE_RECEIVE_EVENT Receive Event 

+5625 ms
 GAP/PADV/PAST/BV-02-C HCI?HCI_LE_SET_EVENT_MASK_COMPLETE_EVENT{
                           status=HCI_OK
                         }
2024-10-12 02:49:41,914 LT1-callback ClientCallback.log INFO client.py                 232   log                       : PTS_LOGTYPE_SEND_EVENT Send Event 

+5625 ms
 GAP/PADV/PAST/BV-02-C HCI!HCI_LE_SET_HOST_FEATURE{
                           bit_number=0x20,
                           bit_value=0x01
                         }
2024-10-12 02:49:41,918 LT1-callback ClientCallback.log INFO client.py                 232   log                       : PTS_LOGTYPE_RECEIVE_EVENT Receive Event 

+5625 ms
 GAP/PADV/PAST/BV-02-C HCI?HCI_LE_SET_HOST_FEATURE_COMPLETE_EVENT{
                           status=HCI_OK
                         }
2024-10-12 02:49:41,922 LT1-callback ClientCallback.log INFO client.py                 232   log                       : PTS_LOGTYPE_PRELIMINARY_VERDICT Preliminary Verdict 

+5625 ms
 GAP/PADV/PAST/BV-02-C PASS

2024-10-12 02:49:41,926 LT1-callback ClientCallback.log INFO client.py                 232   log                       : PTS_LOGTYPE_SEND_EVENT Send Event 

+5625 ms
 GAP/PADV/PAST/BV-02-C HCI!HCI_LE_SET_HOST_FEATURE{
                           bit_number=0x26,
                           bit_value=0x01
                         }
2024-10-12 02:49:41,929 LT1-callback ClientCallback.log INFO client.py                 232   log                       : PTS_LOGTYPE_RECEIVE_EVENT Receive Event 

+5640 ms
 GAP/PADV/PAST/BV-02-C HCI?HCI_LE_SET_HOST_FEATURE_COMPLETE_EVENT{
                           status=HCI_OK
                         }
2024-10-12 02:49:41,933 LT1-callback ClientCallback.log INFO client.py                 232   log                       : PTS_LOGTYPE_PRELIMINARY_VERDICT Preliminary Verdict 

+5640 ms
 GAP/PADV/PAST/BV-02-C PASS

2024-10-12 02:49:41,936 LT1-callback ClientCallback.log INFO client.py                 232   log                       : PTS_LOGTYPE_SEND_EVENT Send Event 

+5640 ms
 GAP/PADV/PAST/BV-02-C HCI!HCI_LE_READ_BUFFER_V2
2024-10-12 02:49:41,940 LT1-callback ClientCallback.log INFO client.py                 232   log                       : PTS_LOGTYPE_SEND_EVENT Send Event 

+5640 ms
 GAP/PADV/PAST/BV-02-C HCI!HCI_LE_SET_EXTENDED_ADV_PARAMS{
                           adv_handle=0x00,
                           advEventProperties=0x0001,
                           primAdvIntMin=0x000000A0,
                           primAdvIntMax=0x000000C0,
                           primAdvCHMap=0x07,
                           ownAddrType=0x00,
                           peerAddrType=0x00,
                           randomAddr=0x000000000000,
                           advFilterPolicy=0x00,
                           advTxPower=10,
                           primAdvPHY=0x01,
                           secondaryAdvMaxSkip=0x00,
                           secondaryAdvPHY=0x01,
                           advSID=0x00,
                           scanReqqNfyEnable=0x00
                         }
2024-10-12 02:49:41,947 LT1-callback ClientCallback.log INFO client.py                 232   log                       : PTS_LOGTYPE_RECEIVE_EVENT Receive Event 

+5640 ms
 GAP/PADV/PAST/BV-02-C HCI?HCI_LE_READ_BUFFER_SIZE_V2_COMPLETE_EVENT{
                           status=HCI_OK,
                           HC_LE_Data_Packet_Length=0x0200,
                           HC_Total_Num_LE_Data_Packets=0x04,
                           HC_LE_ISO_Packet_Length=0x0200,
                           HC_Total_Num_LE_ISO_Packets=0x06
                         }
2024-10-12 02:49:41,998 LT1-callback ClientCallback.log INFO client.py                 232   log                       : PTS_LOGTYPE_RECEIVE_EVENT Receive Event 

+5640 ms
 GAP/PADV/PAST/BV-02-C HCI?HCI_LE_SET_EXTENDED_ADV_PARAMS_COMPLETE_EVENT{
                           status=HCI_OK,
                           selected_tx_power=0x08
                         }
2024-10-12 02:49:42,002 LT1-callback ClientCallback.log INFO client.py                 232   log                       : PTS_LOGTYPE_PRELIMINARY_VERDICT Preliminary Verdict 

+5640 ms
 GAP/PADV/PAST/BV-02-C PASS

2024-10-12 02:49:42,005 LT1-callback ClientCallback.log INFO client.py                 232   log                       : PTS_LOGTYPE_PRELIMINARY_VERDICT Preliminary Verdict 

+5640 ms
 GAP/PADV/PAST/BV-02-C PASS

2024-10-12 02:49:42,011 LT1-callback ClientCallback.log INFO client.py                 232   log                       : PTS_LOGTYPE_SEND_EVENT Send Event 

+5640 ms
 GAP/PADV/PAST/BV-02-C HCI!HCI_LE_SET_EXTENDED_ADVERTISING_DATA{
                           adv_handle=0x00,
                           operation=0x03,
                           fragment_pref=0x01,
                           advLength=0x15,
                           advData=0x020106030200180D095054532D4741502D44463238
                         }
2024-10-12 02:49:42,025 LT1-callback ClientCallback.log INFO client.py                 232   log                       : PTS_LOGTYPE_RECEIVE_EVENT Receive Event 

+5640 ms
 GAP/PADV/PAST/BV-02-C HCI?HCI_LE_SET_EXTENDED_ADVERTISING_DATA_COMPLETE_EVENT{
                           status=HCI_OK
                         }
2024-10-12 02:49:42,036 LT1-callback ClientCallback.log INFO client.py                 232   log                       : PTS_LOGTYPE_PRELIMINARY_VERDICT Preliminary Verdict 

+5640 ms
 GAP/PADV/PAST/BV-02-C PASS

2024-10-12 02:49:42,042 LT1-callback ClientCallback.log INFO client.py                 232   log                       : PTS_LOGTYPE_PRELIMINARY_VERDICT Preliminary Verdict 

+5640 ms
 GAP/PADV/PAST/BV-02-C PASS

2024-10-12 02:49:42,045 LT1-callback ClientCallback.log INFO client.py                 232   log                       : PTS_LOGTYPE_SEND_EVENT Send Event 

+5797 ms
 GAP/PADV/PAST/BV-02-C HCI!HCI_LE_SET_EXTENDED_ADVERTISING_ENABLE{
                           enable=0x01,
                           num_of_sets=0x01,
                           {
                             adv_handle=0x00,
                             duration=0,
                             max_extended_adv_event=0x00
                           },
                           
                         }
2024-10-12 02:49:42,049 LT1-callback ClientCallback.log INFO client.py                 232   log                       : PTS_LOGTYPE_RECEIVE_EVENT Receive Event 

+5797 ms
 GAP/PADV/PAST/BV-02-C HCI?HCI_LE_SET_EXTENDED_ADVERTISE_ENABLE_COMPLETE_EVENT{
                           status=HCI_OK
                         }
2024-10-12 02:49:42,052 LT1-callback ClientCallback.log INFO client.py                 232   log                       : PTS_LOGTYPE_PRELIMINARY_VERDICT Preliminary Verdict 

+5797 ms
 GAP/PADV/PAST/BV-02-C PASS

2024-10-12 02:49:42,054 LT1-thread root DEBUG iutctl_common.py          307   close                     : Waiting for _rx_worker to finish ...
2024-10-12 02:49:42,055 BTPWorkerThread-3517 (_rx_task) root DEBUG iutctl_common.py          223   _rx_task                  : BTPWorkerThread-3517 (_rx_task) finishing...
2024-10-12 02:49:42,056 LT1-callback ClientCallback.log INFO client.py                 232   log                       : PTS_LOGTYPE_PRELIMINARY_VERDICT Preliminary Verdict 

+5797 ms
 GAP/PADV/PAST/BV-02-C PASS

2024-10-12 02:49:42,060 LT1-callback ClientCallback.log INFO client.py                 232   log                       : PTS_LOGTYPE_MESSAGE User Action Required 

+5797 ms
 GAP/PADV/PAST/BV-02-C Please initiate a GATT connection to the PTS.

Description: Verify that the Implementation Under Test (IUT) can initiate a GATT connect request to the PTS.

2024-10-12 02:49:42,064 LT1-callback ClientCallback.log INFO client.py                 232   log                       : PTS_LOGTYPE_RECEIVE_EVENT Receive Event 

+6312 ms
 GAP/PADV/PAST/BV-02-C ATT?ATT_CONNECT_IND{
                           bdAddr=0xDCE776C41F70,
                           peerAddrType=HCI_LE_RANDOM_DEVICE_ADDRESS,
                           lcid=0x1205,
                           status=0x0000
                         }
2024-10-12 02:49:42,069 LT1-callback ClientCallback.log INFO client.py                 232   log                       : PTS_LOGTYPE_RECEIVE_EVENT Receive Event 

+6312 ms
 GAP/PADV/PAST/BV-02-C HCI?HCI_LE_ENHANCED_CONNECTION_COMPLETE_EVENT{
                           status=HCI_OK,
                           conn_handle=0x0000,
                           role=0x01,
                           peerAddrType=0x01,
                           peer_addr=0xDCE776C41F70,
                           local_rpa=0x000000000000,
                           peer_rpa=0x000000000000,
                           conn_interval=0x0028,
                           conn_latency=0x0000,
                           conn_timeout=0x0190,
                           central_clock_accuracy=0x05
                         }
2024-10-12 02:49:42,076 LT1-callback ClientCallback.log INFO client.py                 232   log                       : PTS_LOGTYPE_SEND_EVENT Send Event 

+6312 ms
 GAP/PADV/PAST/BV-02-C HCI!GET_CONNECTION_HANDLE{
                           addr=0xDCE776C41F70,
                           addr_type=0x01,
                           conn_handle=0xFFFF
                         }
2024-10-12 02:49:42,080 LT1-callback ClientCallback.log INFO client.py                 232   log                       : PTS_LOGTYPE_SEND_EVENT Send Event 

+6312 ms
 GAP/PADV/PAST/BV-02-C HCI!GET_CONNECTION_HANDLE{
                           addr=0xDCE776C41F70,
                           addr_type=0x01,
                           conn_handle=0x0000
                         }
2024-10-12 02:49:42,083 LT1-callback ClientCallback.log INFO client.py                 232   log                       : PTS_LOGTYPE_PRELIMINARY_VERDICT Preliminary Verdict 

+6312 ms
 GAP/PADV/PAST/BV-02-C PASS

2024-10-12 02:49:42,086 LT1-callback ClientCallback.log INFO client.py                 232   log                       : PTS_LOGTYPE_MESSAGE Verdict Description 

+6312 ms
 GAP/PADV/PAST/BV-02-C Connection setup successfully.

2024-10-12 02:49:42,090 LT1-callback ClientCallback.log INFO client.py                 232   log                       : PTS_LOGTYPE_PRELIMINARY_VERDICT Preliminary Verdict 

+6312 ms
 GAP/PADV/PAST/BV-02-C PASS

2024-10-12 02:49:42,093 LT1-callback ClientCallback.log INFO client.py                 232   log                       : PTS_LOGTYPE_RECEIVE_EVENT Receive Event 

+6312 ms
 GAP/PADV/PAST/BV-02-C HCI?HCI_LE_CHANNEL_SELECTION_ALGORITHM_EVENT{
                           conn_handle=0x0000,
                           used_ch_algorithm=0x01
                         }
2024-10-12 02:49:42,096 LT1-callback ClientCallback.log INFO client.py                 232   log                       : PTS_LOGTYPE_MESSAGE Verdict Description 

+6312 ms
 GAP/PADV/PAST/BV-02-C Connection established successfully.

2024-10-12 02:49:42,100 LT1-callback ClientCallback.log INFO client.py                 232   log                       : PTS_LOGTYPE_RECEIVE_EVENT Receive Event 

+6328 ms
 GAP/PADV/PAST/BV-02-C HCI?HCI_LE_ADVERTISING_SET_TERMINATED_EVENT{
                           status=HCI_OK,
                           adv_handle=0x00,
                           conn_handle=0x0000,
                           num_completed_ext_event=0x06
                         }
2024-10-12 02:49:42,105 LT1-callback ClientCallback.log INFO client.py                 232   log                       : PTS_LOGTYPE_RECEIVE_EVENT Receive Event 

+6812 ms
 GAP/PADV/PAST/BV-02-C HCI?HCI_LE_PHY_UPDATE_COMPLETE_EVENT{
                           status=HCI_OK,
                           conn_handle0x0000,
                           tx_phy=0x02,
                           rx_phy=0x02
                         }
2024-10-12 02:49:42,108 LT1-callback ClientCallback.log INFO client.py                 232   log                       : PTS_LOGTYPE_MESSAGE Verdict Description 

+7328 ms
 GAP/PADV/PAST/BV-02-C LE Security not initiated due to TSPX_security_enabled value.

2024-10-12 02:49:42,113 LT1-callback ClientCallback.log INFO client.py                 232   log                       : PTS_LOGTYPE_SEND_EVENT Send Event 

+7328 ms
 GAP/PADV/PAST/BV-02-C HCI!HCI_LE_READ_REMOTED_USED_FEATURES{
                           connHandle=0x0000
                         }
2024-10-12 02:49:42,116 LT1-callback ClientCallback.log INFO client.py                 232   log                       : PTS_LOGTYPE_RECEIVE_EVENT Receive Event 

+7422 ms
 GAP/PADV/PAST/BV-02-C HCI?HCI_LE_READ_REMOTE_USED_FEATURES_COMPLETE_EVENT{
                           status=HCI_OKhandle=0x0000,
                           leFeatures=0x000000000001412F
                         }
2024-10-12 02:49:42,121 LT1-callback ClientCallback.log INFO client.py                 232   log                       : PTS_LOGTYPE_SEND_EVENT Send Event 

+7422 ms
 GAP/PADV/PAST/BV-02-C HCI!HCI_LE_SET_PERIODIC_ADVERTISING_SYNC_TRANSFER_PARAMETERS{
                           conn_handle=0x0000,
                           mode=0x01,
                           skip=0x0000,
                           sync_timeout=0x0BB8,
                           cte_type=0x00
                         }
2024-10-12 02:49:42,126 LT1-callback ClientCallback.log INFO client.py                 232   log                       : PTS_LOGTYPE_RECEIVE_EVENT Receive Event 

+7422 ms
 GAP/PADV/PAST/BV-02-C HCI?HCI_LE_SET_PERIODIC_ADVERTISING_SYNC_TRANSFER_PARAMETERS_COMPLETE_EVENT{
                           status=HCI_OK,
                           conn_handle=0x0000
                         }
2024-10-12 02:49:42,129 LT1-callback ClientCallback.log INFO client.py                 232   log                       : PTS_LOGTYPE_PRELIMINARY_VERDICT Preliminary Verdict 

+7422 ms
 GAP/PADV/PAST/BV-02-C PASS

2024-10-12 02:49:42,133 LT1-callback ClientCallback.log INFO client.py                 232   log                       : PTS_LOGTYPE_MESSAGE User Action Required 

+7422 ms
 GAP/PADV/PAST/BV-02-C Please enter Periodic Advertising Synchronizability mode, and then perform Periodic Advertising Synchronization Transfer Procedure

2024-10-12 02:49:42,138 LT1-callback ClientCallback.log INFO client.py                 232   log                       : PTS_LOGTYPE_MESSAGE Verdict Description 

+8484 ms
 GAP/PADV/PAST/BV-02-C User clicked No or Cancel button.

2024-10-12 02:49:42,144 LT1-callback ClientCallback.log INFO client.py                 232   log                       : PTS_LOGTYPE_PRELIMINARY_VERDICT Preliminary Verdict 

+8484 ms
 GAP/PADV/PAST/BV-02-C INCONC

2024-10-12 02:49:42,148 LT1-callback ClientCallback.log INFO client.py                 232   log                       : PTS_LOGTYPE_MESSAGE Verdict Description 

+8484 ms
 GAP/PADV/PAST/BV-02-C Failed to receive periodic adverting sync transfer complete.

2024-10-12 02:49:42,151 LT1-callback ClientCallback.log INFO client.py                 232   log                       : PTS_LOGTYPE_PRELIMINARY_VERDICT Fail 

+8484 ms
 GAP/PADV/PAST/BV-02-C Failed to receive Periodic Advertising Synchronization Information.

2024-10-12 02:49:42,154 LT1-callback ClientCallback.log INFO client.py                 232   log                       : PTS_LOGTYPE_MESSAGE Verdict Description 

+8484 ms
 GAP/PADV/PAST/BV-02-C Failed to receive Periodic Advertising Synchronization Information.

2024-10-12 02:49:42,160 LT1-callback ClientCallback.log INFO client.py                 232   log                       : PTS_LOGTYPE_SEND_EVENT Send Event 

+8797 ms
 GAP/PADV/PAST/BV-02-C HCI!GET_CONNECTION_HANDLE{
                           addr=0xDCE776C41F70,
                           addr_type=0x01,
                           conn_handle=0x0000
                         }
2024-10-12 02:49:42,168 LT1-callback ClientCallback.log INFO client.py                 232   log                       : PTS_LOGTYPE_SEND_EVENT Send Event 

+8797 ms
 GAP/PADV/PAST/BV-02-C HCI!HCI_DISCONNECT{
                           connectionHandle=0x0000,
                           reason=HCI_REMOTE_USER_TERMINATED_CONNECTION
                         }
2024-10-12 02:49:42,175 LT1-callback ClientCallback.log INFO client.py                 232   log                       : PTS_LOGTYPE_RECEIVE_EVENT Receive Event 

+8797 ms
 GAP/PADV/PAST/BV-02-C HCI?HCI_DISCONNECT_STATUS_EVENT{
                           status=HCI_OK
                         }
2024-10-12 02:49:42,178 LT1-callback ClientCallback.log INFO client.py                 232   log                       : PTS_LOGTYPE_RECEIVE_EVENT Receive Event 

+8922 ms
 GAP/PADV/PAST/BV-02-C ATT?ATT_DISCONNECT_IND{
                           lcid=0x1205
                         }
2024-10-12 02:49:42,182 LT1-callback ClientCallback.log INFO client.py                 232   log                       : PTS_LOGTYPE_RECEIVE_EVENT Receive Event 

+8922 ms
 GAP/PADV/PAST/BV-02-C HCI?HCI_DISCONNECTION_COMPLETE_EVENT{
                           status=HCI_OK,
                           connectionHandle=0x0000,
                           reason=HCI_CONNECTION_TERMINATED_BY_LOCAL_HOST
                         }
2024-10-12 02:49:42,186 LT1-callback ClientCallback.log INFO client.py                 232   log                       : PTS_LOGTYPE_MESSAGE Verdict Description 

+8922 ms
 GAP/PADV/PAST/BV-02-C Received HCI disconnection event. Handle = 0x0000

2024-10-12 02:49:42,192 LT1-callback ClientCallback.log INFO client.py                 232   log                       : PTS_LOGTYPE_MESSAGE Verdict Description 

+8922 ms
 GAP/PADV/PAST/BV-02-C Connection terminated successfully.

2024-10-12 02:49:42,195 LT1-callback ClientCallback.log INFO client.py                 232   log                       : PTS_LOGTYPE_SEND_EVENT Send Event 

+8922 ms
 GAP/PADV/PAST/BV-02-C HCI!HCI_RESET
2024-10-12 02:49:42,199 LT1-callback ClientCallback.log INFO client.py                 232   log                       : PTS_LOGTYPE_RECEIVE_EVENT Receive Event 

+8922 ms
 GAP/PADV/PAST/BV-02-C HCI?HCI_RESET_COMPLETE_EVENT{
                           status=HCI_OK
                         }
2024-10-12 02:49:42,203 LT1-callback ClientCallback.log INFO client.py                 232   log                       : PTS_LOGTYPE_RECEIVE_EVENT Receive Event 

+9922 ms
 GAP/PADV/PAST/BV-02-C HCI?HCI_RESET_COMPLETE_EVENT{
                           status=HCI_OK
                         }
2024-10-12 02:49:42,207 LT1-callback ClientCallback.log INFO client.py                 232   log                       : PTS_LOGTYPE_FINAL_VERDICT Final Verdict 

+11453 ms
 GAP/PADV/PAST/BV-02-C FAIL

2024-10-12 02:49:42,211 LT1-callback ClientCallback.log INFO client.py                 232   log                       : PTS_LOGTYPE_FINAL_VERDICT Encrypted Verdict 

+11453 ms
 GAP/PADV/PAST/BV-02-C A1#M2Y3NGJkYmE0NDUzZmFkYzk4NjUzYjc1NGYxNTE0ZjM5NGIzNjZjYzg3ZTdiODYxNjJiNjViMWMxNjRhMGYwOA==#dTdhkncaFAZjpp3qZnSXOIjW/5z0sah4UFP67j7IIiB9FpAy2Ui/wGtPvTNTG1Bg

2024-10-12 02:49:42,314 LT1-callback ClientCallback.log INFO client.py                 232   log                       : PTS_LOGTYPE_END_TEST Test Case Ended 

+11453 ms
 GAP/PADV/PAST/BV-02-C GAP/PADV/PAST/BV-02-C

2024-10-12 02:49:42,504 LT1-callback root DEBUG client.py                 294   set_result                : ClientCallback, set_result, run_test_case, FAIL
2024-10-12 02:49:45,060 LT1-thread root DEBUG testcase.py               781   post_run                  : post_run, cleanup running post test case script
2024-10-12 02:49:45,061 LT1-thread root DEBUG testcase.py               791   post_run                  : post_run, run post test case script
2024-10-12 02:49:45,082 LT1-thread root DEBUG client.py                 1059  _run_test_case            : Done TestCase _run_test_case GAP GAP/PADV/PAST/BV-02-C
