2025-04-26 12:50:51,165 LT1-thread root DEBUG client.py                 988   _run_test_case            : Starting TestCase _run_test_case MESH MESH/CL/AGG/BV-01-C
2025-04-26 12:50:51,165 LT1-thread root DEBUG testcase.py               712   pre_run                   : pre_run MESH MESH/CL/AGG/BV-01-C
2025-04-26 12:50:51,165 LT1-thread root DEBUG testcase.py               714   pre_run                   : About to run test case MESH MESH/CL/AGG/BV-01-C with commands:
2025-04-26 12:50:51,165 LT1-thread root DEBUG testcase.py               717   pre_run                   : 0) class=<class 'autopts.ptsprojects.testcase.TestFunc'>, func=<bound method Stack.core_init of <autopts.ptsprojects.stack.stack.Stack object at 0x7f97f5ecc970>> start_wid=None stop_wid=None post_wid=None skip_call=None call_count=0 args=() kwds={}
2025-04-26 12:50:51,165 LT1-thread root DEBUG testcase.py               717   pre_run                   : 1) class=<class 'autopts.ptsprojects.testcase.TestFunc'>, func=<bound method ZephyrCtl.hw_reset of <autopts.ptsprojects.zephyr.iutctl.ZephyrCtl object at 0x7f97f5e87ee0>> start_wid=None stop_wid=None post_wid=None skip_call=None call_count=0 args=() kwds={}
2025-04-26 12:50:51,166 LT1-thread root DEBUG testcase.py               717   pre_run                   : 2) class=<class 'autopts.ptsprojects.testcase.TestFunc'>, func=<bound method ZephyrCtl.start of <autopts.ptsprojects.zephyr.iutctl.ZephyrCtl object at 0x7f97f5e87ee0>> start_wid=None stop_wid=None post_wid=None skip_call=None call_count=0 args=(<autopts.ptsprojects.zephyr.ztestcase.ZTestCase object at 0x7f97f4ab50c0>,) kwds={}
2025-04-26 12:50:51,166 LT1-thread root DEBUG testcase.py               717   pre_run                   : 3) class=<class 'autopts.ptsprojects.testcase.TestFunc'>, func=<bound method ZephyrCtl.hw_reset of <autopts.ptsprojects.zephyr.iutctl.ZephyrCtl object at 0x7f97f5e87ee0>> start_wid=None stop_wid=None post_wid=None skip_call=None call_count=0 args=() kwds={}
2025-04-26 12:50:51,166 LT1-thread root DEBUG testcase.py               717   pre_run                   : 4) class=<class 'autopts.ptsprojects.testcase.TestFunc'>, func=<bound method ZephyrCtl.wait_iut_ready_event of <autopts.ptsprojects.zephyr.iutctl.ZephyrCtl object at 0x7f97f5e87ee0>> start_wid=None stop_wid=None post_wid=None skip_call=None call_count=0 args=(False,) kwds={}
2025-04-26 12:50:51,166 LT1-thread root DEBUG testcase.py               717   pre_run                   : 5) class=<class 'autopts.ptsprojects.testcase.TestFunc'>, func=<function core_reg_svc_gap at 0x7f97f8b71000> start_wid=None stop_wid=None post_wid=None skip_call=None call_count=523 args=() kwds={}
2025-04-26 12:50:51,166 LT1-thread root DEBUG testcase.py               717   pre_run                   : 6) class=<class 'autopts.ptsprojects.testcase.TestFunc'>, func=<function core_reg_svc_gatt at 0x7f97f8b71120> start_wid=None stop_wid=None post_wid=None skip_call=None call_count=521 args=() kwds={}
2025-04-26 12:50:51,166 LT1-thread root DEBUG testcase.py               717   pre_run                   : 7) class=<class 'autopts.ptsprojects.testcase.TestFunc'>, func=<function core_reg_svc_mesh at 0x7f97f8b71360> start_wid=None stop_wid=None post_wid=None skip_call=None call_count=521 args=() kwds={}
2025-04-26 12:50:51,166 LT1-thread root DEBUG testcase.py               717   pre_run                   : 8) class=<class 'autopts.ptsprojects.testcase.TestFunc'>, func=<function mesh_init at 0x7f97f8b9b0a0> start_wid=None stop_wid=None post_wid=None skip_call=None call_count=521 args=() kwds={}
2025-04-26 12:50:51,166 LT1-thread root DEBUG testcase.py               717   pre_run                   : 9) class=<class 'autopts.ptsprojects.testcase.TestFunc'>, func=<function gap_read_ctrl_info at 0x7f97f8b8d1b0> start_wid=None stop_wid=None post_wid=None skip_call=None call_count=521 args=() kwds={}
2025-04-26 12:50:51,166 LT1-thread root DEBUG testcase.py               717   pre_run                   : 10) class=<class 'autopts.ptsprojects.testcase.TestFunc'>, func=<function test_cases.<locals>.<lambda> at 0x7f97f5d2b520> start_wid=None stop_wid=None post_wid=None skip_call=None call_count=521 args=() kwds={}
2025-04-26 12:50:51,166 LT1-thread root DEBUG testcase.py               717   pre_run                   : 11) class=<class 'autopts.ptsprojects.testcase.TestFunc'>, func=<function test_cases.<locals>.<lambda> at 0x7f97f5d2b5b0> start_wid=None stop_wid=None post_wid=None skip_call=None call_count=521 args=() kwds={}
2025-04-26 12:50:51,166 LT1-thread root DEBUG testcase.py               717   pre_run                   : 12) class=<class 'autopts.ptsprojects.testcase.TestFunc'>, func=<function test_cases.<locals>.<lambda> at 0x7f97f5d2b640> start_wid=None stop_wid=None post_wid=None skip_call=None call_count=521 args=() kwds={}
2025-04-26 12:50:51,166 LT1-thread root DEBUG testcase.py               717   pre_run                   : 13) class=<class 'autopts.ptsprojects.testcase.TestFunc'>, func=<function test_cases.<locals>.<lambda> at 0x7f97f5d2b6d0> start_wid=None stop_wid=None post_wid=None skip_call=None call_count=521 args=() kwds={}
2025-04-26 12:50:51,166 LT1-thread root DEBUG testcase.py               717   pre_run                   : 14) class=<class 'autopts.ptsprojects.testcase.TestFunc'>, func=<function test_cases.<locals>.<lambda> at 0x7f97f5d2b760> start_wid=None stop_wid=None post_wid=None skip_call=None call_count=521 args=() kwds={}
2025-04-26 12:50:51,166 LT1-thread root DEBUG testcase.py               717   pre_run                   : 15) class=<class 'autopts.ptsprojects.testcase.TestFunc'>, func=<function test_cases.<locals>.<lambda> at 0x7f97f5d2b7f0> start_wid=None stop_wid=None post_wid=None skip_call=None call_count=521 args=() kwds={}
2025-04-26 12:50:51,166 LT1-thread root DEBUG testcase.py               717   pre_run                   : 16) class=<class 'autopts.ptsprojects.testcase.TestFunc'>, func=<function test_cases.<locals>.<lambda> at 0x7f97f5d2b880> start_wid=None stop_wid=None post_wid=None skip_call=None call_count=521 args=() kwds={}
2025-04-26 12:50:51,167 LT1-thread root DEBUG testcase.py               717   pre_run                   : 17) class=<class 'autopts.ptsprojects.testcase.TestFunc'>, func=<function test_cases.<locals>.<lambda> at 0x7f97f5d2b910> start_wid=None stop_wid=None post_wid=None skip_call=None call_count=521 args=() kwds={}
2025-04-26 12:50:51,167 LT1-thread root DEBUG testcase.py               717   pre_run                   : 18) class=<class 'autopts.ptsprojects.testcase.TestFunc'>, func=<function test_cases.<locals>.<lambda> at 0x7f97f5d2b9a0> start_wid=None stop_wid=None post_wid=None skip_call=None call_count=521 args=() kwds={}
2025-04-26 12:50:51,167 LT1-thread root DEBUG testcase.py               717   pre_run                   : 19) class=<class 'autopts.ptsprojects.testcase.TestFuncCleanUp'>, func=<bound method Stack.cleanup of <autopts.ptsprojects.stack.stack.Stack object at 0x7f97f5ecc970>> start_wid=None stop_wid=None post_wid=None skip_call=None call_count=0 args=() kwds={}
2025-04-26 12:50:51,167 LT1-thread root DEBUG testcase.py               717   pre_run                   : 20) class=<class 'autopts.ptsprojects.testcase.TestFuncCleanUp'>, func=<bound method ZephyrCtl.stop of <autopts.ptsprojects.zephyr.iutctl.ZephyrCtl object at 0x7f97f5e87ee0>> start_wid=None stop_wid=None post_wid=None skip_call=None call_count=0 args=() kwds={}
2025-04-26 12:50:51,167 LT1-thread root DEBUG testcase.py               724   pre_run                   : pre_run, run pre test case script
2025-04-26 12:50:51,167 LT1-thread root DEBUG testcase.py               253   start                     : Starting test function: class=<class 'autopts.ptsprojects.testcase.TestFunc'>, func=<bound method Stack.core_init of <autopts.ptsprojects.stack.stack.Stack object at 0x7f97f5ecc970>> start_wid=None stop_wid=None post_wid=None skip_call=None call_count=1 args=() kwds={}
2025-04-26 12:50:51,167 LT1-thread root DEBUG testcase.py               265   start                     : Test function parameters: args=(), kwds={}
2025-04-26 12:50:51,167 LT1-thread root DEBUG testcase.py               253   start                     : Starting test function: class=<class 'autopts.ptsprojects.testcase.TestFunc'>, func=<bound method ZephyrCtl.hw_reset of <autopts.ptsprojects.zephyr.iutctl.ZephyrCtl object at 0x7f97f5e87ee0>> start_wid=None stop_wid=None post_wid=None skip_call=None call_count=1 args=() kwds={}
2025-04-26 12:50:51,167 LT1-thread root DEBUG testcase.py               265   start                     : Test function parameters: args=(), kwds={}
2025-04-26 12:50:51,167 LT1-thread root DEBUG testcase.py               253   start                     : Starting test function: class=<class 'autopts.ptsprojects.testcase.TestFunc'>, func=<bound method ZephyrCtl.start of <autopts.ptsprojects.zephyr.iutctl.ZephyrCtl object at 0x7f97f5e87ee0>> start_wid=None stop_wid=None post_wid=None skip_call=None call_count=1 args=(<autopts.ptsprojects.zephyr.ztestcase.ZTestCase object at 0x7f97f4ab50c0>,) kwds={}
2025-04-26 12:50:51,167 LT1-thread root DEBUG testcase.py               265   start                     : Test function parameters: args=(<autopts.ptsprojects.zephyr.ztestcase.ZTestCase object at 0x7f97f4ab50c0>,), kwds={}
2025-04-26 12:50:51,167 LT1-thread root DEBUG iutctl.py                 104   start                     : <class 'autopts.ptsprojects.zephyr.iutctl.ZephyrCtl'>.start
2025-04-26 12:50:51,168 LT1-thread root DEBUG iutctl.py                 170   flush_serial              : <class 'autopts.ptsprojects.zephyr.iutctl.ZephyrCtl'>.flush_serial
2025-04-26 12:50:52,171 LT1-thread root DEBUG iutctl.py                 133   start                     : Starting socat process: socat -x -v /dev/ttyACM0,rawer,b115200 UNIX-CONNECT:/tmp/bt-stack-tester683989059
2025-04-26 12:50:52,172 LT1-thread root DEBUG iutctl_common.py          387   accept                    : accept
2025-04-26 12:50:52,174 BTPWorkerThread-8782 (_rx_task) root DEBUG iutctl_common.py          292   _rx_task                  : BTPWorkerThread-8782 (_rx_task) started
2025-04-26 12:50:52,174 LT1-thread root DEBUG testcase.py               253   start                     : Starting test function: class=<class 'autopts.ptsprojects.testcase.TestFunc'>, func=<bound method ZephyrCtl.hw_reset of <autopts.ptsprojects.zephyr.iutctl.ZephyrCtl object at 0x7f97f5e87ee0>> start_wid=None stop_wid=None post_wid=None skip_call=None call_count=1 args=() kwds={}
2025-04-26 12:50:52,174 LT1-thread root DEBUG testcase.py               265   start                     : Test function parameters: args=(), kwds={}
2025-04-26 12:50:52,174 LT1-thread root DEBUG testcase.py               253   start                     : Starting test function: class=<class 'autopts.ptsprojects.testcase.TestFunc'>, func=<bound method ZephyrCtl.wait_iut_ready_event of <autopts.ptsprojects.zephyr.iutctl.ZephyrCtl object at 0x7f97f5e87ee0>> start_wid=None stop_wid=None post_wid=None skip_call=None call_count=1 args=(False,) kwds={}
2025-04-26 12:50:52,174 LT1-thread root DEBUG testcase.py               265   start                     : Test function parameters: args=(False,), kwds={}
2025-04-26 12:50:52,175 LT1-thread root DEBUG iutctl.py                 232   wait_iut_ready_event      : IUT ready event received OK
2025-04-26 12:50:52,175 LT1-thread root DEBUG rtt.py                    238   start                     : <class 'autopts.rtt.RTTLogger'>.start
2025-04-26 12:50:52,175 LT1-thread root DEBUG rtt.py                    93    start                     : <class 'autopts.rtt.RTT'>.start
2025-04-26 12:50:52,762 LT1-thread root DEBUG testcase.py               253   start                     : Starting test function: class=<class 'autopts.ptsprojects.testcase.TestFunc'>, func=<function core_reg_svc_gap at 0x7f97f8b71000> start_wid=None stop_wid=None post_wid=None skip_call=None call_count=524 args=() kwds={}
2025-04-26 12:50:52,762 LT1-thread root DEBUG testcase.py               265   start                     : Test function parameters: args=(), kwds={}
2025-04-26 12:50:52,762 LT1-thread root DEBUG btp.py                    116   core_reg_svc_univ         : core_reg_svc_univ: gap_reg (GAP)
2025-04-26 12:50:52,762 LT1-thread root DEBUG iutctl_common.py          160   send                      : send, 0 3 255 '1'
2025-04-26 12:50:52,762 LT1-thread root DEBUG iutctl_common.py          165   send                      : sending frame '0003ff010001'
2025-04-26 12:50:52,762 LT1-thread root DEBUG btp.py                    606   core_reg_svc_rsp_succ     : core_reg_svc_rsp_succ
2025-04-26 12:50:52,762 LT1-thread root DEBUG iutctl_common.py          324   read                      : read
2025-04-26 12:50:52,773 BTPWorkerThread-8782 (_rx_task) root DEBUG iutctl_common.py          122   read                      : Read 5 bytes
2025-04-26 12:50:52,773 BTPWorkerThread-8782 (_rx_task) root DEBUG iutctl_common.py          130   read                      : Received: hdr: Header(svc_id=0x00, op=0x03, ctrl_index=0xff, data_len=0x00) bytearray(b'\x00\x03\xff\x00\x00')
2025-04-26 12:50:52,774 BTPWorkerThread-8782 (_rx_task) root DEBUG iutctl_common.py          153   read                      : Received data: {''}, bytearray(b'')
2025-04-26 12:50:52,779 LT1-thread root DEBUG btp.py                    617   core_reg_svc_rsp_succ     : received Header(svc_id=0, op=3, ctrl_index=255, data_len=0) (b'',)
2025-04-26 12:50:52,779 LT1-thread root DEBUG btp.py                    618   core_reg_svc_rsp_succ     : expected ((0, 3, 255, 0), (b'',))
2025-04-26 12:50:52,779 LT1-thread root DEBUG btp.py                    623   core_reg_svc_rsp_succ     : response is valid
2025-04-26 12:50:52,779 LT1-thread root DEBUG btp.py                    626   core_reg_svc_rsp_succ     : Reading supported commands for service: GAP
2025-04-26 12:50:52,779 LT1-thread root DEBUG iutctl_common.py          160   send                      : send, 1 1 255 ''
2025-04-26 12:50:52,779 LT1-thread root DEBUG iutctl_common.py          165   send                      : sending frame '0101ff0000'
2025-04-26 12:50:52,779 LT1-thread root DEBUG iutctl_common.py          324   read                      : read
2025-04-26 12:50:52,810 BTPWorkerThread-8782 (_rx_task) root DEBUG iutctl_common.py          122   read                      : Read 5 bytes
2025-04-26 12:50:52,836 BTPWorkerThread-8782 (_rx_task) root DEBUG iutctl_common.py          130   read                      : Received: hdr: Header(svc_id=0x01, op=0x01, ctrl_index=0xff, data_len=0x06) bytearray(b'\x01\x01\xff\x06\x00')
2025-04-26 12:50:52,847 BTPWorkerThread-8782 (_rx_task) root DEBUG iutctl_common.py          138   read                      : Read 6 bytes data
2025-04-26 12:50:52,847 BTPWorkerThread-8782 (_rx_task) root DEBUG iutctl_common.py          153   read                      : Received data: {'6e ff 7f 1f 7e 04'}, bytearray(b'n\xff\x7f\x1f~\x04')
2025-04-26 12:50:52,847 LT1-thread root DEBUG testcase.py               253   start                     : Starting test function: class=<class 'autopts.ptsprojects.testcase.TestFunc'>, func=<function core_reg_svc_gatt at 0x7f97f8b71120> start_wid=None stop_wid=None post_wid=None skip_call=None call_count=522 args=() kwds={}
2025-04-26 12:50:52,847 LT1-thread root DEBUG testcase.py               265   start                     : Test function parameters: args=(), kwds={}
2025-04-26 12:50:52,847 LT1-thread root DEBUG btp.py                    116   core_reg_svc_univ         : core_reg_svc_univ: gatt_reg (GATT)
2025-04-26 12:50:52,847 LT1-thread root DEBUG iutctl_common.py          160   send                      : send, 0 3 255 '2'
2025-04-26 12:50:52,848 LT1-thread root DEBUG iutctl_common.py          165   send                      : sending frame '0003ff010002'
2025-04-26 12:50:52,848 LT1-thread root DEBUG btp.py                    606   core_reg_svc_rsp_succ     : core_reg_svc_rsp_succ
2025-04-26 12:50:52,848 LT1-thread root DEBUG iutctl_common.py          324   read                      : read
2025-04-26 12:50:52,868 BTPWorkerThread-8782 (_rx_task) root DEBUG iutctl_common.py          122   read                      : Read 5 bytes
2025-04-26 12:50:52,879 BTPWorkerThread-8782 (_rx_task) root DEBUG iutctl_common.py          130   read                      : Received: hdr: Header(svc_id=0x00, op=0x03, ctrl_index=0xff, data_len=0x00) bytearray(b'\x00\x03\xff\x00\x00')
2025-04-26 12:50:52,884 BTPWorkerThread-8782 (_rx_task) root DEBUG iutctl_common.py          153   read                      : Received data: {''}, bytearray(b'')
2025-04-26 12:50:52,885 LT1-thread root DEBUG btp.py                    617   core_reg_svc_rsp_succ     : received Header(svc_id=0, op=3, ctrl_index=255, data_len=0) (b'',)
2025-04-26 12:50:52,885 LT1-thread root DEBUG btp.py                    618   core_reg_svc_rsp_succ     : expected ((0, 3, 255, 0), (b'',))
2025-04-26 12:50:52,885 LT1-thread root DEBUG btp.py                    623   core_reg_svc_rsp_succ     : response is valid
2025-04-26 12:50:52,885 LT1-thread root DEBUG btp.py                    626   core_reg_svc_rsp_succ     : Reading supported commands for service: GATT
2025-04-26 12:50:52,885 LT1-thread root DEBUG iutctl_common.py          160   send                      : send, 2 1 255 ''
2025-04-26 12:50:52,885 LT1-thread root DEBUG iutctl_common.py          165   send                      : sending frame '0201ff0000'
2025-04-26 12:50:52,885 LT1-thread root DEBUG iutctl_common.py          324   read                      : read
2025-04-26 12:50:52,901 BTPWorkerThread-8782 (_rx_task) root DEBUG iutctl_common.py          122   read                      : Read 5 bytes
2025-04-26 12:50:52,906 BTPWorkerThread-8782 (_rx_task) root DEBUG iutctl_common.py          130   read                      : Received: hdr: Header(svc_id=0x02, op=0x01, ctrl_index=0xff, data_len=0x05) bytearray(b'\x02\x01\xff\x05\x00')
2025-04-26 12:50:52,916 BTPWorkerThread-8782 (_rx_task) root DEBUG iutctl_common.py          138   read                      : Read 5 bytes data
2025-04-26 12:50:52,922 BTPWorkerThread-8782 (_rx_task) root DEBUG iutctl_common.py          153   read                      : Received data: {'fe fe ff fd 03'}, bytearray(b'\xfe\xfe\xff\xfd\x03')
2025-04-26 12:50:52,927 LT1-thread root DEBUG testcase.py               253   start                     : Starting test function: class=<class 'autopts.ptsprojects.testcase.TestFunc'>, func=<function core_reg_svc_mesh at 0x7f97f8b71360> start_wid=None stop_wid=None post_wid=None skip_call=None call_count=522 args=() kwds={}
2025-04-26 12:50:52,931 LT1-thread root DEBUG testcase.py               265   start                     : Test function parameters: args=(), kwds={}
2025-04-26 12:50:52,932 LT1-thread root DEBUG btp.py                    116   core_reg_svc_univ         : core_reg_svc_univ: mesh_reg (MESH)
2025-04-26 12:50:52,932 LT1-thread root DEBUG iutctl_common.py          160   send                      : send, 0 3 255 '4'
2025-04-26 12:50:52,932 LT1-thread root DEBUG iutctl_common.py          165   send                      : sending frame '0003ff010004'
2025-04-26 12:50:52,932 LT1-thread root DEBUG btp.py                    606   core_reg_svc_rsp_succ     : core_reg_svc_rsp_succ
2025-04-26 12:50:52,932 LT1-thread root DEBUG iutctl_common.py          324   read                      : read
2025-04-26 12:50:52,945 BTPWorkerThread-8782 (_rx_task) root DEBUG iutctl_common.py          122   read                      : Read 5 bytes
2025-04-26 12:50:52,955 BTPWorkerThread-8782 (_rx_task) root DEBUG iutctl_common.py          130   read                      : Received: hdr: Header(svc_id=0x00, op=0x03, ctrl_index=0xff, data_len=0x00) bytearray(b'\x00\x03\xff\x00\x00')
2025-04-26 12:50:52,961 BTPWorkerThread-8782 (_rx_task) root DEBUG iutctl_common.py          153   read                      : Received data: {''}, bytearray(b'')
2025-04-26 12:50:52,961 LT1-thread root DEBUG btp.py                    617   core_reg_svc_rsp_succ     : received Header(svc_id=0, op=3, ctrl_index=255, data_len=0) (b'',)
2025-04-26 12:50:52,961 LT1-thread root DEBUG btp.py                    618   core_reg_svc_rsp_succ     : expected ((0, 3, 255, 0), (b'',))
2025-04-26 12:50:52,961 LT1-thread root DEBUG btp.py                    623   core_reg_svc_rsp_succ     : response is valid
2025-04-26 12:50:52,961 LT1-thread root DEBUG btp.py                    626   core_reg_svc_rsp_succ     : Reading supported commands for service: MESH
2025-04-26 12:50:52,961 LT1-thread root DEBUG iutctl_common.py          160   send                      : send, 4 1 255 ''
2025-04-26 12:50:52,961 LT1-thread root DEBUG iutctl_common.py          165   send                      : sending frame '0401ff0000'
2025-04-26 12:50:52,962 LT1-thread root DEBUG iutctl_common.py          324   read                      : read
2025-04-26 12:50:52,982 BTPWorkerThread-8782 (_rx_task) root DEBUG iutctl_common.py          122   read                      : Read 5 bytes
2025-04-26 12:50:52,988 BTPWorkerThread-8782 (_rx_task) root DEBUG iutctl_common.py          130   read                      : Received: hdr: Header(svc_id=0x04, op=0x01, ctrl_index=0xff, data_len=0x10) bytearray(b'\x04\x01\xff\x10\x00')
2025-04-26 12:50:52,998 BTPWorkerThread-8782 (_rx_task) root DEBUG iutctl_common.py          138   read                      : Read 16 bytes data
2025-04-26 12:50:53,009 BTPWorkerThread-8782 (_rx_task) root DEBUG iutctl_common.py          153   read                      : Received data: {'fe ff 7f ff ff ff ff ff ff ff ff fe ff f1 87 01'}, bytearray(b'\xfe\xff\x7f\xff\xff\xff\xff\xff\xff\xff\xff\xfe\xff\xf1\x87\x01')
2025-04-26 12:50:53,014 LT1-thread root DEBUG testcase.py               253   start                     : Starting test function: class=<class 'autopts.ptsprojects.testcase.TestFunc'>, func=<function mesh_init at 0x7f97f8b9b0a0> start_wid=None stop_wid=None post_wid=None skip_call=None call_count=522 args=() kwds={}
2025-04-26 12:50:53,014 LT1-thread root DEBUG testcase.py               265   start                     : Test function parameters: args=(), kwds={}
2025-04-26 12:50:53,014 LT1-thread root DEBUG mesh.py                   450   mesh_init                 : mesh_init 0
2025-04-26 12:50:53,015 LT1-thread root DEBUG iutctl_common.py          160   send                      : send, 4 4 0 "bytearray(b'\\x00')"
2025-04-26 12:50:53,015 LT1-thread root DEBUG iutctl_common.py          165   send                      : sending frame '040400010000'
2025-04-26 12:50:53,015 LT1-thread root DEBUG iutctl_common.py          324   read                      : read
2025-04-26 12:50:53,459 BTPWorkerThread-8782 (_rx_task) root DEBUG iutctl_common.py          122   read                      : Read 5 bytes
2025-04-26 12:50:53,459 BTPWorkerThread-8782 (_rx_task) root DEBUG iutctl_common.py          130   read                      : Received: hdr: Header(svc_id=0x04, op=0x04, ctrl_index=0x00, data_len=0x00) bytearray(b'\x04\x04\x00\x00\x00')
2025-04-26 12:50:53,464 BTPWorkerThread-8782 (_rx_task) root DEBUG iutctl_common.py          153   read                      : Received data: {''}, bytearray(b'')
2025-04-26 12:50:53,470 LT1-thread root DEBUG testcase.py               253   start                     : Starting test function: class=<class 'autopts.ptsprojects.testcase.TestFunc'>, func=<function gap_read_ctrl_info at 0x7f97f8b8d1b0> start_wid=None stop_wid=None post_wid=None skip_call=None call_count=522 args=() kwds={}
2025-04-26 12:50:53,470 LT1-thread root DEBUG testcase.py               265   start                     : Test function parameters: args=(), kwds={}
2025-04-26 12:50:53,470 LT1-thread root DEBUG gap.py                    980   gap_read_ctrl_info        : gap_read_ctrl_info
2025-04-26 12:50:53,470 LT1-thread root DEBUG iutctl_common.py          160   send                      : send, 1 3 0 ''
2025-04-26 12:50:53,470 LT1-thread root DEBUG iutctl_common.py          165   send                      : sending frame '0103000000'
2025-04-26 12:50:53,470 LT1-thread root DEBUG iutctl_common.py          324   read                      : read
2025-04-26 12:50:53,652 BTPWorkerThread-8782 (_rx_task) root DEBUG iutctl_common.py          122   read                      : Read 5 bytes
2025-04-26 12:50:53,653 BTPWorkerThread-8782 (_rx_task) root DEBUG iutctl_common.py          130   read                      : Received: hdr: Header(svc_id=0x01, op=0x03, ctrl_index=0x00, data_len=0x115) bytearray(b'\x01\x03\x00\x15\x01')
2025-04-26 12:50:53,653 BTPWorkerThread-8782 (_rx_task) root DEBUG iutctl_common.py          138   read                      : Read 88 bytes data
2025-04-26 12:50:53,669 BTPWorkerThread-8782 (_rx_task) root DEBUG iutctl_common.py          138   read                      : Read 129 bytes data
2025-04-26 12:50:53,669 BTPWorkerThread-8782 (_rx_task) root DEBUG iutctl_common.py          138   read                      : Read 60 bytes data
2025-04-26 12:50:53,670 BTPWorkerThread-8782 (_rx_task) root DEBUG iutctl_common.py          153   read                      : Received data: {'70 1f c4 76 e7 dc 13 06 02 00 13 82 00 00 00 00 00 62 74 70 5f 74 65 73 74 65 72 00 00 00 00 00 00 00 00 00 00 00 00 00 00 00 00 00 00 00 00 00 00 00 00 00 00 00 00 00 00 00 00 00 00 00 00 00 00 00 00 00 00 00 00 00 00 00 00 00 00 00 00 00 00 00 00 00 00 00 00 00 00 00 00 00 00 00 00 00 00 00 00 00 00 00 00 00 00 00 00 00 00 00 00 00 00 00 00 00 00 00 00 00 00 00 00 00 00 00 00 00 00 00 00 00 00 00 00 00 00 00 00 00 00 00 00 00 00 00 00 00 00 00 00 00 00 00 00 00 00 00 00 00 00 00 00 00 00 00 00 00 00 00 00 00 00 00 00 00 00 00 00 00 00 00 00 00 00 00 00 00 00 00 00 00 00 00 00 00 00 00 00 00 00 00 00 00 00 00 00 00 00 00 00 00 00 00 00 00 00 00 00 00 00 00 00 00 00 00 00 00 00 00 00 00 00 00 00 00 00 00 00 00 00 00 00 00 00 00 00 00 00 00 00 00 00 00 00 00 00 00 00 00 00 00 00 00 00 00 00 00 00 00 00 00 00 00 00 00 00'}, bytearray(b'p\x1f\xc4v\xe7\xdc\x13\x06\x02\x00\x13\x82\x00\x00\x00\x00\x00btp_tester\x00\x00\x00\x00\x00\x00\x00\x00\x00\x00\x00\x00\x00\x00\x00\x00\x00\x00\x00\x00\x00\x00\x00\x00\x00\x00\x00\x00\x00\x00\x00\x00\x00\x00\x00\x00\x00\x00\x00\x00\x00\x00\x00\x00\x00\x00\x00\x00\x00\x00\x00\x00\x00\x00\x00\x00\x00\x00\x00\x00\x00\x00\x00\x00\x00\x00\x00\x00\x00\x00\x00\x00\x00\x00\x00\x00\x00\x00\x00\x00\x00\x00\x00\x00\x00\x00\x00\x00\x00\x00\x00\x00\x00\x00\x00\x00\x00\x00\x00\x00\x00\x00\x00\x00\x00\x00\x00\x00\x00\x00\x00\x00\x00\x00\x00\x00\x00\x00\x00\x00\x00\x00\x00\x00\x00\x00\x00\x00\x00\x00\x00\x00\x00\x00\x00\x00\x00\x00\x00\x00\x00\x00\x00\x00\x00\x00\x00\x00\x00\x00\x00\x00\x00\x00\x00\x00\x00\x00\x00\x00\x00\x00\x00\x00\x00\x00\x00\x00\x00\x00\x00\x00\x00\x00\x00\x00\x00\x00\x00\x00\x00\x00\x00\x00\x00\x00\x00\x00\x00\x00\x00\x00\x00\x00\x00\x00\x00\x00\x00\x00\x00\x00\x00\x00\x00\x00\x00\x00\x00\x00\x00\x00\x00\x00\x00\x00\x00\x00\x00\x00\x00\x00\x00\x00\x00\x00\x00\x00\x00\x00\x00\x00\x00\x00\x00\x00\x00\x00\x00\x00\x00\x00\x00\x00\x00\x00\x00\x00\x00\x00')
2025-04-26 12:50:53,670 LT1-thread root DEBUG gap.py                    987   gap_read_ctrl_info        : received Header(svc_id=1, op=3, ctrl_index=0, data_len=277) (b'p\x1f\xc4v\xe7\xdc\x13\x06\x02\x00\x13\x82\x00\x00\x00\x00\x00btp_tester\x00\x00\x00\x00\x00\x00\x00\x00\x00\x00\x00\x00\x00\x00\x00\x00\x00\x00\x00\x00\x00\x00\x00\x00\x00\x00\x00\x00\x00\x00\x00\x00\x00\x00\x00\x00\x00\x00\x00\x00\x00\x00\x00\x00\x00\x00\x00\x00\x00\x00\x00\x00\x00\x00\x00\x00\x00\x00\x00\x00\x00\x00\x00\x00\x00\x00\x00\x00\x00\x00\x00\x00\x00\x00\x00\x00\x00\x00\x00\x00\x00\x00\x00\x00\x00\x00\x00\x00\x00\x00\x00\x00\x00\x00\x00\x00\x00\x00\x00\x00\x00\x00\x00\x00\x00\x00\x00\x00\x00\x00\x00\x00\x00\x00\x00\x00\x00\x00\x00\x00\x00\x00\x00\x00\x00\x00\x00\x00\x00\x00\x00\x00\x00\x00\x00\x00\x00\x00\x00\x00\x00\x00\x00\x00\x00\x00\x00\x00\x00\x00\x00\x00\x00\x00\x00\x00\x00\x00\x00\x00\x00\x00\x00\x00\x00\x00\x00\x00\x00\x00\x00\x00\x00\x00\x00\x00\x00\x00\x00\x00\x00\x00\x00\x00\x00\x00\x00\x00\x00\x00\x00\x00\x00\x00\x00\x00\x00\x00\x00\x00\x00\x00\x00\x00\x00\x00\x00\x00\x00\x00\x00\x00\x00\x00\x00\x00\x00\x00\x00\x00\x00\x00\x00\x00\x00\x00\x00\x00\x00\x00\x00\x00\x00\x00\x00\x00\x00\x00\x00\x00\x00\x00\x00\x00\x00\x00\x00\x00\x00\x00',)
2025-04-26 12:50:53,670 LT1-thread root DEBUG gap.py                    1008  gap_read_ctrl_info        : IUT address 'dce776c41f70' 'random'
2025-04-26 12:50:53,670 LT1-thread root DEBUG gap.py                    420   __gap_current_settings_update : __gap_current_settings_update 33299
2025-04-26 12:50:53,670 LT1-thread root DEBUG testcase.py               253   start                     : Starting test function: class=<class 'autopts.ptsprojects.testcase.TestFunc'>, func=<function test_cases.<locals>.<lambda> at 0x7f97f5d2b520> start_wid=None stop_wid=None post_wid=None skip_call=None call_count=522 args=() kwds={}
2025-04-26 12:50:53,670 LT1-thread root DEBUG testcase.py               265   start                     : Test function parameters: args=(), kwds={}
2025-04-26 12:50:54,087 LT1-thread root DEBUG testcase.py               253   start                     : Starting test function: class=<class 'autopts.ptsprojects.testcase.TestFunc'>, func=<function test_cases.<locals>.<lambda> at 0x7f97f5d2b5b0> start_wid=None stop_wid=None post_wid=None skip_call=None call_count=522 args=() kwds={}
2025-04-26 12:50:54,087 LT1-thread root DEBUG testcase.py               265   start                     : Test function parameters: args=(), kwds={}
2025-04-26 12:50:54,137 LT1-thread root DEBUG testcase.py               253   start                     : Starting test function: class=<class 'autopts.ptsprojects.testcase.TestFunc'>, func=<function test_cases.<locals>.<lambda> at 0x7f97f5d2b640> start_wid=None stop_wid=None post_wid=None skip_call=None call_count=522 args=() kwds={}
2025-04-26 12:50:54,137 LT1-thread root DEBUG testcase.py               265   start                     : Test function parameters: args=(), kwds={}
2025-04-26 12:50:54,167 LT1-thread root DEBUG testcase.py               253   start                     : Starting test function: class=<class 'autopts.ptsprojects.testcase.TestFunc'>, func=<function test_cases.<locals>.<lambda> at 0x7f97f5d2b6d0> start_wid=None stop_wid=None post_wid=None skip_call=None call_count=522 args=() kwds={}
2025-04-26 12:50:54,167 LT1-thread root DEBUG testcase.py               265   start                     : Test function parameters: args=(), kwds={}
2025-04-26 12:50:54,295 LT1-thread root DEBUG testcase.py               253   start                     : Starting test function: class=<class 'autopts.ptsprojects.testcase.TestFunc'>, func=<function test_cases.<locals>.<lambda> at 0x7f97f5d2b760> start_wid=None stop_wid=None post_wid=None skip_call=None call_count=522 args=() kwds={}
2025-04-26 12:50:54,295 LT1-thread root DEBUG testcase.py               265   start                     : Test function parameters: args=(), kwds={}
2025-04-26 12:50:54,354 LT1-thread root DEBUG testcase.py               253   start                     : Starting test function: class=<class 'autopts.ptsprojects.testcase.TestFunc'>, func=<function test_cases.<locals>.<lambda> at 0x7f97f5d2b7f0> start_wid=None stop_wid=None post_wid=None skip_call=None call_count=522 args=() kwds={}
2025-04-26 12:50:54,354 LT1-thread root DEBUG testcase.py               265   start                     : Test function parameters: args=(), kwds={}
2025-04-26 12:50:54,361 LT1-thread root DEBUG testcase.py               253   start                     : Starting test function: class=<class 'autopts.ptsprojects.testcase.TestFunc'>, func=<function test_cases.<locals>.<lambda> at 0x7f97f5d2b880> start_wid=None stop_wid=None post_wid=None skip_call=None call_count=522 args=() kwds={}
2025-04-26 12:50:54,361 LT1-thread root DEBUG testcase.py               265   start                     : Test function parameters: args=(), kwds={}
2025-04-26 12:50:54,361 LT1-thread root DEBUG testcase.py               253   start                     : Starting test function: class=<class 'autopts.ptsprojects.testcase.TestFunc'>, func=<function test_cases.<locals>.<lambda> at 0x7f97f5d2b910> start_wid=None stop_wid=None post_wid=None skip_call=None call_count=522 args=() kwds={}
2025-04-26 12:50:54,361 LT1-thread root DEBUG testcase.py               265   start                     : Test function parameters: args=(), kwds={}
2025-04-26 12:50:54,367 LT1-thread root DEBUG testcase.py               253   start                     : Starting test function: class=<class 'autopts.ptsprojects.testcase.TestFunc'>, func=<function test_cases.<locals>.<lambda> at 0x7f97f5d2b9a0> start_wid=None stop_wid=None post_wid=None skip_call=None call_count=522 args=() kwds={}
2025-04-26 12:50:54,367 LT1-thread root DEBUG testcase.py               265   start                     : Test function parameters: args=(), kwds={}
2025-04-26 12:50:54,374 LT1-thread root DEBUG client.py                 309   get_result                : ClientCallback.get_result run_test_case
2025-04-26 12:51:02,591 LT1-callback ClientCallback.on_implicit_send INFO client.py                 256   on_implicit_send          : 
    ********************
    BEGIN OnImplicitSend:
    project_name: MESH
    wid: 13
    test_case_name: MESH/CL/AGG/BV-01-C
    description: There is no shared security information. Please remove any security information if any. PTS is waiting for beacon to start provisioning from IUT with UUID value indicated in 'TSPX_device_uuid'
    style: MMI_Style_Ok_Cancel2 0x11141
2025-04-26 12:51:02,591 LT1-callback ClientCallback.on_implicit_send INFO client.py                 269   on_implicit_send          : Calling test cases on_implicit_send
2025-04-26 12:51:02,591 LT1-callback ClientCallback.on_implicit_send INFO client.py                 282   on_implicit_send          : 
    on_implicit_send returned response: WAIT
    END OnImplicitSend
    ********************
2025-04-26 12:51:03,375 LT1-thread root DEBUG testcase.py               671   run_wid                   : MESH MESH/CL/AGG/BV-01-C on_implicit_send
2025-04-26 12:51:03,376 LT1-thread root DEBUG mesh.py                   30    mesh_wid_hdl              : mesh_wid_hdl, 13, There is no shared security information. Please remove any security information if any. PTS is waiting for beacon to start provisioning from IUT with UUID value indicated in 'TSPX_device_uuid', MESH/CL/AGG/BV-01-C
2025-04-26 12:51:03,376 LT1-thread root DEBUG mesh.py                   380   mesh_config_prov          : mesh_config_prov
2025-04-26 12:51:03,376 LT1-thread root DEBUG iutctl_common.py          160   send                      : send, 4 2 0 "bytearray(b'\\xe6(\\x7f\\xf6\\nUE\\x19\\x8fz\\x8bL[\\xb9\\xab(\\x00\\x01\\x02\\x03\\x04\\x05\\x06\\x07\\x08\\t\\n\\x0b\\x0c\\r\\x0e\\x0f\\x00\\x00\\x00\\x00\\x00\\x00\\x00\\x00\\x00\\x00\\x00\\x00\\x00\\x00\\x00\\x00\\x10\\x01\\x08\\x00\\x00\\x00\\x00\\x00')"
2025-04-26 12:51:03,376 LT1-thread root DEBUG iutctl_common.py          165   send                      : sending frame '0402003800e6287ff60a5545198f7a8b4c5bb9ab28000102030405060708090a0b0c0d0e0f000000000000000000000000000000001001080000000000'
2025-04-26 12:51:03,376 LT1-thread root DEBUG iutctl_common.py          324   read                      : read
2025-04-26 12:51:03,392 BTPWorkerThread-8782 (_rx_task) root DEBUG iutctl_common.py          122   read                      : Read 5 bytes
2025-04-26 12:51:03,392 BTPWorkerThread-8782 (_rx_task) root DEBUG iutctl_common.py          130   read                      : Received: hdr: Header(svc_id=0x04, op=0x02, ctrl_index=0x00, data_len=0x00) bytearray(b'\x04\x02\x00\x00\x00')
2025-04-26 12:51:03,397 BTPWorkerThread-8782 (_rx_task) root DEBUG iutctl_common.py          153   read                      : Received data: {''}, bytearray(b'')
2025-04-26 12:51:03,408 LT1-thread root DEBUG mesh.py                   460   mesh_start                : mesh_start
2025-04-26 12:51:03,408 LT1-thread root DEBUG iutctl_common.py          160   send                      : send, 4 120 0 ''
2025-04-26 12:51:03,408 LT1-thread root DEBUG iutctl_common.py          165   send                      : sending frame '0478000000'
2025-04-26 12:51:03,408 LT1-thread root DEBUG iutctl_common.py          324   read                      : read
2025-04-26 12:51:03,429 BTPWorkerThread-8782 (_rx_task) root DEBUG iutctl_common.py          122   read                      : Read 5 bytes
2025-04-26 12:51:03,435 BTPWorkerThread-8782 (_rx_task) root DEBUG iutctl_common.py          130   read                      : Received: hdr: Header(svc_id=0x04, op=0x78, ctrl_index=0x00, data_len=0x00) bytearray(b'\x04x\x00\x00\x00')
2025-04-26 12:51:03,440 BTPWorkerThread-8782 (_rx_task) root DEBUG iutctl_common.py          153   read                      : Received data: {''}, bytearray(b'')
2025-04-26 12:51:03,446 LT1-thread root DEBUG testcase.py               707   run_wid                   : Sending response 'OK' to wid 13 test case MESH/CL/AGG/BV-01-C
2025-04-26 12:51:03,446 BTPWorkerThread-8782 (_rx_task) root DEBUG iutctl_common.py          122   read                      : Read 5 bytes
2025-04-26 12:51:03,446 BTPWorkerThread-8782 (_rx_task) root DEBUG iutctl_common.py          130   read                      : Received: hdr: Header(svc_id=0x04, op=0x84, ctrl_index=0x00, data_len=0x01) bytearray(b'\x04\x84\x00\x01\x00')
2025-04-26 12:51:03,446 BTPWorkerThread-8782 (_rx_task) root DEBUG iutctl_common.py          138   read                      : Read 1 bytes data
2025-04-26 12:51:03,447 BTPWorkerThread-8782 (_rx_task) root DEBUG iutctl_common.py          153   read                      : Received data: {'00'}, bytearray(b'\x00')
2025-04-26 12:51:03,447 BTPWorkerThread-8782 (_rx_task) root DEBUG btp.py                    718   event_handler             : event_handler Header(svc_id=4, op=132, ctrl_index=0, data_len=1) (b'\x00',)
2025-04-26 12:51:03,447 BTPWorkerThread-8782 (_rx_task) root DEBUG mesh.py                   879   mesh_prov_link_open_ev    : mesh_prov_link_open_ev b'\x00'
2025-04-26 12:51:03,448 LT1-thread root DEBUG client.py                 309   get_result                : ClientCallback.get_result run_test_case
2025-04-26 12:51:06,212 BTPWorkerThread-8782 (_rx_task) root DEBUG iutctl_common.py          122   read                      : Read 5 bytes
2025-04-26 12:51:06,212 BTPWorkerThread-8782 (_rx_task) root DEBUG iutctl_common.py          130   read                      : Received: hdr: Header(svc_id=0x04, op=0x83, ctrl_index=0x00, data_len=0x00) bytearray(b'\x04\x83\x00\x00\x00')
2025-04-26 12:51:06,212 BTPWorkerThread-8782 (_rx_task) root DEBUG iutctl_common.py          153   read                      : Received data: {''}, bytearray(b'')
2025-04-26 12:51:06,212 BTPWorkerThread-8782 (_rx_task) root DEBUG btp.py                    718   event_handler             : event_handler Header(svc_id=4, op=131, ctrl_index=0, data_len=0) (b'',)
2025-04-26 12:51:06,212 BTPWorkerThread-8782 (_rx_task) root DEBUG mesh.py                   869   mesh_provisioned_ev       : mesh_provisioned_ev b''
2025-04-26 12:51:07,955 BTPWorkerThread-8782 (_rx_task) root DEBUG iutctl_common.py          122   read                      : Read 5 bytes
2025-04-26 12:51:07,955 BTPWorkerThread-8782 (_rx_task) root DEBUG iutctl_common.py          130   read                      : Received: hdr: Header(svc_id=0x04, op=0x85, ctrl_index=0x00, data_len=0x01) bytearray(b'\x04\x85\x00\x01\x00')
2025-04-26 12:51:07,956 BTPWorkerThread-8782 (_rx_task) root DEBUG iutctl_common.py          138   read                      : Read 1 bytes data
2025-04-26 12:51:07,957 BTPWorkerThread-8782 (_rx_task) root DEBUG iutctl_common.py          153   read                      : Received data: {'00'}, bytearray(b'\x00')
2025-04-26 12:51:07,957 BTPWorkerThread-8782 (_rx_task) root DEBUG btp.py                    718   event_handler             : event_handler Header(svc_id=4, op=133, ctrl_index=0, data_len=1) (b'\x00',)
2025-04-26 12:51:07,957 BTPWorkerThread-8782 (_rx_task) root DEBUG mesh.py                   887   mesh_prov_link_closed_ev  : mesh_prov_link_closed_ev b'\x00'
2025-04-26 12:51:08,689 BTPWorkerThread-8782 (_rx_task) root DEBUG iutctl_common.py          122   read                      : Read 5 bytes
2025-04-26 12:51:08,689 BTPWorkerThread-8782 (_rx_task) root DEBUG iutctl_common.py          130   read                      : Received: hdr: Header(svc_id=0x04, op=0x86, ctrl_index=0x00, data_len=0x16) bytearray(b'\x04\x86\x00\x16\x00')
2025-04-26 12:51:08,689 BTPWorkerThread-8782 (_rx_task) root DEBUG iutctl_common.py          138   read                      : Read 6 bytes data
2025-04-26 12:51:08,690 BTPWorkerThread-8782 (_rx_task) root DEBUG iutctl_common.py          138   read                      : Read 15 bytes data
2025-04-26 12:51:08,691 BTPWorkerThread-8782 (_rx_task) root DEBUG iutctl_common.py          138   read                      : Read 1 bytes data
2025-04-26 12:51:08,691 BTPWorkerThread-8782 (_rx_task) root DEBUG iutctl_common.py          153   read                      : Received data: {'03 00 01 00 02 00 0f 80 80 00 00 f4 cd 7b fd f5 50 84 e7 eb 36 83'}, bytearray(b'\x03\x00\x01\x00\x02\x00\x0f\x80\x80\x00\x00\xf4\xcd{\xfd\xf5P\x84\xe7\xeb6\x83')
2025-04-26 12:51:08,692 BTPWorkerThread-8782 (_rx_task) root DEBUG btp.py                    718   event_handler             : event_handler Header(svc_id=4, op=134, ctrl_index=0, data_len=22) (b'\x03\x00\x01\x00\x02\x00\x0f\x80\x80\x00\x00\xf4\xcd{\xfd\xf5P\x84\xe7\xeb6\x83',)
2025-04-26 12:51:08,692 BTPWorkerThread-8782 (_rx_task) root DEBUG iutctl_common.py          122   read                      : Read 2 bytes
2025-04-26 12:51:08,693 BTPWorkerThread-8782 (_rx_task) root DEBUG iutctl_common.py          122   read                      : Read 3 bytes
2025-04-26 12:51:08,693 BTPWorkerThread-8782 (_rx_task) root DEBUG iutctl_common.py          130   read                      : Received: hdr: Header(svc_id=0x04, op=0x8f, ctrl_index=0x00, data_len=0x08) bytearray(b'\x04\x8f\x00\x08\x00')
2025-04-26 12:51:08,693 BTPWorkerThread-8782 (_rx_task) root DEBUG iutctl_common.py          138   read                      : Read 8 bytes data
2025-04-26 12:51:08,693 BTPWorkerThread-8782 (_rx_task) root DEBUG iutctl_common.py          153   read                      : Received data: {'01 00 02 00 03 80 08 7f'}, bytearray(b'\x01\x00\x02\x00\x03\x80\x08\x7f')
2025-04-26 12:51:08,693 BTPWorkerThread-8782 (_rx_task) root DEBUG btp.py                    718   event_handler             : event_handler Header(svc_id=4, op=143, ctrl_index=0, data_len=8) (b'\x01\x00\x02\x00\x03\x80\x08\x7f',)
2025-04-26 12:51:08,693 BTPWorkerThread-8782 (_rx_task) root DEBUG mesh.py                   2140  mesh_model_recv_ev        : mesh_model_recv_ev b'\x01\x00\x02\x00\x03\x80\x08\x7f' 8
2025-04-26 12:51:08,779 BTPWorkerThread-8782 (_rx_task) root DEBUG iutctl_common.py          122   read                      : Read 2 bytes
2025-04-26 12:51:08,780 BTPWorkerThread-8782 (_rx_task) root DEBUG iutctl_common.py          122   read                      : Read 3 bytes
2025-04-26 12:51:08,781 BTPWorkerThread-8782 (_rx_task) root DEBUG iutctl_common.py          130   read                      : Received: hdr: Header(svc_id=0x04, op=0x86, ctrl_index=0x00, data_len=0x16) bytearray(b'\x04\x86\x00\x16\x00')
2025-04-26 12:51:08,781 BTPWorkerThread-8782 (_rx_task) root DEBUG iutctl_common.py          138   read                      : Read 18 bytes data
2025-04-26 12:51:08,781 BTPWorkerThread-8782 (_rx_task) root DEBUG iutctl_common.py          138   read                      : Read 4 bytes data
2025-04-26 12:51:08,782 BTPWorkerThread-8782 (_rx_task) root DEBUG iutctl_common.py          153   read                      : Received data: {'03 00 01 00 02 00 0f 80 80 04 00 13 d4 c3 07 17 0b b1 5f 7a 4f ca'}, bytearray(b'\x03\x00\x01\x00\x02\x00\x0f\x80\x80\x04\x00\x13\xd4\xc3\x07\x17\x0b\xb1_zO\xca')
2025-04-26 12:51:08,782 BTPWorkerThread-8782 (_rx_task) root DEBUG btp.py                    718   event_handler             : event_handler Header(svc_id=4, op=134, ctrl_index=0, data_len=22) (b'\x03\x00\x01\x00\x02\x00\x0f\x80\x80\x04\x00\x13\xd4\xc3\x07\x17\x0b\xb1_zO\xca',)
2025-04-26 12:51:08,783 BTPWorkerThread-8782 (_rx_task) root DEBUG iutctl_common.py          122   read                      : Read 5 bytes
2025-04-26 12:51:08,783 BTPWorkerThread-8782 (_rx_task) root DEBUG iutctl_common.py          130   read                      : Received: hdr: Header(svc_id=0x04, op=0x8f, ctrl_index=0x00, data_len=0x08) bytearray(b'\x04\x8f\x00\x08\x00')
2025-04-26 12:51:08,783 BTPWorkerThread-8782 (_rx_task) root DEBUG iutctl_common.py          138   read                      : Read 8 bytes data
2025-04-26 12:51:08,784 BTPWorkerThread-8782 (_rx_task) root DEBUG iutctl_common.py          153   read                      : Received data: {'01 00 02 00 03 80 08 01'}, bytearray(b'\x01\x00\x02\x00\x03\x80\x08\x01')
2025-04-26 12:51:08,784 BTPWorkerThread-8782 (_rx_task) root DEBUG btp.py                    718   event_handler             : event_handler Header(svc_id=4, op=143, ctrl_index=0, data_len=8) (b'\x01\x00\x02\x00\x03\x80\x08\x01',)
2025-04-26 12:51:08,784 BTPWorkerThread-8782 (_rx_task) root DEBUG mesh.py                   2140  mesh_model_recv_ev        : mesh_model_recv_ev b'\x01\x00\x02\x00\x03\x80\x08\x01' 8
2025-04-26 12:51:09,140 BTPWorkerThread-8782 (_rx_task) root DEBUG iutctl_common.py          122   read                      : Read 5 bytes
2025-04-26 12:51:09,141 BTPWorkerThread-8782 (_rx_task) root DEBUG iutctl_common.py          130   read                      : Received: hdr: Header(svc_id=0x04, op=0x86, ctrl_index=0x00, data_len=0x0e) bytearray(b'\x04\x86\x00\x0e\x00')
2025-04-26 12:51:09,141 BTPWorkerThread-8782 (_rx_task) root DEBUG iutctl_common.py          138   read                      : Read 1 bytes data
2025-04-26 12:51:09,142 BTPWorkerThread-8782 (_rx_task) root DEBUG iutctl_common.py          138   read                      : Read 13 bytes data
2025-04-26 12:51:09,142 BTPWorkerThread-8782 (_rx_task) root DEBUG iutctl_common.py          153   read                      : Received data: {'07 01 01 00 02 00 07 00 00 0c 00 00 00 1f'}, bytearray(b'\x07\x01\x01\x00\x02\x00\x07\x00\x00\x0c\x00\x00\x00\x1f')
2025-04-26 12:51:09,142 BTPWorkerThread-8782 (_rx_task) root DEBUG btp.py                    718   event_handler             : event_handler Header(svc_id=4, op=134, ctrl_index=0, data_len=14) (b'\x07\x01\x01\x00\x02\x00\x07\x00\x00\x0c\x00\x00\x00\x1f',)
2025-04-26 12:51:09,275 BTPWorkerThread-8782 (_rx_task) root DEBUG iutctl_common.py          122   read                      : Read 5 bytes
2025-04-26 12:51:09,276 BTPWorkerThread-8782 (_rx_task) root DEBUG iutctl_common.py          130   read                      : Received: hdr: Header(svc_id=0x04, op=0x86, ctrl_index=0x00, data_len=0x16) bytearray(b'\x04\x86\x00\x16\x00')
2025-04-26 12:51:09,276 BTPWorkerThread-8782 (_rx_task) root DEBUG iutctl_common.py          138   read                      : Read 9 bytes data
2025-04-26 12:51:09,276 BTPWorkerThread-8782 (_rx_task) root DEBUG iutctl_common.py          138   read                      : Read 13 bytes data
2025-04-26 12:51:09,277 BTPWorkerThread-8782 (_rx_task) root DEBUG iutctl_common.py          153   read                      : Received data: {'03 00 01 00 02 00 0f 80 80 0c 00 fb e2 0d 52 80 7c bd 05 98 e8 c2'}, bytearray(b'\x03\x00\x01\x00\x02\x00\x0f\x80\x80\x0c\x00\xfb\xe2\rR\x80|\xbd\x05\x98\xe8\xc2')
2025-04-26 12:51:09,277 BTPWorkerThread-8782 (_rx_task) root DEBUG btp.py                    718   event_handler             : event_handler Header(svc_id=4, op=134, ctrl_index=0, data_len=22) (b'\x03\x00\x01\x00\x02\x00\x0f\x80\x80\x0c\x00\xfb\xe2\rR\x80|\xbd\x05\x98\xe8\xc2',)
2025-04-26 12:51:09,277 BTPWorkerThread-8782 (_rx_task) root DEBUG iutctl_common.py          122   read                      : Read 5 bytes
2025-04-26 12:51:09,278 BTPWorkerThread-8782 (_rx_task) root DEBUG iutctl_common.py          130   read                      : Received: hdr: Header(svc_id=0x04, op=0x8f, ctrl_index=0x00, data_len=0x08) bytearray(b'\x04\x8f\x00\x08\x00')
2025-04-26 12:51:09,279 BTPWorkerThread-8782 (_rx_task) root DEBUG iutctl_common.py          138   read                      : Read 8 bytes data
2025-04-26 12:51:09,279 BTPWorkerThread-8782 (_rx_task) root DEBUG iutctl_common.py          153   read                      : Received data: {'01 00 02 00 03 80 08 00'}, bytearray(b'\x01\x00\x02\x00\x03\x80\x08\x00')
2025-04-26 12:51:09,279 BTPWorkerThread-8782 (_rx_task) root DEBUG btp.py                    718   event_handler             : event_handler Header(svc_id=4, op=143, ctrl_index=0, data_len=8) (b'\x01\x00\x02\x00\x03\x80\x08\x00',)
2025-04-26 12:51:09,279 BTPWorkerThread-8782 (_rx_task) root DEBUG mesh.py                   2140  mesh_model_recv_ev        : mesh_model_recv_ev b'\x01\x00\x02\x00\x03\x80\x08\x00' 8
2025-04-26 12:51:09,809 BTPWorkerThread-8782 (_rx_task) root DEBUG iutctl_common.py          122   read                      : Read 5 bytes
2025-04-26 12:51:09,809 BTPWorkerThread-8782 (_rx_task) root DEBUG iutctl_common.py          130   read                      : Received: hdr: Header(svc_id=0x04, op=0x86, ctrl_index=0x00, data_len=0x0e) bytearray(b'\x04\x86\x00\x0e\x00')
2025-04-26 12:51:09,809 BTPWorkerThread-8782 (_rx_task) root DEBUG iutctl_common.py          138   read                      : Read 11 bytes data
2025-04-26 12:51:09,811 BTPWorkerThread-8782 (_rx_task) root DEBUG iutctl_common.py          138   read                      : Read 3 bytes data
2025-04-26 12:51:09,812 BTPWorkerThread-8782 (_rx_task) root DEBUG iutctl_common.py          153   read                      : Received data: {'07 01 01 00 02 00 07 00 00 24 00 00 00 ff'}, bytearray(b'\x07\x01\x01\x00\x02\x00\x07\x00\x00$\x00\x00\x00\xff')
2025-04-26 12:51:09,812 BTPWorkerThread-8782 (_rx_task) root DEBUG btp.py                    718   event_handler             : event_handler Header(svc_id=4, op=134, ctrl_index=0, data_len=14) (b'\x07\x01\x01\x00\x02\x00\x07\x00\x00$\x00\x00\x00\xff',)
2025-04-26 12:51:09,926 BTPWorkerThread-8782 (_rx_task) root DEBUG iutctl_common.py          122   read                      : Read 5 bytes
2025-04-26 12:51:09,926 BTPWorkerThread-8782 (_rx_task) root DEBUG iutctl_common.py          130   read                      : Received: hdr: Header(svc_id=0x04, op=0x86, ctrl_index=0x00, data_len=0x17) bytearray(b'\x04\x86\x00\x17\x00')
2025-04-26 12:51:09,926 BTPWorkerThread-8782 (_rx_task) root DEBUG iutctl_common.py          138   read                      : Read 8 bytes data
2025-04-26 12:51:09,927 BTPWorkerThread-8782 (_rx_task) root DEBUG iutctl_common.py          138   read                      : Read 15 bytes data
2025-04-26 12:51:09,927 BTPWorkerThread-8782 (_rx_task) root DEBUG iutctl_common.py          153   read                      : Received data: {'03 00 01 00 02 00 10 80 00 14 01 52 f6 c9 66 d2 1c d0 e1 eb ef 9a 6e'}, bytearray(b'\x03\x00\x01\x00\x02\x00\x10\x80\x00\x14\x01R\xf6\xc9f\xd2\x1c\xd0\xe1\xeb\xef\x9an')
2025-04-26 12:51:09,927 BTPWorkerThread-8782 (_rx_task) root DEBUG btp.py                    718   event_handler             : event_handler Header(svc_id=4, op=134, ctrl_index=0, data_len=23) (b'\x03\x00\x01\x00\x02\x00\x10\x80\x00\x14\x01R\xf6\xc9f\xd2\x1c\xd0\xe1\xeb\xef\x9an',)
2025-04-26 12:51:09,981 BTPWorkerThread-8782 (_rx_task) root DEBUG iutctl_common.py          122   read                      : Read 5 bytes
2025-04-26 12:51:09,981 BTPWorkerThread-8782 (_rx_task) root DEBUG iutctl_common.py          130   read                      : Received: hdr: Header(svc_id=0x04, op=0x86, ctrl_index=0x00, data_len=0x17) bytearray(b'\x04\x86\x00\x17\x00')
2025-04-26 12:51:09,981 BTPWorkerThread-8782 (_rx_task) root DEBUG iutctl_common.py          138   read                      : Read 6 bytes data
2025-04-26 12:51:09,982 BTPWorkerThread-8782 (_rx_task) root DEBUG iutctl_common.py          138   read                      : Read 16 bytes data
2025-04-26 12:51:09,983 BTPWorkerThread-8782 (_rx_task) root DEBUG iutctl_common.py          138   read                      : Read 1 bytes data
2025-04-26 12:51:09,984 BTPWorkerThread-8782 (_rx_task) root DEBUG iutctl_common.py          153   read                      : Received data: {'03 00 01 00 02 00 10 80 00 14 21 1f 7c d2 42 cd 77 e3 67 e0 b6 37 21'}, bytearray(b'\x03\x00\x01\x00\x02\x00\x10\x80\x00\x14!\x1f|\xd2B\xcdw\xe3g\xe0\xb67!')
2025-04-26 12:51:09,984 BTPWorkerThread-8782 (_rx_task) root DEBUG btp.py                    718   event_handler             : event_handler Header(svc_id=4, op=134, ctrl_index=0, data_len=23) (b'\x03\x00\x01\x00\x02\x00\x10\x80\x00\x14!\x1f|\xd2B\xcdw\xe3g\xe0\xb67!',)
2025-04-26 12:51:09,984 BTPWorkerThread-8782 (_rx_task) root DEBUG iutctl_common.py          122   read                      : Read 1 bytes
2025-04-26 12:51:09,985 BTPWorkerThread-8782 (_rx_task) root DEBUG iutctl_common.py          122   read                      : Read 4 bytes
2025-04-26 12:51:09,985 BTPWorkerThread-8782 (_rx_task) root DEBUG iutctl_common.py          130   read                      : Received: hdr: Header(svc_id=0x04, op=0x8f, ctrl_index=0x00, data_len=0x19) bytearray(b'\x04\x8f\x00\x19\x00')
2025-04-26 12:51:09,985 BTPWorkerThread-8782 (_rx_task) root DEBUG iutctl_common.py          138   read                      : Read 11 bytes data
2025-04-26 12:51:09,986 BTPWorkerThread-8782 (_rx_task) root DEBUG iutctl_common.py          138   read                      : Read 14 bytes data
2025-04-26 12:51:09,987 BTPWorkerThread-8782 (_rx_task) root DEBUG iutctl_common.py          153   read                      : Received data: {'01 00 02 00 14 00 00 00 00 fb 79 a5 11 20 e3 4f 95 e3 26 f2 b5 01 01 bb 6a'}, bytearray(b'\x01\x00\x02\x00\x14\x00\x00\x00\x00\xfby\xa5\x11 \xe3O\x95\xe3&\xf2\xb5\x01\x01\xbbj')
2025-04-26 12:51:09,987 BTPWorkerThread-8782 (_rx_task) root DEBUG btp.py                    718   event_handler             : event_handler Header(svc_id=4, op=143, ctrl_index=0, data_len=25) (b'\x01\x00\x02\x00\x14\x00\x00\x00\x00\xfby\xa5\x11 \xe3O\x95\xe3&\xf2\xb5\x01\x01\xbbj',)
2025-04-26 12:51:10,003 BTPWorkerThread-8782 (_rx_task) root DEBUG mesh.py                   2140  mesh_model_recv_ev        : mesh_model_recv_ev b'\x01\x00\x02\x00\x14\x00\x00\x00\x00\xfby\xa5\x11 \xe3O\x95\xe3&\xf2\xb5\x01\x01\xbbj' 25
2025-04-26 12:51:10,088 BTPWorkerThread-8782 (_rx_task) root DEBUG iutctl_common.py          122   read                      : Read 5 bytes
2025-04-26 12:51:10,089 BTPWorkerThread-8782 (_rx_task) root DEBUG iutctl_common.py          130   read                      : Received: hdr: Header(svc_id=0x04, op=0x86, ctrl_index=0x00, data_len=0x17) bytearray(b'\x04\x86\x00\x17\x00')
2025-04-26 12:51:10,089 BTPWorkerThread-8782 (_rx_task) root DEBUG iutctl_common.py          138   read                      : Read 9 bytes data
2025-04-26 12:51:10,090 BTPWorkerThread-8782 (_rx_task) root DEBUG iutctl_common.py          138   read                      : Read 14 bytes data
2025-04-26 12:51:10,090 BTPWorkerThread-8782 (_rx_task) root DEBUG iutctl_common.py          153   read                      : Received data: {'03 00 01 00 02 00 10 80 00 1c 00 79 95 ca 80 1f d3 28 8c 18 f2 0d ab'}, bytearray(b'\x03\x00\x01\x00\x02\x00\x10\x80\x00\x1c\x00y\x95\xca\x80\x1f\xd3(\x8c\x18\xf2\r\xab')
2025-04-26 12:51:10,090 BTPWorkerThread-8782 (_rx_task) root DEBUG btp.py                    718   event_handler             : event_handler Header(svc_id=4, op=134, ctrl_index=0, data_len=23) (b'\x03\x00\x01\x00\x02\x00\x10\x80\x00\x1c\x00y\x95\xca\x80\x1f\xd3(\x8c\x18\xf2\r\xab',)
2025-04-26 12:51:10,091 BTPWorkerThread-8782 (_rx_task) root DEBUG iutctl_common.py          122   read                      : Read 5 bytes
2025-04-26 12:51:10,092 BTPWorkerThread-8782 (_rx_task) root DEBUG iutctl_common.py          130   read                      : Received: hdr: Header(svc_id=0x04, op=0x8f, ctrl_index=0x00, data_len=0x0d) bytearray(b'\x04\x8f\x00\r\x00')
2025-04-26 12:51:10,092 BTPWorkerThread-8782 (_rx_task) root DEBUG iutctl_common.py          138   read                      : Read 1 bytes data
2025-04-26 12:51:10,092 BTPWorkerThread-8782 (_rx_task) root DEBUG iutctl_common.py          138   read                      : Read 12 bytes data
2025-04-26 12:51:10,093 BTPWorkerThread-8782 (_rx_task) root DEBUG iutctl_common.py          153   read                      : Received data: {'01 00 02 00 08 80 3d 02 00 00 00 02 00'}, bytearray(b'\x01\x00\x02\x00\x08\x80=\x02\x00\x00\x00\x02\x00')
2025-04-26 12:51:10,093 BTPWorkerThread-8782 (_rx_task) root DEBUG btp.py                    718   event_handler             : event_handler Header(svc_id=4, op=143, ctrl_index=0, data_len=13) (b'\x01\x00\x02\x00\x08\x80=\x02\x00\x00\x00\x02\x00',)
2025-04-26 12:51:10,093 BTPWorkerThread-8782 (_rx_task) root DEBUG mesh.py                   2140  mesh_model_recv_ev        : mesh_model_recv_ev b'\x01\x00\x02\x00\x08\x80=\x02\x00\x00\x00\x02\x00' 13
2025-04-26 12:51:10,711 BTPWorkerThread-8782 (_rx_task) root DEBUG iutctl_common.py          122   read                      : Read 2 bytes
2025-04-26 12:51:10,713 BTPWorkerThread-8782 (_rx_task) root DEBUG iutctl_common.py          122   read                      : Read 3 bytes
2025-04-26 12:51:10,713 BTPWorkerThread-8782 (_rx_task) root DEBUG iutctl_common.py          130   read                      : Received: hdr: Header(svc_id=0x04, op=0x86, ctrl_index=0x00, data_len=0x17) bytearray(b'\x04\x86\x00\x17\x00')
2025-04-26 12:51:10,713 BTPWorkerThread-8782 (_rx_task) root DEBUG iutctl_common.py          138   read                      : Read 5 bytes data
2025-04-26 12:51:10,714 BTPWorkerThread-8782 (_rx_task) root DEBUG iutctl_common.py          138   read                      : Read 18 bytes data
2025-04-26 12:51:10,714 BTPWorkerThread-8782 (_rx_task) root DEBUG iutctl_common.py          153   read                      : Received data: {'03 00 01 00 02 00 10 80 00 20 00 43 9d 64 fb e2 1b 7e 2f 55 1f 74 80'}, bytearray(b'\x03\x00\x01\x00\x02\x00\x10\x80\x00 \x00C\x9dd\xfb\xe2\x1b~/U\x1ft\x80')
2025-04-26 12:51:10,714 BTPWorkerThread-8782 (_rx_task) root DEBUG btp.py                    718   event_handler             : event_handler Header(svc_id=4, op=134, ctrl_index=0, data_len=23) (b'\x03\x00\x01\x00\x02\x00\x10\x80\x00 \x00C\x9dd\xfb\xe2\x1b~/U\x1ft\x80',)
2025-04-26 12:51:10,715 BTPWorkerThread-8782 (_rx_task) root DEBUG iutctl_common.py          122   read                      : Read 5 bytes
2025-04-26 12:51:10,716 BTPWorkerThread-8782 (_rx_task) root DEBUG iutctl_common.py          130   read                      : Received: hdr: Header(svc_id=0x04, op=0x8f, ctrl_index=0x00, data_len=0x0d) bytearray(b'\x04\x8f\x00\r\x00')
2025-04-26 12:51:10,716 BTPWorkerThread-8782 (_rx_task) root DEBUG iutctl_common.py          138   read                      : Read 5 bytes data
2025-04-26 12:51:10,717 BTPWorkerThread-8782 (_rx_task) root DEBUG iutctl_common.py          138   read                      : Read 8 bytes data
2025-04-26 12:51:10,717 BTPWorkerThread-8782 (_rx_task) root DEBUG iutctl_common.py          153   read                      : Received data: {'01 00 02 00 08 80 3d 02 00 00 00 03 00'}, bytearray(b'\x01\x00\x02\x00\x08\x80=\x02\x00\x00\x00\x03\x00')
2025-04-26 12:51:10,717 BTPWorkerThread-8782 (_rx_task) root DEBUG btp.py                    718   event_handler             : event_handler Header(svc_id=4, op=143, ctrl_index=0, data_len=13) (b'\x01\x00\x02\x00\x08\x80=\x02\x00\x00\x00\x03\x00',)
2025-04-26 12:51:10,717 BTPWorkerThread-8782 (_rx_task) root DEBUG mesh.py                   2140  mesh_model_recv_ev        : mesh_model_recv_ev b'\x01\x00\x02\x00\x08\x80=\x02\x00\x00\x00\x03\x00' 13
2025-04-26 12:51:10,837 BTPWorkerThread-8782 (_rx_task) root DEBUG iutctl_common.py          122   read                      : Read 5 bytes
2025-04-26 12:51:10,837 BTPWorkerThread-8782 (_rx_task) root DEBUG iutctl_common.py          130   read                      : Received: hdr: Header(svc_id=0x04, op=0x86, ctrl_index=0x00, data_len=0x17) bytearray(b'\x04\x86\x00\x17\x00')
2025-04-26 12:51:10,837 BTPWorkerThread-8782 (_rx_task) root DEBUG iutctl_common.py          138   read                      : Read 5 bytes data
2025-04-26 12:51:10,838 BTPWorkerThread-8782 (_rx_task) root DEBUG iutctl_common.py          138   read                      : Read 16 bytes data
2025-04-26 12:51:10,840 BTPWorkerThread-8782 (_rx_task) root DEBUG iutctl_common.py          138   read                      : Read 2 bytes data
2025-04-26 12:51:10,841 BTPWorkerThread-8782 (_rx_task) root DEBUG iutctl_common.py          153   read                      : Received data: {'03 00 01 00 02 00 10 80 00 28 00 1a 6d 54 ab d1 1d da 06 df e8 ae ff'}, bytearray(b'\x03\x00\x01\x00\x02\x00\x10\x80\x00(\x00\x1amT\xab\xd1\x1d\xda\x06\xdf\xe8\xae\xff')
2025-04-26 12:51:10,841 BTPWorkerThread-8782 (_rx_task) root DEBUG btp.py                    718   event_handler             : event_handler Header(svc_id=4, op=134, ctrl_index=0, data_len=23) (b'\x03\x00\x01\x00\x02\x00\x10\x80\x00(\x00\x1amT\xab\xd1\x1d\xda\x06\xdf\xe8\xae\xff',)
2025-04-26 12:51:10,841 BTPWorkerThread-8782 (_rx_task) root DEBUG iutctl_common.py          122   read                      : Read 5 bytes
2025-04-26 12:51:10,842 BTPWorkerThread-8782 (_rx_task) root DEBUG iutctl_common.py          130   read                      : Received: hdr: Header(svc_id=0x04, op=0x8f, ctrl_index=0x00, data_len=0x0d) bytearray(b'\x04\x8f\x00\r\x00')
2025-04-26 12:51:10,842 BTPWorkerThread-8782 (_rx_task) root DEBUG iutctl_common.py          138   read                      : Read 13 bytes data
2025-04-26 12:51:10,842 BTPWorkerThread-8782 (_rx_task) root DEBUG iutctl_common.py          153   read                      : Received data: {'01 00 02 00 08 80 3d 02 00 00 00 14 00'}, bytearray(b'\x01\x00\x02\x00\x08\x80=\x02\x00\x00\x00\x14\x00')
2025-04-26 12:51:10,842 BTPWorkerThread-8782 (_rx_task) root DEBUG btp.py                    718   event_handler             : event_handler Header(svc_id=4, op=143, ctrl_index=0, data_len=13) (b'\x01\x00\x02\x00\x08\x80=\x02\x00\x00\x00\x14\x00',)
2025-04-26 12:51:10,842 BTPWorkerThread-8782 (_rx_task) root DEBUG mesh.py                   2140  mesh_model_recv_ev        : mesh_model_recv_ev b'\x01\x00\x02\x00\x08\x80=\x02\x00\x00\x00\x14\x00' 13
2025-04-26 12:51:10,945 BTPWorkerThread-8782 (_rx_task) root DEBUG iutctl_common.py          122   read                      : Read 5 bytes
2025-04-26 12:51:10,945 BTPWorkerThread-8782 (_rx_task) root DEBUG iutctl_common.py          130   read                      : Received: hdr: Header(svc_id=0x04, op=0x86, ctrl_index=0x00, data_len=0x17) bytearray(b'\x04\x86\x00\x17\x00')
2025-04-26 12:51:10,945 BTPWorkerThread-8782 (_rx_task) root DEBUG iutctl_common.py          138   read                      : Read 10 bytes data
2025-04-26 12:51:10,946 BTPWorkerThread-8782 (_rx_task) root DEBUG iutctl_common.py          138   read                      : Read 13 bytes data
2025-04-26 12:51:10,946 BTPWorkerThread-8782 (_rx_task) root DEBUG iutctl_common.py          153   read                      : Received data: {'03 00 01 00 02 00 10 80 00 2c 00 5d e4 4a 3e 99 07 9e da dc 8a 0e ee'}, bytearray(b'\x03\x00\x01\x00\x02\x00\x10\x80\x00,\x00]\xe4J>\x99\x07\x9e\xda\xdc\x8a\x0e\xee')
2025-04-26 12:51:10,946 BTPWorkerThread-8782 (_rx_task) root DEBUG btp.py                    718   event_handler             : event_handler Header(svc_id=4, op=134, ctrl_index=0, data_len=23) (b'\x03\x00\x01\x00\x02\x00\x10\x80\x00,\x00]\xe4J>\x99\x07\x9e\xda\xdc\x8a\x0e\xee',)
2025-04-26 12:51:10,947 BTPWorkerThread-8782 (_rx_task) root DEBUG iutctl_common.py          122   read                      : Read 5 bytes
2025-04-26 12:51:10,948 BTPWorkerThread-8782 (_rx_task) root DEBUG iutctl_common.py          130   read                      : Received: hdr: Header(svc_id=0x04, op=0x8f, ctrl_index=0x00, data_len=0x0d) bytearray(b'\x04\x8f\x00\r\x00')
2025-04-26 12:51:10,949 BTPWorkerThread-8782 (_rx_task) root DEBUG iutctl_common.py          138   read                      : Read 13 bytes data
2025-04-26 12:51:10,949 BTPWorkerThread-8782 (_rx_task) root DEBUG iutctl_common.py          153   read                      : Received data: {'01 00 02 00 08 80 3d 03 00 00 00 01 14'}, bytearray(b'\x01\x00\x02\x00\x08\x80=\x03\x00\x00\x00\x01\x14')
2025-04-26 12:51:10,949 BTPWorkerThread-8782 (_rx_task) root DEBUG btp.py                    718   event_handler             : event_handler Header(svc_id=4, op=143, ctrl_index=0, data_len=13) (b'\x01\x00\x02\x00\x08\x80=\x03\x00\x00\x00\x01\x14',)
2025-04-26 12:51:10,949 BTPWorkerThread-8782 (_rx_task) root DEBUG mesh.py                   2140  mesh_model_recv_ev        : mesh_model_recv_ev b'\x01\x00\x02\x00\x08\x80=\x03\x00\x00\x00\x01\x14' 13
2025-04-26 12:51:11,051 BTPWorkerThread-8782 (_rx_task) root DEBUG iutctl_common.py          122   read                      : Read 1 bytes
2025-04-26 12:51:11,053 BTPWorkerThread-8782 (_rx_task) root DEBUG iutctl_common.py          122   read                      : Read 4 bytes
2025-04-26 12:51:11,058 BTPWorkerThread-8782 (_rx_task) root DEBUG iutctl_common.py          130   read                      : Received: hdr: Header(svc_id=0x04, op=0x86, ctrl_index=0x00, data_len=0x17) bytearray(b'\x04\x86\x00\x17\x00')
2025-04-26 12:51:11,058 BTPWorkerThread-8782 (_rx_task) root DEBUG iutctl_common.py          138   read                      : Read 23 bytes data
2025-04-26 12:51:11,058 BTPWorkerThread-8782 (_rx_task) root DEBUG iutctl_common.py          153   read                      : Received data: {'03 00 01 00 02 00 10 80 00 30 00 00 0c 67 87 2f 96 bc 62 34 52 68 47'}, bytearray(b'\x03\x00\x01\x00\x02\x00\x10\x80\x000\x00\x00\x0cg\x87/\x96\xbcb4RhG')
2025-04-26 12:51:11,058 BTPWorkerThread-8782 (_rx_task) root DEBUG btp.py                    718   event_handler             : event_handler Header(svc_id=4, op=134, ctrl_index=0, data_len=23) (b'\x03\x00\x01\x00\x02\x00\x10\x80\x000\x00\x00\x0cg\x87/\x96\xbcb4RhG',)
2025-04-26 12:51:11,058 BTPWorkerThread-8782 (_rx_task) root DEBUG iutctl_common.py          122   read                      : Read 5 bytes
2025-04-26 12:51:11,059 BTPWorkerThread-8782 (_rx_task) root DEBUG iutctl_common.py          130   read                      : Received: hdr: Header(svc_id=0x04, op=0x8f, ctrl_index=0x00, data_len=0x0d) bytearray(b'\x04\x8f\x00\r\x00')
2025-04-26 12:51:11,059 BTPWorkerThread-8782 (_rx_task) root DEBUG iutctl_common.py          138   read                      : Read 13 bytes data
2025-04-26 12:51:11,059 BTPWorkerThread-8782 (_rx_task) root DEBUG iutctl_common.py          153   read                      : Received data: {'01 00 02 00 08 80 3d 03 00 00 00 03 14'}, bytearray(b'\x01\x00\x02\x00\x08\x80=\x03\x00\x00\x00\x03\x14')
2025-04-26 12:51:11,059 BTPWorkerThread-8782 (_rx_task) root DEBUG btp.py                    718   event_handler             : event_handler Header(svc_id=4, op=143, ctrl_index=0, data_len=13) (b'\x01\x00\x02\x00\x08\x80=\x03\x00\x00\x00\x03\x14',)
2025-04-26 12:51:11,059 BTPWorkerThread-8782 (_rx_task) root DEBUG mesh.py                   2140  mesh_model_recv_ev        : mesh_model_recv_ev b'\x01\x00\x02\x00\x08\x80=\x03\x00\x00\x00\x03\x14' 13
2025-04-26 12:51:11,159 BTPWorkerThread-8782 (_rx_task) root DEBUG iutctl_common.py          122   read                      : Read 5 bytes
2025-04-26 12:51:11,159 BTPWorkerThread-8782 (_rx_task) root DEBUG iutctl_common.py          130   read                      : Received: hdr: Header(svc_id=0x04, op=0x86, ctrl_index=0x00, data_len=0x17) bytearray(b'\x04\x86\x00\x17\x00')
2025-04-26 12:51:11,160 BTPWorkerThread-8782 (_rx_task) root DEBUG iutctl_common.py          138   read                      : Read 13 bytes data
2025-04-26 12:51:11,160 BTPWorkerThread-8782 (_rx_task) root DEBUG iutctl_common.py          138   read                      : Read 10 bytes data
2025-04-26 12:51:11,161 BTPWorkerThread-8782 (_rx_task) root DEBUG iutctl_common.py          153   read                      : Received data: {'03 00 01 00 02 00 10 80 00 34 00 fa e0 86 f6 03 e1 a4 13 22 c5 10 ad'}, bytearray(b'\x03\x00\x01\x00\x02\x00\x10\x80\x004\x00\xfa\xe0\x86\xf6\x03\xe1\xa4\x13"\xc5\x10\xad')
2025-04-26 12:51:11,161 BTPWorkerThread-8782 (_rx_task) root DEBUG btp.py                    718   event_handler             : event_handler Header(svc_id=4, op=134, ctrl_index=0, data_len=23) (b'\x03\x00\x01\x00\x02\x00\x10\x80\x004\x00\xfa\xe0\x86\xf6\x03\xe1\xa4\x13"\xc5\x10\xad',)
2025-04-26 12:51:11,162 BTPWorkerThread-8782 (_rx_task) root DEBUG iutctl_common.py          122   read                      : Read 5 bytes
2025-04-26 12:51:11,162 BTPWorkerThread-8782 (_rx_task) root DEBUG iutctl_common.py          130   read                      : Received: hdr: Header(svc_id=0x04, op=0x8f, ctrl_index=0x00, data_len=0x0d) bytearray(b'\x04\x8f\x00\r\x00')
2025-04-26 12:51:11,162 BTPWorkerThread-8782 (_rx_task) root DEBUG iutctl_common.py          138   read                      : Read 3 bytes data
2025-04-26 12:51:11,163 BTPWorkerThread-8782 (_rx_task) root DEBUG iutctl_common.py          138   read                      : Read 10 bytes data
2025-04-26 12:51:11,163 BTPWorkerThread-8782 (_rx_task) root DEBUG iutctl_common.py          153   read                      : Received data: {'01 00 02 00 08 80 3d 03 00 00 00 00 14'}, bytearray(b'\x01\x00\x02\x00\x08\x80=\x03\x00\x00\x00\x00\x14')
2025-04-26 12:51:11,163 BTPWorkerThread-8782 (_rx_task) root DEBUG btp.py                    718   event_handler             : event_handler Header(svc_id=4, op=143, ctrl_index=0, data_len=13) (b'\x01\x00\x02\x00\x08\x80=\x03\x00\x00\x00\x00\x14',)
2025-04-26 12:51:11,163 BTPWorkerThread-8782 (_rx_task) root DEBUG mesh.py                   2140  mesh_model_recv_ev        : mesh_model_recv_ev b'\x01\x00\x02\x00\x08\x80=\x03\x00\x00\x00\x00\x14' 13
2025-04-26 12:51:11,265 BTPWorkerThread-8782 (_rx_task) root DEBUG iutctl_common.py          122   read                      : Read 5 bytes
2025-04-26 12:51:11,266 BTPWorkerThread-8782 (_rx_task) root DEBUG iutctl_common.py          130   read                      : Received: hdr: Header(svc_id=0x04, op=0x86, ctrl_index=0x00, data_len=0x17) bytearray(b'\x04\x86\x00\x17\x00')
2025-04-26 12:51:11,266 BTPWorkerThread-8782 (_rx_task) root DEBUG iutctl_common.py          138   read                      : Read 3 bytes data
2025-04-26 12:51:11,267 BTPWorkerThread-8782 (_rx_task) root DEBUG iutctl_common.py          138   read                      : Read 15 bytes data
2025-04-26 12:51:11,268 BTPWorkerThread-8782 (_rx_task) root DEBUG iutctl_common.py          138   read                      : Read 5 bytes data
2025-04-26 12:51:11,268 BTPWorkerThread-8782 (_rx_task) root DEBUG iutctl_common.py          153   read                      : Received data: {'03 00 01 00 02 00 10 80 00 38 00 5b d7 c7 e3 c0 4d 25 c7 e9 9d 6a 0e'}, bytearray(b'\x03\x00\x01\x00\x02\x00\x10\x80\x008\x00[\xd7\xc7\xe3\xc0M%\xc7\xe9\x9dj\x0e')
2025-04-26 12:51:11,268 BTPWorkerThread-8782 (_rx_task) root DEBUG btp.py                    718   event_handler             : event_handler Header(svc_id=4, op=134, ctrl_index=0, data_len=23) (b'\x03\x00\x01\x00\x02\x00\x10\x80\x008\x00[\xd7\xc7\xe3\xc0M%\xc7\xe9\x9dj\x0e',)
2025-04-26 12:51:11,270 BTPWorkerThread-8782 (_rx_task) root DEBUG iutctl_common.py          122   read                      : Read 5 bytes
2025-04-26 12:51:11,270 BTPWorkerThread-8782 (_rx_task) root DEBUG iutctl_common.py          130   read                      : Received: hdr: Header(svc_id=0x04, op=0x8f, ctrl_index=0x00, data_len=0x0d) bytearray(b'\x04\x8f\x00\r\x00')
2025-04-26 12:51:11,270 BTPWorkerThread-8782 (_rx_task) root DEBUG iutctl_common.py          138   read                      : Read 5 bytes data
2025-04-26 12:51:11,271 BTPWorkerThread-8782 (_rx_task) root DEBUG iutctl_common.py          138   read                      : Read 8 bytes data
2025-04-26 12:51:11,272 BTPWorkerThread-8782 (_rx_task) root DEBUG iutctl_common.py          153   read                      : Received data: {'01 00 02 00 08 80 3d 03 00 00 00 04 14'}, bytearray(b'\x01\x00\x02\x00\x08\x80=\x03\x00\x00\x00\x04\x14')
2025-04-26 12:51:11,272 BTPWorkerThread-8782 (_rx_task) root DEBUG btp.py                    718   event_handler             : event_handler Header(svc_id=4, op=143, ctrl_index=0, data_len=13) (b'\x01\x00\x02\x00\x08\x80=\x03\x00\x00\x00\x04\x14',)
2025-04-26 12:51:11,272 BTPWorkerThread-8782 (_rx_task) root DEBUG mesh.py                   2140  mesh_model_recv_ev        : mesh_model_recv_ev b'\x01\x00\x02\x00\x08\x80=\x03\x00\x00\x00\x04\x14' 13
2025-04-26 12:51:11,389 BTPWorkerThread-8782 (_rx_task) root DEBUG iutctl_common.py          122   read                      : Read 3 bytes
2025-04-26 12:51:11,391 BTPWorkerThread-8782 (_rx_task) root DEBUG iutctl_common.py          122   read                      : Read 2 bytes
2025-04-26 12:51:11,391 BTPWorkerThread-8782 (_rx_task) root DEBUG iutctl_common.py          130   read                      : Received: hdr: Header(svc_id=0x04, op=0x86, ctrl_index=0x00, data_len=0x17) bytearray(b'\x04\x86\x00\x17\x00')
2025-04-26 12:51:11,392 BTPWorkerThread-8782 (_rx_task) root DEBUG iutctl_common.py          138   read                      : Read 14 bytes data
2025-04-26 12:51:11,392 BTPWorkerThread-8782 (_rx_task) root DEBUG iutctl_common.py          138   read                      : Read 9 bytes data
2025-04-26 12:51:11,392 BTPWorkerThread-8782 (_rx_task) root DEBUG iutctl_common.py          153   read                      : Received data: {'03 00 01 00 02 00 10 80 00 3c 00 4c b6 78 31 52 54 c9 67 91 ac 53 cd'}, bytearray(b'\x03\x00\x01\x00\x02\x00\x10\x80\x00<\x00L\xb6x1RT\xc9g\x91\xacS\xcd')
2025-04-26 12:51:11,392 BTPWorkerThread-8782 (_rx_task) root DEBUG btp.py                    718   event_handler             : event_handler Header(svc_id=4, op=134, ctrl_index=0, data_len=23) (b'\x03\x00\x01\x00\x02\x00\x10\x80\x00<\x00L\xb6x1RT\xc9g\x91\xacS\xcd',)
2025-04-26 12:51:11,393 BTPWorkerThread-8782 (_rx_task) root DEBUG iutctl_common.py          122   read                      : Read 5 bytes
2025-04-26 12:51:11,394 BTPWorkerThread-8782 (_rx_task) root DEBUG iutctl_common.py          130   read                      : Received: hdr: Header(svc_id=0x04, op=0x8f, ctrl_index=0x00, data_len=0x0d) bytearray(b'\x04\x8f\x00\r\x00')
2025-04-26 12:51:11,394 BTPWorkerThread-8782 (_rx_task) root DEBUG iutctl_common.py          138   read                      : Read 4 bytes data
2025-04-26 12:51:11,395 BTPWorkerThread-8782 (_rx_task) root DEBUG iutctl_common.py          138   read                      : Read 9 bytes data
2025-04-26 12:51:11,395 BTPWorkerThread-8782 (_rx_task) root DEBUG iutctl_common.py          153   read                      : Received data: {'01 00 02 00 08 80 3d 04 00 00 00 00 14'}, bytearray(b'\x01\x00\x02\x00\x08\x80=\x04\x00\x00\x00\x00\x14')
2025-04-26 12:51:11,395 BTPWorkerThread-8782 (_rx_task) root DEBUG btp.py                    718   event_handler             : event_handler Header(svc_id=4, op=143, ctrl_index=0, data_len=13) (b'\x01\x00\x02\x00\x08\x80=\x04\x00\x00\x00\x00\x14',)
2025-04-26 12:51:11,395 BTPWorkerThread-8782 (_rx_task) root DEBUG mesh.py                   2140  mesh_model_recv_ev        : mesh_model_recv_ev b'\x01\x00\x02\x00\x08\x80=\x04\x00\x00\x00\x00\x14' 13
2025-04-26 12:51:11,501 BTPWorkerThread-8782 (_rx_task) root DEBUG iutctl_common.py          122   read                      : Read 5 bytes
2025-04-26 12:51:11,501 BTPWorkerThread-8782 (_rx_task) root DEBUG iutctl_common.py          130   read                      : Received: hdr: Header(svc_id=0x04, op=0x86, ctrl_index=0x00, data_len=0x17) bytearray(b'\x04\x86\x00\x17\x00')
2025-04-26 12:51:11,501 BTPWorkerThread-8782 (_rx_task) root DEBUG iutctl_common.py          138   read                      : Read 23 bytes data
2025-04-26 12:51:11,502 BTPWorkerThread-8782 (_rx_task) root DEBUG iutctl_common.py          153   read                      : Received data: {'03 00 01 00 02 00 10 80 00 40 00 05 95 d0 16 d9 ac 53 54 81 54 6b 08'}, bytearray(b'\x03\x00\x01\x00\x02\x00\x10\x80\x00@\x00\x05\x95\xd0\x16\xd9\xacST\x81Tk\x08')
2025-04-26 12:51:11,502 BTPWorkerThread-8782 (_rx_task) root DEBUG btp.py                    718   event_handler             : event_handler Header(svc_id=4, op=134, ctrl_index=0, data_len=23) (b'\x03\x00\x01\x00\x02\x00\x10\x80\x00@\x00\x05\x95\xd0\x16\xd9\xacST\x81Tk\x08',)
2025-04-26 12:51:11,502 BTPWorkerThread-8782 (_rx_task) root DEBUG iutctl_common.py          122   read                      : Read 5 bytes
2025-04-26 12:51:11,502 BTPWorkerThread-8782 (_rx_task) root DEBUG iutctl_common.py          130   read                      : Received: hdr: Header(svc_id=0x04, op=0x8f, ctrl_index=0x00, data_len=0x0d) bytearray(b'\x04\x8f\x00\r\x00')
2025-04-26 12:51:11,502 BTPWorkerThread-8782 (_rx_task) root DEBUG iutctl_common.py          138   read                      : Read 13 bytes data
2025-04-26 12:51:11,502 BTPWorkerThread-8782 (_rx_task) root DEBUG iutctl_common.py          153   read                      : Received data: {'01 00 02 00 08 80 3d 04 00 00 00 02 14'}, bytearray(b'\x01\x00\x02\x00\x08\x80=\x04\x00\x00\x00\x02\x14')
2025-04-26 12:51:11,502 BTPWorkerThread-8782 (_rx_task) root DEBUG btp.py                    718   event_handler             : event_handler Header(svc_id=4, op=143, ctrl_index=0, data_len=13) (b'\x01\x00\x02\x00\x08\x80=\x04\x00\x00\x00\x02\x14',)
2025-04-26 12:51:11,503 BTPWorkerThread-8782 (_rx_task) root DEBUG mesh.py                   2140  mesh_model_recv_ev        : mesh_model_recv_ev b'\x01\x00\x02\x00\x08\x80=\x04\x00\x00\x00\x02\x14' 13
2025-04-26 12:51:11,605 BTPWorkerThread-8782 (_rx_task) root DEBUG iutctl_common.py          122   read                      : Read 5 bytes
2025-04-26 12:51:11,606 BTPWorkerThread-8782 (_rx_task) root DEBUG iutctl_common.py          130   read                      : Received: hdr: Header(svc_id=0x04, op=0x86, ctrl_index=0x00, data_len=0x17) bytearray(b'\x04\x86\x00\x17\x00')
2025-04-26 12:51:11,606 BTPWorkerThread-8782 (_rx_task) root DEBUG iutctl_common.py          138   read                      : Read 10 bytes data
2025-04-26 12:51:11,607 BTPWorkerThread-8782 (_rx_task) root DEBUG iutctl_common.py          138   read                      : Read 13 bytes data
2025-04-26 12:51:11,607 BTPWorkerThread-8782 (_rx_task) root DEBUG iutctl_common.py          153   read                      : Received data: {'03 00 01 00 02 00 10 80 00 44 00 1d 2b 0e c5 8e 45 67 b6 e7 a1 8f e8'}, bytearray(b'\x03\x00\x01\x00\x02\x00\x10\x80\x00D\x00\x1d+\x0e\xc5\x8eEg\xb6\xe7\xa1\x8f\xe8')
2025-04-26 12:51:11,607 BTPWorkerThread-8782 (_rx_task) root DEBUG btp.py                    718   event_handler             : event_handler Header(svc_id=4, op=134, ctrl_index=0, data_len=23) (b'\x03\x00\x01\x00\x02\x00\x10\x80\x00D\x00\x1d+\x0e\xc5\x8eEg\xb6\xe7\xa1\x8f\xe8',)
2025-04-26 12:51:11,608 BTPWorkerThread-8782 (_rx_task) root DEBUG iutctl_common.py          122   read                      : Read 1 bytes
2025-04-26 12:51:11,609 BTPWorkerThread-8782 (_rx_task) root DEBUG iutctl_common.py          122   read                      : Read 4 bytes
2025-04-26 12:51:11,610 BTPWorkerThread-8782 (_rx_task) root DEBUG iutctl_common.py          130   read                      : Received: hdr: Header(svc_id=0x04, op=0x8f, ctrl_index=0x00, data_len=0x0d) bytearray(b'\x04\x8f\x00\r\x00')
2025-04-26 12:51:11,610 BTPWorkerThread-8782 (_rx_task) root DEBUG iutctl_common.py          138   read                      : Read 13 bytes data
2025-04-26 12:51:11,610 BTPWorkerThread-8782 (_rx_task) root DEBUG iutctl_common.py          153   read                      : Received data: {'01 00 02 00 08 80 3d 05 00 00 00 01 14'}, bytearray(b'\x01\x00\x02\x00\x08\x80=\x05\x00\x00\x00\x01\x14')
2025-04-26 12:51:11,610 BTPWorkerThread-8782 (_rx_task) root DEBUG btp.py                    718   event_handler             : event_handler Header(svc_id=4, op=143, ctrl_index=0, data_len=13) (b'\x01\x00\x02\x00\x08\x80=\x05\x00\x00\x00\x01\x14',)
2025-04-26 12:51:11,610 BTPWorkerThread-8782 (_rx_task) root DEBUG mesh.py                   2140  mesh_model_recv_ev        : mesh_model_recv_ev b'\x01\x00\x02\x00\x08\x80=\x05\x00\x00\x00\x01\x14' 13
2025-04-26 12:51:12,752 BTPWorkerThread-8782 (_rx_task) root DEBUG iutctl_common.py          122   read                      : Read 5 bytes
2025-04-26 12:51:12,752 BTPWorkerThread-8782 (_rx_task) root DEBUG iutctl_common.py          130   read                      : Received: hdr: Header(svc_id=0x04, op=0x86, ctrl_index=0x00, data_len=0x17) bytearray(b'\x04\x86\x00\x17\x00')
2025-04-26 12:51:12,752 BTPWorkerThread-8782 (_rx_task) root DEBUG iutctl_common.py          138   read                      : Read 5 bytes data
2025-04-26 12:51:12,753 BTPWorkerThread-8782 (_rx_task) root DEBUG iutctl_common.py          138   read                      : Read 16 bytes data
2025-04-26 12:51:12,755 BTPWorkerThread-8782 (_rx_task) root DEBUG iutctl_common.py          138   read                      : Read 2 bytes data
2025-04-26 12:51:12,755 BTPWorkerThread-8782 (_rx_task) root DEBUG iutctl_common.py          153   read                      : Received data: {'03 00 01 00 02 00 10 80 00 48 00 e4 28 fb 79 e7 79 41 be 85 d4 05 87'}, bytearray(b'\x03\x00\x01\x00\x02\x00\x10\x80\x00H\x00\xe4(\xfby\xe7yA\xbe\x85\xd4\x05\x87')
2025-04-26 12:51:12,755 BTPWorkerThread-8782 (_rx_task) root DEBUG btp.py                    718   event_handler             : event_handler Header(svc_id=4, op=134, ctrl_index=0, data_len=23) (b'\x03\x00\x01\x00\x02\x00\x10\x80\x00H\x00\xe4(\xfby\xe7yA\xbe\x85\xd4\x05\x87',)
2025-04-26 12:51:12,756 BTPWorkerThread-8782 (_rx_task) root DEBUG iutctl_common.py          122   read                      : Read 5 bytes
2025-04-26 12:51:12,756 BTPWorkerThread-8782 (_rx_task) root DEBUG iutctl_common.py          130   read                      : Received: hdr: Header(svc_id=0x04, op=0x8f, ctrl_index=0x00, data_len=0x0d) bytearray(b'\x04\x8f\x00\r\x00')
2025-04-26 12:51:12,756 BTPWorkerThread-8782 (_rx_task) root DEBUG iutctl_common.py          138   read                      : Read 11 bytes data
2025-04-26 12:51:12,757 BTPWorkerThread-8782 (_rx_task) root DEBUG iutctl_common.py          138   read                      : Read 2 bytes data
2025-04-26 12:51:12,758 BTPWorkerThread-8782 (_rx_task) root DEBUG iutctl_common.py          153   read                      : Received data: {'01 00 02 00 08 80 3d 02 00 00 00 11 00'}, bytearray(b'\x01\x00\x02\x00\x08\x80=\x02\x00\x00\x00\x11\x00')
2025-04-26 12:51:12,758 BTPWorkerThread-8782 (_rx_task) root DEBUG btp.py                    718   event_handler             : event_handler Header(svc_id=4, op=143, ctrl_index=0, data_len=13) (b'\x01\x00\x02\x00\x08\x80=\x02\x00\x00\x00\x11\x00',)
2025-04-26 12:51:12,758 BTPWorkerThread-8782 (_rx_task) root DEBUG mesh.py                   2140  mesh_model_recv_ev        : mesh_model_recv_ev b'\x01\x00\x02\x00\x08\x80=\x02\x00\x00\x00\x11\x00' 13
2025-04-26 12:51:12,841 LT1-callback ClientCallback.on_implicit_send INFO client.py                 256   on_implicit_send          : 
    ********************
    BEGIN OnImplicitSend:
    project_name: MESH
    wid: 946
    test_case_name: MESH/CL/AGG/BV-01-C
    description: Please send OPCODES_AGGREGATOR_SEQUENCE with 
 item0 set to 
Health Client: 
    Op Code: [0x8005] Attention Set
    Attention: [5 (0x05)] 

 item1 set to 
Health Client: 
    Op Code: [0x8006] Attention Set Unreliable
    Attention: [6 (0x06)]


    style: MMI_Style_Ok_Cancel2 0x11141
2025-04-26 12:51:12,842 LT1-callback ClientCallback.on_implicit_send INFO client.py                 269   on_implicit_send          : Calling test cases on_implicit_send
2025-04-26 12:51:12,842 LT1-callback ClientCallback.on_implicit_send INFO client.py                 282   on_implicit_send          : 
    on_implicit_send returned response: WAIT
    END OnImplicitSend
    ********************
2025-04-26 12:51:13,453 LT1-thread root DEBUG testcase.py               671   run_wid                   : MESH MESH/CL/AGG/BV-01-C on_implicit_send
2025-04-26 12:51:13,454 LT1-thread root DEBUG mesh.py                   30    mesh_wid_hdl              : mesh_wid_hdl, 946, Please send OPCODES_AGGREGATOR_SEQUENCE with 
 item0 set to 
Health Client: 
    Op Code: [0x8005] Attention Set
    Attention: [5 (0x05)] 

 item1 set to 
Health Client: 
    Op Code: [0x8006] Attention Set Unreliable
    Attention: [6 (0x06)]

, MESH/CL/AGG/BV-01-C
2025-04-26 12:51:13,454 LT1-thread root DEBUG mesh.py                   1492  mesh_cfg_model_app_bind   : mesh_cfg_model_app_bind
2025-04-26 12:51:13,454 LT1-thread root DEBUG iutctl_common.py          160   send                      : send, 4 42 0 "bytearray(b'\\x00\\x00\\x02\\x00\\x02\\x00\\x00\\x00\\x11\\x00')"
2025-04-26 12:51:13,454 LT1-thread root DEBUG iutctl_common.py          165   send                      : sending frame '042a000a0000000200020000001100'
2025-04-26 12:51:13,454 LT1-thread root DEBUG iutctl_common.py          324   read                      : read
2025-04-26 12:51:13,461 BTPWorkerThread-8782 (_rx_task) root DEBUG iutctl_common.py          122   read                      : Read 5 bytes
2025-04-26 12:51:13,461 BTPWorkerThread-8782 (_rx_task) root DEBUG iutctl_common.py          130   read                      : Received: hdr: Header(svc_id=0x04, op=0x86, ctrl_index=0x00, data_len=0x14) bytearray(b'\x04\x86\x00\x14\x00')
2025-04-26 12:51:13,461 BTPWorkerThread-8782 (_rx_task) root DEBUG iutctl_common.py          138   read                      : Read 20 bytes data
2025-04-26 12:51:13,462 BTPWorkerThread-8782 (_rx_task) root DEBUG iutctl_common.py          153   read                      : Received data: {'07 00 02 00 02 00 0d 00 35 e3 a6 79 b6 65 46 3e 90 15 f8 36'}, bytearray(b'\x07\x00\x02\x00\x02\x00\r\x005\xe3\xa6y\xb6eF>\x90\x15\xf86')
2025-04-26 12:51:13,462 BTPWorkerThread-8782 (_rx_task) root DEBUG btp.py                    718   event_handler             : event_handler Header(svc_id=4, op=134, ctrl_index=0, data_len=20) (b'\x07\x00\x02\x00\x02\x00\r\x005\xe3\xa6y\xb6eF>\x90\x15\xf86',)
2025-04-26 12:51:13,462 BTPWorkerThread-8782 (_rx_task) root DEBUG iutctl_common.py          122   read                      : Read 5 bytes
2025-04-26 12:51:13,462 BTPWorkerThread-8782 (_rx_task) root DEBUG iutctl_common.py          130   read                      : Received: hdr: Header(svc_id=0x04, op=0x8f, ctrl_index=0x00, data_len=0x0d) bytearray(b'\x04\x8f\x00\r\x00')
2025-04-26 12:51:13,462 BTPWorkerThread-8782 (_rx_task) root DEBUG iutctl_common.py          138   read                      : Read 13 bytes data
2025-04-26 12:51:13,462 BTPWorkerThread-8782 (_rx_task) root DEBUG iutctl_common.py          153   read                      : Received data: {'02 00 02 00 08 80 3d 02 00 00 00 11 00'}, bytearray(b'\x02\x00\x02\x00\x08\x80=\x02\x00\x00\x00\x11\x00')
2025-04-26 12:51:13,462 BTPWorkerThread-8782 (_rx_task) root DEBUG btp.py                    718   event_handler             : event_handler Header(svc_id=4, op=143, ctrl_index=0, data_len=13) (b'\x02\x00\x02\x00\x08\x80=\x02\x00\x00\x00\x11\x00',)
2025-04-26 12:51:13,462 BTPWorkerThread-8782 (_rx_task) root DEBUG mesh.py                   2140  mesh_model_recv_ev        : mesh_model_recv_ev b'\x02\x00\x02\x00\x08\x80=\x02\x00\x00\x00\x11\x00' 13
2025-04-26 12:51:13,468 BTPWorkerThread-8782 (_rx_task) root DEBUG iutctl_common.py          122   read                      : Read 5 bytes
2025-04-26 12:51:13,468 BTPWorkerThread-8782 (_rx_task) root DEBUG iutctl_common.py          130   read                      : Received: hdr: Header(svc_id=0x04, op=0x86, ctrl_index=0x00, data_len=0x15) bytearray(b'\x04\x86\x00\x15\x00')
2025-04-26 12:51:13,468 BTPWorkerThread-8782 (_rx_task) root DEBUG iutctl_common.py          138   read                      : Read 21 bytes data
2025-04-26 12:51:13,469 BTPWorkerThread-8782 (_rx_task) root DEBUG iutctl_common.py          153   read                      : Received data: {'01 00 02 00 02 00 0e 00 64 13 f7 9a a9 da 6e df 59 b5 0c 25 f5'}, bytearray(b'\x01\x00\x02\x00\x02\x00\x0e\x00d\x13\xf7\x9a\xa9\xdan\xdfY\xb5\x0c%\xf5')
2025-04-26 12:51:13,469 BTPWorkerThread-8782 (_rx_task) root DEBUG btp.py                    718   event_handler             : event_handler Header(svc_id=4, op=134, ctrl_index=0, data_len=21) (b'\x01\x00\x02\x00\x02\x00\x0e\x00d\x13\xf7\x9a\xa9\xdan\xdfY\xb5\x0c%\xf5',)
2025-04-26 12:51:13,482 BTPWorkerThread-8782 (_rx_task) root DEBUG iutctl_common.py          122   read                      : Read 5 bytes
2025-04-26 12:51:13,498 BTPWorkerThread-8782 (_rx_task) root DEBUG iutctl_common.py          130   read                      : Received: hdr: Header(svc_id=0x04, op=0x8f, ctrl_index=0x00, data_len=0x0e) bytearray(b'\x04\x8f\x00\x0e\x00')
2025-04-26 12:51:13,524 BTPWorkerThread-8782 (_rx_task) root DEBUG iutctl_common.py          138   read                      : Read 14 bytes data
2025-04-26 12:51:13,535 BTPWorkerThread-8782 (_rx_task) root DEBUG iutctl_common.py          153   read                      : Received data: {'02 00 02 00 09 80 3e 00 02 00 00 00 11 00'}, bytearray(b'\x02\x00\x02\x00\t\x80>\x00\x02\x00\x00\x00\x11\x00')
2025-04-26 12:51:13,535 BTPWorkerThread-8782 (_rx_task) root DEBUG btp.py                    718   event_handler             : event_handler Header(svc_id=4, op=143, ctrl_index=0, data_len=14) (b'\x02\x00\x02\x00\t\x80>\x00\x02\x00\x00\x00\x11\x00',)
2025-04-26 12:51:13,535 BTPWorkerThread-8782 (_rx_task) root DEBUG mesh.py                   2140  mesh_model_recv_ev        : mesh_model_recv_ev b'\x02\x00\x02\x00\t\x80>\x00\x02\x00\x00\x00\x11\x00' 14
2025-04-26 12:51:13,540 BTPWorkerThread-8782 (_rx_task) root DEBUG iutctl_common.py          122   read                      : Read 5 bytes
2025-04-26 12:51:13,545 BTPWorkerThread-8782 (_rx_task) root DEBUG iutctl_common.py          130   read                      : Received: hdr: Header(svc_id=0x04, op=0x2a, ctrl_index=0x00, data_len=0x01) bytearray(b'\x04*\x00\x01\x00')
2025-04-26 12:51:13,546 BTPWorkerThread-8782 (_rx_task) root DEBUG iutctl_common.py          138   read                      : Read 1 bytes data
2025-04-26 12:51:13,551 BTPWorkerThread-8782 (_rx_task) root DEBUG iutctl_common.py          153   read                      : Received data: {'00'}, bytearray(b'\x00')
2025-04-26 12:51:13,556 LT1-thread root DEBUG mesh.py                   825   mesh_opcodes_aggregator_init : mesh_opcodes_aggregator_init 0 0 1 1
2025-04-26 12:51:13,556 LT1-thread root DEBUG iutctl_common.py          160   send                      : send, 4 85 0 "bytearray(b'\\x00\\x00\\x00\\x00\\x01\\x00\\x01\\x00')"
2025-04-26 12:51:13,557 LT1-thread root DEBUG iutctl_common.py          165   send                      : sending frame '04550008000000000001000100'
2025-04-26 12:51:13,557 LT1-thread root DEBUG iutctl_common.py          324   read                      : read
2025-04-26 12:51:13,593 BTPWorkerThread-8782 (_rx_task) root DEBUG iutctl_common.py          122   read                      : Read 5 bytes
2025-04-26 12:51:13,593 BTPWorkerThread-8782 (_rx_task) root DEBUG iutctl_common.py          130   read                      : Received: hdr: Header(svc_id=0x04, op=0x55, ctrl_index=0x00, data_len=0x00) bytearray(b'\x04U\x00\x00\x00')
2025-04-26 12:51:13,594 BTPWorkerThread-8782 (_rx_task) root DEBUG iutctl_common.py          153   read                      : Received data: {''}, bytearray(b'')
2025-04-26 12:51:13,599 LT1-thread root DEBUG mesh.py                   1784  mesh_health_attention_set : mesh_health_attention_set
2025-04-26 12:51:13,599 LT1-thread root DEBUG iutctl_common.py          160   send                      : send, 4 73 0 "bytearray(b'\\x01\\x00\\x00\\x00\\x05\\x01')"
2025-04-26 12:51:13,599 LT1-thread root DEBUG iutctl_common.py          165   send                      : sending frame '0449000600010000000501'
2025-04-26 12:51:13,599 LT1-thread root DEBUG iutctl_common.py          324   read                      : read
2025-04-26 12:51:13,625 BTPWorkerThread-8782 (_rx_task) root DEBUG iutctl_common.py          122   read                      : Read 5 bytes
2025-04-26 12:51:13,631 BTPWorkerThread-8782 (_rx_task) root DEBUG iutctl_common.py          130   read                      : Received: hdr: Header(svc_id=0x04, op=0x49, ctrl_index=0x00, data_len=0x01) bytearray(b'\x04I\x00\x01\x00')
2025-04-26 12:51:13,641 BTPWorkerThread-8782 (_rx_task) root DEBUG iutctl_common.py          138   read                      : Read 1 bytes data
2025-04-26 12:51:13,641 BTPWorkerThread-8782 (_rx_task) root DEBUG iutctl_common.py          153   read                      : Received data: {'00'}, bytearray(b'\x00')
2025-04-26 12:51:13,642 LT1-thread root DEBUG mesh.py                   1784  mesh_health_attention_set : mesh_health_attention_set
2025-04-26 12:51:13,642 LT1-thread root DEBUG iutctl_common.py          160   send                      : send, 4 73 0 "bytearray(b'\\x01\\x00\\x00\\x00\\x06\\x00')"
2025-04-26 12:51:13,642 LT1-thread root DEBUG iutctl_common.py          165   send                      : sending frame '0449000600010000000600'
2025-04-26 12:51:13,642 LT1-thread root DEBUG iutctl_common.py          324   read                      : read
2025-04-26 12:51:13,652 BTPWorkerThread-8782 (_rx_task) root DEBUG iutctl_common.py          122   read                      : Read 5 bytes
2025-04-26 12:51:13,658 BTPWorkerThread-8782 (_rx_task) root DEBUG iutctl_common.py          130   read                      : Received: hdr: Header(svc_id=0x04, op=0x49, ctrl_index=0x00, data_len=0x00) bytearray(b'\x04I\x00\x00\x00')
2025-04-26 12:51:13,663 BTPWorkerThread-8782 (_rx_task) root DEBUG iutctl_common.py          153   read                      : Received data: {''}, bytearray(b'')
2025-04-26 12:51:13,669 LT1-thread root DEBUG mesh.py                   835   mesh_opcodes_aggregator_send : mesh_opcodes_aggregator_send
2025-04-26 12:51:13,669 LT1-thread root DEBUG iutctl_common.py          160   send                      : send, 4 86 0 ''
2025-04-26 12:51:13,669 LT1-thread root DEBUG iutctl_common.py          165   send                      : sending frame '0456000000'
2025-04-26 12:51:13,669 LT1-thread root DEBUG iutctl_common.py          324   read                      : read
2025-04-26 12:51:13,807 BTPWorkerThread-8782 (_rx_task) root DEBUG iutctl_common.py          122   read                      : Read 5 bytes
2025-04-26 12:51:13,808 BTPWorkerThread-8782 (_rx_task) root DEBUG iutctl_common.py          130   read                      : Received: hdr: Header(svc_id=0x04, op=0x86, ctrl_index=0x00, data_len=0x0e) bytearray(b'\x04\x86\x00\x0e\x00')
2025-04-26 12:51:13,808 BTPWorkerThread-8782 (_rx_task) root DEBUG iutctl_common.py          138   read                      : Read 14 bytes data
2025-04-26 12:51:13,808 BTPWorkerThread-8782 (_rx_task) root DEBUG iutctl_common.py          153   read                      : Received data: {'00 01 01 00 02 00 07 00 00 ac 00 00 00 03'}, bytearray(b'\x00\x01\x01\x00\x02\x00\x07\x00\x00\xac\x00\x00\x00\x03')
2025-04-26 12:51:13,819 BTPWorkerThread-8782 (_rx_task) root DEBUG btp.py                    718   event_handler             : event_handler Header(svc_id=4, op=134, ctrl_index=0, data_len=14) (b'\x00\x01\x01\x00\x02\x00\x07\x00\x00\xac\x00\x00\x00\x03',)
2025-04-26 12:51:13,960 BTPWorkerThread-8782 (_rx_task) root DEBUG iutctl_common.py          122   read                      : Read 5 bytes
2025-04-26 12:51:13,965 BTPWorkerThread-8782 (_rx_task) root DEBUG iutctl_common.py          130   read                      : Received: hdr: Header(svc_id=0x04, op=0x86, ctrl_index=0x00, data_len=0x17) bytearray(b'\x04\x86\x00\x17\x00')
2025-04-26 12:51:14,020 BTPWorkerThread-8782 (_rx_task) root DEBUG iutctl_common.py          138   read                      : Read 23 bytes data
2025-04-26 12:51:14,025 BTPWorkerThread-8782 (_rx_task) root DEBUG iutctl_common.py          153   read                      : Received data: {'03 00 01 00 02 00 10 fa 80 50 01 a3 94 5e 52 e7 31 74 c3 49 90 65 07'}, bytearray(b'\x03\x00\x01\x00\x02\x00\x10\xfa\x80P\x01\xa3\x94^R\xe71t\xc3I\x90e\x07')
2025-04-26 12:51:14,052 BTPWorkerThread-8782 (_rx_task) root DEBUG btp.py                    718   event_handler             : event_handler Header(svc_id=4, op=134, ctrl_index=0, data_len=23) (b'\x03\x00\x01\x00\x02\x00\x10\xfa\x80P\x01\xa3\x94^R\xe71t\xc3I\x90e\x07',)
2025-04-26 12:51:14,055 BTPWorkerThread-8782 (_rx_task) root DEBUG iutctl_common.py          122   read                      : Read 5 bytes
2025-04-26 12:51:14,056 BTPWorkerThread-8782 (_rx_task) root DEBUG iutctl_common.py          130   read                      : Received: hdr: Header(svc_id=0x04, op=0x86, ctrl_index=0x00, data_len=0x11) bytearray(b'\x04\x86\x00\x11\x00')
2025-04-26 12:51:14,056 BTPWorkerThread-8782 (_rx_task) root DEBUG iutctl_common.py          138   read                      : Read 17 bytes data
2025-04-26 12:51:14,056 BTPWorkerThread-8782 (_rx_task) root DEBUG iutctl_common.py          153   read                      : Received data: {'03 00 01 00 02 00 0a fa 80 50 21 90 11 09 93 b3 09'}, bytearray(b'\x03\x00\x01\x00\x02\x00\n\xfa\x80P!\x90\x11\t\x93\xb3\t')
2025-04-26 12:51:14,056 BTPWorkerThread-8782 (_rx_task) root DEBUG btp.py                    718   event_handler             : event_handler Header(svc_id=4, op=134, ctrl_index=0, data_len=17) (b'\x03\x00\x01\x00\x02\x00\n\xfa\x80P!\x90\x11\t\x93\xb3\t',)
2025-04-26 12:51:14,056 BTPWorkerThread-8782 (_rx_task) root DEBUG iutctl_common.py          122   read                      : Read 5 bytes
2025-04-26 12:51:14,056 BTPWorkerThread-8782 (_rx_task) root DEBUG iutctl_common.py          130   read                      : Received: hdr: Header(svc_id=0x04, op=0x8f, ctrl_index=0x00, data_len=0x0f) bytearray(b'\x04\x8f\x00\x0f\x00')
2025-04-26 12:51:14,061 BTPWorkerThread-8782 (_rx_task) root DEBUG iutctl_common.py          138   read                      : Read 15 bytes data
2025-04-26 12:51:14,062 BTPWorkerThread-8782 (_rx_task) root DEBUG iutctl_common.py          153   read                      : Received data: {'01 00 02 00 0a 80 73 00 01 00 06 80 07 05 00'}, bytearray(b'\x01\x00\x02\x00\n\x80s\x00\x01\x00\x06\x80\x07\x05\x00')
2025-04-26 12:51:14,079 BTPWorkerThread-8782 (_rx_task) root DEBUG btp.py                    718   event_handler             : event_handler Header(svc_id=4, op=143, ctrl_index=0, data_len=15) (b'\x01\x00\x02\x00\n\x80s\x00\x01\x00\x06\x80\x07\x05\x00',)
2025-04-26 12:51:14,080 BTPWorkerThread-8782 (_rx_task) root DEBUG mesh.py                   2140  mesh_model_recv_ev        : mesh_model_recv_ev b'\x01\x00\x02\x00\n\x80s\x00\x01\x00\x06\x80\x07\x05\x00' 15
2025-04-26 12:51:14,080 BTPWorkerThread-8782 (_rx_task) root DEBUG iutctl_common.py          122   read                      : Read 5 bytes
2025-04-26 12:51:14,080 BTPWorkerThread-8782 (_rx_task) root DEBUG iutctl_common.py          130   read                      : Received: hdr: Header(svc_id=0x04, op=0x8f, ctrl_index=0x00, data_len=0x08) bytearray(b'\x04\x8f\x00\x08\x00')
2025-04-26 12:51:14,080 BTPWorkerThread-8782 (_rx_task) root DEBUG iutctl_common.py          138   read                      : Read 8 bytes data
2025-04-26 12:51:14,080 BTPWorkerThread-8782 (_rx_task) root DEBUG iutctl_common.py          153   read                      : Received data: {'01 00 02 00 03 80 07 05'}, bytearray(b'\x01\x00\x02\x00\x03\x80\x07\x05')
2025-04-26 12:51:14,080 BTPWorkerThread-8782 (_rx_task) root DEBUG btp.py                    718   event_handler             : event_handler Header(svc_id=4, op=143, ctrl_index=0, data_len=8) (b'\x01\x00\x02\x00\x03\x80\x07\x05',)
2025-04-26 12:51:14,080 BTPWorkerThread-8782 (_rx_task) root DEBUG mesh.py                   2140  mesh_model_recv_ev        : mesh_model_recv_ev b'\x01\x00\x02\x00\x03\x80\x07\x05' 8
2025-04-26 12:51:14,080 BTPWorkerThread-8782 (_rx_task) root DEBUG iutctl_common.py          122   read                      : Read 5 bytes
2025-04-26 12:51:14,080 BTPWorkerThread-8782 (_rx_task) root DEBUG iutctl_common.py          130   read                      : Received: hdr: Header(svc_id=0x04, op=0x56, ctrl_index=0x00, data_len=0x00) bytearray(b'\x04V\x00\x00\x00')
2025-04-26 12:51:14,081 BTPWorkerThread-8782 (_rx_task) root DEBUG iutctl_common.py          153   read                      : Received data: {''}, bytearray(b'')
2025-04-26 12:51:14,083 LT1-thread root DEBUG testcase.py               707   run_wid                   : Sending response 'OK' to wid 946 test case MESH/CL/AGG/BV-01-C
2025-04-26 12:51:14,086 LT1-thread root DEBUG client.py                 309   get_result                : ClientCallback.get_result run_test_case
2025-04-26 12:51:17,601 LT1-callback ClientCallback.log INFO client.py                 232   log                       : PTS_LOGTYPE_START_TEST Start Test Case 

+187 ms
 MESH/CL/AGG/BV-01-C MESH/CL/AGG/BV-01-C

2025-04-26 12:51:19,980 LT1-callback ClientCallback.log INFO client.py                 232   log                       : PTS_LOGTYPE_FINAL_VERDICT Final Verdict 

+20328 ms
 MESH/CL/AGG/BV-01-C PASS

2025-04-26 12:51:19,984 LT1-callback ClientCallback.log INFO client.py                 232   log                       : PTS_LOGTYPE_FINAL_VERDICT Encrypted Verdict 

+20328 ms
 MESH/CL/AGG/BV-01-C A1#ZWY4MzQ5MDg3MmQwNTIxOGQzMzQ5YjY2ODA5M2MzNjQ5ZDY4NmY0Yjc2MzIzM2VkNTUyNTFhNGU4Mjg1MjI0NA==#gNa3znpIntnruMwSPUwSZYSqFtmW11eU58rcPV//KxuBfbfjktI9k0dlyuY+cF1l

2025-04-26 12:51:19,990 LT1-callback ClientCallback.log INFO client.py                 232   log                       : PTS_LOGTYPE_END_TEST Test Case Ended 

+20328 ms
 MESH/CL/AGG/BV-01-C MESH/CL/AGG/BV-01-C

2025-04-26 12:51:20,123 LT1-callback root DEBUG client.py                 294   set_result                : ClientCallback, set_result, run_test_case, PASS
2025-04-26 12:51:20,123 LT1-thread root DEBUG client.py                 1066  _run_test_case            : After run_test_case error_code=0 status='PASS'
2025-04-26 12:51:20,123 LT1-thread root DEBUG testcase.py               752   post_run                  : post_run MESH MESH/CL/AGG/BV-01-C 0
2025-04-26 12:51:20,123 LT1-thread root DEBUG testcase.py               253   start                     : Starting test function: class=<class 'autopts.ptsprojects.testcase.TestFuncCleanUp'>, func=<bound method Stack.cleanup of <autopts.ptsprojects.stack.stack.Stack object at 0x7f97f5ecc970>> start_wid=None stop_wid=None post_wid=None skip_call=None call_count=1 args=() kwds={}
2025-04-26 12:51:20,123 LT1-thread root DEBUG testcase.py               265   start                     : Test function parameters: args=(), kwds={}
2025-04-26 12:51:20,123 LT1-thread root DEBUG testcase.py               253   start                     : Starting test function: class=<class 'autopts.ptsprojects.testcase.TestFuncCleanUp'>, func=<bound method ZephyrCtl.stop of <autopts.ptsprojects.zephyr.iutctl.ZephyrCtl object at 0x7f97f5e87ee0>> start_wid=None stop_wid=None post_wid=None skip_call=None call_count=1 args=() kwds={}
2025-04-26 12:51:20,124 LT1-thread root DEBUG testcase.py               265   start                     : Test function parameters: args=(), kwds={}
2025-04-26 12:51:20,124 LT1-thread root DEBUG iutctl.py                 250   stop                      : <class 'autopts.ptsprojects.zephyr.iutctl.ZephyrCtl'>.stop
2025-04-26 12:51:20,224 LT1-thread root DEBUG rtt.py                    243   stop                      : <class 'autopts.rtt.RTTLogger'>.stop
2025-04-26 12:51:20,224 LT1-thread root DEBUG rtt.py                    107   stop                      : <class 'autopts.rtt.RTT'>.stop
2025-04-26 12:51:20,241 LT1-thread root DEBUG __init__.py               49    reset                     : About to reset DUT: nrfjprog -r -s 683989059
2025-04-26 12:51:22,533 BTPWorkerThread-8782 (_rx_task) root DEBUG iutctl_common.py          122   read                      : Read 5 bytes
2025-04-26 12:51:22,538 BTPWorkerThread-8782 (_rx_task) root DEBUG iutctl_common.py          130   read                      : Received: hdr: Header(svc_id=0x00, op=0x80, ctrl_index=0xff, data_len=0x00) bytearray(b'\x00\x80\xff\x00\x00')
2025-04-26 12:51:22,538 BTPWorkerThread-8782 (_rx_task) root DEBUG iutctl_common.py          153   read                      : Received data: {''}, bytearray(b'')
2025-04-26 12:51:22,538 BTPWorkerThread-8782 (_rx_task) root DEBUG btp.py                    718   event_handler             : event_handler Header(svc_id=0, op=128, ctrl_index=255, data_len=0) (b'',)
2025-04-26 12:51:22,539 BTPWorkerThread-8782 (_rx_task) root DEBUG core.py                   28    core_iut_ready_ev         : core_iut_ready_ev
2025-04-26 12:51:22,539 LT1-thread root DEBUG iutctl.py                 268   stop                      : IUT ready event received OK
2025-04-26 12:51:22,539 LT1-thread root DEBUG iutctl_common.py          401   close                     : Waiting for _rx_worker to finish ...
2025-04-26 12:51:23,539 LT1-thread root DEBUG iutctl_common.py          401   close                     : Waiting for _rx_worker to finish ...
2025-04-26 12:51:23,539 BTPWorkerThread-8782 (_rx_task) root DEBUG iutctl_common.py          317   _rx_task                  : BTPWorkerThread-8782 (_rx_task) finishing...
2025-04-26 12:51:26,544 LT1-thread root DEBUG testcase.py               781   post_run                  : post_run, cleanup running post test case script
2025-04-26 12:51:26,544 LT1-thread root DEBUG testcase.py               791   post_run                  : post_run, run post test case script
2025-04-26 12:51:26,566 LT1-thread root DEBUG client.py                 1096  _run_test_case            : Done TestCase _run_test_case MESH MESH/CL/AGG/BV-01-C
