2022-07-02 01:17:04,228 root DEBUG client.py                 778   run_test_case_thread_entry : Starting TestCase wrapper SM SM/CEN/SCOB/BI-01-C
2022-07-02 01:17:04,228 root DEBUG testcase.py               718   pre_run                   : pre_run SM SM/CEN/SCOB/BI-01-C
2022-07-02 01:17:04,229 root DEBUG testcase.py               720   pre_run                   : About to run test case SM SM/CEN/SCOB/BI-01-C with commands:
2022-07-02 01:17:04,229 root DEBUG testcase.py               723   pre_run                   : 0) class=<class 'autopts.ptsprojects.testcase.TestFunc'>, func=<bound method ZephyrCtl.start of <autopts.ptsprojects.zephyr.iutctl.ZephyrCtl object at 0x00000245D79F8790>> start_wid=None stop_wid=None post_wid=None skip_call=None call_count=0 args=(<autopts.ptsprojects.zephyr.ztestcase.ZTestCase object at 0x00000245D7B89A60>,) kwds={}
2022-07-02 01:17:04,229 root DEBUG testcase.py               723   pre_run                   : 1) class=<class 'autopts.ptsprojects.testcase.TestFunc'>, func=<bound method ZephyrCtl.wait_iut_ready_event of <autopts.ptsprojects.zephyr.iutctl.ZephyrCtl object at 0x00000245D79F8790>> start_wid=None stop_wid=None post_wid=None skip_call=None call_count=0 args=() kwds={}
2022-07-02 01:17:04,229 root DEBUG testcase.py               723   pre_run                   : 2) class=<class 'autopts.ptsprojects.testcase.TestFunc'>, func=<function core_reg_svc_gap at 0x00000245D60FB820> start_wid=None stop_wid=None post_wid=None skip_call=None call_count=29 args=() kwds={}
2022-07-02 01:17:04,229 root DEBUG testcase.py               723   pre_run                   : 3) class=<class 'autopts.ptsprojects.testcase.TestFunc'>, func=<bound method Stack.gap_init of <autopts.ptsprojects.stack.Stack object at 0x00000245D79F86A0>> start_wid=None stop_wid=None post_wid=None skip_call=None call_count=29 args=(b'Tester_56C9EF',) kwds={}
2022-07-02 01:17:04,229 root DEBUG testcase.py               723   pre_run                   : 4) class=<class 'autopts.ptsprojects.testcase.TestFunc'>, func=<function gap_read_ctrl_info at 0x00000245D613A310> start_wid=None stop_wid=None post_wid=None skip_call=None call_count=29 args=() kwds={}
2022-07-02 01:17:04,229 root DEBUG testcase.py               723   pre_run                   : 5) class=<class 'autopts.ptsprojects.testcase.TestFunc'>, func=<function test_cases.<locals>.<lambda> at 0x00000245D7A1BB80> start_wid=None stop_wid=None post_wid=None skip_call=None call_count=29 args=() kwds={}
2022-07-02 01:17:04,229 root DEBUG testcase.py               723   pre_run                   : 6) class=<class 'autopts.ptsprojects.testcase.TestFunc'>, func=<function test_cases.<locals>.<lambda> at 0x00000245D7A1BCA0> start_wid=None stop_wid=None post_wid=None skip_call=None call_count=29 args=() kwds={}
2022-07-02 01:17:04,229 root DEBUG testcase.py               723   pre_run                   : 7) class=<class 'autopts.ptsprojects.testcase.TestFunc'>, func=<function test_cases.<locals>.<lambda> at 0x00000245D7A1BC10> start_wid=None stop_wid=None post_wid=None skip_call=None call_count=29 args=() kwds={}
2022-07-02 01:17:04,229 root DEBUG testcase.py               723   pre_run                   : 8) class=<class 'autopts.ptsprojects.testcase.TestFunc'>, func=<function set_pts_addr at 0x00000245D60FB790> start_wid=None stop_wid=None post_wid=None skip_call=None call_count=29 args=('C0:07:E8:56:C9:EF', 0) kwds={}
2022-07-02 01:17:04,229 root DEBUG testcase.py               723   pre_run                   : 9) class=<class 'autopts.ptsprojects.testcase.TestFunc'>, func=<function gap_set_io_cap at 0x00000245D6139940> start_wid=None stop_wid=None post_wid=None skip_call=None call_count=0 args=(0,) kwds={}
2022-07-02 01:17:04,229 root DEBUG testcase.py               723   pre_run                   : 10) class=<class 'autopts.ptsprojects.testcase.TestFuncCleanUp'>, func=<bound method Stack.cleanup of <autopts.ptsprojects.stack.Stack object at 0x00000245D79F86A0>> start_wid=None stop_wid=None post_wid=None skip_call=None call_count=0 args=() kwds={}
2022-07-02 01:17:04,229 root DEBUG testcase.py               723   pre_run                   : 11) class=<class 'autopts.ptsprojects.testcase.TestFuncCleanUp'>, func=<bound method ZephyrCtl.stop of <autopts.ptsprojects.zephyr.iutctl.ZephyrCtl object at 0x00000245D79F8790>> start_wid=None stop_wid=None post_wid=None skip_call=None call_count=0 args=() kwds={}
2022-07-02 01:17:04,230 root DEBUG testcase.py               730   pre_run                   : post_run, run pre test case script
2022-07-02 01:17:04,232 root DEBUG testcase.py               246   start                     : Starting test function: class=<class 'autopts.ptsprojects.testcase.TestFunc'>, func=<bound method ZephyrCtl.start of <autopts.ptsprojects.zephyr.iutctl.ZephyrCtl object at 0x00000245D79F8790>> start_wid=None stop_wid=None post_wid=None skip_call=None call_count=1 args=(<autopts.ptsprojects.zephyr.ztestcase.ZTestCase object at 0x00000245D7B89A60>,) kwds={}
2022-07-02 01:17:04,232 root DEBUG testcase.py               258   start                     : Test function parameters: args=(<autopts.ptsprojects.zephyr.ztestcase.ZTestCase object at 0x00000245D7B89A60>,), kwds={}
2022-07-02 01:17:04,232 root DEBUG iutctl.py                 97    start                     : <class 'autopts.ptsprojects.zephyr.iutctl.ZephyrCtl'>.start
2022-07-02 01:17:04,232 root DEBUG iutctl.py                 158   flush_serial              : <class 'autopts.ptsprojects.zephyr.iutctl.ZephyrCtl'>.flush_serial
2022-07-02 01:17:05,295 root DEBUG iutctl.py                 123   start                     : Starting socat process: socat.exe -x -v tcp:192.168.9.43:64660,retry=100,interval=1 /dev/ttyS4,raw,b115200
2022-07-02 01:17:05,298 root DEBUG iutctl_common.py          276   accept                    : accept
2022-07-02 01:17:05,311 root DEBUG testcase.py               246   start                     : Starting test function: class=<class 'autopts.ptsprojects.testcase.TestFunc'>, func=<bound method ZephyrCtl.wait_iut_ready_event of <autopts.ptsprojects.zephyr.iutctl.ZephyrCtl object at 0x00000245D79F8790>> start_wid=None stop_wid=None post_wid=None skip_call=None call_count=1 args=() kwds={}
2022-07-02 01:17:05,311 root DEBUG testcase.py               258   start                     : Test function parameters: args=(), kwds={}
2022-07-02 01:17:05,311 root DEBUG iutctl.py                 197   reset                     : <class 'autopts.ptsprojects.zephyr.iutctl.ZephyrCtl'>.reset
2022-07-02 01:17:05,311 root DEBUG iutctl.py                 232   stop                      : <class 'autopts.ptsprojects.zephyr.iutctl.ZephyrCtl'>.stop
2022-07-02 01:17:06,324 root DEBUG __init__.py               48    reset                     : About to reset DUT: 'nrfjprog -r -s 683989059'
2022-07-02 01:17:06,876 root DEBUG iutctl.py                 97    start                     : <class 'autopts.ptsprojects.zephyr.iutctl.ZephyrCtl'>.start
2022-07-02 01:17:06,876 root DEBUG iutctl.py                 158   flush_serial              : <class 'autopts.ptsprojects.zephyr.iutctl.ZephyrCtl'>.flush_serial
2022-07-02 01:17:07,927 root DEBUG iutctl.py                 123   start                     : Starting socat process: socat.exe -x -v tcp:192.168.9.43:64662,retry=100,interval=1 /dev/ttyS4,raw,b115200
2022-07-02 01:17:07,929 root DEBUG iutctl_common.py          276   accept                    : accept
2022-07-02 01:17:07,945 root DEBUG iutctl.py                 158   flush_serial              : <class 'autopts.ptsprojects.zephyr.iutctl.ZephyrCtl'>.flush_serial
2022-07-02 01:17:07,945 root DEBUG __init__.py               48    reset                     : About to reset DUT: 'nrfjprog -r -s 683989059'
2022-07-02 01:17:08,450 root DEBUG iutctl_common.py          215   read                      : read
2022-07-02 01:17:08,704 root DEBUG iutctl_common.py          74    read                      : Read 5 bytes
2022-07-02 01:17:08,720 root DEBUG iutctl_common.py          83    read                      : Received: hdr: Header(svc_id=0, op=128, ctrl_index=255, data_len=0) bytearray(b'\x00\x80\xff\x00\x00')
2022-07-02 01:17:08,736 root DEBUG iutctl_common.py          96    read                      : Received data: "('',)", bytearray(b'')
2022-07-02 01:17:08,768 root DEBUG btp.py                    487   event_handler             : event_handler Header(svc_id=0, op=128, ctrl_index=255, data_len=0) (b'',)
2022-07-02 01:17:08,800 root ERROR btp.py                    525   event_handler             : Unhandled event! svc_id 0 op 128
2022-07-02 01:17:08,832 root DEBUG iutctl.py                 225   wait_iut_ready_event      : IUT ready event received OK
2022-07-02 01:17:08,832 root DEBUG testcase.py               246   start                     : Starting test function: class=<class 'autopts.ptsprojects.testcase.TestFunc'>, func=<function core_reg_svc_gap at 0x00000245D60FB820> start_wid=None stop_wid=None post_wid=None skip_call=None call_count=30 args=() kwds={}
2022-07-02 01:17:08,832 root DEBUG testcase.py               258   start                     : Test function parameters: args=(), kwds={}
2022-07-02 01:17:08,832 root DEBUG btp.py                    323   core_reg_svc_gap          : core_reg_svc_gap
2022-07-02 01:17:08,832 root DEBUG iutctl_common.py          102   send                      : send, 0 3 255 '1'
2022-07-02 01:17:08,832 root DEBUG iutctl_common.py          107   send                      : sending frame '0003ff010001'
2022-07-02 01:17:08,832 root DEBUG btp.py                    405   core_reg_svc_rsp_succ     : core_reg_svc_rsp_succ
2022-07-02 01:17:08,832 root DEBUG iutctl_common.py          215   read                      : read
2022-07-02 01:17:08,912 root DEBUG iutctl_common.py          74    read                      : Read 5 bytes
2022-07-02 01:17:08,944 root DEBUG iutctl_common.py          83    read                      : Received: hdr: Header(svc_id=0, op=3, ctrl_index=255, data_len=0) bytearray(b'\x00\x03\xff\x00\x00')
2022-07-02 01:17:08,976 root DEBUG iutctl_common.py          96    read                      : Received data: "('',)", bytearray(b'')
2022-07-02 01:17:09,008 root DEBUG btp.py                    416   core_reg_svc_rsp_succ     : received Header(svc_id=0, op=3, ctrl_index=255, data_len=0) (b'',)
2022-07-02 01:17:09,008 root DEBUG btp.py                    417   core_reg_svc_rsp_succ     : expected ((0, 3, 255, 0), (b'',))
2022-07-02 01:17:09,008 root DEBUG btp.py                    422   core_reg_svc_rsp_succ     : response is valid
2022-07-02 01:17:09,008 root DEBUG testcase.py               246   start                     : Starting test function: class=<class 'autopts.ptsprojects.testcase.TestFunc'>, func=<bound method Stack.gap_init of <autopts.ptsprojects.stack.Stack object at 0x00000245D79F86A0>> start_wid=None stop_wid=None post_wid=None skip_call=None call_count=30 args=(b'Tester_56C9EF',) kwds={}
2022-07-02 01:17:09,008 root DEBUG testcase.py               258   start                     : Test function parameters: args=(b'Tester_56C9EF',), kwds={}
2022-07-02 01:17:09,008 root DEBUG testcase.py               246   start                     : Starting test function: class=<class 'autopts.ptsprojects.testcase.TestFunc'>, func=<function gap_read_ctrl_info at 0x00000245D613A310> start_wid=None stop_wid=None post_wid=None skip_call=None call_count=30 args=() kwds={}
2022-07-02 01:17:09,008 root DEBUG testcase.py               258   start                     : Test function parameters: args=(), kwds={}
2022-07-02 01:17:09,008 root DEBUG gap.py                    863   gap_read_ctrl_info        : gap_read_ctrl_info
2022-07-02 01:17:09,008 root DEBUG iutctl_common.py          102   send                      : send, 1 3 0 ''
2022-07-02 01:17:09,008 root DEBUG iutctl_common.py          107   send                      : sending frame '0103000000'
2022-07-02 01:17:09,008 root DEBUG iutctl_common.py          215   read                      : read
2022-07-02 01:17:09,183 root DEBUG iutctl_common.py          74    read                      : Read 5 bytes
2022-07-02 01:17:09,215 root DEBUG iutctl_common.py          83    read                      : Received: hdr: Header(svc_id=1, op=3, ctrl_index=0, data_len=277) bytearray(b'\x01\x03\x00\x15\x01')
2022-07-02 01:17:09,247 root DEBUG iutctl_common.py          96    read                      : Received data: "('p\x1fÄvçÜ\x13\x06\x00\x00\x13\x82\x00\x00\x00\x00\x00btp_tester\x00\x00\x00\x00\x00\x00\x00\x00\x00\x00\x00\x00\x00\x00\x00\x00\x00\x00\x00\x00\x00\x00\x00\x00\x00\x00\x00\x00\x00\x00\x00\x00\x00\x00\x00\x00\x00\x00\x00\x00\x00\x00\x00\x00\x00\x00\x00\x00\x00\x00\x00\x00\x00\x00\x00\x00\x00\x00\x00\x00\x00\x00\x00\x00\x00\x00\x00\x00\x00\x00\x00\x00\x00\x00\x00\x00\x00\x00\x00\x00\x00\x00\x00\x00\x00\x00\x00\x00\x00\x00\x00\x00\x00\x00\x00\x00\x00\x00\x00\x00\x00\x00\x00\x00\x00\x00\x00\x00\x00\x00\x00\x00\x00\x00\x00\x00\x00\x00\x00\x00\x00\x00\x00\x00\x00\x00\x00\x00\x00\x00\x00\x00\x00\x00\x00\x00\x00\x00\x00\x00\x00\x00\x00\x00\x00\x00\x00\x00\x00\x00\x00\x00\x00\x00\x00\x00\x00\x00\x00\x00\x00\x00\x00\x00\x00\x00\x00\x00\x00\x00\x00\x00\x00\x00\x00\x00\x00\x00\x00\x00\x00\x00\x00\x00\x00\x00\x00\x00\x00\x00\x00\x00\x00\x00\x00\x00\x00\x00\x00\x00\x00\x00\x00\x00\x00\x00\x00\x00\x00\x00\x00\x00\x00\x00\x00\x00\x00\x00\x00\x00\x00\x00\x00\x00\x00\x00\x00\x00\x00\x00\x00\x00\x00\x00\x00\x00\x00\x00\x00\x00\x00\x00\x00\x00\x00\x00\x00\x00\x00\x00',)", bytearray(b'p\x1f\xc4v\xe7\xdc\x13\x06\x00\x00\x13\x82\x00\x00\x00\x00\x00btp_tester\x00\x00\x00\x00\x00\x00\x00\x00\x00\x00\x00\x00\x00\x00\x00\x00\x00\x00\x00\x00\x00\x00\x00\x00\x00\x00\x00\x00\x00\x00\x00\x00\x00\x00\x00\x00\x00\x00\x00\x00\x00\x00\x00\x00\x00\x00\x00\x00\x00\x00\x00\x00\x00\x00\x00\x00\x00\x00\x00\x00\x00\x00\x00\x00\x00\x00\x00\x00\x00\x00\x00\x00\x00\x00\x00\x00\x00\x00\x00\x00\x00\x00\x00\x00\x00\x00\x00\x00\x00\x00\x00\x00\x00\x00\x00\x00\x00\x00\x00\x00\x00\x00\x00\x00\x00\x00\x00\x00\x00\x00\x00\x00\x00\x00\x00\x00\x00\x00\x00\x00\x00\x00\x00\x00\x00\x00\x00\x00\x00\x00\x00\x00\x00\x00\x00\x00\x00\x00\x00\x00\x00\x00\x00\x00\x00\x00\x00\x00\x00\x00\x00\x00\x00\x00\x00\x00\x00\x00\x00\x00\x00\x00\x00\x00\x00\x00\x00\x00\x00\x00\x00\x00\x00\x00\x00\x00\x00\x00\x00\x00\x00\x00\x00\x00\x00\x00\x00\x00\x00\x00\x00\x00\x00\x00\x00\x00\x00\x00\x00\x00\x00\x00\x00\x00\x00\x00\x00\x00\x00\x00\x00\x00\x00\x00\x00\x00\x00\x00\x00\x00\x00\x00\x00\x00\x00\x00\x00\x00\x00\x00\x00\x00\x00\x00\x00\x00\x00\x00\x00\x00\x00\x00\x00\x00\x00\x00\x00\x00\x00\x00')
2022-07-02 01:17:09,262 root DEBUG gap.py                    870   gap_read_ctrl_info        : received Header(svc_id=1, op=3, ctrl_index=0, data_len=277) (b'p\x1f\xc4v\xe7\xdc\x13\x06\x00\x00\x13\x82\x00\x00\x00\x00\x00btp_tester\x00\x00\x00\x00\x00\x00\x00\x00\x00\x00\x00\x00\x00\x00\x00\x00\x00\x00\x00\x00\x00\x00\x00\x00\x00\x00\x00\x00\x00\x00\x00\x00\x00\x00\x00\x00\x00\x00\x00\x00\x00\x00\x00\x00\x00\x00\x00\x00\x00\x00\x00\x00\x00\x00\x00\x00\x00\x00\x00\x00\x00\x00\x00\x00\x00\x00\x00\x00\x00\x00\x00\x00\x00\x00\x00\x00\x00\x00\x00\x00\x00\x00\x00\x00\x00\x00\x00\x00\x00\x00\x00\x00\x00\x00\x00\x00\x00\x00\x00\x00\x00\x00\x00\x00\x00\x00\x00\x00\x00\x00\x00\x00\x00\x00\x00\x00\x00\x00\x00\x00\x00\x00\x00\x00\x00\x00\x00\x00\x00\x00\x00\x00\x00\x00\x00\x00\x00\x00\x00\x00\x00\x00\x00\x00\x00\x00\x00\x00\x00\x00\x00\x00\x00\x00\x00\x00\x00\x00\x00\x00\x00\x00\x00\x00\x00\x00\x00\x00\x00\x00\x00\x00\x00\x00\x00\x00\x00\x00\x00\x00\x00\x00\x00\x00\x00\x00\x00\x00\x00\x00\x00\x00\x00\x00\x00\x00\x00\x00\x00\x00\x00\x00\x00\x00\x00\x00\x00\x00\x00\x00\x00\x00\x00\x00\x00\x00\x00\x00\x00\x00\x00\x00\x00\x00\x00\x00\x00\x00\x00\x00\x00\x00\x00\x00\x00\x00\x00\x00\x00\x00\x00\x00\x00\x00\x00\x00\x00\x00\x00\x00',)
2022-07-02 01:17:09,262 root DEBUG gap.py                    891   gap_read_ctrl_info        : IUT address 'dce776c41f70' 'random'
2022-07-02 01:17:09,262 root DEBUG gap.py                    332   __gap_current_settings_update : __gap_current_settings_update 33299
2022-07-02 01:17:09,262 root ERROR stack.py                  216   current_settings_clear    : current_settings_clear SC Only not in current_settings
2022-07-02 01:17:09,262 root DEBUG testcase.py               246   start                     : Starting test function: class=<class 'autopts.ptsprojects.testcase.TestFunc'>, func=<function test_cases.<locals>.<lambda> at 0x00000245D7A1BB80> start_wid=None stop_wid=None post_wid=None skip_call=None call_count=30 args=() kwds={}
2022-07-02 01:17:09,262 root DEBUG testcase.py               258   start                     : Test function parameters: args=(), kwds={}
2022-07-02 01:17:09,264 root DEBUG testcase.py               246   start                     : Starting test function: class=<class 'autopts.ptsprojects.testcase.TestFunc'>, func=<function test_cases.<locals>.<lambda> at 0x00000245D7A1BCA0> start_wid=None stop_wid=None post_wid=None skip_call=None call_count=30 args=() kwds={}
2022-07-02 01:17:09,264 root DEBUG testcase.py               258   start                     : Test function parameters: args=(), kwds={}
2022-07-02 01:17:09,265 root DEBUG testcase.py               246   start                     : Starting test function: class=<class 'autopts.ptsprojects.testcase.TestFunc'>, func=<function test_cases.<locals>.<lambda> at 0x00000245D7A1BC10> start_wid=None stop_wid=None post_wid=None skip_call=None call_count=30 args=() kwds={}
2022-07-02 01:17:09,265 root DEBUG testcase.py               258   start                     : Test function parameters: args=(), kwds={}
2022-07-02 01:17:09,266 root DEBUG testcase.py               246   start                     : Starting test function: class=<class 'autopts.ptsprojects.testcase.TestFunc'>, func=<function set_pts_addr at 0x00000245D60FB790> start_wid=None stop_wid=None post_wid=None skip_call=None call_count=30 args=('C0:07:E8:56:C9:EF', 0) kwds={}
2022-07-02 01:17:09,266 root DEBUG testcase.py               258   start                     : Test function parameters: args=('C0:07:E8:56:C9:EF', 0), kwds={}
2022-07-02 01:17:09,266 root DEBUG testcase.py               246   start                     : Starting test function: class=<class 'autopts.ptsprojects.testcase.TestFunc'>, func=<function gap_set_io_cap at 0x00000245D6139940> start_wid=None stop_wid=None post_wid=None skip_call=None call_count=1 args=(0,) kwds={}
2022-07-02 01:17:09,266 root DEBUG testcase.py               258   start                     : Test function parameters: args=(0,), kwds={}
2022-07-02 01:17:09,266 root DEBUG gap.py                    585   gap_set_io_cap            : gap_set_io_cap 0
2022-07-02 01:17:09,266 root DEBUG iutctl_common.py          102   send                      : send, 1 16 0 '\x00'
2022-07-02 01:17:09,266 root DEBUG iutctl_common.py          107   send                      : sending frame '011000010000'
2022-07-02 01:17:09,267 root DEBUG gap.py                    898   gap_command_rsp_succ      : gap_command_rsp_succ
2022-07-02 01:17:09,267 root DEBUG iutctl_common.py          215   read                      : read
2022-07-02 01:17:09,355 root DEBUG iutctl_common.py          74    read                      : Read 5 bytes
2022-07-02 01:17:09,355 root DEBUG iutctl_common.py          83    read                      : Received: hdr: Header(svc_id=1, op=16, ctrl_index=0, data_len=0) bytearray(b'\x01\x10\x00\x00\x00')
2022-07-02 01:17:09,371 root DEBUG iutctl_common.py          96    read                      : Received data: "('',)", bytearray(b'')
2022-07-02 01:17:09,387 root DEBUG gap.py                    903   gap_command_rsp_succ      : received Header(svc_id=1, op=16, ctrl_index=0, data_len=0) (b'',)
2022-07-02 01:17:09,387 root DEBUG client.py                 272   set_current_test_case     : CallbackThread.set_current_test_case SM/CEN/SCOB/BI-01-C
2022-07-02 01:17:16,283 ClientCallback.on_implicit_send INFO client.py                 171   on_implicit_send          : ********************
2022-07-02 01:17:16,283 ClientCallback.on_implicit_send INFO client.py                 172   on_implicit_send          : BEGIN OnImplicitSend:
2022-07-02 01:17:16,283 ClientCallback.on_implicit_send INFO client.py                 173   on_implicit_send          : project_name: SM
2022-07-02 01:17:16,283 ClientCallback.on_implicit_send INFO client.py                 174   on_implicit_send          : wid: 149
2022-07-02 01:17:16,283 ClientCallback.on_implicit_send INFO client.py                 175   on_implicit_send          : test_case_name: SM/CEN/SCOB/BI-01-C
2022-07-02 01:17:16,283 ClientCallback.on_implicit_send INFO client.py                 176   on_implicit_send          : description: Please enter the following OOB confirmation and OOB random to the IUT: 
[5330D3A1CC31E14E20F8342DEFBA7220]
[7BB98053531BDA063E9112D1BFA2629B]
2022-07-02 01:17:16,283 ClientCallback.on_implicit_send INFO client.py                 177   on_implicit_send          : style: MMI_Style_Yes_No1 0x11044
2022-07-02 01:17:16,283 ClientCallback.on_implicit_send INFO client.py                 183   on_implicit_send          : Calling test cases on_implicit_send
2022-07-02 01:17:16,283 root DEBUG testcase.py               675   on_implicit_send          : SM SM/CEN/SCOB/BI-01-C on_implicit_send
2022-07-02 01:17:16,283 root DEBUG testcase.py               619   join_post_wid_thread      : SM SM/CEN/SCOB/BI-01-C join_post_wid_thread
2022-07-02 01:17:16,284 root DEBUG testcase.py               621   join_post_wid_thread      : self.post_wid_thread None
2022-07-02 01:17:16,284 root DEBUG sm_wid.py                 27    sm_wid_hdl                : sm_wid_hdl, 149, 'Please enter the following OOB confirmation and OOB random to the IUT: \n[5330D3A1CC31E14E20F8342DEFBA7220]\n[7BB98053531BDA063E9112D1BFA2629B]', SM/CEN/SCOB/BI-01-C
2022-07-02 01:17:16,284 root DEBUG gap.py                    974   gap_oob_sc_set_remote_data : gap_oob_sc_set_remote_data '7BB98053531BDA063E9112D1BFA2629B' '5330D3A1CC31E14E20F8342DEFBA7220'
2022-07-02 01:17:16,284 root DEBUG iutctl_common.py          102   send                      : send, 1 26 0 "bytearray(b'\\x9bb\\xa2\\xbf\\xd1\\x12\\x91>\\x06\\xda\\x1bSS\\x80\\xb9{ r\\xba\\xef-4\\xf8 N\\xe11\\xcc\\xa1\\xd30S')"
2022-07-02 01:17:16,284 root DEBUG iutctl_common.py          107   send                      : sending frame '011a0020009b62a2bfd112913e06da1b535380b97b2072baef2d34f8204ee131cca1d33053'
2022-07-02 01:17:16,284 root DEBUG gap.py                    898   gap_command_rsp_succ      : gap_command_rsp_succ
2022-07-02 01:17:16,284 root DEBUG iutctl_common.py          215   read                      : read
2022-07-02 01:17:16,334 root DEBUG iutctl_common.py          74    read                      : Read 5 bytes
2022-07-02 01:17:16,350 root DEBUG iutctl_common.py          83    read                      : Received: hdr: Header(svc_id=1, op=26, ctrl_index=0, data_len=0) bytearray(b'\x01\x1a\x00\x00\x00')
2022-07-02 01:17:16,366 root DEBUG iutctl_common.py          96    read                      : Received data: "('',)", bytearray(b'')
2022-07-02 01:17:16,366 root DEBUG gap.py                    903   gap_command_rsp_succ      : received Header(svc_id=1, op=26, ctrl_index=0, data_len=0) (b'',)
2022-07-02 01:17:16,366 root DEBUG testcase.py               713   on_implicit_send          : Sending response 'Yes' to wid 149 test case SM/CEN/SCOB/BI-01-C
2022-07-02 01:17:16,366 ClientCallback.on_implicit_send INFO client.py                 188   on_implicit_send          : test case returned on_implicit_send, response: Yes
2022-07-02 01:17:16,366 ClientCallback.on_implicit_send INFO client.py                 198   on_implicit_send          : END OnImplicitSend:
2022-07-02 01:17:16,366 ClientCallback.on_implicit_send INFO client.py                 199   on_implicit_send          : ********************
2022-07-02 01:17:16,370 ClientCallback.on_implicit_send INFO client.py                 171   on_implicit_send          : ********************
2022-07-02 01:17:16,370 ClientCallback.on_implicit_send INFO client.py                 172   on_implicit_send          : BEGIN OnImplicitSend:
2022-07-02 01:17:16,370 ClientCallback.on_implicit_send INFO client.py                 173   on_implicit_send          : project_name: SM
2022-07-02 01:17:16,370 ClientCallback.on_implicit_send INFO client.py                 174   on_implicit_send          : wid: 100
2022-07-02 01:17:16,370 ClientCallback.on_implicit_send INFO client.py                 175   on_implicit_send          : test_case_name: SM/CEN/SCOB/BI-01-C
2022-07-02 01:17:16,370 ClientCallback.on_implicit_send INFO client.py                 176   on_implicit_send          : description: Initiate an connection from the IUT to the PTS.
2022-07-02 01:17:16,371 ClientCallback.on_implicit_send INFO client.py                 177   on_implicit_send          : style: MMI_Style_Ok_Cancel2 0x11141
2022-07-02 01:17:16,371 ClientCallback.on_implicit_send INFO client.py                 183   on_implicit_send          : Calling test cases on_implicit_send
2022-07-02 01:17:16,371 root DEBUG testcase.py               675   on_implicit_send          : SM SM/CEN/SCOB/BI-01-C on_implicit_send
2022-07-02 01:17:16,371 root DEBUG testcase.py               619   join_post_wid_thread      : SM SM/CEN/SCOB/BI-01-C join_post_wid_thread
2022-07-02 01:17:16,371 root DEBUG testcase.py               621   join_post_wid_thread      : self.post_wid_thread None
2022-07-02 01:17:16,371 root DEBUG sm_wid.py                 27    sm_wid_hdl                : sm_wid_hdl, 100, 'Initiate an connection from the IUT to the PTS.', SM/CEN/SCOB/BI-01-C
2022-07-02 01:17:16,371 root DEBUG gap.py                    479   gap_conn                  : gap_conn None None
2022-07-02 01:17:16,371 root DEBUG iutctl_common.py          102   send                      : send, 1 14 0 "bytearray(b'\\x00\\xef\\xc9V\\xe8\\x07\\xc0\\x00')"
2022-07-02 01:17:16,371 root DEBUG iutctl_common.py          107   send                      : sending frame '010e00080000efc956e807c000'
2022-07-02 01:17:16,371 root DEBUG gap.py                    898   gap_command_rsp_succ      : gap_command_rsp_succ
2022-07-02 01:17:16,371 root DEBUG iutctl_common.py          215   read                      : read
2022-07-02 01:17:16,430 root DEBUG iutctl_common.py          74    read                      : Read 5 bytes
2022-07-02 01:17:16,446 root DEBUG iutctl_common.py          83    read                      : Received: hdr: Header(svc_id=1, op=14, ctrl_index=0, data_len=0) bytearray(b'\x01\x0e\x00\x00\x00')
2022-07-02 01:17:16,478 root DEBUG iutctl_common.py          96    read                      : Received data: "('',)", bytearray(b'')
2022-07-02 01:17:16,526 root DEBUG gap.py                    903   gap_command_rsp_succ      : received Header(svc_id=1, op=14, ctrl_index=0, data_len=0) (b'',)
2022-07-02 01:17:17,371 root DEBUG iutctl_common.py          74    read                      : Read 5 bytes
2022-07-02 01:17:17,387 root DEBUG iutctl_common.py          83    read                      : Received: hdr: Header(svc_id=1, op=130, ctrl_index=0, data_len=13) bytearray(b'\x01\x82\x00\r\x00')
2022-07-02 01:17:17,403 root DEBUG iutctl_common.py          96    read                      : Received data: "('\x00ïÉVè\x07À(\x00\x00\x00\x90\x01',)", bytearray(b'\x00\xef\xc9V\xe8\x07\xc0(\x00\x00\x00\x90\x01')
2022-07-02 01:17:17,403 root DEBUG btp.py                    487   event_handler             : event_handler Header(svc_id=1, op=130, ctrl_index=0, data_len=13) (b'\x00\xef\xc9V\xe8\x07\xc0(\x00\x00\x00\x90\x01',)
2022-07-02 01:17:17,403 root DEBUG gap.py                    141   gap_connected_ev_         : gap_connected_ev_ b'\x00\xef\xc9V\xe8\x07\xc0(\x00\x00\x00\x90\x01'
2022-07-02 01:17:17,403 root DEBUG testcase.py               713   on_implicit_send          : Sending response 'OK' to wid 100 test case SM/CEN/SCOB/BI-01-C
2022-07-02 01:17:17,403 ClientCallback.on_implicit_send INFO client.py                 188   on_implicit_send          : test case returned on_implicit_send, response: OK
2022-07-02 01:17:17,403 ClientCallback.on_implicit_send INFO client.py                 198   on_implicit_send          : END OnImplicitSend:
2022-07-02 01:17:17,403 ClientCallback.on_implicit_send INFO client.py                 199   on_implicit_send          : ********************
2022-07-02 01:17:17,405 ClientCallback.on_implicit_send INFO client.py                 171   on_implicit_send          : ********************
2022-07-02 01:17:17,405 ClientCallback.on_implicit_send INFO client.py                 172   on_implicit_send          : BEGIN OnImplicitSend:
2022-07-02 01:17:17,405 ClientCallback.on_implicit_send INFO client.py                 173   on_implicit_send          : project_name: SM
2022-07-02 01:17:17,405 ClientCallback.on_implicit_send INFO client.py                 174   on_implicit_send          : wid: 108
2022-07-02 01:17:17,405 ClientCallback.on_implicit_send INFO client.py                 175   on_implicit_send          : test_case_name: SM/CEN/SCOB/BI-01-C
2022-07-02 01:17:17,405 ClientCallback.on_implicit_send INFO client.py                 176   on_implicit_send          : description: Please start pairing process.
2022-07-02 01:17:17,405 ClientCallback.on_implicit_send INFO client.py                 177   on_implicit_send          : style: MMI_Style_Ok 0x11040
2022-07-02 01:17:17,405 ClientCallback.on_implicit_send INFO client.py                 183   on_implicit_send          : Calling test cases on_implicit_send
2022-07-02 01:17:17,405 root DEBUG testcase.py               675   on_implicit_send          : SM SM/CEN/SCOB/BI-01-C on_implicit_send
2022-07-02 01:17:17,405 root DEBUG testcase.py               619   join_post_wid_thread      : SM SM/CEN/SCOB/BI-01-C join_post_wid_thread
2022-07-02 01:17:17,405 root DEBUG testcase.py               621   join_post_wid_thread      : self.post_wid_thread None
2022-07-02 01:17:17,405 root DEBUG sm_wid.py                 27    sm_wid_hdl                : sm_wid_hdl, 108, 'Please start pairing process.', SM/CEN/SCOB/BI-01-C
2022-07-02 01:17:17,406 root DEBUG gap.py                    596   gap_pair                  : gap_pair None None
2022-07-02 01:17:17,406 root DEBUG iutctl_common.py          102   send                      : send, 1 17 0 "bytearray(b'\\x00\\xef\\xc9V\\xe8\\x07\\xc0')"
2022-07-02 01:17:17,406 root DEBUG iutctl_common.py          107   send                      : sending frame '011100070000efc956e807c0'
2022-07-02 01:17:17,406 root DEBUG gap.py                    898   gap_command_rsp_succ      : gap_command_rsp_succ
2022-07-02 01:17:17,406 root DEBUG iutctl_common.py          215   read                      : read
2022-07-02 01:17:17,483 root DEBUG iutctl_common.py          74    read                      : Read 5 bytes
2022-07-02 01:17:17,499 root DEBUG iutctl_common.py          83    read                      : Received: hdr: Header(svc_id=1, op=17, ctrl_index=0, data_len=0) bytearray(b'\x01\x11\x00\x00\x00')
2022-07-02 01:17:17,515 root DEBUG iutctl_common.py          96    read                      : Received data: "('',)", bytearray(b'')
2022-07-02 01:17:17,547 root DEBUG gap.py                    903   gap_command_rsp_succ      : received Header(svc_id=1, op=17, ctrl_index=0, data_len=0) (b'',)
2022-07-02 01:17:17,547 root DEBUG testcase.py               713   on_implicit_send          : Sending response 'Ok' to wid 108 test case SM/CEN/SCOB/BI-01-C
2022-07-02 01:17:17,547 ClientCallback.on_implicit_send INFO client.py                 188   on_implicit_send          : test case returned on_implicit_send, response: Ok
2022-07-02 01:17:17,547 ClientCallback.on_implicit_send INFO client.py                 198   on_implicit_send          : END OnImplicitSend:
2022-07-02 01:17:17,547 ClientCallback.on_implicit_send INFO client.py                 199   on_implicit_send          : ********************
2022-07-02 01:17:17,547 root DEBUG iutctl_common.py          74    read                      : Read 5 bytes
2022-07-02 01:17:17,548 root DEBUG iutctl_common.py          83    read                      : Received: hdr: Header(svc_id=1, op=140, ctrl_index=0, data_len=8) bytearray(b'\x01\x8c\x00\x08\x00')
2022-07-02 01:17:17,548 root DEBUG iutctl_common.py          96    read                      : Received data: "('\x00ïÉVè\x07À\x04',)", bytearray(b'\x00\xef\xc9V\xe8\x07\xc0\x04')
2022-07-02 01:17:17,548 root DEBUG btp.py                    487   event_handler             : event_handler Header(svc_id=1, op=140, ctrl_index=0, data_len=8) (b'\x00\xef\xc9V\xe8\x07\xc0\x04',)
2022-07-02 01:17:17,548 root DEBUG gap.py                    251   gap_pairing_failed_ev_    : gap_pairing_failed_ev_
2022-07-02 01:17:17,548 root DEBUG gap.py                    253   gap_pairing_failed_ev_    : received b'\x00\xef\xc9V\xe8\x07\xc0\x04'
2022-07-02 01:17:17,548 root DEBUG gap.py                    262   gap_pairing_failed_ev_    : received (0, 'c007e856c9ef', 4)
2022-07-02 01:17:17,549 ClientCallback.on_implicit_send INFO client.py                 171   on_implicit_send          : ********************
2022-07-02 01:17:17,549 ClientCallback.on_implicit_send INFO client.py                 172   on_implicit_send          : BEGIN OnImplicitSend:
2022-07-02 01:17:17,549 ClientCallback.on_implicit_send INFO client.py                 173   on_implicit_send          : project_name: SM
2022-07-02 01:17:17,549 ClientCallback.on_implicit_send INFO client.py                 174   on_implicit_send          : wid: 102
2022-07-02 01:17:17,549 ClientCallback.on_implicit_send INFO client.py                 175   on_implicit_send          : test_case_name: SM/CEN/SCOB/BI-01-C
2022-07-02 01:17:17,549 ClientCallback.on_implicit_send INFO client.py                 176   on_implicit_send          : description: Please initiate a disconnection to the PTS.

Description: Verify that the Implementation Under Test(IUT) can initiate a disconnect request to PTS.
2022-07-02 01:17:17,549 ClientCallback.on_implicit_send INFO client.py                 177   on_implicit_send          : style: MMI_Style_Ok_Cancel2 0x11141
2022-07-02 01:17:17,549 ClientCallback.on_implicit_send INFO client.py                 183   on_implicit_send          : Calling test cases on_implicit_send
2022-07-02 01:17:17,549 root DEBUG testcase.py               675   on_implicit_send          : SM SM/CEN/SCOB/BI-01-C on_implicit_send
2022-07-02 01:17:17,550 root DEBUG testcase.py               619   join_post_wid_thread      : SM SM/CEN/SCOB/BI-01-C join_post_wid_thread
2022-07-02 01:17:17,550 root DEBUG testcase.py               621   join_post_wid_thread      : self.post_wid_thread None
2022-07-02 01:17:17,550 root DEBUG sm_wid.py                 27    sm_wid_hdl                : sm_wid_hdl, 102, 'Please initiate a disconnection to the PTS.\n\nDescription: Verify that the Implementation Under Test(IUT) can initiate a disconnect request to PTS.', SM/CEN/SCOB/BI-01-C
2022-07-02 01:17:17,550 root DEBUG gap.py                    554   gap_disconn               : gap_disconn None None
2022-07-02 01:17:17,550 root DEBUG iutctl_common.py          102   send                      : send, 1 15 0 "bytearray(b'\\x00\\xef\\xc9V\\xe8\\x07\\xc0')"
2022-07-02 01:17:17,550 root DEBUG iutctl_common.py          107   send                      : sending frame '010f00070000efc956e807c0'
2022-07-02 01:17:17,550 root DEBUG gap.py                    898   gap_command_rsp_succ      : gap_command_rsp_succ
2022-07-02 01:17:17,550 root DEBUG iutctl_common.py          215   read                      : read
2022-07-02 01:17:17,611 root DEBUG iutctl_common.py          74    read                      : Read 5 bytes
2022-07-02 01:17:17,627 root DEBUG iutctl_common.py          83    read                      : Received: hdr: Header(svc_id=1, op=15, ctrl_index=0, data_len=0) bytearray(b'\x01\x0f\x00\x00\x00')
2022-07-02 01:17:17,658 root DEBUG iutctl_common.py          96    read                      : Received data: "('',)", bytearray(b'')
2022-07-02 01:17:17,706 root DEBUG gap.py                    903   gap_command_rsp_succ      : received Header(svc_id=1, op=15, ctrl_index=0, data_len=0) (b'',)
2022-07-02 01:17:17,706 root DEBUG iutctl_common.py          74    read                      : Read 5 bytes
2022-07-02 01:17:17,706 root DEBUG iutctl_common.py          83    read                      : Received: hdr: Header(svc_id=1, op=131, ctrl_index=0, data_len=7) bytearray(b'\x01\x83\x00\x07\x00')
2022-07-02 01:17:17,737 root DEBUG iutctl_common.py          96    read                      : Received data: "('\x00ïÉVè\x07À',)", bytearray(b'\x00\xef\xc9V\xe8\x07\xc0')
2022-07-02 01:17:17,785 root DEBUG btp.py                    487   event_handler             : event_handler Header(svc_id=1, op=131, ctrl_index=0, data_len=7) (b'\x00\xef\xc9V\xe8\x07\xc0',)
2022-07-02 01:17:17,801 root DEBUG gap.py                    155   gap_disconnected_ev_      : gap_disconnected_ev_ b'\x00\xef\xc9V\xe8\x07\xc0'
2022-07-02 01:17:17,801 root DEBUG testcase.py               713   on_implicit_send          : Sending response 'OK' to wid 102 test case SM/CEN/SCOB/BI-01-C
2022-07-02 01:17:17,801 ClientCallback.on_implicit_send INFO client.py                 188   on_implicit_send          : test case returned on_implicit_send, response: OK
2022-07-02 01:17:17,801 ClientCallback.on_implicit_send INFO client.py                 198   on_implicit_send          : END OnImplicitSend:
2022-07-02 01:17:17,801 ClientCallback.on_implicit_send INFO client.py                 199   on_implicit_send          : ********************
2022-07-02 01:17:17,803 ClientCallback.on_implicit_send INFO client.py                 171   on_implicit_send          : ********************
2022-07-02 01:17:17,803 ClientCallback.on_implicit_send INFO client.py                 172   on_implicit_send          : BEGIN OnImplicitSend:
2022-07-02 01:17:17,803 ClientCallback.on_implicit_send INFO client.py                 173   on_implicit_send          : project_name: SM
2022-07-02 01:17:17,803 ClientCallback.on_implicit_send INFO client.py                 174   on_implicit_send          : wid: 149
2022-07-02 01:17:17,803 ClientCallback.on_implicit_send INFO client.py                 175   on_implicit_send          : test_case_name: SM/CEN/SCOB/BI-01-C
2022-07-02 01:17:17,803 ClientCallback.on_implicit_send INFO client.py                 176   on_implicit_send          : description: Please enter the following OOB confirmation and OOB random to the IUT: 
[0C27AE5BD6F20AF4E637D4E8F86C7F07]
[45919486B1585C168B7450A7CFFDF43B]
2022-07-02 01:17:17,803 ClientCallback.on_implicit_send INFO client.py                 177   on_implicit_send          : style: MMI_Style_Yes_No1 0x11044
2022-07-02 01:17:17,803 ClientCallback.on_implicit_send INFO client.py                 183   on_implicit_send          : Calling test cases on_implicit_send
2022-07-02 01:17:17,803 root DEBUG testcase.py               675   on_implicit_send          : SM SM/CEN/SCOB/BI-01-C on_implicit_send
2022-07-02 01:17:17,803 root DEBUG testcase.py               619   join_post_wid_thread      : SM SM/CEN/SCOB/BI-01-C join_post_wid_thread
2022-07-02 01:17:17,803 root DEBUG testcase.py               621   join_post_wid_thread      : self.post_wid_thread None
2022-07-02 01:17:17,803 root DEBUG sm_wid.py                 27    sm_wid_hdl                : sm_wid_hdl, 149, 'Please enter the following OOB confirmation and OOB random to the IUT: \n[0C27AE5BD6F20AF4E637D4E8F86C7F07]\n[45919486B1585C168B7450A7CFFDF43B]', SM/CEN/SCOB/BI-01-C
2022-07-02 01:17:17,804 root DEBUG gap.py                    974   gap_oob_sc_set_remote_data : gap_oob_sc_set_remote_data '45919486B1585C168B7450A7CFFDF43B' '0C27AE5BD6F20AF4E637D4E8F86C7F07'
2022-07-02 01:17:17,804 root DEBUG iutctl_common.py          102   send                      : send, 1 26 0 'bytearray(b";\\xf4\\xfd\\xcf\\xa7Pt\\x8b\\x16\\\\X\\xb1\\x86\\x94\\x91E\\x07\\x7fl\\xf8\\xe8\\xd47\\xe6\\xf4\\n\\xf2\\xd6[\\xae\\\'\\x0c")'
2022-07-02 01:17:17,804 root DEBUG iutctl_common.py          107   send                      : sending frame '011a0020003bf4fdcfa750748b165c58b186949145077f6cf8e8d437e6f40af2d65bae270c'
2022-07-02 01:17:17,804 root DEBUG gap.py                    898   gap_command_rsp_succ      : gap_command_rsp_succ
2022-07-02 01:17:17,804 root DEBUG iutctl_common.py          215   read                      : read
2022-07-02 01:17:17,849 root DEBUG iutctl_common.py          74    read                      : Read 5 bytes
2022-07-02 01:17:17,865 root DEBUG iutctl_common.py          83    read                      : Received: hdr: Header(svc_id=1, op=26, ctrl_index=0, data_len=0) bytearray(b'\x01\x1a\x00\x00\x00')
2022-07-02 01:17:17,881 root DEBUG iutctl_common.py          96    read                      : Received data: "('',)", bytearray(b'')
2022-07-02 01:17:17,929 root DEBUG gap.py                    903   gap_command_rsp_succ      : received Header(svc_id=1, op=26, ctrl_index=0, data_len=0) (b'',)
2022-07-02 01:17:17,929 root DEBUG testcase.py               713   on_implicit_send          : Sending response 'Yes' to wid 149 test case SM/CEN/SCOB/BI-01-C
2022-07-02 01:17:17,929 ClientCallback.on_implicit_send INFO client.py                 188   on_implicit_send          : test case returned on_implicit_send, response: Yes
2022-07-02 01:17:17,929 ClientCallback.on_implicit_send INFO client.py                 198   on_implicit_send          : END OnImplicitSend:
2022-07-02 01:17:17,929 ClientCallback.on_implicit_send INFO client.py                 199   on_implicit_send          : ********************
2022-07-02 01:17:17,931 ClientCallback.on_implicit_send INFO client.py                 171   on_implicit_send          : ********************
2022-07-02 01:17:17,931 ClientCallback.on_implicit_send INFO client.py                 172   on_implicit_send          : BEGIN OnImplicitSend:
2022-07-02 01:17:17,931 ClientCallback.on_implicit_send INFO client.py                 173   on_implicit_send          : project_name: SM
2022-07-02 01:17:17,931 ClientCallback.on_implicit_send INFO client.py                 174   on_implicit_send          : wid: 100
2022-07-02 01:17:17,931 ClientCallback.on_implicit_send INFO client.py                 175   on_implicit_send          : test_case_name: SM/CEN/SCOB/BI-01-C
2022-07-02 01:17:17,931 ClientCallback.on_implicit_send INFO client.py                 176   on_implicit_send          : description: Initiate an connection from the IUT to the PTS.
2022-07-02 01:17:17,931 ClientCallback.on_implicit_send INFO client.py                 177   on_implicit_send          : style: MMI_Style_Ok_Cancel2 0x11141
2022-07-02 01:17:17,931 ClientCallback.on_implicit_send INFO client.py                 183   on_implicit_send          : Calling test cases on_implicit_send
2022-07-02 01:17:17,931 root DEBUG testcase.py               675   on_implicit_send          : SM SM/CEN/SCOB/BI-01-C on_implicit_send
2022-07-02 01:17:17,931 root DEBUG testcase.py               619   join_post_wid_thread      : SM SM/CEN/SCOB/BI-01-C join_post_wid_thread
2022-07-02 01:17:17,931 root DEBUG testcase.py               621   join_post_wid_thread      : self.post_wid_thread None
2022-07-02 01:17:17,931 root DEBUG sm_wid.py                 27    sm_wid_hdl                : sm_wid_hdl, 100, 'Initiate an connection from the IUT to the PTS.', SM/CEN/SCOB/BI-01-C
2022-07-02 01:17:17,932 root DEBUG gap.py                    479   gap_conn                  : gap_conn None None
2022-07-02 01:17:17,932 root DEBUG iutctl_common.py          102   send                      : send, 1 14 0 "bytearray(b'\\x00\\xef\\xc9V\\xe8\\x07\\xc0\\x00')"
2022-07-02 01:17:17,932 root DEBUG iutctl_common.py          107   send                      : sending frame '010e00080000efc956e807c000'
2022-07-02 01:17:17,932 root DEBUG gap.py                    898   gap_command_rsp_succ      : gap_command_rsp_succ
2022-07-02 01:17:17,932 root DEBUG iutctl_common.py          215   read                      : read
2022-07-02 01:17:17,977 root DEBUG iutctl_common.py          74    read                      : Read 5 bytes
2022-07-02 01:17:18,009 root DEBUG iutctl_common.py          83    read                      : Received: hdr: Header(svc_id=1, op=14, ctrl_index=0, data_len=0) bytearray(b'\x01\x0e\x00\x00\x00')
2022-07-02 01:17:18,040 root DEBUG iutctl_common.py          96    read                      : Received data: "('',)", bytearray(b'')
2022-07-02 01:17:18,056 root DEBUG gap.py                    903   gap_command_rsp_succ      : received Header(svc_id=1, op=14, ctrl_index=0, data_len=0) (b'',)
2022-07-02 01:17:18,806 root DEBUG iutctl_common.py          74    read                      : Read 5 bytes
2022-07-02 01:17:18,822 root DEBUG iutctl_common.py          83    read                      : Received: hdr: Header(svc_id=1, op=130, ctrl_index=0, data_len=13) bytearray(b'\x01\x82\x00\r\x00')
2022-07-02 01:17:18,838 root DEBUG iutctl_common.py          96    read                      : Received data: "('\x00ïÉVè\x07À(\x00\x00\x00\x90\x01',)", bytearray(b'\x00\xef\xc9V\xe8\x07\xc0(\x00\x00\x00\x90\x01')
2022-07-02 01:17:18,838 root DEBUG btp.py                    487   event_handler             : event_handler Header(svc_id=1, op=130, ctrl_index=0, data_len=13) (b'\x00\xef\xc9V\xe8\x07\xc0(\x00\x00\x00\x90\x01',)
2022-07-02 01:17:18,838 root DEBUG gap.py                    141   gap_connected_ev_         : gap_connected_ev_ b'\x00\xef\xc9V\xe8\x07\xc0(\x00\x00\x00\x90\x01'
2022-07-02 01:17:18,838 root DEBUG testcase.py               713   on_implicit_send          : Sending response 'OK' to wid 100 test case SM/CEN/SCOB/BI-01-C
2022-07-02 01:17:18,838 ClientCallback.on_implicit_send INFO client.py                 188   on_implicit_send          : test case returned on_implicit_send, response: OK
2022-07-02 01:17:18,838 ClientCallback.on_implicit_send INFO client.py                 198   on_implicit_send          : END OnImplicitSend:
2022-07-02 01:17:18,838 ClientCallback.on_implicit_send INFO client.py                 199   on_implicit_send          : ********************
2022-07-02 01:17:18,840 ClientCallback.on_implicit_send INFO client.py                 171   on_implicit_send          : ********************
2022-07-02 01:17:18,840 ClientCallback.on_implicit_send INFO client.py                 172   on_implicit_send          : BEGIN OnImplicitSend:
2022-07-02 01:17:18,840 ClientCallback.on_implicit_send INFO client.py                 173   on_implicit_send          : project_name: SM
2022-07-02 01:17:18,840 ClientCallback.on_implicit_send INFO client.py                 174   on_implicit_send          : wid: 108
2022-07-02 01:17:18,840 ClientCallback.on_implicit_send INFO client.py                 175   on_implicit_send          : test_case_name: SM/CEN/SCOB/BI-01-C
2022-07-02 01:17:18,840 ClientCallback.on_implicit_send INFO client.py                 176   on_implicit_send          : description: Please start pairing process.
2022-07-02 01:17:18,840 ClientCallback.on_implicit_send INFO client.py                 177   on_implicit_send          : style: MMI_Style_Ok 0x11040
2022-07-02 01:17:18,840 ClientCallback.on_implicit_send INFO client.py                 183   on_implicit_send          : Calling test cases on_implicit_send
2022-07-02 01:17:18,840 root DEBUG testcase.py               675   on_implicit_send          : SM SM/CEN/SCOB/BI-01-C on_implicit_send
2022-07-02 01:17:18,840 root DEBUG testcase.py               619   join_post_wid_thread      : SM SM/CEN/SCOB/BI-01-C join_post_wid_thread
2022-07-02 01:17:18,841 root DEBUG testcase.py               621   join_post_wid_thread      : self.post_wid_thread None
2022-07-02 01:17:18,841 root DEBUG sm_wid.py                 27    sm_wid_hdl                : sm_wid_hdl, 108, 'Please start pairing process.', SM/CEN/SCOB/BI-01-C
2022-07-02 01:17:18,841 root DEBUG gap.py                    596   gap_pair                  : gap_pair None None
2022-07-02 01:17:18,841 root DEBUG iutctl_common.py          102   send                      : send, 1 17 0 "bytearray(b'\\x00\\xef\\xc9V\\xe8\\x07\\xc0')"
2022-07-02 01:17:18,841 root DEBUG iutctl_common.py          107   send                      : sending frame '011100070000efc956e807c0'
2022-07-02 01:17:18,841 root DEBUG gap.py                    898   gap_command_rsp_succ      : gap_command_rsp_succ
2022-07-02 01:17:18,841 root DEBUG iutctl_common.py          215   read                      : read
2022-07-02 01:17:18,918 root DEBUG iutctl_common.py          74    read                      : Read 5 bytes
2022-07-02 01:17:18,918 root DEBUG iutctl_common.py          83    read                      : Received: hdr: Header(svc_id=1, op=17, ctrl_index=0, data_len=0) bytearray(b'\x01\x11\x00\x00\x00')
2022-07-02 01:17:18,934 root DEBUG iutctl_common.py          96    read                      : Received data: "('',)", bytearray(b'')
2022-07-02 01:17:18,950 root DEBUG iutctl_common.py          74    read                      : Read 5 bytes
2022-07-02 01:17:18,950 root DEBUG iutctl_common.py          83    read                      : Received: hdr: Header(svc_id=1, op=140, ctrl_index=0, data_len=8) bytearray(b'\x01\x8c\x00\x08\x00')
2022-07-02 01:17:18,950 root DEBUG gap.py                    903   gap_command_rsp_succ      : received Header(svc_id=1, op=17, ctrl_index=0, data_len=0) (b'',)
2022-07-02 01:17:18,950 root DEBUG iutctl_common.py          96    read                      : Received data: "('\x00ïÉVè\x07À\t',)", bytearray(b'\x00\xef\xc9V\xe8\x07\xc0\t')
2022-07-02 01:17:18,950 root DEBUG testcase.py               713   on_implicit_send          : Sending response 'Ok' to wid 108 test case SM/CEN/SCOB/BI-01-C
2022-07-02 01:17:18,951 root DEBUG btp.py                    487   event_handler             : event_handler Header(svc_id=1, op=140, ctrl_index=0, data_len=8) (b'\x00\xef\xc9V\xe8\x07\xc0\t',)
2022-07-02 01:17:18,951 ClientCallback.on_implicit_send INFO client.py                 188   on_implicit_send          : test case returned on_implicit_send, response: Ok
2022-07-02 01:17:18,951 root DEBUG gap.py                    251   gap_pairing_failed_ev_    : gap_pairing_failed_ev_
2022-07-02 01:17:18,951 ClientCallback.on_implicit_send INFO client.py                 198   on_implicit_send          : END OnImplicitSend:
2022-07-02 01:17:18,951 root DEBUG gap.py                    253   gap_pairing_failed_ev_    : received b'\x00\xef\xc9V\xe8\x07\xc0\t'
2022-07-02 01:17:18,951 ClientCallback.on_implicit_send INFO client.py                 199   on_implicit_send          : ********************
2022-07-02 01:17:18,951 root DEBUG gap.py                    262   gap_pairing_failed_ev_    : received (0, 'c007e856c9ef', 9)
2022-07-02 01:17:18,953 ClientCallback.on_implicit_send INFO client.py                 171   on_implicit_send          : ********************
2022-07-02 01:17:18,954 ClientCallback.on_implicit_send INFO client.py                 172   on_implicit_send          : BEGIN OnImplicitSend:
2022-07-02 01:17:18,954 ClientCallback.on_implicit_send INFO client.py                 173   on_implicit_send          : project_name: SM
2022-07-02 01:17:18,954 ClientCallback.on_implicit_send INFO client.py                 174   on_implicit_send          : wid: 102
2022-07-02 01:17:18,954 ClientCallback.on_implicit_send INFO client.py                 175   on_implicit_send          : test_case_name: SM/CEN/SCOB/BI-01-C
2022-07-02 01:17:18,954 ClientCallback.on_implicit_send INFO client.py                 176   on_implicit_send          : description: Please initiate a disconnection to the PTS.

Description: Verify that the Implementation Under Test(IUT) can initiate a disconnect request to PTS.
2022-07-02 01:17:18,954 ClientCallback.on_implicit_send INFO client.py                 177   on_implicit_send          : style: MMI_Style_Ok_Cancel2 0x11141
2022-07-02 01:17:18,954 ClientCallback.on_implicit_send INFO client.py                 183   on_implicit_send          : Calling test cases on_implicit_send
2022-07-02 01:17:18,954 root DEBUG testcase.py               675   on_implicit_send          : SM SM/CEN/SCOB/BI-01-C on_implicit_send
2022-07-02 01:17:18,954 root DEBUG testcase.py               619   join_post_wid_thread      : SM SM/CEN/SCOB/BI-01-C join_post_wid_thread
2022-07-02 01:17:18,954 root DEBUG testcase.py               621   join_post_wid_thread      : self.post_wid_thread None
2022-07-02 01:17:18,954 root DEBUG sm_wid.py                 27    sm_wid_hdl                : sm_wid_hdl, 102, 'Please initiate a disconnection to the PTS.\n\nDescription: Verify that the Implementation Under Test(IUT) can initiate a disconnect request to PTS.', SM/CEN/SCOB/BI-01-C
2022-07-02 01:17:18,954 root DEBUG gap.py                    554   gap_disconn               : gap_disconn None None
2022-07-02 01:17:18,954 root DEBUG iutctl_common.py          102   send                      : send, 1 15 0 "bytearray(b'\\x00\\xef\\xc9V\\xe8\\x07\\xc0')"
2022-07-02 01:17:18,954 root DEBUG iutctl_common.py          107   send                      : sending frame '010f00070000efc956e807c0'
2022-07-02 01:17:18,954 root DEBUG gap.py                    898   gap_command_rsp_succ      : gap_command_rsp_succ
2022-07-02 01:17:18,954 root DEBUG iutctl_common.py          215   read                      : read
2022-07-02 01:17:19,046 root DEBUG iutctl_common.py          74    read                      : Read 5 bytes
2022-07-02 01:17:19,062 root DEBUG iutctl_common.py          83    read                      : Received: hdr: Header(svc_id=1, op=15, ctrl_index=0, data_len=0) bytearray(b'\x01\x0f\x00\x00\x00')
2022-07-02 01:17:19,062 root DEBUG iutctl_common.py          96    read                      : Received data: "('',)", bytearray(b'')
2022-07-02 01:17:19,062 root DEBUG iutctl_common.py          74    read                      : Read 5 bytes
2022-07-02 01:17:19,062 root DEBUG iutctl_common.py          83    read                      : Received: hdr: Header(svc_id=1, op=131, ctrl_index=0, data_len=7) bytearray(b'\x01\x83\x00\x07\x00')
2022-07-02 01:17:19,062 root DEBUG gap.py                    903   gap_command_rsp_succ      : received Header(svc_id=1, op=15, ctrl_index=0, data_len=0) (b'',)
2022-07-02 01:17:19,062 root DEBUG iutctl_common.py          96    read                      : Received data: "('\x00ïÉVè\x07À',)", bytearray(b'\x00\xef\xc9V\xe8\x07\xc0')
2022-07-02 01:17:19,094 root DEBUG btp.py                    487   event_handler             : event_handler Header(svc_id=1, op=131, ctrl_index=0, data_len=7) (b'\x00\xef\xc9V\xe8\x07\xc0',)
2022-07-02 01:17:19,125 root DEBUG gap.py                    155   gap_disconnected_ev_      : gap_disconnected_ev_ b'\x00\xef\xc9V\xe8\x07\xc0'
2022-07-02 01:17:19,141 root DEBUG testcase.py               713   on_implicit_send          : Sending response 'OK' to wid 102 test case SM/CEN/SCOB/BI-01-C
2022-07-02 01:17:19,141 ClientCallback.on_implicit_send INFO client.py                 188   on_implicit_send          : test case returned on_implicit_send, response: OK
2022-07-02 01:17:19,141 ClientCallback.on_implicit_send INFO client.py                 198   on_implicit_send          : END OnImplicitSend:
2022-07-02 01:17:19,141 ClientCallback.on_implicit_send INFO client.py                 199   on_implicit_send          : ********************
2022-07-02 01:17:19,142 ClientCallback.on_implicit_send INFO client.py                 171   on_implicit_send          : ********************
2022-07-02 01:17:19,142 ClientCallback.on_implicit_send INFO client.py                 172   on_implicit_send          : BEGIN OnImplicitSend:
2022-07-02 01:17:19,142 ClientCallback.on_implicit_send INFO client.py                 173   on_implicit_send          : project_name: SM
2022-07-02 01:17:19,142 ClientCallback.on_implicit_send INFO client.py                 174   on_implicit_send          : wid: 149
2022-07-02 01:17:19,142 ClientCallback.on_implicit_send INFO client.py                 175   on_implicit_send          : test_case_name: SM/CEN/SCOB/BI-01-C
2022-07-02 01:17:19,142 ClientCallback.on_implicit_send INFO client.py                 176   on_implicit_send          : description: Please enter the following OOB confirmation and OOB random to the IUT: 
[24340C5BE55A3DF15833FDD6C9029C7D]
[85CC310A58116B7CDD2A630A11358EE4]
2022-07-02 01:17:19,142 ClientCallback.on_implicit_send INFO client.py                 177   on_implicit_send          : style: MMI_Style_Yes_No1 0x11044
2022-07-02 01:17:19,142 ClientCallback.on_implicit_send INFO client.py                 183   on_implicit_send          : Calling test cases on_implicit_send
2022-07-02 01:17:19,142 root DEBUG testcase.py               675   on_implicit_send          : SM SM/CEN/SCOB/BI-01-C on_implicit_send
2022-07-02 01:17:19,142 root DEBUG testcase.py               619   join_post_wid_thread      : SM SM/CEN/SCOB/BI-01-C join_post_wid_thread
2022-07-02 01:17:19,142 root DEBUG testcase.py               621   join_post_wid_thread      : self.post_wid_thread None
2022-07-02 01:17:19,142 root DEBUG sm_wid.py                 27    sm_wid_hdl                : sm_wid_hdl, 149, 'Please enter the following OOB confirmation and OOB random to the IUT: \n[24340C5BE55A3DF15833FDD6C9029C7D]\n[85CC310A58116B7CDD2A630A11358EE4]', SM/CEN/SCOB/BI-01-C
2022-07-02 01:17:19,144 root DEBUG gap.py                    974   gap_oob_sc_set_remote_data : gap_oob_sc_set_remote_data '85CC310A58116B7CDD2A630A11358EE4' '24340C5BE55A3DF15833FDD6C9029C7D'
2022-07-02 01:17:19,144 root DEBUG iutctl_common.py          102   send                      : send, 1 26 0 "bytearray(b'\\xe4\\x8e5\\x11\\nc*\\xdd|k\\x11X\\n1\\xcc\\x85}\\x9c\\x02\\xc9\\xd6\\xfd3X\\xf1=Z\\xe5[\\x0c4$')"
2022-07-02 01:17:19,144 root DEBUG iutctl_common.py          107   send                      : sending frame '011a002000e48e35110a632add7c6b11580a31cc857d9c02c9d6fd3358f13d5ae55b0c3424'
2022-07-02 01:17:19,144 root DEBUG gap.py                    898   gap_command_rsp_succ      : gap_command_rsp_succ
2022-07-02 01:17:19,144 root DEBUG iutctl_common.py          215   read                      : read
2022-07-02 01:17:19,220 root DEBUG iutctl_common.py          74    read                      : Read 5 bytes
2022-07-02 01:17:19,252 root DEBUG iutctl_common.py          83    read                      : Received: hdr: Header(svc_id=1, op=26, ctrl_index=0, data_len=0) bytearray(b'\x01\x1a\x00\x00\x00')
2022-07-02 01:17:19,284 root DEBUG iutctl_common.py          96    read                      : Received data: "('',)", bytearray(b'')
2022-07-02 01:17:19,332 root DEBUG gap.py                    903   gap_command_rsp_succ      : received Header(svc_id=1, op=26, ctrl_index=0, data_len=0) (b'',)
2022-07-02 01:17:19,332 root DEBUG testcase.py               713   on_implicit_send          : Sending response 'Yes' to wid 149 test case SM/CEN/SCOB/BI-01-C
2022-07-02 01:17:19,332 ClientCallback.on_implicit_send INFO client.py                 188   on_implicit_send          : test case returned on_implicit_send, response: Yes
2022-07-02 01:17:19,332 ClientCallback.on_implicit_send INFO client.py                 198   on_implicit_send          : END OnImplicitSend:
2022-07-02 01:17:19,332 ClientCallback.on_implicit_send INFO client.py                 199   on_implicit_send          : ********************
2022-07-02 01:17:19,334 ClientCallback.on_implicit_send INFO client.py                 171   on_implicit_send          : ********************
2022-07-02 01:17:19,334 ClientCallback.on_implicit_send INFO client.py                 172   on_implicit_send          : BEGIN OnImplicitSend:
2022-07-02 01:17:19,334 ClientCallback.on_implicit_send INFO client.py                 173   on_implicit_send          : project_name: SM
2022-07-02 01:17:19,334 ClientCallback.on_implicit_send INFO client.py                 174   on_implicit_send          : wid: 100
2022-07-02 01:17:19,334 ClientCallback.on_implicit_send INFO client.py                 175   on_implicit_send          : test_case_name: SM/CEN/SCOB/BI-01-C
2022-07-02 01:17:19,334 ClientCallback.on_implicit_send INFO client.py                 176   on_implicit_send          : description: Initiate an connection from the IUT to the PTS.
2022-07-02 01:17:19,334 ClientCallback.on_implicit_send INFO client.py                 177   on_implicit_send          : style: MMI_Style_Ok_Cancel2 0x11141
2022-07-02 01:17:19,334 ClientCallback.on_implicit_send INFO client.py                 183   on_implicit_send          : Calling test cases on_implicit_send
2022-07-02 01:17:19,334 root DEBUG testcase.py               675   on_implicit_send          : SM SM/CEN/SCOB/BI-01-C on_implicit_send
2022-07-02 01:17:19,334 root DEBUG testcase.py               619   join_post_wid_thread      : SM SM/CEN/SCOB/BI-01-C join_post_wid_thread
2022-07-02 01:17:19,334 root DEBUG testcase.py               621   join_post_wid_thread      : self.post_wid_thread None
2022-07-02 01:17:19,334 root DEBUG sm_wid.py                 27    sm_wid_hdl                : sm_wid_hdl, 100, 'Initiate an connection from the IUT to the PTS.', SM/CEN/SCOB/BI-01-C
2022-07-02 01:17:19,334 root DEBUG gap.py                    479   gap_conn                  : gap_conn None None
2022-07-02 01:17:19,334 root DEBUG iutctl_common.py          102   send                      : send, 1 14 0 "bytearray(b'\\x00\\xef\\xc9V\\xe8\\x07\\xc0\\x00')"
2022-07-02 01:17:19,335 root DEBUG iutctl_common.py          107   send                      : sending frame '010e00080000efc956e807c000'
2022-07-02 01:17:19,335 root DEBUG gap.py                    898   gap_command_rsp_succ      : gap_command_rsp_succ
2022-07-02 01:17:19,335 root DEBUG iutctl_common.py          215   read                      : read
2022-07-02 01:17:19,412 root DEBUG iutctl_common.py          74    read                      : Read 5 bytes
2022-07-02 01:17:19,428 root DEBUG iutctl_common.py          83    read                      : Received: hdr: Header(svc_id=1, op=14, ctrl_index=0, data_len=0) bytearray(b'\x01\x0e\x00\x00\x00')
2022-07-02 01:17:19,428 root DEBUG iutctl_common.py          96    read                      : Received data: "('',)", bytearray(b'')
2022-07-02 01:17:19,428 root DEBUG gap.py                    903   gap_command_rsp_succ      : received Header(svc_id=1, op=14, ctrl_index=0, data_len=0) (b'',)
2022-07-02 01:17:20,162 root DEBUG iutctl_common.py          74    read                      : Read 5 bytes
2022-07-02 01:17:20,194 root DEBUG iutctl_common.py          83    read                      : Received: hdr: Header(svc_id=1, op=130, ctrl_index=0, data_len=13) bytearray(b'\x01\x82\x00\r\x00')
2022-07-02 01:17:20,226 root DEBUG iutctl_common.py          96    read                      : Received data: "('\x00ïÉVè\x07À(\x00\x00\x00\x90\x01',)", bytearray(b'\x00\xef\xc9V\xe8\x07\xc0(\x00\x00\x00\x90\x01')
2022-07-02 01:17:20,226 root DEBUG btp.py                    487   event_handler             : event_handler Header(svc_id=1, op=130, ctrl_index=0, data_len=13) (b'\x00\xef\xc9V\xe8\x07\xc0(\x00\x00\x00\x90\x01',)
2022-07-02 01:17:20,226 root DEBUG gap.py                    141   gap_connected_ev_         : gap_connected_ev_ b'\x00\xef\xc9V\xe8\x07\xc0(\x00\x00\x00\x90\x01'
2022-07-02 01:17:20,226 root DEBUG testcase.py               713   on_implicit_send          : Sending response 'OK' to wid 100 test case SM/CEN/SCOB/BI-01-C
2022-07-02 01:17:20,226 ClientCallback.on_implicit_send INFO client.py                 188   on_implicit_send          : test case returned on_implicit_send, response: OK
2022-07-02 01:17:20,226 ClientCallback.on_implicit_send INFO client.py                 198   on_implicit_send          : END OnImplicitSend:
2022-07-02 01:17:20,226 ClientCallback.on_implicit_send INFO client.py                 199   on_implicit_send          : ********************
2022-07-02 01:17:20,228 ClientCallback.on_implicit_send INFO client.py                 171   on_implicit_send          : ********************
2022-07-02 01:17:20,228 ClientCallback.on_implicit_send INFO client.py                 172   on_implicit_send          : BEGIN OnImplicitSend:
2022-07-02 01:17:20,228 ClientCallback.on_implicit_send INFO client.py                 173   on_implicit_send          : project_name: SM
2022-07-02 01:17:20,228 ClientCallback.on_implicit_send INFO client.py                 174   on_implicit_send          : wid: 108
2022-07-02 01:17:20,228 ClientCallback.on_implicit_send INFO client.py                 175   on_implicit_send          : test_case_name: SM/CEN/SCOB/BI-01-C
2022-07-02 01:17:20,228 ClientCallback.on_implicit_send INFO client.py                 176   on_implicit_send          : description: Please start pairing process.
2022-07-02 01:17:20,228 ClientCallback.on_implicit_send INFO client.py                 177   on_implicit_send          : style: MMI_Style_Ok 0x11040
2022-07-02 01:17:20,228 ClientCallback.on_implicit_send INFO client.py                 183   on_implicit_send          : Calling test cases on_implicit_send
2022-07-02 01:17:20,228 root DEBUG testcase.py               675   on_implicit_send          : SM SM/CEN/SCOB/BI-01-C on_implicit_send
2022-07-02 01:17:20,228 root DEBUG testcase.py               619   join_post_wid_thread      : SM SM/CEN/SCOB/BI-01-C join_post_wid_thread
2022-07-02 01:17:20,228 root DEBUG testcase.py               621   join_post_wid_thread      : self.post_wid_thread None
2022-07-02 01:17:20,228 root DEBUG sm_wid.py                 27    sm_wid_hdl                : sm_wid_hdl, 108, 'Please start pairing process.', SM/CEN/SCOB/BI-01-C
2022-07-02 01:17:20,229 root DEBUG gap.py                    596   gap_pair                  : gap_pair None None
2022-07-02 01:17:20,229 root DEBUG iutctl_common.py          102   send                      : send, 1 17 0 "bytearray(b'\\x00\\xef\\xc9V\\xe8\\x07\\xc0')"
2022-07-02 01:17:20,229 root DEBUG iutctl_common.py          107   send                      : sending frame '011100070000efc956e807c0'
2022-07-02 01:17:20,229 root DEBUG gap.py                    898   gap_command_rsp_succ      : gap_command_rsp_succ
2022-07-02 01:17:20,229 root DEBUG iutctl_common.py          215   read                      : read
2022-07-02 01:17:20,304 root DEBUG iutctl_common.py          74    read                      : Read 5 bytes
2022-07-02 01:17:20,336 root DEBUG iutctl_common.py          83    read                      : Received: hdr: Header(svc_id=1, op=17, ctrl_index=0, data_len=0) bytearray(b'\x01\x11\x00\x00\x00')
2022-07-02 01:17:20,368 root DEBUG iutctl_common.py          96    read                      : Received data: "('',)", bytearray(b'')
2022-07-02 01:17:20,384 root DEBUG iutctl_common.py          74    read                      : Read 5 bytes
2022-07-02 01:17:20,384 root DEBUG iutctl_common.py          83    read                      : Received: hdr: Header(svc_id=1, op=140, ctrl_index=0, data_len=8) bytearray(b'\x01\x8c\x00\x08\x00')
2022-07-02 01:17:20,384 root DEBUG iutctl_common.py          96    read                      : Received data: "('\x00ïÉVè\x07À\x05',)", bytearray(b'\x00\xef\xc9V\xe8\x07\xc0\x05')
2022-07-02 01:17:20,384 root DEBUG btp.py                    487   event_handler             : event_handler Header(svc_id=1, op=140, ctrl_index=0, data_len=8) (b'\x00\xef\xc9V\xe8\x07\xc0\x05',)
2022-07-02 01:17:20,384 root DEBUG gap.py                    251   gap_pairing_failed_ev_    : gap_pairing_failed_ev_
2022-07-02 01:17:20,384 root DEBUG gap.py                    253   gap_pairing_failed_ev_    : received b'\x00\xef\xc9V\xe8\x07\xc0\x05'
2022-07-02 01:17:20,384 root DEBUG gap.py                    262   gap_pairing_failed_ev_    : received (0, 'c007e856c9ef', 5)
2022-07-02 01:17:20,384 root DEBUG gap.py                    903   gap_command_rsp_succ      : received Header(svc_id=1, op=17, ctrl_index=0, data_len=0) (b'',)
2022-07-02 01:17:20,385 root DEBUG testcase.py               713   on_implicit_send          : Sending response 'Ok' to wid 108 test case SM/CEN/SCOB/BI-01-C
2022-07-02 01:17:20,385 ClientCallback.on_implicit_send INFO client.py                 188   on_implicit_send          : test case returned on_implicit_send, response: Ok
2022-07-02 01:17:20,385 ClientCallback.on_implicit_send INFO client.py                 198   on_implicit_send          : END OnImplicitSend:
2022-07-02 01:17:20,385 ClientCallback.on_implicit_send INFO client.py                 199   on_implicit_send          : ********************
2022-07-02 01:17:20,387 ClientCallback.on_implicit_send INFO client.py                 171   on_implicit_send          : ********************
2022-07-02 01:17:20,387 ClientCallback.on_implicit_send INFO client.py                 172   on_implicit_send          : BEGIN OnImplicitSend:
2022-07-02 01:17:20,387 ClientCallback.on_implicit_send INFO client.py                 173   on_implicit_send          : project_name: SM
2022-07-02 01:17:20,387 ClientCallback.on_implicit_send INFO client.py                 174   on_implicit_send          : wid: 102
2022-07-02 01:17:20,387 ClientCallback.on_implicit_send INFO client.py                 175   on_implicit_send          : test_case_name: SM/CEN/SCOB/BI-01-C
2022-07-02 01:17:20,387 ClientCallback.on_implicit_send INFO client.py                 176   on_implicit_send          : description: Please initiate a disconnection to the PTS.

Description: Verify that the Implementation Under Test(IUT) can initiate a disconnect request to PTS.
2022-07-02 01:17:20,387 ClientCallback.on_implicit_send INFO client.py                 177   on_implicit_send          : style: MMI_Style_Ok_Cancel2 0x11141
2022-07-02 01:17:20,387 ClientCallback.on_implicit_send INFO client.py                 183   on_implicit_send          : Calling test cases on_implicit_send
2022-07-02 01:17:20,387 root DEBUG testcase.py               675   on_implicit_send          : SM SM/CEN/SCOB/BI-01-C on_implicit_send
2022-07-02 01:17:20,387 root DEBUG testcase.py               619   join_post_wid_thread      : SM SM/CEN/SCOB/BI-01-C join_post_wid_thread
2022-07-02 01:17:20,387 root DEBUG testcase.py               621   join_post_wid_thread      : self.post_wid_thread None
2022-07-02 01:17:20,387 root DEBUG sm_wid.py                 27    sm_wid_hdl                : sm_wid_hdl, 102, 'Please initiate a disconnection to the PTS.\n\nDescription: Verify that the Implementation Under Test(IUT) can initiate a disconnect request to PTS.', SM/CEN/SCOB/BI-01-C
2022-07-02 01:17:20,387 root DEBUG gap.py                    554   gap_disconn               : gap_disconn None None
2022-07-02 01:17:20,388 root DEBUG iutctl_common.py          102   send                      : send, 1 15 0 "bytearray(b'\\x00\\xef\\xc9V\\xe8\\x07\\xc0')"
2022-07-02 01:17:20,388 root DEBUG iutctl_common.py          107   send                      : sending frame '010f00070000efc956e807c0'
2022-07-02 01:17:20,388 root DEBUG gap.py                    898   gap_command_rsp_succ      : gap_command_rsp_succ
2022-07-02 01:17:20,388 root DEBUG iutctl_common.py          215   read                      : read
2022-07-02 01:17:20,448 root DEBUG iutctl_common.py          74    read                      : Read 5 bytes
2022-07-02 01:17:20,464 root DEBUG iutctl_common.py          83    read                      : Received: hdr: Header(svc_id=1, op=15, ctrl_index=0, data_len=0) bytearray(b'\x01\x0f\x00\x00\x00')
2022-07-02 01:17:20,464 root DEBUG iutctl_common.py          96    read                      : Received data: "('',)", bytearray(b'')
2022-07-02 01:17:20,480 root DEBUG iutctl_common.py          74    read                      : Read 5 bytes
2022-07-02 01:17:20,480 root DEBUG gap.py                    903   gap_command_rsp_succ      : received Header(svc_id=1, op=15, ctrl_index=0, data_len=0) (b'',)
2022-07-02 01:17:20,480 root DEBUG iutctl_common.py          83    read                      : Received: hdr: Header(svc_id=1, op=131, ctrl_index=0, data_len=7) bytearray(b'\x01\x83\x00\x07\x00')
2022-07-02 01:17:20,496 root DEBUG iutctl_common.py          96    read                      : Received data: "('\x00ïÉVè\x07À',)", bytearray(b'\x00\xef\xc9V\xe8\x07\xc0')
2022-07-02 01:17:20,544 root DEBUG btp.py                    487   event_handler             : event_handler Header(svc_id=1, op=131, ctrl_index=0, data_len=7) (b'\x00\xef\xc9V\xe8\x07\xc0',)
2022-07-02 01:17:20,560 root DEBUG gap.py                    155   gap_disconnected_ev_      : gap_disconnected_ev_ b'\x00\xef\xc9V\xe8\x07\xc0'
2022-07-02 01:17:20,560 root DEBUG testcase.py               713   on_implicit_send          : Sending response 'OK' to wid 102 test case SM/CEN/SCOB/BI-01-C
2022-07-02 01:17:20,560 ClientCallback.on_implicit_send INFO client.py                 188   on_implicit_send          : test case returned on_implicit_send, response: OK
2022-07-02 01:17:20,560 ClientCallback.on_implicit_send INFO client.py                 198   on_implicit_send          : END OnImplicitSend:
2022-07-02 01:17:20,560 ClientCallback.on_implicit_send INFO client.py                 199   on_implicit_send          : ********************
2022-07-02 01:17:20,562 ClientCallback.on_implicit_send INFO client.py                 171   on_implicit_send          : ********************
2022-07-02 01:17:20,562 ClientCallback.on_implicit_send INFO client.py                 172   on_implicit_send          : BEGIN OnImplicitSend:
2022-07-02 01:17:20,562 ClientCallback.on_implicit_send INFO client.py                 173   on_implicit_send          : project_name: SM
2022-07-02 01:17:20,562 ClientCallback.on_implicit_send INFO client.py                 174   on_implicit_send          : wid: 149
2022-07-02 01:17:20,562 ClientCallback.on_implicit_send INFO client.py                 175   on_implicit_send          : test_case_name: SM/CEN/SCOB/BI-01-C
2022-07-02 01:17:20,562 ClientCallback.on_implicit_send INFO client.py                 176   on_implicit_send          : description: Please enter the following OOB confirmation and OOB random to the IUT: 
[C35AC1A2A7080882D4555432D5948946]
[EF1FC4E73A3CB67C7DAEF15A754CBE34]
2022-07-02 01:17:20,562 ClientCallback.on_implicit_send INFO client.py                 177   on_implicit_send          : style: MMI_Style_Yes_No1 0x11044
2022-07-02 01:17:20,562 ClientCallback.on_implicit_send INFO client.py                 183   on_implicit_send          : Calling test cases on_implicit_send
2022-07-02 01:17:20,563 root DEBUG testcase.py               675   on_implicit_send          : SM SM/CEN/SCOB/BI-01-C on_implicit_send
2022-07-02 01:17:20,563 root DEBUG testcase.py               619   join_post_wid_thread      : SM SM/CEN/SCOB/BI-01-C join_post_wid_thread
2022-07-02 01:17:20,563 root DEBUG testcase.py               621   join_post_wid_thread      : self.post_wid_thread None
2022-07-02 01:17:20,563 root DEBUG sm_wid.py                 27    sm_wid_hdl                : sm_wid_hdl, 149, 'Please enter the following OOB confirmation and OOB random to the IUT: \n[C35AC1A2A7080882D4555432D5948946]\n[EF1FC4E73A3CB67C7DAEF15A754CBE34]', SM/CEN/SCOB/BI-01-C
2022-07-02 01:17:20,563 root DEBUG gap.py                    974   gap_oob_sc_set_remote_data : gap_oob_sc_set_remote_data 'EF1FC4E73A3CB67C7DAEF15A754CBE34' 'C35AC1A2A7080882D4555432D5948946'
2022-07-02 01:17:20,563 root DEBUG iutctl_common.py          102   send                      : send, 1 26 0 "bytearray(b'4\\xbeLuZ\\xf1\\xae}|\\xb6<:\\xe7\\xc4\\x1f\\xefF\\x89\\x94\\xd52TU\\xd4\\x82\\x08\\x08\\xa7\\xa2\\xc1Z\\xc3')"
2022-07-02 01:17:20,563 root DEBUG iutctl_common.py          107   send                      : sending frame '011a00200034be4c755af1ae7d7cb63c3ae7c41fef468994d5325455d4820808a7a2c15ac3'
2022-07-02 01:17:20,563 root DEBUG gap.py                    898   gap_command_rsp_succ      : gap_command_rsp_succ
2022-07-02 01:17:20,563 root DEBUG iutctl_common.py          215   read                      : read
2022-07-02 01:17:20,624 root DEBUG iutctl_common.py          74    read                      : Read 5 bytes
2022-07-02 01:17:20,640 root DEBUG iutctl_common.py          83    read                      : Received: hdr: Header(svc_id=1, op=26, ctrl_index=0, data_len=0) bytearray(b'\x01\x1a\x00\x00\x00')
2022-07-02 01:17:20,655 root DEBUG iutctl_common.py          96    read                      : Received data: "('',)", bytearray(b'')
2022-07-02 01:17:20,703 root DEBUG gap.py                    903   gap_command_rsp_succ      : received Header(svc_id=1, op=26, ctrl_index=0, data_len=0) (b'',)
2022-07-02 01:17:20,703 root DEBUG testcase.py               713   on_implicit_send          : Sending response 'Yes' to wid 149 test case SM/CEN/SCOB/BI-01-C
2022-07-02 01:17:20,703 ClientCallback.on_implicit_send INFO client.py                 188   on_implicit_send          : test case returned on_implicit_send, response: Yes
2022-07-02 01:17:20,703 ClientCallback.on_implicit_send INFO client.py                 198   on_implicit_send          : END OnImplicitSend:
2022-07-02 01:17:20,703 ClientCallback.on_implicit_send INFO client.py                 199   on_implicit_send          : ********************
2022-07-02 01:17:20,705 ClientCallback.on_implicit_send INFO client.py                 171   on_implicit_send          : ********************
2022-07-02 01:17:20,705 ClientCallback.on_implicit_send INFO client.py                 172   on_implicit_send          : BEGIN OnImplicitSend:
2022-07-02 01:17:20,705 ClientCallback.on_implicit_send INFO client.py                 173   on_implicit_send          : project_name: SM
2022-07-02 01:17:20,705 ClientCallback.on_implicit_send INFO client.py                 174   on_implicit_send          : wid: 100
2022-07-02 01:17:20,705 ClientCallback.on_implicit_send INFO client.py                 175   on_implicit_send          : test_case_name: SM/CEN/SCOB/BI-01-C
2022-07-02 01:17:20,705 ClientCallback.on_implicit_send INFO client.py                 176   on_implicit_send          : description: Initiate an connection from the IUT to the PTS.
2022-07-02 01:17:20,705 ClientCallback.on_implicit_send INFO client.py                 177   on_implicit_send          : style: MMI_Style_Ok_Cancel2 0x11141
2022-07-02 01:17:20,705 ClientCallback.on_implicit_send INFO client.py                 183   on_implicit_send          : Calling test cases on_implicit_send
2022-07-02 01:17:20,705 root DEBUG testcase.py               675   on_implicit_send          : SM SM/CEN/SCOB/BI-01-C on_implicit_send
2022-07-02 01:17:20,705 root DEBUG testcase.py               619   join_post_wid_thread      : SM SM/CEN/SCOB/BI-01-C join_post_wid_thread
2022-07-02 01:17:20,705 root DEBUG testcase.py               621   join_post_wid_thread      : self.post_wid_thread None
2022-07-02 01:17:20,705 root DEBUG sm_wid.py                 27    sm_wid_hdl                : sm_wid_hdl, 100, 'Initiate an connection from the IUT to the PTS.', SM/CEN/SCOB/BI-01-C
2022-07-02 01:17:20,706 root DEBUG gap.py                    479   gap_conn                  : gap_conn None None
2022-07-02 01:17:20,706 root DEBUG iutctl_common.py          102   send                      : send, 1 14 0 "bytearray(b'\\x00\\xef\\xc9V\\xe8\\x07\\xc0\\x00')"
2022-07-02 01:17:20,706 root DEBUG iutctl_common.py          107   send                      : sending frame '010e00080000efc956e807c000'
2022-07-02 01:17:20,706 root DEBUG gap.py                    898   gap_command_rsp_succ      : gap_command_rsp_succ
2022-07-02 01:17:20,706 root DEBUG iutctl_common.py          215   read                      : read
2022-07-02 01:17:20,767 root DEBUG iutctl_common.py          74    read                      : Read 5 bytes
2022-07-02 01:17:20,799 root DEBUG iutctl_common.py          83    read                      : Received: hdr: Header(svc_id=1, op=14, ctrl_index=0, data_len=0) bytearray(b'\x01\x0e\x00\x00\x00')
2022-07-02 01:17:20,831 root DEBUG iutctl_common.py          96    read                      : Received data: "('',)", bytearray(b'')
2022-07-02 01:17:20,878 root DEBUG gap.py                    903   gap_command_rsp_succ      : received Header(svc_id=1, op=14, ctrl_index=0, data_len=0) (b'',)
2022-07-02 01:17:21,580 root DEBUG iutctl_common.py          74    read                      : Read 5 bytes
2022-07-02 01:17:21,596 root DEBUG iutctl_common.py          83    read                      : Received: hdr: Header(svc_id=1, op=130, ctrl_index=0, data_len=13) bytearray(b'\x01\x82\x00\r\x00')
2022-07-02 01:17:21,612 root DEBUG iutctl_common.py          96    read                      : Received data: "('\x00ïÉVè\x07À(\x00\x00\x00\x90\x01',)", bytearray(b'\x00\xef\xc9V\xe8\x07\xc0(\x00\x00\x00\x90\x01')
2022-07-02 01:17:21,628 root DEBUG btp.py                    487   event_handler             : event_handler Header(svc_id=1, op=130, ctrl_index=0, data_len=13) (b'\x00\xef\xc9V\xe8\x07\xc0(\x00\x00\x00\x90\x01',)
2022-07-02 01:17:21,628 root DEBUG gap.py                    141   gap_connected_ev_         : gap_connected_ev_ b'\x00\xef\xc9V\xe8\x07\xc0(\x00\x00\x00\x90\x01'
2022-07-02 01:17:21,628 root DEBUG testcase.py               713   on_implicit_send          : Sending response 'OK' to wid 100 test case SM/CEN/SCOB/BI-01-C
2022-07-02 01:17:21,628 ClientCallback.on_implicit_send INFO client.py                 188   on_implicit_send          : test case returned on_implicit_send, response: OK
2022-07-02 01:17:21,628 ClientCallback.on_implicit_send INFO client.py                 198   on_implicit_send          : END OnImplicitSend:
2022-07-02 01:17:21,628 ClientCallback.on_implicit_send INFO client.py                 199   on_implicit_send          : ********************
2022-07-02 01:17:21,630 ClientCallback.on_implicit_send INFO client.py                 171   on_implicit_send          : ********************
2022-07-02 01:17:21,630 ClientCallback.on_implicit_send INFO client.py                 172   on_implicit_send          : BEGIN OnImplicitSend:
2022-07-02 01:17:21,630 ClientCallback.on_implicit_send INFO client.py                 173   on_implicit_send          : project_name: SM
2022-07-02 01:17:21,630 ClientCallback.on_implicit_send INFO client.py                 174   on_implicit_send          : wid: 108
2022-07-02 01:17:21,630 ClientCallback.on_implicit_send INFO client.py                 175   on_implicit_send          : test_case_name: SM/CEN/SCOB/BI-01-C
2022-07-02 01:17:21,630 ClientCallback.on_implicit_send INFO client.py                 176   on_implicit_send          : description: Please start pairing process.
2022-07-02 01:17:21,630 ClientCallback.on_implicit_send INFO client.py                 177   on_implicit_send          : style: MMI_Style_Ok 0x11040
2022-07-02 01:17:21,630 ClientCallback.on_implicit_send INFO client.py                 183   on_implicit_send          : Calling test cases on_implicit_send
2022-07-02 01:17:21,630 root DEBUG testcase.py               675   on_implicit_send          : SM SM/CEN/SCOB/BI-01-C on_implicit_send
2022-07-02 01:17:21,630 root DEBUG testcase.py               619   join_post_wid_thread      : SM SM/CEN/SCOB/BI-01-C join_post_wid_thread
2022-07-02 01:17:21,630 root DEBUG testcase.py               621   join_post_wid_thread      : self.post_wid_thread None
2022-07-02 01:17:21,631 root DEBUG sm_wid.py                 27    sm_wid_hdl                : sm_wid_hdl, 108, 'Please start pairing process.', SM/CEN/SCOB/BI-01-C
2022-07-02 01:17:21,631 root DEBUG gap.py                    596   gap_pair                  : gap_pair None None
2022-07-02 01:17:21,631 root DEBUG iutctl_common.py          102   send                      : send, 1 17 0 "bytearray(b'\\x00\\xef\\xc9V\\xe8\\x07\\xc0')"
2022-07-02 01:17:21,631 root DEBUG iutctl_common.py          107   send                      : sending frame '011100070000efc956e807c0'
2022-07-02 01:17:21,631 root DEBUG gap.py                    898   gap_command_rsp_succ      : gap_command_rsp_succ
2022-07-02 01:17:21,631 root DEBUG iutctl_common.py          215   read                      : read
2022-07-02 01:17:21,692 root DEBUG iutctl_common.py          74    read                      : Read 5 bytes
2022-07-02 01:17:21,692 root DEBUG iutctl_common.py          83    read                      : Received: hdr: Header(svc_id=1, op=17, ctrl_index=0, data_len=0) bytearray(b'\x01\x11\x00\x00\x00')
2022-07-02 01:17:21,692 root DEBUG iutctl_common.py          96    read                      : Received data: "('',)", bytearray(b'')
2022-07-02 01:17:21,692 root DEBUG gap.py                    903   gap_command_rsp_succ      : received Header(svc_id=1, op=17, ctrl_index=0, data_len=0) (b'',)
2022-07-02 01:17:21,692 root DEBUG testcase.py               713   on_implicit_send          : Sending response 'Ok' to wid 108 test case SM/CEN/SCOB/BI-01-C
2022-07-02 01:17:21,692 ClientCallback.on_implicit_send INFO client.py                 188   on_implicit_send          : test case returned on_implicit_send, response: Ok
2022-07-02 01:17:21,692 ClientCallback.on_implicit_send INFO client.py                 198   on_implicit_send          : END OnImplicitSend:
2022-07-02 01:17:21,692 ClientCallback.on_implicit_send INFO client.py                 199   on_implicit_send          : ********************
2022-07-02 01:17:21,705 ClientCallback.on_implicit_send INFO client.py                 171   on_implicit_send          : ********************
2022-07-02 01:17:21,705 ClientCallback.on_implicit_send INFO client.py                 172   on_implicit_send          : BEGIN OnImplicitSend:
2022-07-02 01:17:21,705 ClientCallback.on_implicit_send INFO client.py                 173   on_implicit_send          : project_name: SM
2022-07-02 01:17:21,705 ClientCallback.on_implicit_send INFO client.py                 174   on_implicit_send          : wid: 102
2022-07-02 01:17:21,705 ClientCallback.on_implicit_send INFO client.py                 175   on_implicit_send          : test_case_name: SM/CEN/SCOB/BI-01-C
2022-07-02 01:17:21,705 ClientCallback.on_implicit_send INFO client.py                 176   on_implicit_send          : description: Please initiate a disconnection to the PTS.

Description: Verify that the Implementation Under Test(IUT) can initiate a disconnect request to PTS.
2022-07-02 01:17:21,705 ClientCallback.on_implicit_send INFO client.py                 177   on_implicit_send          : style: MMI_Style_Ok_Cancel2 0x11141
2022-07-02 01:17:21,705 ClientCallback.on_implicit_send INFO client.py                 183   on_implicit_send          : Calling test cases on_implicit_send
2022-07-02 01:17:21,705 root DEBUG testcase.py               675   on_implicit_send          : SM SM/CEN/SCOB/BI-01-C on_implicit_send
2022-07-02 01:17:21,705 root DEBUG testcase.py               619   join_post_wid_thread      : SM SM/CEN/SCOB/BI-01-C join_post_wid_thread
2022-07-02 01:17:21,705 root DEBUG testcase.py               621   join_post_wid_thread      : self.post_wid_thread None
2022-07-02 01:17:21,705 root DEBUG sm_wid.py                 27    sm_wid_hdl                : sm_wid_hdl, 102, 'Please initiate a disconnection to the PTS.\n\nDescription: Verify that the Implementation Under Test(IUT) can initiate a disconnect request to PTS.', SM/CEN/SCOB/BI-01-C
2022-07-02 01:17:21,705 root DEBUG gap.py                    554   gap_disconn               : gap_disconn None None
2022-07-02 01:17:21,705 root DEBUG iutctl_common.py          102   send                      : send, 1 15 0 "bytearray(b'\\x00\\xef\\xc9V\\xe8\\x07\\xc0')"
2022-07-02 01:17:21,706 root DEBUG iutctl_common.py          107   send                      : sending frame '010f00070000efc956e807c0'
2022-07-02 01:17:21,706 root DEBUG gap.py                    898   gap_command_rsp_succ      : gap_command_rsp_succ
2022-07-02 01:17:21,706 root DEBUG iutctl_common.py          215   read                      : read
2022-07-02 01:17:21,786 root DEBUG iutctl_common.py          74    read                      : Read 5 bytes
2022-07-02 01:17:21,818 root DEBUG iutctl_common.py          83    read                      : Received: hdr: Header(svc_id=1, op=15, ctrl_index=0, data_len=0) bytearray(b'\x01\x0f\x00\x00\x00')
2022-07-02 01:17:21,850 root DEBUG iutctl_common.py          96    read                      : Received data: "('',)", bytearray(b'')
2022-07-02 01:17:21,898 root DEBUG gap.py                    903   gap_command_rsp_succ      : received Header(svc_id=1, op=15, ctrl_index=0, data_len=0) (b'',)
2022-07-02 01:17:21,898 root DEBUG iutctl_common.py          74    read                      : Read 5 bytes
2022-07-02 01:17:21,914 root DEBUG iutctl_common.py          83    read                      : Received: hdr: Header(svc_id=1, op=140, ctrl_index=0, data_len=8) bytearray(b'\x01\x8c\x00\x08\x00')
2022-07-02 01:17:21,978 root DEBUG iutctl_common.py          96    read                      : Received data: "('\x00ïÉVè\x07À\x06',)", bytearray(b'\x00\xef\xc9V\xe8\x07\xc0\x06')
2022-07-02 01:17:22,010 root DEBUG btp.py                    487   event_handler             : event_handler Header(svc_id=1, op=140, ctrl_index=0, data_len=8) (b'\x00\xef\xc9V\xe8\x07\xc0\x06',)
2022-07-02 01:17:22,042 root DEBUG gap.py                    251   gap_pairing_failed_ev_    : gap_pairing_failed_ev_
2022-07-02 01:17:22,058 root DEBUG gap.py                    253   gap_pairing_failed_ev_    : received b'\x00\xef\xc9V\xe8\x07\xc0\x06'
2022-07-02 01:17:22,058 root DEBUG gap.py                    262   gap_pairing_failed_ev_    : received (0, 'c007e856c9ef', 6)
2022-07-02 01:17:22,074 root DEBUG iutctl_common.py          74    read                      : Read 5 bytes
2022-07-02 01:17:22,106 root DEBUG iutctl_common.py          83    read                      : Received: hdr: Header(svc_id=1, op=131, ctrl_index=0, data_len=7) bytearray(b'\x01\x83\x00\x07\x00')
2022-07-02 01:17:22,169 root DEBUG iutctl_common.py          96    read                      : Received data: "('\x00ïÉVè\x07À',)", bytearray(b'\x00\xef\xc9V\xe8\x07\xc0')
2022-07-02 01:17:22,217 root DEBUG btp.py                    487   event_handler             : event_handler Header(svc_id=1, op=131, ctrl_index=0, data_len=7) (b'\x00\xef\xc9V\xe8\x07\xc0',)
2022-07-02 01:17:22,233 root DEBUG gap.py                    155   gap_disconnected_ev_      : gap_disconnected_ev_ b'\x00\xef\xc9V\xe8\x07\xc0'
2022-07-02 01:17:22,233 root DEBUG testcase.py               713   on_implicit_send          : Sending response 'OK' to wid 102 test case SM/CEN/SCOB/BI-01-C
2022-07-02 01:17:22,233 ClientCallback.on_implicit_send INFO client.py                 188   on_implicit_send          : test case returned on_implicit_send, response: OK
2022-07-02 01:17:22,233 ClientCallback.on_implicit_send INFO client.py                 198   on_implicit_send          : END OnImplicitSend:
2022-07-02 01:17:22,233 ClientCallback.on_implicit_send INFO client.py                 199   on_implicit_send          : ********************
2022-07-02 01:17:22,235 ClientCallback.on_implicit_send INFO client.py                 171   on_implicit_send          : ********************
2022-07-02 01:17:22,235 ClientCallback.on_implicit_send INFO client.py                 172   on_implicit_send          : BEGIN OnImplicitSend:
2022-07-02 01:17:22,235 ClientCallback.on_implicit_send INFO client.py                 173   on_implicit_send          : project_name: SM
2022-07-02 01:17:22,235 ClientCallback.on_implicit_send INFO client.py                 174   on_implicit_send          : wid: 149
2022-07-02 01:17:22,235 ClientCallback.on_implicit_send INFO client.py                 175   on_implicit_send          : test_case_name: SM/CEN/SCOB/BI-01-C
2022-07-02 01:17:22,235 ClientCallback.on_implicit_send INFO client.py                 176   on_implicit_send          : description: Please enter the following OOB confirmation and OOB random to the IUT: 
[BA0457E2DCE2DA3DF161E0BBEE048CDA]
[BFA68EAEB986C3D24343BAA5E161B4F2]
2022-07-02 01:17:22,235 ClientCallback.on_implicit_send INFO client.py                 177   on_implicit_send          : style: MMI_Style_Yes_No1 0x11044
2022-07-02 01:17:22,235 ClientCallback.on_implicit_send INFO client.py                 183   on_implicit_send          : Calling test cases on_implicit_send
2022-07-02 01:17:22,235 root DEBUG testcase.py               675   on_implicit_send          : SM SM/CEN/SCOB/BI-01-C on_implicit_send
2022-07-02 01:17:22,235 root DEBUG testcase.py               619   join_post_wid_thread      : SM SM/CEN/SCOB/BI-01-C join_post_wid_thread
2022-07-02 01:17:22,235 root DEBUG testcase.py               621   join_post_wid_thread      : self.post_wid_thread None
2022-07-02 01:17:22,235 root DEBUG sm_wid.py                 27    sm_wid_hdl                : sm_wid_hdl, 149, 'Please enter the following OOB confirmation and OOB random to the IUT: \n[BA0457E2DCE2DA3DF161E0BBEE048CDA]\n[BFA68EAEB986C3D24343BAA5E161B4F2]', SM/CEN/SCOB/BI-01-C
2022-07-02 01:17:22,235 root DEBUG gap.py                    974   gap_oob_sc_set_remote_data : gap_oob_sc_set_remote_data 'BFA68EAEB986C3D24343BAA5E161B4F2' 'BA0457E2DCE2DA3DF161E0BBEE048CDA'
2022-07-02 01:17:22,235 root DEBUG iutctl_common.py          102   send                      : send, 1 26 0 "bytearray(b'\\xf2\\xb4a\\xe1\\xa5\\xbaCC\\xd2\\xc3\\x86\\xb9\\xae\\x8e\\xa6\\xbf\\xda\\x8c\\x04\\xee\\xbb\\xe0a\\xf1=\\xda\\xe2\\xdc\\xe2W\\x04\\xba')"
2022-07-02 01:17:22,236 root DEBUG iutctl_common.py          107   send                      : sending frame '011a002000f2b461e1a5ba4343d2c386b9ae8ea6bfda8c04eebbe061f13ddae2dce25704ba'
2022-07-02 01:17:22,236 root DEBUG gap.py                    898   gap_command_rsp_succ      : gap_command_rsp_succ
2022-07-02 01:17:22,236 root DEBUG iutctl_common.py          215   read                      : read
2022-07-02 01:17:22,297 root DEBUG iutctl_common.py          74    read                      : Read 5 bytes
2022-07-02 01:17:22,329 root DEBUG iutctl_common.py          83    read                      : Received: hdr: Header(svc_id=1, op=26, ctrl_index=0, data_len=0) bytearray(b'\x01\x1a\x00\x00\x00')
2022-07-02 01:17:22,361 root DEBUG iutctl_common.py          96    read                      : Received data: "('',)", bytearray(b'')
2022-07-02 01:17:22,409 root DEBUG gap.py                    903   gap_command_rsp_succ      : received Header(svc_id=1, op=26, ctrl_index=0, data_len=0) (b'',)
2022-07-02 01:17:22,409 root DEBUG testcase.py               713   on_implicit_send          : Sending response 'Yes' to wid 149 test case SM/CEN/SCOB/BI-01-C
2022-07-02 01:17:22,409 ClientCallback.on_implicit_send INFO client.py                 188   on_implicit_send          : test case returned on_implicit_send, response: Yes
2022-07-02 01:17:22,409 ClientCallback.on_implicit_send INFO client.py                 198   on_implicit_send          : END OnImplicitSend:
2022-07-02 01:17:22,409 ClientCallback.on_implicit_send INFO client.py                 199   on_implicit_send          : ********************
2022-07-02 01:17:22,412 ClientCallback.on_implicit_send INFO client.py                 171   on_implicit_send          : ********************
2022-07-02 01:17:22,412 ClientCallback.on_implicit_send INFO client.py                 172   on_implicit_send          : BEGIN OnImplicitSend:
2022-07-02 01:17:22,413 ClientCallback.on_implicit_send INFO client.py                 173   on_implicit_send          : project_name: SM
2022-07-02 01:17:22,413 ClientCallback.on_implicit_send INFO client.py                 174   on_implicit_send          : wid: 100
2022-07-02 01:17:22,413 ClientCallback.on_implicit_send INFO client.py                 175   on_implicit_send          : test_case_name: SM/CEN/SCOB/BI-01-C
2022-07-02 01:17:22,413 ClientCallback.on_implicit_send INFO client.py                 176   on_implicit_send          : description: Initiate an connection from the IUT to the PTS.
2022-07-02 01:17:22,413 ClientCallback.on_implicit_send INFO client.py                 177   on_implicit_send          : style: MMI_Style_Ok_Cancel2 0x11141
2022-07-02 01:17:22,413 ClientCallback.on_implicit_send INFO client.py                 183   on_implicit_send          : Calling test cases on_implicit_send
2022-07-02 01:17:22,413 root DEBUG testcase.py               675   on_implicit_send          : SM SM/CEN/SCOB/BI-01-C on_implicit_send
2022-07-02 01:17:22,413 root DEBUG testcase.py               619   join_post_wid_thread      : SM SM/CEN/SCOB/BI-01-C join_post_wid_thread
2022-07-02 01:17:22,413 root DEBUG testcase.py               621   join_post_wid_thread      : self.post_wid_thread None
2022-07-02 01:17:22,413 root DEBUG sm_wid.py                 27    sm_wid_hdl                : sm_wid_hdl, 100, 'Initiate an connection from the IUT to the PTS.', SM/CEN/SCOB/BI-01-C
2022-07-02 01:17:22,413 root DEBUG gap.py                    479   gap_conn                  : gap_conn None None
2022-07-02 01:17:22,413 root DEBUG iutctl_common.py          102   send                      : send, 1 14 0 "bytearray(b'\\x00\\xef\\xc9V\\xe8\\x07\\xc0\\x00')"
2022-07-02 01:17:22,413 root DEBUG iutctl_common.py          107   send                      : sending frame '010e00080000efc956e807c000'
2022-07-02 01:17:22,413 root DEBUG gap.py                    898   gap_command_rsp_succ      : gap_command_rsp_succ
2022-07-02 01:17:22,413 root DEBUG iutctl_common.py          215   read                      : read
2022-07-02 01:17:22,489 root DEBUG iutctl_common.py          74    read                      : Read 5 bytes
2022-07-02 01:17:22,520 root DEBUG iutctl_common.py          83    read                      : Received: hdr: Header(svc_id=1, op=14, ctrl_index=0, data_len=0) bytearray(b'\x01\x0e\x00\x00\x00')
2022-07-02 01:17:22,520 root DEBUG iutctl_common.py          96    read                      : Received data: "('',)", bytearray(b'')
2022-07-02 01:17:22,551 root DEBUG gap.py                    903   gap_command_rsp_succ      : received Header(svc_id=1, op=14, ctrl_index=0, data_len=0) (b'',)
2022-07-02 01:17:23,412 root DEBUG iutctl_common.py          74    read                      : Read 5 bytes
2022-07-02 01:17:23,428 root DEBUG iutctl_common.py          83    read                      : Received: hdr: Header(svc_id=1, op=130, ctrl_index=0, data_len=13) bytearray(b'\x01\x82\x00\r\x00')
2022-07-02 01:17:23,444 root DEBUG iutctl_common.py          96    read                      : Received data: "('\x00ïÉVè\x07À(\x00\x00\x00\x90\x01',)", bytearray(b'\x00\xef\xc9V\xe8\x07\xc0(\x00\x00\x00\x90\x01')
2022-07-02 01:17:23,460 root DEBUG btp.py                    487   event_handler             : event_handler Header(svc_id=1, op=130, ctrl_index=0, data_len=13) (b'\x00\xef\xc9V\xe8\x07\xc0(\x00\x00\x00\x90\x01',)
2022-07-02 01:17:23,476 root DEBUG gap.py                    141   gap_connected_ev_         : gap_connected_ev_ b'\x00\xef\xc9V\xe8\x07\xc0(\x00\x00\x00\x90\x01'
2022-07-02 01:17:23,476 root DEBUG testcase.py               713   on_implicit_send          : Sending response 'OK' to wid 100 test case SM/CEN/SCOB/BI-01-C
2022-07-02 01:17:23,476 ClientCallback.on_implicit_send INFO client.py                 188   on_implicit_send          : test case returned on_implicit_send, response: OK
2022-07-02 01:17:23,476 ClientCallback.on_implicit_send INFO client.py                 198   on_implicit_send          : END OnImplicitSend:
2022-07-02 01:17:23,476 ClientCallback.on_implicit_send INFO client.py                 199   on_implicit_send          : ********************
2022-07-02 01:17:23,478 ClientCallback.on_implicit_send INFO client.py                 171   on_implicit_send          : ********************
2022-07-02 01:17:23,478 ClientCallback.on_implicit_send INFO client.py                 172   on_implicit_send          : BEGIN OnImplicitSend:
2022-07-02 01:17:23,478 ClientCallback.on_implicit_send INFO client.py                 173   on_implicit_send          : project_name: SM
2022-07-02 01:17:23,478 ClientCallback.on_implicit_send INFO client.py                 174   on_implicit_send          : wid: 108
2022-07-02 01:17:23,478 ClientCallback.on_implicit_send INFO client.py                 175   on_implicit_send          : test_case_name: SM/CEN/SCOB/BI-01-C
2022-07-02 01:17:23,478 ClientCallback.on_implicit_send INFO client.py                 176   on_implicit_send          : description: Please start pairing process.
2022-07-02 01:17:23,478 ClientCallback.on_implicit_send INFO client.py                 177   on_implicit_send          : style: MMI_Style_Ok 0x11040
2022-07-02 01:17:23,478 ClientCallback.on_implicit_send INFO client.py                 183   on_implicit_send          : Calling test cases on_implicit_send
2022-07-02 01:17:23,478 root DEBUG testcase.py               675   on_implicit_send          : SM SM/CEN/SCOB/BI-01-C on_implicit_send
2022-07-02 01:17:23,478 root DEBUG testcase.py               619   join_post_wid_thread      : SM SM/CEN/SCOB/BI-01-C join_post_wid_thread
2022-07-02 01:17:23,478 root DEBUG testcase.py               621   join_post_wid_thread      : self.post_wid_thread None
2022-07-02 01:17:23,478 root DEBUG sm_wid.py                 27    sm_wid_hdl                : sm_wid_hdl, 108, 'Please start pairing process.', SM/CEN/SCOB/BI-01-C
2022-07-02 01:17:23,478 root DEBUG gap.py                    596   gap_pair                  : gap_pair None None
2022-07-02 01:17:23,478 root DEBUG iutctl_common.py          102   send                      : send, 1 17 0 "bytearray(b'\\x00\\xef\\xc9V\\xe8\\x07\\xc0')"
2022-07-02 01:17:23,478 root DEBUG iutctl_common.py          107   send                      : sending frame '011100070000efc956e807c0'
2022-07-02 01:17:23,478 root DEBUG gap.py                    898   gap_command_rsp_succ      : gap_command_rsp_succ
2022-07-02 01:17:23,479 root DEBUG iutctl_common.py          215   read                      : read
2022-07-02 01:17:23,540 root DEBUG iutctl_common.py          74    read                      : Read 5 bytes
2022-07-02 01:17:23,540 root DEBUG iutctl_common.py          83    read                      : Received: hdr: Header(svc_id=1, op=17, ctrl_index=0, data_len=0) bytearray(b'\x01\x11\x00\x00\x00')
2022-07-02 01:17:23,556 root DEBUG iutctl_common.py          96    read                      : Received data: "('',)", bytearray(b'')
2022-07-02 01:17:23,556 root DEBUG gap.py                    903   gap_command_rsp_succ      : received Header(svc_id=1, op=17, ctrl_index=0, data_len=0) (b'',)
2022-07-02 01:17:23,556 root DEBUG testcase.py               713   on_implicit_send          : Sending response 'Ok' to wid 108 test case SM/CEN/SCOB/BI-01-C
2022-07-02 01:17:23,556 ClientCallback.on_implicit_send INFO client.py                 188   on_implicit_send          : test case returned on_implicit_send, response: Ok
2022-07-02 01:17:23,556 ClientCallback.on_implicit_send INFO client.py                 198   on_implicit_send          : END OnImplicitSend:
2022-07-02 01:17:23,556 ClientCallback.on_implicit_send INFO client.py                 199   on_implicit_send          : ********************
2022-07-02 01:17:23,743 ClientCallback.on_implicit_send INFO client.py                 171   on_implicit_send          : ********************
2022-07-02 01:17:23,744 ClientCallback.on_implicit_send INFO client.py                 172   on_implicit_send          : BEGIN OnImplicitSend:
2022-07-02 01:17:23,744 ClientCallback.on_implicit_send INFO client.py                 173   on_implicit_send          : project_name: SM
2022-07-02 01:17:23,744 ClientCallback.on_implicit_send INFO client.py                 174   on_implicit_send          : wid: 102
2022-07-02 01:17:23,745 ClientCallback.on_implicit_send INFO client.py                 175   on_implicit_send          : test_case_name: SM/CEN/SCOB/BI-01-C
2022-07-02 01:17:23,745 ClientCallback.on_implicit_send INFO client.py                 176   on_implicit_send          : description: Please initiate a disconnection to the PTS.

Description: Verify that the Implementation Under Test(IUT) can initiate a disconnect request to PTS.
2022-07-02 01:17:23,745 ClientCallback.on_implicit_send INFO client.py                 177   on_implicit_send          : style: MMI_Style_Ok_Cancel2 0x11141
2022-07-02 01:17:23,746 ClientCallback.on_implicit_send INFO client.py                 183   on_implicit_send          : Calling test cases on_implicit_send
2022-07-02 01:17:23,746 root DEBUG testcase.py               675   on_implicit_send          : SM SM/CEN/SCOB/BI-01-C on_implicit_send
2022-07-02 01:17:23,746 root DEBUG testcase.py               619   join_post_wid_thread      : SM SM/CEN/SCOB/BI-01-C join_post_wid_thread
2022-07-02 01:17:23,746 root DEBUG testcase.py               621   join_post_wid_thread      : self.post_wid_thread None
2022-07-02 01:17:23,747 root DEBUG sm_wid.py                 27    sm_wid_hdl                : sm_wid_hdl, 102, 'Please initiate a disconnection to the PTS.\n\nDescription: Verify that the Implementation Under Test(IUT) can initiate a disconnect request to PTS.', SM/CEN/SCOB/BI-01-C
2022-07-02 01:17:23,747 root DEBUG gap.py                    554   gap_disconn               : gap_disconn None None
2022-07-02 01:17:23,747 root DEBUG iutctl_common.py          102   send                      : send, 1 15 0 "bytearray(b'\\x00\\xef\\xc9V\\xe8\\x07\\xc0')"
2022-07-02 01:17:23,748 root DEBUG iutctl_common.py          107   send                      : sending frame '010f00070000efc956e807c0'
2022-07-02 01:17:23,748 root DEBUG gap.py                    898   gap_command_rsp_succ      : gap_command_rsp_succ
2022-07-02 01:17:23,748 root DEBUG iutctl_common.py          215   read                      : read
2022-07-02 01:17:23,820 root DEBUG iutctl_common.py          74    read                      : Read 5 bytes
2022-07-02 01:17:23,836 root DEBUG iutctl_common.py          83    read                      : Received: hdr: Header(svc_id=1, op=15, ctrl_index=0, data_len=0) bytearray(b'\x01\x0f\x00\x00\x00')
2022-07-02 01:17:23,852 root DEBUG iutctl_common.py          96    read                      : Received data: "('',)", bytearray(b'')
2022-07-02 01:17:23,868 root DEBUG iutctl_common.py          74    read                      : Read 5 bytes
2022-07-02 01:17:23,868 root DEBUG gap.py                    903   gap_command_rsp_succ      : received Header(svc_id=1, op=15, ctrl_index=0, data_len=0) (b'',)
2022-07-02 01:17:23,868 root DEBUG iutctl_common.py          83    read                      : Received: hdr: Header(svc_id=1, op=140, ctrl_index=0, data_len=8) bytearray(b'\x01\x8c\x00\x08\x00')
2022-07-02 01:17:23,868 root DEBUG iutctl_common.py          96    read                      : Received data: "('\x00ïÉVè\x07À\x03',)", bytearray(b'\x00\xef\xc9V\xe8\x07\xc0\x03')
2022-07-02 01:17:23,916 root DEBUG btp.py                    487   event_handler             : event_handler Header(svc_id=1, op=140, ctrl_index=0, data_len=8) (b'\x00\xef\xc9V\xe8\x07\xc0\x03',)
2022-07-02 01:17:23,932 root DEBUG gap.py                    251   gap_pairing_failed_ev_    : gap_pairing_failed_ev_
2022-07-02 01:17:23,932 root DEBUG gap.py                    253   gap_pairing_failed_ev_    : received b'\x00\xef\xc9V\xe8\x07\xc0\x03'
2022-07-02 01:17:23,932 root DEBUG gap.py                    262   gap_pairing_failed_ev_    : received (0, 'c007e856c9ef', 3)
2022-07-02 01:17:23,964 root DEBUG iutctl_common.py          74    read                      : Read 5 bytes
2022-07-02 01:17:23,979 root DEBUG iutctl_common.py          83    read                      : Received: hdr: Header(svc_id=1, op=131, ctrl_index=0, data_len=7) bytearray(b'\x01\x83\x00\x07\x00')
2022-07-02 01:17:24,011 root DEBUG iutctl_common.py          96    read                      : Received data: "('\x00ïÉVè\x07À',)", bytearray(b'\x00\xef\xc9V\xe8\x07\xc0')
2022-07-02 01:17:24,011 root DEBUG btp.py                    487   event_handler             : event_handler Header(svc_id=1, op=131, ctrl_index=0, data_len=7) (b'\x00\xef\xc9V\xe8\x07\xc0',)
2022-07-02 01:17:24,011 root DEBUG gap.py                    155   gap_disconnected_ev_      : gap_disconnected_ev_ b'\x00\xef\xc9V\xe8\x07\xc0'
2022-07-02 01:17:24,011 root DEBUG testcase.py               713   on_implicit_send          : Sending response 'OK' to wid 102 test case SM/CEN/SCOB/BI-01-C
2022-07-02 01:17:24,011 ClientCallback.on_implicit_send INFO client.py                 188   on_implicit_send          : test case returned on_implicit_send, response: OK
2022-07-02 01:17:24,011 ClientCallback.on_implicit_send INFO client.py                 198   on_implicit_send          : END OnImplicitSend:
2022-07-02 01:17:24,011 ClientCallback.on_implicit_send INFO client.py                 199   on_implicit_send          : ********************
2022-07-02 01:17:27,343 ClientCallback.log INFO client.py                 135   log                       : PTS_LOGTYPE_START_TEST Start Test Case 

+0 ms
 SM/CEN/SCOB/BI-01-C SM/CEN/SCOB/BI-01-C

2022-07-02 01:17:27,343 root DEBUG testcase.py               464   log                       : New status SM SM/CEN/SCOB/BI-01-C - Started
2022-07-02 01:17:27,949 ClientCallback.log INFO client.py                 135   log                       : PTS_LOGTYPE_FINAL_VERDICT Final Verdict 

+15687 ms
 SM/CEN/SCOB/BI-01-C PASS

2022-07-02 01:17:27,949 root DEBUG testcase.py               464   log                       : New status SM SM/CEN/SCOB/BI-01-C - PASS
2022-07-02 01:17:27,952 ClientCallback.log INFO client.py                 135   log                       : PTS_LOGTYPE_FINAL_VERDICT Encrypted Verdict 

+15687 ms
 SM/CEN/SCOB/BI-01-C A1#ZWY4MzQ5MDg3MmQwNTIxOGQzMzQ5YjY2ODA5M2MzNjQ5ZDY4NmY0Yjc2MzIzM2VkNTUyNTFhNGU4Mjg1MjI0NA==#LHNAwcLWOkWW0/W1QZu+4t4tc82ujqV5DHqcDUM09usaft5FSEsmtasNYMr/YCMX

2022-07-02 01:17:27,954 ClientCallback.log INFO client.py                 135   log                       : PTS_LOGTYPE_END_TEST Test Case Ended 

+15703 ms
 SM/CEN/SCOB/BI-01-C SM/CEN/SCOB/BI-01-C

2022-07-02 01:17:28,037 root DEBUG client.py                 799   run_test_case_thread_entry : After run_test_case error_code='' status='PASS'
2022-07-02 01:17:28,037 root DEBUG client.py                 280   error_code                : CallbackThread.error_code
2022-07-02 01:17:28,037 root DEBUG client.py                 294   cleanup                   : CallbackThread.cleanup
2022-07-02 01:17:29,052 root DEBUG testcase.py               758   post_run                  : post_run SM SM/CEN/SCOB/BI-01-C 
2022-07-02 01:17:29,052 root DEBUG testcase.py               246   start                     : Starting test function: class=<class 'autopts.ptsprojects.testcase.TestFuncCleanUp'>, func=<bound method Stack.cleanup of <autopts.ptsprojects.stack.Stack object at 0x00000245D79F86A0>> start_wid=None stop_wid=None post_wid=None skip_call=None call_count=1 args=() kwds={}
2022-07-02 01:17:29,052 root DEBUG testcase.py               258   start                     : Test function parameters: args=(), kwds={}
2022-07-02 01:17:29,053 root DEBUG client.py                 289   clear_pending_responses   : CallbackThread.clear_pending_responses
2022-07-02 01:17:29,053 root DEBUG testcase.py               246   start                     : Starting test function: class=<class 'autopts.ptsprojects.testcase.TestFuncCleanUp'>, func=<bound method ZephyrCtl.stop of <autopts.ptsprojects.zephyr.iutctl.ZephyrCtl object at 0x00000245D79F8790>> start_wid=None stop_wid=None post_wid=None skip_call=None call_count=1 args=() kwds={}
2022-07-02 01:17:29,053 root DEBUG testcase.py               258   start                     : Test function parameters: args=(), kwds={}
2022-07-02 01:17:29,053 root DEBUG iutctl.py                 232   stop                      : <class 'autopts.ptsprojects.zephyr.iutctl.ZephyrCtl'>.stop
2022-07-02 01:17:29,067 root DEBUG __init__.py               48    reset                     : About to reset DUT: 'nrfjprog -r -s 683989059'
2022-07-02 01:17:32,602 root DEBUG testcase.py               783   post_run                  : post_run, cleanup running pre test case script
2022-07-02 01:17:32,602 root DEBUG testcase.py               793   post_run                  : post_run, run post test case script
2022-07-02 01:17:32,666 root DEBUG client.py                 829   run_test_case_thread_entry : Done TestCase wrapper SM SM/CEN/SCOB/BI-01-C
