2026-03-09 14:53:53,301 LT1-thread root DEBUG client.py                 82    logger_log                : Starting TestCase _run_test_case OTS OTS/SR/DLO/BV-01-C
2026-03-09 14:53:53,301 LT1-thread root DEBUG client.py                 82    logger_log                : pre_run OTS OTS/SR/DLO/BV-01-C
2026-03-09 14:53:53,301 LT1-thread root DEBUG client.py                 82    logger_log                : About to run test case OTS OTS/SR/DLO/BV-01-C with commands:
2026-03-09 14:53:53,301 LT1-thread root DEBUG client.py                 82    logger_log                : 0) class=<class 'autopts.ptsprojects.testcase.TestFunc'>, func=<bound method ZephyrCtl.remove_flash_bin of <autopts.ptsprojects.zephyr.iutctl.ZephyrCtl object at 0x77b6ff983890>> start_wid=None stop_wid=None post_wid=None skip_call=None call_count=0 args=() kwds={}
2026-03-09 14:53:53,302 LT1-thread root DEBUG client.py                 82    logger_log                : 1) class=<class 'autopts.ptsprojects.testcase.TestFunc'>, func=<bound method Stack.core_init of <autopts.ptsprojects.stack.stack.Stack object at 0x77b6ff75ab70>> start_wid=None stop_wid=None post_wid=None skip_call=None call_count=0 args=() kwds={}
2026-03-09 14:53:53,302 LT1-thread root DEBUG client.py                 82    logger_log                : 2) class=<class 'autopts.ptsprojects.testcase.TestFunc'>, func=<bound method IutCtl.start of <autopts.ptsprojects.zephyr.iutctl.ZephyrCtl object at 0x77b6ff983890>> start_wid=None stop_wid=None post_wid=None skip_call=None call_count=0 args=(<autopts.ptsprojects.zephyr.ztestcase.ZTestCase object at 0x77b6fe2ea3c0>,) kwds={}
2026-03-09 14:53:53,302 LT1-thread root DEBUG client.py                 82    logger_log                : 3) class=<class 'autopts.ptsprojects.testcase.TestFunc'>, func=<bound method IutCtl.wait_iut_ready_event of <autopts.ptsprojects.zephyr.iutctl.ZephyrCtl object at 0x77b6ff983890>> start_wid=None stop_wid=None post_wid=None skip_call=None call_count=0 args=(False,) kwds={}
2026-03-09 14:53:53,302 LT1-thread root DEBUG client.py                 82    logger_log                : 4) class=<class 'autopts.ptsprojects.testcase.TestFunc'>, func=<function core_reg_svc_gap at 0x77b7021ee200> start_wid=None stop_wid=None post_wid=None skip_call=None call_count=48 args=() kwds={}
2026-03-09 14:53:53,302 LT1-thread root DEBUG client.py                 82    logger_log                : 5) class=<class 'autopts.ptsprojects.testcase.TestFunc'>, func=<bound method Stack.gap_init of <autopts.ptsprojects.stack.stack.Stack object at 0x77b6ff75ab70>> start_wid=None stop_wid=None post_wid=None skip_call=None call_count=48 args=(b'Tester_F6B11A',) kwds={}
2026-03-09 14:53:53,302 LT1-thread root DEBUG client.py                 82    logger_log                : 6) class=<class 'autopts.ptsprojects.testcase.TestFunc'>, func=<function gap_read_ctrl_info at 0x77b7019ed260> start_wid=None stop_wid=None post_wid=None skip_call=None call_count=48 args=() kwds={}
2026-03-09 14:53:53,302 LT1-thread root DEBUG client.py                 82    logger_log                : 7) class=<class 'autopts.ptsprojects.testcase.TestFunc'>, func=<function test_cases.<locals>.<lambda> at 0x77b6fe235e40> start_wid=None stop_wid=None post_wid=None skip_call=None call_count=48 args=() kwds={}
2026-03-09 14:53:53,302 LT1-thread root DEBUG client.py                 82    logger_log                : 8) class=<class 'autopts.ptsprojects.testcase.TestFunc'>, func=<function set_pts_addr at 0x77b7021edda0> start_wid=None stop_wid=None post_wid=None skip_call=None call_count=48 args=('DF:A9:FF:F6:B1:1A', 0) kwds={}
2026-03-09 14:53:53,302 LT1-thread root DEBUG client.py                 82    logger_log                : 9) class=<class 'autopts.ptsprojects.testcase.TestFunc'>, func=<function core_reg_svc_gatt at 0x77b7021ee340> start_wid=None stop_wid=None post_wid=None skip_call=None call_count=48 args=() kwds={}
2026-03-09 14:53:53,302 LT1-thread root DEBUG client.py                 82    logger_log                : 10) class=<class 'autopts.ptsprojects.testcase.TestFunc'>, func=<bound method Stack.gatt_init of <autopts.ptsprojects.stack.stack.Stack object at 0x77b6ff75ab70>> start_wid=None stop_wid=None post_wid=None skip_call=None call_count=48 args=() kwds={}
2026-03-09 14:53:53,302 LT1-thread root DEBUG client.py                 82    logger_log                : 11) class=<class 'autopts.ptsprojects.testcase.TestFunc'>, func=<function core_reg_svc_ots at 0x77b7021ef6a0> start_wid=None stop_wid=None post_wid=None skip_call=None call_count=48 args=() kwds={}
2026-03-09 14:53:53,302 LT1-thread root DEBUG client.py                 82    logger_log                : 12) class=<class 'autopts.ptsprojects.testcase.TestFunc'>, func=<bound method Stack.ots_init of <autopts.ptsprojects.stack.stack.Stack object at 0x77b6ff75ab70>> start_wid=None stop_wid=None post_wid=None skip_call=None call_count=48 args=() kwds={}
2026-03-09 14:53:53,302 LT1-thread root DEBUG client.py                 82    logger_log                : 13) class=<class 'autopts.ptsprojects.testcase.TestFunc'>, func=<function otc_register_object at 0x77b7015f9800> start_wid=None stop_wid=None post_wid=None skip_call=None call_count=45 args=(0, 'Object 1 with very long name', 1, 255, 100, 50) kwds={}
2026-03-09 14:53:53,302 LT1-thread root DEBUG client.py                 82    logger_log                : 14) class=<class 'autopts.ptsprojects.testcase.TestFuncCleanUp'>, func=<bound method Stack.cleanup of <autopts.ptsprojects.stack.stack.Stack object at 0x77b6ff75ab70>> start_wid=None stop_wid=None post_wid=None skip_call=None call_count=0 args=() kwds={}
2026-03-09 14:53:53,302 LT1-thread root DEBUG client.py                 82    logger_log                : 15) class=<class 'autopts.ptsprojects.testcase.TestFuncCleanUp'>, func=<bound method ZephyrCtl.stop of <autopts.ptsprojects.zephyr.iutctl.ZephyrCtl object at 0x77b6ff983890>> start_wid=None stop_wid=None post_wid=None skip_call=None call_count=0 args=() kwds={}
2026-03-09 14:53:53,302 LT1-thread root DEBUG client.py                 82    logger_log                : pre_run, run pre test case script
2026-03-09 14:53:53,303 LT1-thread root DEBUG client.py                 82    logger_log                : Starting test function: class=<class 'autopts.ptsprojects.testcase.TestFunc'>, func=<bound method ZephyrCtl.remove_flash_bin of <autopts.ptsprojects.zephyr.iutctl.ZephyrCtl object at 0x77b6ff983890>> start_wid=None stop_wid=None post_wid=None skip_call=None call_count=1 args=() kwds={}
2026-03-09 14:53:53,303 LT1-thread root DEBUG client.py                 82    logger_log                : Test function parameters: args=(), kwds={}
2026-03-09 14:53:53,303 LT1-thread root DEBUG client.py                 82    logger_log                : Starting test function: class=<class 'autopts.ptsprojects.testcase.TestFunc'>, func=<bound method Stack.core_init of <autopts.ptsprojects.stack.stack.Stack object at 0x77b6ff75ab70>> start_wid=None stop_wid=None post_wid=None skip_call=None call_count=1 args=() kwds={}
2026-03-09 14:53:53,303 LT1-thread root DEBUG client.py                 82    logger_log                : Test function parameters: args=(), kwds={}
2026-03-09 14:53:53,303 LT1-thread root DEBUG client.py                 82    logger_log                : Starting test function: class=<class 'autopts.ptsprojects.testcase.TestFunc'>, func=<bound method IutCtl.start of <autopts.ptsprojects.zephyr.iutctl.ZephyrCtl object at 0x77b6ff983890>> start_wid=None stop_wid=None post_wid=None skip_call=None call_count=1 args=(<autopts.ptsprojects.zephyr.ztestcase.ZTestCase object at 0x77b6fe2ea3c0>,) kwds={}
2026-03-09 14:53:53,303 LT1-thread root DEBUG client.py                 82    logger_log                : Test function parameters: args=(<autopts.ptsprojects.zephyr.ztestcase.ZTestCase object at 0x77b6fe2ea3c0>,), kwds={}
2026-03-09 14:53:53,303 LT1-thread root DEBUG client.py                 82    logger_log                : <class 'autopts.ptsprojects.zephyr.iutctl.ZephyrCtl'>.start
2026-03-09 14:53:53,303 LT1-thread root DEBUG client.py                 82    logger_log                : <class 'autopts.rtt.BTMON'>.start
2026-03-09 14:53:53,307 LT1-thread root DEBUG client.py                 82    logger_log                : Starting native process: /home/codecoup/workspace/zephyrproject/zephyr/tests/bluetooth/tester/build/zephyr/zephyr.exe --bt-dev=hci1 --attach_uart_cmd="socat %s,rawer,b1000000, UNIX-CONNECT:/tmp/bt-stack-tester1057789983 &"
2026-03-09 14:53:53,308 LT1-thread root DEBUG client.py                 82    logger_log                : Starting native process: /home/codecoup/workspace/zephyrproject/zephyr/tests/bluetooth/tester/build/zephyr/zephyr.exe --bt-dev=hci1 --attach_uart_cmd="socat %s,rawer,b1000000, UNIX-CONNECT:/tmp/bt-stack-tester1057789983 &"
2026-03-09 14:53:53,308 LT1-thread root DEBUG client.py                 82    logger_log                : accept
2026-03-09 14:53:53,315 BTPWorkerThread-713 (_rx_task) root DEBUG client.py                 82    logger_log                : BTPWorkerThread-713 (_rx_task) started
2026-03-09 14:53:53,315 BTPWorkerThread-713 (_rx_task) root DEBUG client.py                 82    logger_log                : Read 5 bytes
2026-03-09 14:53:53,315 BTPWorkerThread-713 (_rx_task) root DEBUG client.py                 82    logger_log                : Received: hdr: Header(svc_id=0x00, op=0x80, ctrl_index=0xff, data_len=0x00) bytearray(b'\x00\x80\xff\x00\x00')
2026-03-09 14:53:53,315 BTPWorkerThread-713 (_rx_task) root DEBUG client.py                 82    logger_log                : Received data: {''}, bytearray(b'')
2026-03-09 14:53:53,315 BTPWorkerThread-713 (_rx_task) root DEBUG client.py                 82    logger_log                : event_handler Header(svc_id=0, op=128, ctrl_index=255, data_len=0) (b'',)
2026-03-09 14:53:53,316 BTPWorkerThread-713 (_rx_task) root DEBUG client.py                 82    logger_log                : core_iut_ready_ev
2026-03-09 14:53:53,316 LT1-thread root DEBUG client.py                 82    logger_log                : Starting test function: class=<class 'autopts.ptsprojects.testcase.TestFunc'>, func=<bound method IutCtl.wait_iut_ready_event of <autopts.ptsprojects.zephyr.iutctl.ZephyrCtl object at 0x77b6ff983890>> start_wid=None stop_wid=None post_wid=None skip_call=None call_count=1 args=(False,) kwds={}
2026-03-09 14:53:53,316 LT1-thread root DEBUG client.py                 82    logger_log                : Test function parameters: args=(False,), kwds={}
2026-03-09 14:53:53,316 LT1-thread root DEBUG client.py                 82    logger_log                : IUT ready event received OK
2026-03-09 14:53:53,316 LT1-thread root DEBUG client.py                 82    logger_log                : Starting test function: class=<class 'autopts.ptsprojects.testcase.TestFunc'>, func=<function core_reg_svc_gap at 0x77b7021ee200> start_wid=None stop_wid=None post_wid=None skip_call=None call_count=49 args=() kwds={}
2026-03-09 14:53:53,316 LT1-thread root DEBUG client.py                 82    logger_log                : Test function parameters: args=(), kwds={}
2026-03-09 14:53:53,316 LT1-thread root DEBUG client.py                 82    logger_log                : core_reg_svc_univ: gap_reg (GAP)
2026-03-09 14:53:53,316 LT1-thread root DEBUG client.py                 82    logger_log                : send, 0 3 255 '1'
2026-03-09 14:53:53,316 LT1-thread root DEBUG client.py                 82    logger_log                : sending frame '0003ff010001'
2026-03-09 14:53:53,316 LT1-thread root DEBUG client.py                 82    logger_log                : core_reg_svc_rsp_succ
2026-03-09 14:53:53,316 LT1-thread root DEBUG client.py                 82    logger_log                : read
2026-03-09 14:53:53,692 BTPWorkerThread-713 (_rx_task) root DEBUG client.py                 82    logger_log                : Read 5 bytes
2026-03-09 14:53:53,703 BTPWorkerThread-713 (_rx_task) root DEBUG client.py                 82    logger_log                : Received: hdr: Header(svc_id=0x00, op=0x03, ctrl_index=0xff, data_len=0x00) bytearray(b'\x00\x03\xff\x00\x00')
2026-03-09 14:53:53,713 BTPWorkerThread-713 (_rx_task) root DEBUG client.py                 82    logger_log                : Received data: {''}, bytearray(b'')
2026-03-09 14:53:53,713 LT1-thread root DEBUG client.py                 82    logger_log                : received Header(svc_id=0, op=3, ctrl_index=255, data_len=0) (b'',)
2026-03-09 14:53:53,713 LT1-thread root DEBUG client.py                 82    logger_log                : expected ((0, 3, 255, 0), (b'',))
2026-03-09 14:53:53,713 LT1-thread root DEBUG client.py                 82    logger_log                : response is valid
2026-03-09 14:53:53,713 LT1-thread root DEBUG client.py                 82    logger_log                : Reading supported commands for service: GAP
2026-03-09 14:53:53,713 LT1-thread root DEBUG client.py                 82    logger_log                : send, 1 1 255 ''
2026-03-09 14:53:53,713 LT1-thread root DEBUG client.py                 82    logger_log                : sending frame '0101ff0000'
2026-03-09 14:53:53,713 LT1-thread root DEBUG client.py                 82    logger_log                : read
2026-03-09 14:53:53,732 BTPWorkerThread-713 (_rx_task) root DEBUG client.py                 82    logger_log                : Read 5 bytes
2026-03-09 14:53:53,742 BTPWorkerThread-713 (_rx_task) root DEBUG client.py                 82    logger_log                : Received: hdr: Header(svc_id=0x01, op=0x01, ctrl_index=0xff, data_len=0x07) bytearray(b'\x01\x01\xff\x07\x00')
2026-03-09 14:53:53,758 BTPWorkerThread-713 (_rx_task) root DEBUG client.py                 82    logger_log                : Read 7 bytes data
2026-03-09 14:53:53,768 BTPWorkerThread-713 (_rx_task) root DEBUG client.py                 82    logger_log                : Received data: {'6e ff 7f 1f fe f7 0e'}, bytearray(b'n\xff\x7f\x1f\xfe\xf7\x0e')
2026-03-09 14:53:53,778 LT1-thread root DEBUG client.py                 82    logger_log                : Starting test function: class=<class 'autopts.ptsprojects.testcase.TestFunc'>, func=<bound method Stack.gap_init of <autopts.ptsprojects.stack.stack.Stack object at 0x77b6ff75ab70>> start_wid=None stop_wid=None post_wid=None skip_call=None call_count=49 args=(b'Tester_F6B11A',) kwds={}
2026-03-09 14:53:53,778 LT1-thread root DEBUG client.py                 82    logger_log                : Test function parameters: args=(b'Tester_F6B11A',), kwds={}
2026-03-09 14:53:53,778 LT1-thread root DEBUG client.py                 82    logger_log                : Starting test function: class=<class 'autopts.ptsprojects.testcase.TestFunc'>, func=<function gap_read_ctrl_info at 0x77b7019ed260> start_wid=None stop_wid=None post_wid=None skip_call=None call_count=49 args=() kwds={}
2026-03-09 14:53:53,778 LT1-thread root DEBUG client.py                 82    logger_log                : Test function parameters: args=(), kwds={}
2026-03-09 14:53:53,778 LT1-thread root DEBUG client.py                 82    logger_log                : gap_read_ctrl_info
2026-03-09 14:53:53,779 LT1-thread root DEBUG client.py                 82    logger_log                : send, 1 3 0 ''
2026-03-09 14:53:53,779 LT1-thread root DEBUG client.py                 82    logger_log                : sending frame '0103000000'
2026-03-09 14:53:53,779 LT1-thread root DEBUG client.py                 82    logger_log                : read
2026-03-09 14:53:53,792 BTPWorkerThread-713 (_rx_task) root DEBUG client.py                 82    logger_log                : Read 5 bytes
2026-03-09 14:53:53,802 BTPWorkerThread-713 (_rx_task) root DEBUG client.py                 82    logger_log                : Received: hdr: Header(svc_id=0x01, op=0x03, ctrl_index=0x00, data_len=0x115) bytearray(b'\x01\x03\x00\x15\x01')
2026-03-09 14:53:53,818 BTPWorkerThread-713 (_rx_task) root DEBUG client.py                 82    logger_log                : Read 277 bytes data
2026-03-09 14:53:53,828 BTPWorkerThread-713 (_rx_task) root DEBUG client.py                 82    logger_log                : Received data: {'3b db 31 cc b6 d5 13 06 02 00 13 82 00 00 00 00 00 62 74 70 5f 74 65 73 74 65 72 00 00 00 00 00 00 00 00 00 00 00 00 00 00 00 00 00 00 00 00 00 00 00 00 00 00 00 00 00 00 00 00 00 00 00 00 00 00 00 00 00 00 00 00 00 00 00 00 00 00 00 00 00 00 00 00 00 00 00 00 00 00 00 00 00 00 00 00 00 00 00 00 00 00 00 00 00 00 00 00 00 00 00 00 00 00 00 00 00 00 00 00 00 00 00 00 00 00 00 00 00 00 00 00 00 00 00 00 00 00 00 00 00 00 00 00 00 00 00 00 00 00 00 00 00 00 00 00 00 00 00 00 00 00 00 00 00 00 00 00 00 00 00 00 00 00 00 00 00 00 00 00 00 00 00 00 00 00 00 00 00 00 00 00 00 00 00 00 00 00 00 00 00 00 00 00 00 00 00 00 00 00 00 00 00 00 00 00 00 00 00 00 00 00 00 00 00 00 00 00 00 00 00 00 00 00 00 00 00 00 00 00 00 00 00 00 00 00 00 00 00 00 00 00 00 00 00 00 00 00 00 00 00 00 00 00 00 00 00 00 00 00 00 00 00 00 00 00 00 00'}, bytearray(b';\xdb1\xcc\xb6\xd5\x13\x06\x02\x00\x13\x82\x00\x00\x00\x00\x00btp_tester\x00\x00\x00\x00\x00\x00\x00\x00\x00\x00\x00\x00\x00\x00\x00\x00\x00\x00\x00\x00\x00\x00\x00\x00\x00\x00\x00\x00\x00\x00\x00\x00\x00\x00\x00\x00\x00\x00\x00\x00\x00\x00\x00\x00\x00\x00\x00\x00\x00\x00\x00\x00\x00\x00\x00\x00\x00\x00\x00\x00\x00\x00\x00\x00\x00\x00\x00\x00\x00\x00\x00\x00\x00\x00\x00\x00\x00\x00\x00\x00\x00\x00\x00\x00\x00\x00\x00\x00\x00\x00\x00\x00\x00\x00\x00\x00\x00\x00\x00\x00\x00\x00\x00\x00\x00\x00\x00\x00\x00\x00\x00\x00\x00\x00\x00\x00\x00\x00\x00\x00\x00\x00\x00\x00\x00\x00\x00\x00\x00\x00\x00\x00\x00\x00\x00\x00\x00\x00\x00\x00\x00\x00\x00\x00\x00\x00\x00\x00\x00\x00\x00\x00\x00\x00\x00\x00\x00\x00\x00\x00\x00\x00\x00\x00\x00\x00\x00\x00\x00\x00\x00\x00\x00\x00\x00\x00\x00\x00\x00\x00\x00\x00\x00\x00\x00\x00\x00\x00\x00\x00\x00\x00\x00\x00\x00\x00\x00\x00\x00\x00\x00\x00\x00\x00\x00\x00\x00\x00\x00\x00\x00\x00\x00\x00\x00\x00\x00\x00\x00\x00\x00\x00\x00\x00\x00\x00\x00\x00\x00\x00\x00\x00\x00\x00\x00\x00\x00\x00\x00\x00\x00\x00\x00\x00\x00\x00\x00\x00\x00\x00')
2026-03-09 14:53:53,838 LT1-thread root DEBUG client.py                 82    logger_log                : received Header(svc_id=1, op=3, ctrl_index=0, data_len=277) (b';\xdb1\xcc\xb6\xd5\x13\x06\x02\x00\x13\x82\x00\x00\x00\x00\x00btp_tester\x00\x00\x00\x00\x00\x00\x00\x00\x00\x00\x00\x00\x00\x00\x00\x00\x00\x00\x00\x00\x00\x00\x00\x00\x00\x00\x00\x00\x00\x00\x00\x00\x00\x00\x00\x00\x00\x00\x00\x00\x00\x00\x00\x00\x00\x00\x00\x00\x00\x00\x00\x00\x00\x00\x00\x00\x00\x00\x00\x00\x00\x00\x00\x00\x00\x00\x00\x00\x00\x00\x00\x00\x00\x00\x00\x00\x00\x00\x00\x00\x00\x00\x00\x00\x00\x00\x00\x00\x00\x00\x00\x00\x00\x00\x00\x00\x00\x00\x00\x00\x00\x00\x00\x00\x00\x00\x00\x00\x00\x00\x00\x00\x00\x00\x00\x00\x00\x00\x00\x00\x00\x00\x00\x00\x00\x00\x00\x00\x00\x00\x00\x00\x00\x00\x00\x00\x00\x00\x00\x00\x00\x00\x00\x00\x00\x00\x00\x00\x00\x00\x00\x00\x00\x00\x00\x00\x00\x00\x00\x00\x00\x00\x00\x00\x00\x00\x00\x00\x00\x00\x00\x00\x00\x00\x00\x00\x00\x00\x00\x00\x00\x00\x00\x00\x00\x00\x00\x00\x00\x00\x00\x00\x00\x00\x00\x00\x00\x00\x00\x00\x00\x00\x00\x00\x00\x00\x00\x00\x00\x00\x00\x00\x00\x00\x00\x00\x00\x00\x00\x00\x00\x00\x00\x00\x00\x00\x00\x00\x00\x00\x00\x00\x00\x00\x00\x00\x00\x00\x00\x00\x00\x00\x00\x00\x00\x00\x00\x00\x00\x00',)
2026-03-09 14:53:53,839 LT1-thread root DEBUG client.py                 82    logger_log                : IUT address 'd5b6cc31db3b' 'random'
2026-03-09 14:53:53,839 LT1-thread root DEBUG client.py                 82    logger_log                : __gap_current_settings_update 33299
2026-03-09 14:53:53,839 LT1-thread root DEBUG client.py                 82    logger_log                : Starting test function: class=<class 'autopts.ptsprojects.testcase.TestFunc'>, func=<function test_cases.<locals>.<lambda> at 0x77b6fe235e40> start_wid=None stop_wid=None post_wid=None skip_call=None call_count=49 args=() kwds={}
2026-03-09 14:53:53,839 LT1-thread root DEBUG client.py                 82    logger_log                : Test function parameters: args=(), kwds={}
2026-03-09 14:53:53,841 LT1-thread root DEBUG client.py                 82    logger_log                : Starting test function: class=<class 'autopts.ptsprojects.testcase.TestFunc'>, func=<function set_pts_addr at 0x77b7021edda0> start_wid=None stop_wid=None post_wid=None skip_call=None call_count=49 args=('DF:A9:FF:F6:B1:1A', 0) kwds={}
2026-03-09 14:53:53,842 LT1-thread root DEBUG client.py                 82    logger_log                : Test function parameters: args=('DF:A9:FF:F6:B1:1A', 0), kwds={}
2026-03-09 14:53:53,842 LT1-thread root DEBUG client.py                 82    logger_log                : Starting test function: class=<class 'autopts.ptsprojects.testcase.TestFunc'>, func=<function core_reg_svc_gatt at 0x77b7021ee340> start_wid=None stop_wid=None post_wid=None skip_call=None call_count=49 args=() kwds={}
2026-03-09 14:53:53,842 LT1-thread root DEBUG client.py                 82    logger_log                : Test function parameters: args=(), kwds={}
2026-03-09 14:53:53,842 LT1-thread root DEBUG client.py                 82    logger_log                : core_reg_svc_univ: gatt_reg (GATT)
2026-03-09 14:53:53,842 LT1-thread root DEBUG client.py                 82    logger_log                : send, 0 3 255 '2'
2026-03-09 14:53:53,842 LT1-thread root DEBUG client.py                 82    logger_log                : sending frame '0003ff010002'
2026-03-09 14:53:53,842 LT1-thread root DEBUG client.py                 82    logger_log                : core_reg_svc_rsp_succ
2026-03-09 14:53:53,842 LT1-thread root DEBUG client.py                 82    logger_log                : read
2026-03-09 14:53:53,862 BTPWorkerThread-713 (_rx_task) root DEBUG client.py                 82    logger_log                : Read 5 bytes
2026-03-09 14:53:53,862 BTPWorkerThread-713 (_rx_task) root DEBUG client.py                 82    logger_log                : Received: hdr: Header(svc_id=0x00, op=0x03, ctrl_index=0xff, data_len=0x00) bytearray(b'\x00\x03\xff\x00\x00')
2026-03-09 14:53:53,862 BTPWorkerThread-713 (_rx_task) root DEBUG client.py                 82    logger_log                : Received data: {''}, bytearray(b'')
2026-03-09 14:53:53,862 LT1-thread root DEBUG client.py                 82    logger_log                : received Header(svc_id=0, op=3, ctrl_index=255, data_len=0) (b'',)
2026-03-09 14:53:53,862 LT1-thread root DEBUG client.py                 82    logger_log                : expected ((0, 3, 255, 0), (b'',))
2026-03-09 14:53:53,862 LT1-thread root DEBUG client.py                 82    logger_log                : response is valid
2026-03-09 14:53:53,863 LT1-thread root DEBUG client.py                 82    logger_log                : Reading supported commands for service: GATT
2026-03-09 14:53:53,863 LT1-thread root DEBUG client.py                 82    logger_log                : send, 2 1 255 ''
2026-03-09 14:53:53,863 LT1-thread root DEBUG client.py                 82    logger_log                : sending frame '0201ff0000'
2026-03-09 14:53:53,863 LT1-thread root DEBUG client.py                 82    logger_log                : read
2026-03-09 14:53:53,877 BTPWorkerThread-713 (_rx_task) root DEBUG client.py                 82    logger_log                : Read 5 bytes
2026-03-09 14:53:53,887 BTPWorkerThread-713 (_rx_task) root DEBUG client.py                 82    logger_log                : Received: hdr: Header(svc_id=0x02, op=0x01, ctrl_index=0xff, data_len=0x05) bytearray(b'\x02\x01\xff\x05\x00')
2026-03-09 14:53:53,903 BTPWorkerThread-713 (_rx_task) root DEBUG client.py                 82    logger_log                : Read 5 bytes data
2026-03-09 14:53:53,913 BTPWorkerThread-713 (_rx_task) root DEBUG client.py                 82    logger_log                : Received data: {'fe fe bf fd 0f'}, bytearray(b'\xfe\xfe\xbf\xfd\x0f')
2026-03-09 14:53:53,918 LT1-thread root DEBUG client.py                 82    logger_log                : Starting test function: class=<class 'autopts.ptsprojects.testcase.TestFunc'>, func=<bound method Stack.gatt_init of <autopts.ptsprojects.stack.stack.Stack object at 0x77b6ff75ab70>> start_wid=None stop_wid=None post_wid=None skip_call=None call_count=49 args=() kwds={}
2026-03-09 14:53:53,918 LT1-thread root DEBUG client.py                 82    logger_log                : Test function parameters: args=(), kwds={}
2026-03-09 14:53:53,918 LT1-thread root DEBUG client.py                 82    logger_log                : Starting test function: class=<class 'autopts.ptsprojects.testcase.TestFunc'>, func=<function core_reg_svc_ots at 0x77b7021ef6a0> start_wid=None stop_wid=None post_wid=None skip_call=None call_count=49 args=() kwds={}
2026-03-09 14:53:53,918 LT1-thread root DEBUG client.py                 82    logger_log                : Test function parameters: args=(), kwds={}
2026-03-09 14:53:53,918 LT1-thread root DEBUG client.py                 82    logger_log                : core_reg_svc_univ: ots_reg (OTS)
2026-03-09 14:53:53,918 LT1-thread root DEBUG client.py                 82    logger_log                : send, 0 3 255 '29'
2026-03-09 14:53:53,918 LT1-thread root DEBUG client.py                 82    logger_log                : sending frame '0003ff01001d'
2026-03-09 14:53:53,919 LT1-thread root DEBUG client.py                 82    logger_log                : core_reg_svc_rsp_succ
2026-03-09 14:53:53,919 LT1-thread root DEBUG client.py                 82    logger_log                : read
2026-03-09 14:53:53,932 BTPWorkerThread-713 (_rx_task) root DEBUG client.py                 82    logger_log                : Read 5 bytes
2026-03-09 14:53:53,942 BTPWorkerThread-713 (_rx_task) root DEBUG client.py                 82    logger_log                : Received: hdr: Header(svc_id=0x00, op=0x03, ctrl_index=0xff, data_len=0x00) bytearray(b'\x00\x03\xff\x00\x00')
2026-03-09 14:53:53,953 BTPWorkerThread-713 (_rx_task) root DEBUG client.py                 82    logger_log                : Received data: {''}, bytearray(b'')
2026-03-09 14:53:53,963 LT1-thread root DEBUG client.py                 82    logger_log                : received Header(svc_id=0, op=3, ctrl_index=255, data_len=0) (b'',)
2026-03-09 14:53:53,963 LT1-thread root DEBUG client.py                 82    logger_log                : expected ((0, 3, 255, 0), (b'',))
2026-03-09 14:53:53,963 LT1-thread root DEBUG client.py                 82    logger_log                : response is valid
2026-03-09 14:53:53,963 LT1-thread root DEBUG client.py                 82    logger_log                : Reading supported commands for service: OTS
2026-03-09 14:53:53,963 LT1-thread root DEBUG client.py                 82    logger_log                : send, 29 1 255 ''
2026-03-09 14:53:53,963 LT1-thread root DEBUG client.py                 82    logger_log                : sending frame '1d01ff0000'
2026-03-09 14:53:53,963 LT1-thread root DEBUG client.py                 82    logger_log                : read
2026-03-09 14:53:53,977 BTPWorkerThread-713 (_rx_task) root DEBUG client.py                 82    logger_log                : Read 5 bytes
2026-03-09 14:53:53,987 BTPWorkerThread-713 (_rx_task) root DEBUG client.py                 82    logger_log                : Received: hdr: Header(svc_id=0x1d, op=0x01, ctrl_index=0xff, data_len=0x01) bytearray(b'\x1d\x01\xff\x01\x00')
2026-03-09 14:53:53,992 BTPWorkerThread-713 (_rx_task) root DEBUG client.py                 82    logger_log                : Read 1 bytes data
2026-03-09 14:53:54,003 BTPWorkerThread-713 (_rx_task) root DEBUG client.py                 82    logger_log                : Received data: {'06'}, bytearray(b'\x06')
2026-03-09 14:53:54,008 LT1-thread root DEBUG client.py                 82    logger_log                : Starting test function: class=<class 'autopts.ptsprojects.testcase.TestFunc'>, func=<bound method Stack.ots_init of <autopts.ptsprojects.stack.stack.Stack object at 0x77b6ff75ab70>> start_wid=None stop_wid=None post_wid=None skip_call=None call_count=49 args=() kwds={}
2026-03-09 14:53:54,008 LT1-thread root DEBUG client.py                 82    logger_log                : Test function parameters: args=(), kwds={}
2026-03-09 14:53:54,008 LT1-thread root DEBUG client.py                 82    logger_log                : Starting test function: class=<class 'autopts.ptsprojects.testcase.TestFunc'>, func=<function otc_register_object at 0x77b7015f9800> start_wid=None stop_wid=None post_wid=None skip_call=None call_count=46 args=(0, 'Object 1 with very long name', 1, 255, 100, 50) kwds={}
2026-03-09 14:53:54,008 LT1-thread root DEBUG client.py                 82    logger_log                : Test function parameters: args=(0, 'Object 1 with very long name', 1, 255, 100, 50), kwds={}
2026-03-09 14:53:54,008 LT1-thread root DEBUG client.py                 82    logger_log                : otc_register_object
2026-03-09 14:53:54,008 LT1-thread root DEBUG client.py                 82    logger_log                : send, 29 2 0 "bytearray(b'\\x01\\xff\\x00\\x00\\x00d\\x00\\x00\\x002\\x00\\x00\\x00\\x1cObject 1 with very long name')"
2026-03-09 14:53:54,008 LT1-thread root DEBUG client.py                 82    logger_log                : sending frame '1d02002a0001ff00000064000000320000001c4f626a656374203120776974682076657279206c6f6e67206e616d65'
2026-03-09 14:53:54,009 LT1-thread root DEBUG client.py                 82    logger_log                : ots_command_rsp_succ
2026-03-09 14:53:54,009 LT1-thread root DEBUG client.py                 82    logger_log                : read
2026-03-09 14:53:54,017 BTPWorkerThread-713 (_rx_task) root DEBUG client.py                 82    logger_log                : Read 5 bytes
2026-03-09 14:53:54,027 BTPWorkerThread-713 (_rx_task) root DEBUG client.py                 82    logger_log                : Received: hdr: Header(svc_id=0x1d, op=0x02, ctrl_index=0x00, data_len=0x08) bytearray(b'\x1d\x02\x00\x08\x00')
2026-03-09 14:53:54,043 BTPWorkerThread-713 (_rx_task) root DEBUG client.py                 82    logger_log                : Read 8 bytes data
2026-03-09 14:53:54,053 BTPWorkerThread-713 (_rx_task) root DEBUG client.py                 82    logger_log                : Received data: {'00 01 00 00 00 00 00 00'}, bytearray(b'\x00\x01\x00\x00\x00\x00\x00\x00')
2026-03-09 14:53:54,058 LT1-thread root DEBUG client.py                 82    logger_log                : received Header(svc_id=29, op=2, ctrl_index=0, data_len=8) (b'\x00\x01\x00\x00\x00\x00\x00\x00',)
2026-03-09 14:53:54,060 LT1-thread root DEBUG client.py                 82    logger_log                : ClientCallback.get_result run_test_case
2026-03-09 14:53:57,322 LT1-callback ClientCallback.on_implicit_send INFO client.py                 82    logger_log                : 
    ********************
    BEGIN OnImplicitSend:
    project_name: OTS
    wid: 20001
    test_case_name: OTS/SR/DLO/BV-01-C
    description: Please prepare IUT into a connectable mode.

Description: Verify that the Implementation Under Test (IUT) can accept GATT connect request from PTS.
    style: MMI_Style_Ok_Cancel2 0x11141
2026-03-09 14:53:57,322 LT1-callback ClientCallback.on_implicit_send INFO client.py                 82    logger_log                : Calling test cases on_implicit_send
2026-03-09 14:53:57,323 LT1-callback ClientCallback.on_implicit_send INFO client.py                 82    logger_log                : 
    on_implicit_send returned response: WAIT
    END OnImplicitSend
    ********************
2026-03-09 14:53:58,061 LT1-thread root DEBUG client.py                 82    logger_log                : OTS OTS/SR/DLO/BV-01-C on_implicit_send
2026-03-09 14:53:58,061 LT1-thread root DEBUG client.py                 82    logger_log                : ots_wid_hdl, 20001, Please prepare IUT into a connectable mode.

Description: Verify that the Implementation Under Test (IUT) can accept GATT connect request from PTS., OTS/SR/DLO/BV-01-C
2026-03-09 14:53:58,061 LT1-thread root DEBUG client.py                 82    logger_log                : gap_set_conn
2026-03-09 14:53:58,061 LT1-thread root DEBUG client.py                 82    logger_log                : gap_adv_ind_on {9: b'Tester_F6B11A'} None
2026-03-09 14:53:58,061 LT1-thread root DEBUG client.py                 82    logger_log                : send, 1 10 0 "bytearray(b'\\x0f\\x00\\t\\rTester_F6B11A\\xff\\xff\\xff\\xff\\x00')"
2026-03-09 14:53:58,061 LT1-thread root DEBUG client.py                 82    logger_log                : sending frame '010a0016000f00090d5465737465725f463642313141ffffffff00'
2026-03-09 14:53:58,061 LT1-thread root DEBUG client.py                 82    logger_log                : gap_command_rsp_succ
2026-03-09 14:53:58,062 LT1-thread root DEBUG client.py                 82    logger_log                : read
2026-03-09 14:53:58,172 BTPWorkerThread-713 (_rx_task) root DEBUG client.py                 82    logger_log                : Read 5 bytes
2026-03-09 14:53:58,172 BTPWorkerThread-713 (_rx_task) root DEBUG client.py                 82    logger_log                : Received: hdr: Header(svc_id=0x01, op=0x0a, ctrl_index=0x00, data_len=0x04) bytearray(b'\x01\n\x00\x04\x00')
2026-03-09 14:53:58,177 BTPWorkerThread-713 (_rx_task) root DEBUG client.py                 82    logger_log                : Read 4 bytes data
2026-03-09 14:53:58,178 BTPWorkerThread-713 (_rx_task) root DEBUG client.py                 82    logger_log                : Received data: {'13 86 00 00'}, bytearray(b'\x13\x86\x00\x00')
2026-03-09 14:53:58,178 LT1-thread root DEBUG client.py                 82    logger_log                : received Header(svc_id=1, op=10, ctrl_index=0, data_len=4) (b'\x13\x86\x00\x00',)
2026-03-09 14:53:58,178 LT1-thread root DEBUG client.py                 82    logger_log                : __gap_current_settings_update (b'\x13\x86\x00\x00',)
2026-03-09 14:53:58,178 LT1-thread root DEBUG client.py                 82    logger_log                : Sending response 'OK' to wid 20001 test case OTS/SR/DLO/BV-01-C
2026-03-09 14:53:58,179 LT1-thread root DEBUG client.py                 82    logger_log                : ClientCallback.get_result run_test_case
2026-03-09 14:53:58,181 LT1-callback ClientCallback.log INFO client.py                 82    logger_log                : PTS_LOGTYPE_IMPLICIT_SEND PTS ControlServer  OTS/SR/DLO/BV-01-C Server: SUCCESS with response=OK
2026-03-09 14:53:58,582 BTPWorkerThread-713 (_rx_task) root DEBUG client.py                 82    logger_log                : Read 5 bytes
2026-03-09 14:53:58,582 BTPWorkerThread-713 (_rx_task) root DEBUG client.py                 82    logger_log                : Received: hdr: Header(svc_id=0x01, op=0x82, ctrl_index=0x00, data_len=0x0d) bytearray(b'\x01\x82\x00\r\x00')
2026-03-09 14:53:58,582 BTPWorkerThread-713 (_rx_task) root DEBUG client.py                 82    logger_log                : Read 13 bytes data
2026-03-09 14:53:58,583 BTPWorkerThread-713 (_rx_task) root DEBUG client.py                 82    logger_log                : Received data: {'00 1a b1 f6 ff a9 df 46 00 00 00 d0 07'}, bytearray(b'\x00\x1a\xb1\xf6\xff\xa9\xdfF\x00\x00\x00\xd0\x07')
2026-03-09 14:53:58,583 BTPWorkerThread-713 (_rx_task) root DEBUG client.py                 82    logger_log                : event_handler Header(svc_id=1, op=130, ctrl_index=0, data_len=13) (b'\x00\x1a\xb1\xf6\xff\xa9\xdfF\x00\x00\x00\xd0\x07',)
2026-03-09 14:53:58,583 BTPWorkerThread-713 (_rx_task) root DEBUG client.py                 82    logger_log                : gap_connected_ev_ b'\x00\x1a\xb1\xf6\xff\xa9\xdfF\x00\x00\x00\xd0\x07'
2026-03-09 14:53:58,583 BTPWorkerThread-713 (_rx_task) root DEBUG client.py                 82    logger_log                : Read 5 bytes
2026-03-09 14:53:58,583 BTPWorkerThread-713 (_rx_task) root DEBUG client.py                 82    logger_log                : Received: hdr: Header(svc_id=0x01, op=0x80, ctrl_index=0x00, data_len=0x04) bytearray(b'\x01\x80\x00\x04\x00')
2026-03-09 14:53:58,583 BTPWorkerThread-713 (_rx_task) root DEBUG client.py                 82    logger_log                : Read 4 bytes data
2026-03-09 14:53:58,583 BTPWorkerThread-713 (_rx_task) root DEBUG client.py                 82    logger_log                : Received data: {'13 82 00 00'}, bytearray(b'\x13\x82\x00\x00')
2026-03-09 14:53:58,583 BTPWorkerThread-713 (_rx_task) root DEBUG client.py                 82    logger_log                : event_handler Header(svc_id=1, op=128, ctrl_index=0, data_len=4) (b'\x13\x82\x00\x00',)
2026-03-09 14:53:58,583 BTPWorkerThread-713 (_rx_task) root DEBUG client.py                 82    logger_log                : gap_new_settings_ev_ b'\x13\x82\x00\x00'
2026-03-09 14:53:58,583 BTPWorkerThread-713 (_rx_task) root DEBUG client.py                 82    logger_log                : __gap_current_settings_update 33299
2026-03-09 14:54:02,452 BTPWorkerThread-713 (_rx_task) root DEBUG client.py                 82    logger_log                : Read 5 bytes
2026-03-09 14:54:02,453 BTPWorkerThread-713 (_rx_task) root DEBUG client.py                 82    logger_log                : Received: hdr: Header(svc_id=0x01, op=0x91, ctrl_index=0x00, data_len=0x09) bytearray(b'\x01\x91\x00\t\x00')
2026-03-09 14:54:02,453 BTPWorkerThread-713 (_rx_task) root DEBUG client.py                 82    logger_log                : Read 9 bytes data
2026-03-09 14:54:02,453 BTPWorkerThread-713 (_rx_task) root DEBUG client.py                 82    logger_log                : Received data: {'00 1a b1 f6 ff a9 df 01 10'}, bytearray(b'\x00\x1a\xb1\xf6\xff\xa9\xdf\x01\x10')
2026-03-09 14:54:02,453 BTPWorkerThread-713 (_rx_task) root DEBUG client.py                 82    logger_log                : event_handler Header(svc_id=1, op=145, ctrl_index=0, data_len=9) (b'\x00\x1a\xb1\xf6\xff\xa9\xdf\x01\x10',)
2026-03-09 14:54:02,453 BTPWorkerThread-713 (_rx_task) root DEBUG client.py                 82    logger_log                : gap_encryption_change_ev_
2026-03-09 14:54:02,453 BTPWorkerThread-713 (_rx_task) root DEBUG client.py                 82    logger_log                : enc change received b'\x00\x1a\xb1\xf6\xff\xa9\xdf\x01\x10'
2026-03-09 14:54:02,454 BTPWorkerThread-713 (_rx_task) root DEBUG client.py                 82    logger_log                : received (0, 'dfa9fff6b11a', 1, 16)
2026-03-09 14:54:02,454 BTPWorkerThread-713 (_rx_task) root DEBUG client.py                 82    logger_log                : Read 5 bytes
2026-03-09 14:54:02,454 BTPWorkerThread-713 (_rx_task) root DEBUG client.py                 82    logger_log                : Received: hdr: Header(svc_id=0x01, op=0x89, ctrl_index=0x00, data_len=0x08) bytearray(b'\x01\x89\x00\x08\x00')
2026-03-09 14:54:02,455 BTPWorkerThread-713 (_rx_task) root DEBUG client.py                 82    logger_log                : Read 8 bytes data
2026-03-09 14:54:02,455 BTPWorkerThread-713 (_rx_task) root DEBUG client.py                 82    logger_log                : Received data: {'00 1a b1 f6 ff a9 df 02'}, bytearray(b'\x00\x1a\xb1\xf6\xff\xa9\xdf\x02')
2026-03-09 14:54:02,455 BTPWorkerThread-713 (_rx_task) root DEBUG client.py                 82    logger_log                : event_handler Header(svc_id=1, op=137, ctrl_index=0, data_len=8) (b'\x00\x1a\xb1\xf6\xff\xa9\xdf\x02',)
2026-03-09 14:54:02,455 BTPWorkerThread-713 (_rx_task) root DEBUG client.py                 82    logger_log                : gap_sec_level_changed_ev_
2026-03-09 14:54:02,455 BTPWorkerThread-713 (_rx_task) root DEBUG client.py                 82    logger_log                : received b'\x00\x1a\xb1\xf6\xff\xa9\xdf\x02'
2026-03-09 14:54:02,455 BTPWorkerThread-713 (_rx_task) root DEBUG client.py                 82    logger_log                : received (0, 'dfa9fff6b11a', 2)
2026-03-09 14:54:06,985 LT1-callback ClientCallback.on_implicit_send INFO client.py                 82    logger_log                : 
    ********************
    BEGIN OnImplicitSend:
    project_name: OTS
    wid: 20109
    test_case_name: OTS/SR/DLO/BV-01-C
    description: Please send indications for Characteristic 'Object List Control Point' to the PTS.

Description: Verify that the Implementation Under Test (IUT) can send indication.Expected Value: Object List Control Point: 
    Op Code: [112 (0x70)] Response Code
    Request Op Code Parameter: [5 (0x05)] Go To
    Result Code: [1 (0x01)] Success
    style: MMI_Style_Ok_Cancel2 0x11141
2026-03-09 14:54:06,985 LT1-callback ClientCallback.on_implicit_send INFO client.py                 82    logger_log                : Calling test cases on_implicit_send
2026-03-09 14:54:06,985 LT1-callback ClientCallback.on_implicit_send INFO client.py                 82    logger_log                : 
    on_implicit_send returned response: WAIT
    END OnImplicitSend
    ********************
2026-03-09 14:54:07,181 LT1-thread root DEBUG client.py                 82    logger_log                : OTS OTS/SR/DLO/BV-01-C on_implicit_send
2026-03-09 14:54:07,181 LT1-thread root DEBUG client.py                 82    logger_log                : ots_wid_hdl, 20109, Please send indications for Characteristic 'Object List Control Point' to the PTS.

Description: Verify that the Implementation Under Test (IUT) can send indication.Expected Value: Object List Control Point: 
    Op Code: [112 (0x70)] Response Code
    Request Op Code Parameter: [5 (0x05)] Go To
    Result Code: [1 (0x01)] Success, OTS/SR/DLO/BV-01-C
2026-03-09 14:54:07,181 LT1-thread root DEBUG client.py                 82    logger_log                : Sending response 'OK' to wid 20109 test case OTS/SR/DLO/BV-01-C
2026-03-09 14:54:07,182 LT1-thread root DEBUG client.py                 82    logger_log                : ClientCallback.get_result run_test_case
2026-03-09 14:54:07,184 LT1-callback ClientCallback.log INFO client.py                 82    logger_log                : PTS_LOGTYPE_IMPLICIT_SEND PTS ControlServer  OTS/SR/DLO/BV-01-C Server: SUCCESS with response=OK
2026-03-09 14:54:08,212 LT1-callback ClientCallback.on_implicit_send INFO client.py                 82    logger_log                : 
    ********************
    BEGIN OnImplicitSend:
    project_name: OTS
    wid: 20109
    test_case_name: OTS/SR/DLO/BV-01-C
    description: Please send indications for Characteristic 'Object Action Control Point' to the PTS.

Description: Verify that the Implementation Under Test (IUT) can send indication.Expected Value: Object Action Control Point: 
    Op Code: [96 (0x60)] Response Code
    Request Op Code Operand: [5 (0x05)] Read
    Result Code: [1 (0x01)] Success
    style: MMI_Style_Ok_Cancel2 0x11141
2026-03-09 14:54:08,212 LT1-callback ClientCallback.on_implicit_send INFO client.py                 82    logger_log                : Calling test cases on_implicit_send
2026-03-09 14:54:08,212 LT1-callback ClientCallback.on_implicit_send INFO client.py                 82    logger_log                : 
    on_implicit_send returned response: WAIT
    END OnImplicitSend
    ********************
2026-03-09 14:54:09,183 LT1-thread root DEBUG client.py                 82    logger_log                : OTS OTS/SR/DLO/BV-01-C on_implicit_send
2026-03-09 14:54:09,183 LT1-thread root DEBUG client.py                 82    logger_log                : ots_wid_hdl, 20109, Please send indications for Characteristic 'Object Action Control Point' to the PTS.

Description: Verify that the Implementation Under Test (IUT) can send indication.Expected Value: Object Action Control Point: 
    Op Code: [96 (0x60)] Response Code
    Request Op Code Operand: [5 (0x05)] Read
    Result Code: [1 (0x01)] Success, OTS/SR/DLO/BV-01-C
2026-03-09 14:54:09,183 LT1-thread root DEBUG client.py                 82    logger_log                : Sending response 'OK' to wid 20109 test case OTS/SR/DLO/BV-01-C
2026-03-09 14:54:09,187 LT1-thread root DEBUG client.py                 82    logger_log                : ClientCallback.get_result run_test_case
2026-03-09 14:54:09,195 LT1-callback ClientCallback.log INFO client.py                 82    logger_log                : PTS_LOGTYPE_IMPLICIT_SEND PTS ControlServer  OTS/SR/DLO/BV-01-C Server: SUCCESS with response=OK
2026-03-09 14:54:15,203 BTPWorkerThread-713 (_rx_task) root DEBUG client.py                 82    logger_log                : Read 5 bytes
2026-03-09 14:54:15,203 BTPWorkerThread-713 (_rx_task) root DEBUG client.py                 82    logger_log                : Received: hdr: Header(svc_id=0x01, op=0x83, ctrl_index=0x00, data_len=0x07) bytearray(b'\x01\x83\x00\x07\x00')
2026-03-09 14:54:15,204 BTPWorkerThread-713 (_rx_task) root DEBUG client.py                 82    logger_log                : Read 7 bytes data
2026-03-09 14:54:15,204 BTPWorkerThread-713 (_rx_task) root DEBUG client.py                 82    logger_log                : Received data: {'00 1a b1 f6 ff a9 df'}, bytearray(b'\x00\x1a\xb1\xf6\xff\xa9\xdf')
2026-03-09 14:54:15,204 BTPWorkerThread-713 (_rx_task) root DEBUG client.py                 82    logger_log                : event_handler Header(svc_id=1, op=131, ctrl_index=0, data_len=7) (b'\x00\x1a\xb1\xf6\xff\xa9\xdf',)
2026-03-09 14:54:15,204 BTPWorkerThread-713 (_rx_task) root DEBUG client.py                 82    logger_log                : gap_disconnected_ev_ b'\x00\x1a\xb1\xf6\xff\xa9\xdf'
2026-03-09 14:54:17,786 LT1-callback ClientCallback.log INFO client.py                 82    logger_log                : PTS_LOGTYPE_RECEIVE_EVENT  

+0 ms
 OTS/SR/DLO/BV-01-C Receive Event            HCI?HCI_RESET_COMPLETE_EVENT{
                           status=HCI_OK
                         }
2026-03-09 14:54:17,795 LT1-callback ClientCallback.log INFO client.py                 82    logger_log                : PTS_LOGTYPE_MESSAGE Message                  Message 

+1594 ms
 OTS/SR/DLO/BV-01-C 
2026-03-09 14:54:17,806 LT1-callback ClientCallback.log INFO client.py                 82    logger_log                : PTS_LOGTYPE_PRELIMINARY_VERDICT Initialize Test Case 

+1594 ms
 OTS/SR/DLO/BV-01-C Build date: Dec 11 2025, 11:52:49

2026-03-09 14:54:17,811 LT1-callback ClientCallback.log INFO client.py                 82    logger_log                : PTS_LOGTYPE_START_TEST Start Test Case 

+1594 ms
 OTS/SR/DLO/BV-01-C OTS/SR/DLO/BV-01-C

2026-03-09 14:54:17,821 LT1-callback ClientCallback.log INFO client.py                 82    logger_log                : PTS_LOGTYPE_SEND_EVENT  

+2625 ms
 OTS/SR/DLO/BV-01-C Send Event               HCI!HCI_RESET
2026-03-09 14:54:17,828 LT1-callback ClientCallback.log INFO client.py                 82    logger_log                : PTS_LOGTYPE_RECEIVE_EVENT  

+2625 ms
 OTS/SR/DLO/BV-01-C Receive Event            HCI?HCI_RESET_COMPLETE_EVENT{
                           status=HCI_OK
                         }
2026-03-09 14:54:17,848 LT1-callback ClientCallback.log INFO client.py                 82    logger_log                : PTS_LOGTYPE_PRELIMINARY_VERDICT Preliminary Verdict 

+2625 ms
 OTS/SR/DLO/BV-01-C PASS

2026-03-09 14:54:17,854 LT1-callback ClientCallback.log INFO client.py                 82    logger_log                : PTS_LOGTYPE_SEND_EVENT  

+2625 ms
 OTS/SR/DLO/BV-01-C Send Event               HCI!HCI_READ_LOCAL_VERSION_INFORMATION
2026-03-09 14:54:17,863 LT1-callback ClientCallback.log INFO client.py                 82    logger_log                : PTS_LOGTYPE_RECEIVE_EVENT  

+2625 ms
 OTS/SR/DLO/BV-01-C Receive Event            HCI?HCI_READ_LOCAL_VERSION_INFORMATION_COMPLETE_EVENT{
                           status=HCI_OK,
                           hciVersion=0x0E,
                           hciRevision=0x304E,
                           lmpVersion=0x0E,
                           manufacturerName=0x0059,
                           lmpSubversion=0x304E
                         }
2026-03-09 14:54:17,873 LT1-callback ClientCallback.log INFO client.py                 82    logger_log                : PTS_LOGTYPE_PRELIMINARY_VERDICT Preliminary Verdict 

+2625 ms
 OTS/SR/DLO/BV-01-C PASS

2026-03-09 14:54:17,878 LT1-callback ClientCallback.log INFO client.py                 82    logger_log                : PTS_LOGTYPE_SEND_EVENT  

+2625 ms
 OTS/SR/DLO/BV-01-C Send Event               HCI!HCI_LE_SET_EVENT_MASK{
                           leEventMask=0x0007FCFE7F8FFFFF
                         }
2026-03-09 14:54:17,882 LT1-callback ClientCallback.log INFO client.py                 82    logger_log                : PTS_LOGTYPE_RECEIVE_EVENT  

+2641 ms
 OTS/SR/DLO/BV-01-C Receive Event            HCI?HCI_LE_SET_EVENT_MASK_COMPLETE_EVENT{
                           status=HCI_OK
                         }
2026-03-09 14:54:17,888 LT1-callback ClientCallback.log INFO client.py                 82    logger_log                : PTS_LOGTYPE_SEND_EVENT  

+2641 ms
 OTS/SR/DLO/BV-01-C Send Event               HCI!HCI_SET_EVENT_MASK{
                           eventMask=0x3FFFFFFFFFFFFFFF
                         }
2026-03-09 14:54:17,895 LT1-callback ClientCallback.log INFO client.py                 82    logger_log                : PTS_LOGTYPE_RECEIVE_EVENT  

+2641 ms
 OTS/SR/DLO/BV-01-C Receive Event            HCI?HCI_SET_EVENT_MASK_COMPLETE_EVENT{
                           status=HCI_OK
                         }
2026-03-09 14:54:17,902 LT1-callback ClientCallback.log INFO client.py                 82    logger_log                : PTS_LOGTYPE_PRELIMINARY_VERDICT Preliminary Verdict 

+2641 ms
 OTS/SR/DLO/BV-01-C PASS

2026-03-09 14:54:17,907 LT1-callback ClientCallback.log INFO client.py                 82    logger_log                : PTS_LOGTYPE_SEND_EVENT  

+2641 ms
 OTS/SR/DLO/BV-01-C Send Event               HCI!HCI_READ_LOCAL_SUPPORTED_FEATURES
2026-03-09 14:54:17,914 LT1-callback ClientCallback.log INFO client.py                 82    logger_log                : PTS_LOGTYPE_RECEIVE_EVENT  

+2641 ms
 OTS/SR/DLO/BV-01-C Receive Event            HCI?HCI_READ_LOCAL_SUPPORTED_FEATURES_COMPLETE_EVENT{
                           status=HCI_OK,
                           lmpFeatures=0x0000006000000000
                         }
2026-03-09 14:54:17,926 LT1-callback ClientCallback.log INFO client.py                 82    logger_log                : PTS_LOGTYPE_PRELIMINARY_VERDICT Preliminary Verdict 

+2641 ms
 OTS/SR/DLO/BV-01-C PASS

2026-03-09 14:54:17,930 LT1-callback ClientCallback.log INFO client.py                 82    logger_log                : PTS_LOGTYPE_SEND_EVENT  

+2641 ms
 OTS/SR/DLO/BV-01-C Send Event               HCI!HCI_READ_LOCAL_SUPPORTED_COMMANDS
2026-03-09 14:54:17,934 LT1-callback ClientCallback.log INFO client.py                 82    logger_log                : PTS_LOGTYPE_RECEIVE_EVENT  

+2656 ms
 OTS/SR/DLO/BV-01-C Receive Event            HCI?HCI_READ_LOCAL_SUPPORTED_COMMANDS_COMPLETE_EVENT{
                           status=HCI_OK,
                           supported_commands=0x0000000000000000000000000000000003E3419FFFFFE7E007FFFFFFFE7FC0300000077FFFFFF782180400E0000000C02228000C00E400000C00C00000800020
                         }
2026-03-09 14:54:17,960 LT1-callback ClientCallback.log INFO client.py                 82    logger_log                : PTS_LOGTYPE_PRELIMINARY_VERDICT Preliminary Verdict 

+2656 ms
 OTS/SR/DLO/BV-01-C PASS

2026-03-09 14:54:17,965 LT1-callback ClientCallback.log INFO client.py                 82    logger_log                : PTS_LOGTYPE_SEND_EVENT  

+2656 ms
 OTS/SR/DLO/BV-01-C Send Event               HCI!HCI_READ_BD_ADDR
2026-03-09 14:54:17,969 LT1-callback ClientCallback.log INFO client.py                 82    logger_log                : PTS_LOGTYPE_RECEIVE_EVENT  

+2656 ms
 OTS/SR/DLO/BV-01-C Receive Event            HCI?HCI_READ_BD_ADDR_COMPLETE_EVENT{
                           status=HCI_OK,
                           bdAddress=0xDFA9FFF6B11A
                         }
2026-03-09 14:54:17,973 LT1-callback ClientCallback.log INFO client.py                 82    logger_log                : PTS_LOGTYPE_PRELIMINARY_VERDICT Preliminary Verdict 

+2656 ms
 OTS/SR/DLO/BV-01-C PASS

2026-03-09 14:54:17,978 LT1-callback ClientCallback.log INFO client.py                 82    logger_log                : PTS_LOGTYPE_SEND_EVENT  

+2656 ms
 OTS/SR/DLO/BV-01-C Send Event               HCI!HCI_LE_LOCAL_SUPPORTED_FEATURES
2026-03-09 14:54:17,981 LT1-callback ClientCallback.log INFO client.py                 82    logger_log                : PTS_LOGTYPE_RECEIVE_EVENT  

+2672 ms
 OTS/SR/DLO/BV-01-C Receive Event            HCI?HCI_LE_READ_LOCAL_SUPPORTED_FEATURES_COMPLETE_EVENT{
                           status=HCI_OK,
                           leFeatures=0x00015836F70079FD
                         }
2026-03-09 14:54:17,987 LT1-callback ClientCallback.log INFO client.py                 82    logger_log                : PTS_LOGTYPE_PRELIMINARY_VERDICT Preliminary Verdict 

+2672 ms
 OTS/SR/DLO/BV-01-C PASS

2026-03-09 14:54:17,995 LT1-callback ClientCallback.log INFO client.py                 82    logger_log                : PTS_LOGTYPE_PRELIMINARY_VERDICT Preliminary Verdict 

+2672 ms
 OTS/SR/DLO/BV-01-C PASS

2026-03-09 14:54:18,000 LT1-callback ClientCallback.log INFO client.py                 82    logger_log                : PTS_LOGTYPE_SEND_EVENT  

+2672 ms
 OTS/SR/DLO/BV-01-C Send Event               HCI!HCI_LE_SET_EVENT_MASK{
                           leEventMask=0x0007FCFE7F8FFFFF
                         }
2026-03-09 14:54:18,005 LT1-callback ClientCallback.log INFO client.py                 82    logger_log                : PTS_LOGTYPE_RECEIVE_EVENT  

+2672 ms
 OTS/SR/DLO/BV-01-C Receive Event            HCI?HCI_LE_SET_EVENT_MASK_COMPLETE_EVENT{
                           status=HCI_OK
                         }
2026-03-09 14:54:18,011 LT1-callback ClientCallback.log INFO client.py                 82    logger_log                : PTS_LOGTYPE_SEND_EVENT  

+2672 ms
 OTS/SR/DLO/BV-01-C Send Event               HCI!HCI_SET_EVENT_MASK{
                           eventMask=0x3FFFFFFFFFFFFFFF
                         }
2026-03-09 14:54:18,014 LT1-callback ClientCallback.log INFO client.py                 82    logger_log                : PTS_LOGTYPE_RECEIVE_EVENT  

+2672 ms
 OTS/SR/DLO/BV-01-C Receive Event            HCI?HCI_SET_EVENT_MASK_COMPLETE_EVENT{
                           status=HCI_OK
                         }
2026-03-09 14:54:18,021 LT1-callback ClientCallback.log INFO client.py                 82    logger_log                : PTS_LOGTYPE_PRELIMINARY_VERDICT Preliminary Verdict 

+2672 ms
 OTS/SR/DLO/BV-01-C PASS

2026-03-09 14:54:18,030 LT1-callback ClientCallback.log INFO client.py                 82    logger_log                : PTS_LOGTYPE_SEND_EVENT  

+2672 ms
 OTS/SR/DLO/BV-01-C Send Event               HCI!HCI_LE_SET_HOST_FEATURE{
                           bit_number=0x20,
                           bit_value=0x01
                         }
2026-03-09 14:54:18,036 LT1-callback ClientCallback.log INFO client.py                 82    logger_log                : PTS_LOGTYPE_RECEIVE_EVENT  

+2688 ms
 OTS/SR/DLO/BV-01-C Receive Event            HCI?HCI_LE_SET_HOST_FEATURE_COMPLETE_EVENT{
                           status=HCI_OK
                         }
2026-03-09 14:54:18,040 LT1-callback ClientCallback.log INFO client.py                 82    logger_log                : PTS_LOGTYPE_PRELIMINARY_VERDICT Preliminary Verdict 

+2688 ms
 OTS/SR/DLO/BV-01-C PASS

2026-03-09 14:54:18,043 LT1-callback ClientCallback.log INFO client.py                 82    logger_log                : PTS_LOGTYPE_SEND_EVENT  

+2688 ms
 OTS/SR/DLO/BV-01-C Send Event               HCI!HCI_LE_SET_HOST_FEATURE{
                           bit_number=0x26,
                           bit_value=0x01
                         }
2026-03-09 14:54:18,051 LT1-callback ClientCallback.log INFO client.py                 82    logger_log                : PTS_LOGTYPE_RECEIVE_EVENT  

+2688 ms
 OTS/SR/DLO/BV-01-C Receive Event            HCI?HCI_LE_SET_HOST_FEATURE_COMPLETE_EVENT{
                           status=HCI_OK
                         }
2026-03-09 14:54:18,056 LT1-callback ClientCallback.log INFO client.py                 82    logger_log                : PTS_LOGTYPE_PRELIMINARY_VERDICT Preliminary Verdict 

+2688 ms
 OTS/SR/DLO/BV-01-C PASS

2026-03-09 14:54:18,059 LT1-callback ClientCallback.log INFO client.py                 82    logger_log                : PTS_LOGTYPE_SEND_EVENT  

+2688 ms
 OTS/SR/DLO/BV-01-C Send Event               HCI!HCI_LE_SET_HOST_FEATURE{
                           bit_number=0x2F,
                           bit_value=0x01
                         }
2026-03-09 14:54:18,062 LT1-callback ClientCallback.log INFO client.py                 82    logger_log                : PTS_LOGTYPE_RECEIVE_EVENT  

+2688 ms
 OTS/SR/DLO/BV-01-C Receive Event            HCI?HCI_LE_SET_HOST_FEATURE_COMPLETE_EVENT{
                           status=HCI_OK
                         }
2026-03-09 14:54:18,067 LT1-callback ClientCallback.log INFO client.py                 82    logger_log                : PTS_LOGTYPE_PRELIMINARY_VERDICT Preliminary Verdict 

+2688 ms
 OTS/SR/DLO/BV-01-C PASS

2026-03-09 14:54:18,072 LT1-callback ClientCallback.log INFO client.py                 82    logger_log                : PTS_LOGTYPE_SEND_EVENT  

+2688 ms
 OTS/SR/DLO/BV-01-C Send Event               HCI!HCI_LE_READ_BUFFER_V2
2026-03-09 14:54:18,075 LT1-callback ClientCallback.log INFO client.py                 82    logger_log                : PTS_LOGTYPE_SEND_EVENT  

+2688 ms
 OTS/SR/DLO/BV-01-C Send Event               HCI!HCI_LE_READ_RESOLVING_LIST_SIZE
2026-03-09 14:54:18,082 LT1-callback ClientCallback.log INFO client.py                 82    logger_log                : PTS_LOGTYPE_RECEIVE_EVENT  

+2703 ms
 OTS/SR/DLO/BV-01-C Receive Event            HCI?HCI_LE_READ_BUFFER_SIZE_V2_COMPLETE_EVENT{
                           status=HCI_OK,
                           HC_LE_Data_Packet_Length=0x00FB,
                           HC_Total_Num_LE_Data_Packets=0x03,
                           HC_LE_ISO_Packet_Length=0x00FF,
                           HC_Total_Num_LE_ISO_Packets=0x03
                         }
2026-03-09 14:54:18,088 LT1-callback ClientCallback.log INFO client.py                 82    logger_log                : PTS_LOGTYPE_RECEIVE_EVENT  

+2703 ms
 OTS/SR/DLO/BV-01-C Receive Event            HCI?HCI_LE_READ_RESOLVING_LIST_SIZE_COMPLETE_EVENT{
                           status=HCI_OK,
                           res_list_size=0x08
                         }
2026-03-09 14:54:18,092 LT1-callback ClientCallback.log INFO client.py                 82    logger_log                : PTS_LOGTYPE_SEND_EVENT  

+2703 ms
 OTS/SR/DLO/BV-01-C Send Event               HCI!HCI_LE_ADD_DEVICE_TO_FILTER_ACCEPT_LIST{
                           addressType=HCI_LE_PUBLIC_DEVICE_ADDRESS,
                           address=0xD5B6CC31DB3B
                         }
2026-03-09 14:54:18,097 LT1-callback ClientCallback.log INFO client.py                 82    logger_log                : PTS_LOGTYPE_RECEIVE_EVENT  

+2703 ms
 OTS/SR/DLO/BV-01-C Receive Event            HCI?HCI_LE_ADD_DEVICE_TO_FILTER_ACCEPT_LIST_COMPLETE_EVENT{
                           status=HCI_OK
                         }
2026-03-09 14:54:18,102 LT1-callback ClientCallback.log INFO client.py                 82    logger_log                : PTS_LOGTYPE_SEND_EVENT  

+2703 ms
 OTS/SR/DLO/BV-01-C Send Event               HCI!HCI_LE_ADD_DEVICE_TO_FILTER_ACCEPT_LIST{
                           addressType=HCI_LE_RANDOM_DEVICE_ADDRESS,
                           address=0xD5B6CC31DB3B
                         }
2026-03-09 14:54:18,106 LT1-callback ClientCallback.log INFO client.py                 82    logger_log                : PTS_LOGTYPE_RECEIVE_EVENT  

+2719 ms
 OTS/SR/DLO/BV-01-C Receive Event            HCI?HCI_LE_ADD_DEVICE_TO_FILTER_ACCEPT_LIST_COMPLETE_EVENT{
                           status=HCI_OK
                         }
2026-03-09 14:54:18,112 LT1-callback ClientCallback.log INFO client.py                 82    logger_log                : PTS_LOGTYPE_PRELIMINARY_VERDICT Preliminary Verdict 

+2719 ms
 OTS/SR/DLO/BV-01-C PASS

2026-03-09 14:54:18,117 LT1-callback ClientCallback.log INFO client.py                 82    logger_log                : PTS_LOGTYPE_PRELIMINARY_VERDICT Preliminary Verdict 

+2719 ms
 OTS/SR/DLO/BV-01-C PASS

2026-03-09 14:54:18,124 LT1-callback ClientCallback.log INFO client.py                 82    logger_log                : PTS_LOGTYPE_SEND_EVENT  

+2719 ms
 OTS/SR/DLO/BV-01-C Send Event               HCI!HCI_LE_SET_SCAN_PARAMETERS{
                           leScanType=HCI_LE_ACTIVE_SCANNING,
                           leScanInterval=0x001E,
                           leScanWindow=0x001E,
                           ownAddressType=HCI_LE_PUBLIC_DEVICE_ADDRESS,
                           scanningFilterPolicy=HCI_LE_ACCEPT_FILTER_ACCEPT_LIST_ADVERTISING_PACKETS
                         }
2026-03-09 14:54:18,133 LT1-callback ClientCallback.log INFO client.py                 82    logger_log                : PTS_LOGTYPE_RECEIVE_EVENT  

+2719 ms
 OTS/SR/DLO/BV-01-C Receive Event            HCI?HCI_LE_SET_SCAN_PARAMETERS_COMPLETE_EVENT{
                           status=HCI_OK
                         }
2026-03-09 14:54:18,140 LT1-callback ClientCallback.log INFO client.py                 82    logger_log                : PTS_LOGTYPE_PRELIMINARY_VERDICT Preliminary Verdict 

+2719 ms
 OTS/SR/DLO/BV-01-C PASS

2026-03-09 14:54:18,148 LT1-callback ClientCallback.log INFO client.py                 82    logger_log                : PTS_LOGTYPE_MESSAGE User Action Required 

+2719 ms
 OTS/SR/DLO/BV-01-C MMI_20001 (MMI_Style_Ok_Cancel2=0x00011141): Please prepare IUT into a connectable mode.

Description: Verify that the Implementation Under Test (IUT) can accept GATT connect request from PTS.

2026-03-09 14:54:18,152 LT1-callback ClientCallback.log INFO client.py                 82    logger_log                : PTS_LOGTYPE_SEND_EVENT  

+2719 ms
 OTS/SR/DLO/BV-01-C Send Event               HCI!HCI_LE_SET_SCAN_ENABLE{
                           leScanEnable=HCI_LE_SCAN_ENABLE,
                           filterDuplicates=HCI_LE_DUPLICATE_FILTERING_DISABLE
                         }
2026-03-09 14:54:18,155 LT1-callback ClientCallback.log INFO client.py                 82    logger_log                : PTS_LOGTYPE_RECEIVE_EVENT  

+2734 ms
 OTS/SR/DLO/BV-01-C Receive Event            HCI?HCI_LE_SET_SCAN_ENABLE_COMPLETE_EVENT{
                           status=HCI_OK
                         }
2026-03-09 14:54:18,161 LT1-callback ClientCallback.log INFO client.py                 82    logger_log                : PTS_LOGTYPE_SEND_EVENT  

+3781 ms
 OTS/SR/DLO/BV-01-C Send Event               HCI!HCI_LE_SET_SCAN_ENABLE{
                           leScanEnable=HCI_LE_SCAN_DISABLE,
                           filterDuplicates=HCI_LE_DUPLICATE_FILTERING_DISABLE
                         }
2026-03-09 14:54:18,167 LT1-callback ClientCallback.log INFO client.py                 82    logger_log                : PTS_LOGTYPE_RECEIVE_EVENT  

+3781 ms
 OTS/SR/DLO/BV-01-C Receive Event            HCI?HCI_LE_SET_SCAN_ENABLE_COMPLETE_EVENT{
                           status=HCI_OK
                         }
2026-03-09 14:54:18,172 LT1-callback ClientCallback.log INFO client.py                 82    logger_log                : PTS_LOGTYPE_SEND_EVENT  

+3781 ms
 OTS/SR/DLO/BV-01-C Send Event               HCI!HCI_LE_CREATE_CONNECTION{
                           peerAddr=0xD5B6CC31DB3B,
                           peerAddrType=HCI_LE_RANDOM_DEVICE_ADDRESS,
                           ownAddrType=HCI_LE_PUBLIC_DEVICE_ADDRESS,
                           scanInterval=0x0020,
                           scanWindow=0x0012,
                           filterPolicy=0x00,
                           minConnInterval=0x0032,
                           maxConnInterval=0x0046,
                           latency=0x0000,
                           supervisionTimeout=0x07D0,
                           minCELength=0x0000,
                           maxCELength=0x0000
                         }
2026-03-09 14:54:18,186 LT1-callback ClientCallback.log INFO client.py                 82    logger_log                : PTS_LOGTYPE_RECEIVE_EVENT  

+3797 ms
 OTS/SR/DLO/BV-01-C Receive Event            HCI?HCI_LE_CREATE_CONNECTION_STATUS_EVENT{
                           status=HCI_OK
                         }
2026-03-09 14:54:18,194 LT1-callback ClientCallback.log INFO client.py                 82    logger_log                : PTS_LOGTYPE_RECEIVE_EVENT  

+3984 ms
 OTS/SR/DLO/BV-01-C Receive Event            ATT?ATT_CONNECT_IND{
                           bdAddr=0xD5B6CC31DB3B,
                           peerAddrType=HCI_LE_RANDOM_DEVICE_ADDRESS,
                           lcid=0x1205,
                           status=0x0000
                         }
2026-03-09 14:54:18,204 LT1-callback ClientCallback.log INFO client.py                 82    logger_log                : PTS_LOGTYPE_RECEIVE_EVENT  

+3984 ms
 OTS/SR/DLO/BV-01-C Receive Event            HCI?HCI_LE_ENHANCED_CONNECTION_COMPLETE_EVENT{
                           status=HCI_OK,
                           conn_handle=0x0000,
                           role=0x00,
                           peerAddrType=0x01,
                           peer_addr=0xD5B6CC31DB3B,
                           local_rpa=0x000000000000,
                           peer_rpa=0x000000000000,
                           conn_interval=0x0046,
                           conn_latency=0x0000,
                           conn_timeout=0x07D0,
                           central_clock_accuracy=0x00
                         }
2026-03-09 14:54:18,218 LT1-callback ClientCallback.log INFO client.py                 82    logger_log                : PTS_LOGTYPE_SEND_EVENT  

+3984 ms
 OTS/SR/DLO/BV-01-C Send Event               HCI!GET_CONNECTION_HANDLE{
                           addr=0xD5B6CC31DB3B,
                           addr_type=0x01,
                           conn_handle=0xFFFF
                         }
2026-03-09 14:54:18,230 LT1-callback ClientCallback.log INFO client.py                 82    logger_log                : PTS_LOGTYPE_SEND_EVENT  

+3984 ms
 OTS/SR/DLO/BV-01-C Send Event               HCI!GET_CONNECTION_HANDLE{
                           addr=0xD5B6CC31DB3B,
                           addr_type=0x01,
                           conn_handle=0x0000
                         }
2026-03-09 14:54:18,241 LT1-callback ClientCallback.log INFO client.py                 82    logger_log                : PTS_LOGTYPE_PRELIMINARY_VERDICT Preliminary Verdict 

+3984 ms
 OTS/SR/DLO/BV-01-C PASS

2026-03-09 14:54:18,246 LT1-callback ClientCallback.log INFO client.py                 82    logger_log                : PTS_LOGTYPE_RECEIVE_EVENT  

+3984 ms
 OTS/SR/DLO/BV-01-C Receive Event            HCI?HCI_LE_CHANNEL_SELECTION_ALGORITHM_EVENT{
                           conn_handle=0x0000,
                           used_ch_algorithm=0x01
                         }
2026-03-09 14:54:18,249 LT1-callback ClientCallback.log INFO client.py                 82    logger_log                : PTS_LOGTYPE_MESSAGE Verdict Description 

+4656 ms
 OTS/SR/DLO/BV-01-C Connection setup successfully.

2026-03-09 14:54:18,258 LT1-callback ClientCallback.log INFO client.py                 82    logger_log                : PTS_LOGTYPE_PRELIMINARY_VERDICT Pass 

+4656 ms
 OTS/SR/DLO/BV-01-C Tester successfully initiated connection.

2026-03-09 14:54:18,262 LT1-callback ClientCallback.log INFO client.py                 82    logger_log                : PTS_LOGTYPE_MESSAGE Verdict Description 

+4656 ms
 OTS/SR/DLO/BV-01-C Tester successfully initiated connection.

2026-03-09 14:54:18,265 LT1-callback ClientCallback.log INFO client.py                 82    logger_log                : PTS_LOGTYPE_SEND_EVENT  

+6672 ms
 OTS/SR/DLO/BV-01-C Send Event               SEC!SEC_LE_AUTHENTICATE_REQ{
                           peerAddress=0xD5B6CC31DB3B,
                           peerAddrType=HCI_LE_RANDOM_DEVICE_ADDRESS,
                           securityMode=1,
                           securityLevel=0,
                           paringMode=PAIRING_MODE_LEGACY,
                           bonding=BONDING,
                           minimum_encKeySize=7
                         }
2026-03-09 14:54:18,271 LT1-callback ClientCallback.log INFO client.py                 82    logger_log                : PTS_LOGTYPE_RECEIVE_EVENT  

+6813 ms
 OTS/SR/DLO/BV-01-C Receive Event            HCI?HCI_LE_RANDOM_COMPLETE_EVENT{
                           status=HCI_OK,
                           randomNumber=0x2E243A063D1EA9D9
                         }
2026-03-09 14:54:18,276 LT1-callback ClientCallback.log INFO client.py                 82    logger_log                : PTS_LOGTYPE_RECEIVE_EVENT  

+6828 ms
 OTS/SR/DLO/BV-01-C Receive Event            HCI?HCI_LE_ENCRYPT_COMPLETE_EVENT{
                           status=HCI_OK,
                           encryptedData=0x0115AA43AC8F4DB3C91F5E4F274244CA
                         }
2026-03-09 14:54:18,279 LT1-callback ClientCallback.log INFO client.py                 82    logger_log                : PTS_LOGTYPE_RECEIVE_EVENT  

+6828 ms
 OTS/SR/DLO/BV-01-C Receive Event            HCI?HCI_LE_ENCRYPT_COMPLETE_EVENT{
                           status=HCI_OK,
                           encryptedData=0xD2AD3DAAFC16C5370B6F40A8BBC1F93A
                         }
2026-03-09 14:54:18,284 LT1-callback ClientCallback.log INFO client.py                 82    logger_log                : PTS_LOGTYPE_RECEIVE_EVENT  

+7156 ms
 OTS/SR/DLO/BV-01-C Receive Event            HCI?HCI_LE_ENCRYPT_COMPLETE_EVENT{
                           status=HCI_OK,
                           encryptedData=0x7C9A099B3A1894BA25B4EE7FFEB78A3E
                         }
2026-03-09 14:54:18,290 LT1-callback ClientCallback.log INFO client.py                 82    logger_log                : PTS_LOGTYPE_RECEIVE_EVENT  

+7172 ms
 OTS/SR/DLO/BV-01-C Receive Event            HCI?HCI_LE_ENCRYPT_COMPLETE_EVENT{
                           status=HCI_OK,
                           encryptedData=0xE4D342EEF2BF4CB6B7E900CB240244CF
                         }
2026-03-09 14:54:18,293 LT1-callback ClientCallback.log INFO client.py                 82    logger_log                : PTS_LOGTYPE_RECEIVE_EVENT  

+7172 ms
 OTS/SR/DLO/BV-01-C Receive Event            HCI?HCI_LE_ENCRYPT_COMPLETE_EVENT{
                           status=HCI_OK,
                           encryptedData=0xC647203AFB0F2086ABE2ABF037CC0F00
                         }
2026-03-09 14:54:18,300 LT1-callback ClientCallback.log INFO client.py                 82    logger_log                : PTS_LOGTYPE_RECEIVE_EVENT  

+7766 ms
 OTS/SR/DLO/BV-01-C Receive Event            HCI?HCI_ENCRYPTION_CHANGE_EVENT{
                           status=HCI_OK,
                           connectionHandle=0x0000,
                           encryptionEnable=0x01
                         }
2026-03-09 14:54:18,304 LT1-callback ClientCallback.log INFO client.py                 82    logger_log                : PTS_LOGTYPE_RECEIVE_EVENT  

+7938 ms
 OTS/SR/DLO/BV-01-C Receive Event            SEC?SEC_LE_KEY_NOTIFICATION_IND{
                           peerAddr=0xD5B6CC31DB3B,
                           peerAddrType=HCI_LE_RANDOM_DEVICE_ADDRESS,
                           keyDist=0x01,
                           encryptionKeySize=0x10,
                           ltk=0x56AF1152A0899F67024DC65C5595A05D,
                           eDiv=0x825E,
                           randValue=0x84C81ED264DAB3D8,
                           
                         }
2026-03-09 14:54:18,320 LT1-callback ClientCallback.log INFO client.py                 82    logger_log                : PTS_LOGTYPE_MESSAGE Verdict Description 

+7938 ms
 OTS/SR/DLO/BV-01-C encryptionKeySize = 0x10,ltk = 0x56AF1152A0899F67024DC65C5595A05D,eDiv = 0x825E,randValue = 0x84C81ED264DAB3D8

2026-03-09 14:54:18,343 LT1-callback ClientCallback.log INFO client.py                 82    logger_log                : PTS_LOGTYPE_RECEIVE_EVENT  

+7938 ms
 OTS/SR/DLO/BV-01-C Receive Event            SEC?SEC_LE_KEY_NOTIFICATION_IND{
                           peerAddr=0xD5B6CC31DB3B,
                           peerAddrType=HCI_LE_RANDOM_DEVICE_ADDRESS,
                           keyDist=0x01,
                           encryptionKeySize=0x10,
                           ltk=0x56AF1152A0899F67024DC65C5595A05D,
                           eDiv=0x825E,
                           randValue=0x84C81ED264DAB3D8,
                           
                         }
2026-03-09 14:54:18,347 LT1-callback ClientCallback.log INFO client.py                 82    logger_log                : PTS_LOGTYPE_MESSAGE Verdict Description 

+7938 ms
 OTS/SR/DLO/BV-01-C encryptionKeySize = 0x10,ltk = 0x56AF1152A0899F67024DC65C5595A05D,eDiv = 0x825E,randValue = 0x84C81ED264DAB3D8

2026-03-09 14:54:18,352 LT1-callback ClientCallback.log INFO client.py                 82    logger_log                : PTS_LOGTYPE_RECEIVE_EVENT  

+7938 ms
 OTS/SR/DLO/BV-01-C Receive Event            SEC?SEC_LE_KEY_DISTRIBUTION_IND{
                           peerAddr=0xD5B6CC31DB3B,
                           peerAddrType=HCI_LE_RANDOM_DEVICE_ADDRESS,
                           keyDist=0x03,
                           encryptionKeySize=0x10
                         }
2026-03-09 14:54:18,357 LT1-callback ClientCallback.log INFO client.py                 82    logger_log                : PTS_LOGTYPE_SEND_EVENT  

+7938 ms
 OTS/SR/DLO/BV-01-C Send Event               SEC?SEC_LE_KEY_DISTRIBUTION_RSP{
                           peerAddr=0xD5B6CC31DB3B,
                           keyDist=0x03,
                           ltk=2FB76A6D,
                           eDiv=0x0840,
                           randValue=0x91EC7598,
                           irk=0xBCB6AFC4,
                           idAddress=0xDFA9FFF6B11A,
                           idAddressType=HCI_LE_PUBLIC_DEVICE_ADDRESS
                         }
2026-03-09 14:54:18,364 LT1-callback ClientCallback.log INFO client.py                 82    logger_log                : PTS_LOGTYPE_RECEIVE_EVENT  

+7953 ms
 OTS/SR/DLO/BV-01-C Receive Event            SEC?SEC_LE_AUTHENTICATE_CFM{
                           peerAddr=0xD5B6CC31DB3B,
                           Bonding=1,
                           Authentication=1,
                           PairingMode=1,
                           KeySize=16,
                           ExtraParam=1
                         }
2026-03-09 14:54:18,369 LT1-callback ClientCallback.log INFO client.py                 82    logger_log                : PTS_LOGTYPE_MESSAGE Verdict Description 

+7953 ms
 OTS/SR/DLO/BV-01-C Pairing process is done. Access is granted.

2026-03-09 14:54:18,373 LT1-callback ClientCallback.log INFO client.py                 82    logger_log                : PTS_LOGTYPE_MESSAGE Verdict Description 

+7953 ms
 OTS/SR/DLO/BV-01-C LE Security procedures completed successfully.

2026-03-09 14:54:18,377 LT1-callback ClientCallback.log INFO client.py                 82    logger_log                : PTS_LOGTYPE_SEND_EVENT  

+7953 ms
 OTS/SR/DLO/BV-01-C Send Event               ATT!ATT_FIND_BY_TYPE_VALUE_REQ{
                           lcid=0x1205,
                           startingHandle=0x0001,
                           endingHandle=0xFFFF,
                           attributeType=0x2800,
                           length=0x0002,
                           2518
                         }
2026-03-09 14:54:18,383 LT1-callback ClientCallback.log INFO client.py                 82    logger_log                : PTS_LOGTYPE_RECEIVE_EVENT Receive Event 

+8203 ms
 OTS/SR/DLO/BV-01-C ATT?ATT_FIND_BY_TYPE_VALUE_RSP{
                           lcid=0x1205,
                           HandleRange={
                             				{
                               foundAttributeHandle=0x0021,
                               endFoundHandle=0x0033
					
                             }
                           }
                         }
2026-03-09 14:54:18,390 LT1-callback ClientCallback.log INFO client.py                 82    logger_log                : PTS_LOGTYPE_RECEIVE_EVENT Receive Event 

+8375 ms
 OTS/SR/DLO/BV-01-C ATT?ATT_FIND_BY_TYPE_VALUE_CFM{
                           lcid=1205,
                           result=0x0000,
                           errorHandle=0x0000,
                           HandleRanges={
                             				{
                               foundAttributeHandle=0x0021,
                               endFoundHandle=0x0033,
                               
					
                             }
                           }
                         }
2026-03-09 14:54:18,396 LT1-callback ClientCallback.log INFO client.py                 82    logger_log                : PTS_LOGTYPE_PRELIMINARY_VERDICT Preliminary Verdict 

+8375 ms
 OTS/SR/DLO/BV-01-C PASS

2026-03-09 14:54:18,401 LT1-callback ClientCallback.log INFO client.py                 82    logger_log                : PTS_LOGTYPE_MESSAGE Verdict Description 

+8375 ms
 OTS/SR/DLO/BV-01-C Discover Primary Service by Service UUID Request completed successfully.

2026-03-09 14:54:18,404 LT1-callback ClientCallback.log INFO client.py                 82    logger_log                : PTS_LOGTYPE_PRELIMINARY_VERDICT Pass 

+8375 ms
 OTS/SR/DLO/BV-01-C The IUT successfully returned the UUID for Object Transfer Service

2026-03-09 14:54:18,408 LT1-callback ClientCallback.log INFO client.py                 82    logger_log                : PTS_LOGTYPE_MESSAGE Verdict Description 

+8375 ms
 OTS/SR/DLO/BV-01-C The IUT successfully returned the UUID for Object Transfer Service

2026-03-09 14:54:18,414 LT1-callback ClientCallback.log INFO client.py                 82    logger_log                : PTS_LOGTYPE_SEND_EVENT  

+8375 ms
 OTS/SR/DLO/BV-01-C Send Event               ATT!ATT_READ_BY_TYPE_REQ{
                           lcid=0x1205,
                           startingHandle=0x0021,
                           endingHandle=0x0033,
                           attributeTypeSize=0x02,
                           attributeType=0x2803
                         }
2026-03-09 14:54:18,420 LT1-callback ClientCallback.log INFO client.py                 82    logger_log                : PTS_LOGTYPE_RECEIVE_EVENT  

+8547 ms
 OTS/SR/DLO/BV-01-C Receive Event            ATT?ATT_READ_BY_TYPE_IND{
                           lcid=0x1205,
                           length=0x0010,
                           attributeTypeSize=0x02,
                           attributeType=0x2803,
                           ElementCount=02,
                           AttributeSize=07,
                           Handle=0022,
                           AttrValue=2ABD002302,
                           Handle=0024,
                           AttrValue=2ABE00250A
                         }
2026-03-09 14:54:18,425 LT1-callback ClientCallback.log INFO client.py                 82    logger_log                : PTS_LOGTYPE_RECEIVE_EVENT Receive Event 

+8547 ms
 OTS/SR/DLO/BV-01-C ATT?ATT_READ_BY_TYPE_RSP{
                           				{
                             handle=0x0022
					value{
                               Properties=0x02,
                               Handle=0x0023,
                               UUID=0x2ABD
                             }

                           }
				{
                             handle=0x0024
					value{
                               Properties=0x0A,
                               Handle=0x0025,
                               UUID=0x2ABE
                             }

                           }

                         }
2026-03-09 14:54:18,430 LT1-callback ClientCallback.log INFO client.py                 82    logger_log                : PTS_LOGTYPE_RECEIVE_EVENT  

+8734 ms
 OTS/SR/DLO/BV-01-C Receive Event            ATT?ATT_READ_BY_TYPE_IND{
                           lcid=0x1205,
                           length=0x0010,
                           attributeTypeSize=0x02,
                           attributeType=0x2803,
                           ElementCount=02,
                           AttributeSize=07,
                           Handle=0026,
                           AttrValue=2ABF002702,
                           Handle=0028,
                           AttrValue=2AC0002902
                         }
2026-03-09 14:54:18,434 LT1-callback ClientCallback.log INFO client.py                 82    logger_log                : PTS_LOGTYPE_RECEIVE_EVENT Receive Event 

+8734 ms
 OTS/SR/DLO/BV-01-C ATT?ATT_READ_BY_TYPE_RSP{
                           				{
                             handle=0x0026
					value{
                               Properties=0x02,
                               Handle=0x0027,
                               UUID=0x2ABF
                             }

                           }
				{
                             handle=0x0028
					value{
                               Properties=0x02,
                               Handle=0x0029,
                               UUID=0x2AC0
                             }

                           }

                         }
2026-03-09 14:54:18,442 LT1-callback ClientCallback.log INFO client.py                 82    logger_log                : PTS_LOGTYPE_RECEIVE_EVENT  

+8906 ms
 OTS/SR/DLO/BV-01-C Receive Event            ATT?ATT_READ_BY_TYPE_IND{
                           lcid=0x1205,
                           length=0x0010,
                           attributeTypeSize=0x02,
                           attributeType=0x2803,
                           ElementCount=02,
                           AttributeSize=07,
                           Handle=002A,
                           AttrValue=2AC3002B02,
                           Handle=002C,
                           AttrValue=2AC4002D02
                         }
2026-03-09 14:54:18,447 LT1-callback ClientCallback.log INFO client.py                 82    logger_log                : PTS_LOGTYPE_RECEIVE_EVENT Receive Event 

+8906 ms
 OTS/SR/DLO/BV-01-C ATT?ATT_READ_BY_TYPE_RSP{
                           				{
                             handle=0x002A
					value{
                               Properties=0x02,
                               Handle=0x002B,
                               UUID=0x2AC3
                             }

                           }
				{
                             handle=0x002C
					value{
                               Properties=0x02,
                               Handle=0x002D,
                               UUID=0x2AC4
                             }

                           }

                         }
2026-03-09 14:54:18,451 LT1-callback ClientCallback.log INFO client.py                 82    logger_log                : PTS_LOGTYPE_RECEIVE_EVENT  

+9078 ms
 OTS/SR/DLO/BV-01-C Receive Event            ATT?ATT_READ_BY_TYPE_IND{
                           lcid=0x1205,
                           length=0x0010,
                           attributeTypeSize=0x02,
                           attributeType=0x2803,
                           ElementCount=02,
                           AttributeSize=07,
                           Handle=002E,
                           AttrValue=2AC5002F28,
                           Handle=0031,
                           AttrValue=2AC6003228
                         }
2026-03-09 14:54:18,457 LT1-callback ClientCallback.log INFO client.py                 82    logger_log                : PTS_LOGTYPE_RECEIVE_EVENT Receive Event 

+9078 ms
 OTS/SR/DLO/BV-01-C ATT?ATT_READ_BY_TYPE_RSP{
                           				{
                             handle=0x002E
					value{
                               Properties=0x28,
                               Handle=0x002F,
                               UUID=0x2AC5
                             }

                           }
				{
                             handle=0x0031
					value{
                               Properties=0x28,
                               Handle=0x0032,
                               UUID=0x2AC6
                             }

                           }

                         }
2026-03-09 14:54:18,462 LT1-callback ClientCallback.log INFO client.py                 82    logger_log                : PTS_LOGTYPE_RECEIVE_EVENT  

+9078 ms
 OTS/SR/DLO/BV-01-C Receive Event            L2CAP?L2CAP_LE_CONNECTION_UPDATE_IND{
                           peerAddr=0xD5B6CC31DB3B,
                           peerAddrType=HCI_LE_RANDOM_DEVICE_ADDRESS,
                           minInterval=0x0018,
                           maxInterval=0x0028,
                           peripheralLatency=0x0000,
                           supervision_timeout=0x002A
                         }
2026-03-09 14:54:18,469 LT1-callback ClientCallback.log INFO client.py                 82    logger_log                : PTS_LOGTYPE_SEND_EVENT  

+9078 ms
 OTS/SR/DLO/BV-01-C Send Event               L2CAP!L2CA_LE_CONNECTION_UPDATE_RSP{
                           peerAddr=0xD5B6CC31DB3B,
                           peerAddrType=0x01,
                           paramAccepted=1
                         }
2026-03-09 14:54:18,473 LT1-callback ClientCallback.log INFO client.py                 82    logger_log                : PTS_LOGTYPE_RECEIVE_EVENT  

+9250 ms
 OTS/SR/DLO/BV-01-C Receive Event            ATT?ATT_READ_BY_TYPE_CFM{
                           lcid=0x1205,
                           attributeType=0x2803,
                           attributeTypeSize=0x02,
                           result=0x0000,
                           errorHandle=0x0000
                         }
2026-03-09 14:54:18,478 LT1-callback ClientCallback.log INFO client.py                 82    logger_log                : PTS_LOGTYPE_RECEIVE_EVENT Receive Event 

+9250 ms
 OTS/SR/DLO/BV-01-C ATT?ATT_READ_BY_TYPE_CFM{
                           				{
                             handle=0x0022
					value{
                               Properties=0x02,
                               Handle=0x0023,
                               UUID=0x2ABD
                             }

                           }
				{
                             handle=0x0024
					value{
                               Properties=0x0A,
                               Handle=0x0025,
                               UUID=0x2ABE
                             }

                           }
				{
                             handle=0x0026
					value{
                               Properties=0x02,
                               Handle=0x0027,
                               UUID=0x2ABF
                             }

                           }
				{
                             handle=0x0028
					value{
                               Properties=0x02,
                               Handle=0x0029,
                               UUID=0x2AC0
                             }

                           }
				{
                             handle=0x002A
					value{
                               Properties=0x02,
                               Handle=0x002B,
                               UUID=0x2AC3
                             }

                           }
				{
                             handle=0x002C
					value{
                               Properties=0x02,
                               Handle=0x002D,
                               UUID=0x2AC4
                             }

                           }
				{
                             handle=0x002E
					value{
                               Properties=0x28,
                               Handle=0x002F,
                               UUID=0x2AC5
                             }

                           }
				{
                             handle=0x0031
					value{
                               Properties=0x28,
                               Handle=0x0032,
                               UUID=0x2AC6
                             }

                           }

                         }
2026-03-09 14:54:18,487 LT1-callback ClientCallback.log INFO client.py                 82    logger_log                : PTS_LOGTYPE_PRELIMINARY_VERDICT Preliminary Verdict 

+9250 ms
 OTS/SR/DLO/BV-01-C PASS

2026-03-09 14:54:18,490 LT1-callback ClientCallback.log INFO client.py                 82    logger_log                : PTS_LOGTYPE_MESSAGE Verdict Description 

+9250 ms
 OTS/SR/DLO/BV-01-C Discover All Characteristics of Service Request completed successfully.

2026-03-09 14:54:18,493 LT1-callback ClientCallback.log INFO client.py                 82    logger_log                : PTS_LOGTYPE_SEND_EVENT  

+9250 ms
 OTS/SR/DLO/BV-01-C Send Event               ATT!ATT_FIND_INFO_REQ{
                           lcid=0x1205,
                           startingHandle=0x0030,
                           endingHandle=0x0030
                         }
2026-03-09 14:54:18,497 LT1-callback ClientCallback.log INFO client.py                 82    logger_log                : PTS_LOGTYPE_RECEIVE_EVENT Receive Event 

+9422 ms
 OTS/SR/DLO/BV-01-C ATT?ATT_FIND_INFO_RSP{
                           				{
                             handle=0x0030,
                             uuid=0x2902
					
                           }
                         }
2026-03-09 14:54:18,503 LT1-callback ClientCallback.log INFO client.py                 82    logger_log                : PTS_LOGTYPE_RECEIVE_EVENT Receive Event 

+9422 ms
 OTS/SR/DLO/BV-01-C ATT?ATT_FIND_INFO_CFM{
                           				{
                             handle=0x0030,
                             uuid=0x2902,
                             
					
                           }
                         }
2026-03-09 14:54:18,511 LT1-callback ClientCallback.log INFO client.py                 82    logger_log                : PTS_LOGTYPE_PRELIMINARY_VERDICT Preliminary Verdict 

+9422 ms
 OTS/SR/DLO/BV-01-C PASS

2026-03-09 14:54:18,520 LT1-callback ClientCallback.log INFO client.py                 82    logger_log                : PTS_LOGTYPE_MESSAGE Verdict Description 

+9422 ms
 OTS/SR/DLO/BV-01-C Discover All Characteristic Descriptors Request completed successfully.

2026-03-09 14:54:18,525 LT1-callback ClientCallback.log INFO client.py                 82    logger_log                : PTS_LOGTYPE_SEND_EVENT  

+9422 ms
 OTS/SR/DLO/BV-01-C Send Event               ATT!ATT_FIND_INFO_REQ{
                           lcid=0x1205,
                           startingHandle=0x0033,
                           endingHandle=0x0033
                         }
2026-03-09 14:54:18,530 LT1-callback ClientCallback.log INFO client.py                 82    logger_log                : PTS_LOGTYPE_RECEIVE_EVENT Receive Event 

+9594 ms
 OTS/SR/DLO/BV-01-C ATT?ATT_FIND_INFO_RSP{
                           				{
                             handle=0x0033,
                             uuid=0x2902
					
                           }
                         }
2026-03-09 14:54:18,535 LT1-callback ClientCallback.log INFO client.py                 82    logger_log                : PTS_LOGTYPE_RECEIVE_EVENT Receive Event 

+9594 ms
 OTS/SR/DLO/BV-01-C ATT?ATT_FIND_INFO_CFM{
                           				{
                             handle=0x0033,
                             uuid=0x2902,
                             
					
                           }
                         }
2026-03-09 14:54:18,541 LT1-callback ClientCallback.log INFO client.py                 82    logger_log                : PTS_LOGTYPE_PRELIMINARY_VERDICT Preliminary Verdict 

+9594 ms
 OTS/SR/DLO/BV-01-C PASS

2026-03-09 14:54:18,544 LT1-callback ClientCallback.log INFO client.py                 82    logger_log                : PTS_LOGTYPE_MESSAGE Verdict Description 

+9594 ms
 OTS/SR/DLO/BV-01-C Discover All Characteristic Descriptors Request completed successfully.

2026-03-09 14:54:18,549 LT1-callback ClientCallback.log INFO client.py                 82    logger_log                : PTS_LOGTYPE_SEND_EVENT  

+9594 ms
 OTS/SR/DLO/BV-01-C Send Event               ATT!ATT_READ_REQ{
                           lcid=0x1205,
                           attributeHandle=0x0023
                         }
2026-03-09 14:54:18,554 LT1-callback ClientCallback.log INFO client.py                 82    logger_log                : PTS_LOGTYPE_RECEIVE_EVENT Receive Event 

+9766 ms
 OTS/SR/DLO/BV-01-C ATT?ATT_READ_CFM{
                           lcid=0x1205,
                           length=0x0008,
                           result=0x0100,
                           errorHandle=0x0000,
                           value{
                             ObjectFeatures=0x00000137
                           }

                         }
2026-03-09 14:54:18,560 LT1-callback ClientCallback.log INFO client.py                 82    logger_log                : PTS_LOGTYPE_PRELIMINARY_VERDICT Preliminary Verdict 

+9766 ms
 OTS/SR/DLO/BV-01-C PASS

2026-03-09 14:54:18,565 LT1-callback ClientCallback.log INFO client.py                 82    logger_log                : PTS_LOGTYPE_MESSAGE Verdict Description 

+9766 ms
 OTS/SR/DLO/BV-01-C Read Request completed successfully. Handle=0x0023

2026-03-09 14:54:18,569 LT1-callback ClientCallback.log INFO client.py                 82    logger_log                : PTS_LOGTYPE_PRELIMINARY_VERDICT Preliminary Verdict 

+9766 ms
 OTS/SR/DLO/BV-01-C PASS

2026-03-09 14:54:18,573 LT1-callback ClientCallback.log INFO client.py                 82    logger_log                : PTS_LOGTYPE_PRELIMINARY_VERDICT Pass 

+9766 ms
 OTS/SR/DLO/BV-01-C The data received for 'OTS Feature' conforms to the schema.

2026-03-09 14:54:18,577 LT1-callback ClientCallback.log INFO client.py                 82    logger_log                : PTS_LOGTYPE_MESSAGE Verdict Description 

+9766 ms
 OTS/SR/DLO/BV-01-C The data received for 'OTS Feature' conforms to the schema.

2026-03-09 14:54:18,582 LT1-callback ClientCallback.log INFO client.py                 82    logger_log                : PTS_LOGTYPE_MESSAGE Verdict Description 

+9766 ms
 OTS/SR/DLO/BV-01-C ## Read Value (handle:35):
	OTS Feature: 
    OACP Features: [0x00000137]
    OLCP Features: [0x00000001]

2026-03-09 14:54:18,588 LT1-callback ClientCallback.log INFO client.py                 82    logger_log                : PTS_LOGTYPE_SEND_EVENT  

+9766 ms
 OTS/SR/DLO/BV-01-C Send Event               ATT!ATT_FIND_BY_TYPE_VALUE_REQ{
                           lcid=0x1205,
                           startingHandle=0x0001,
                           endingHandle=0xFFFF,
                           attributeType=0x2800,
                           length=0x0002,
                           2518
                         }
2026-03-09 14:54:18,593 LT1-callback ClientCallback.log INFO client.py                 82    logger_log                : PTS_LOGTYPE_RECEIVE_EVENT Receive Event 

+9953 ms
 OTS/SR/DLO/BV-01-C ATT?ATT_FIND_BY_TYPE_VALUE_RSP{
                           lcid=0x1205,
                           HandleRange={
                             				{
                               foundAttributeHandle=0x0021,
                               endFoundHandle=0x0033
					
                             }
                           }
                         }
2026-03-09 14:54:18,602 LT1-callback ClientCallback.log INFO client.py                 82    logger_log                : PTS_LOGTYPE_RECEIVE_EVENT Receive Event 

+10125 ms
 OTS/SR/DLO/BV-01-C ATT?ATT_FIND_BY_TYPE_VALUE_CFM{
                           lcid=1205,
                           result=0x0000,
                           errorHandle=0x0000,
                           HandleRanges={
                             				{
                               foundAttributeHandle=0x0021,
                               endFoundHandle=0x0033,
                               
					
                             }
                           }
                         }
2026-03-09 14:54:18,608 LT1-callback ClientCallback.log INFO client.py                 82    logger_log                : PTS_LOGTYPE_PRELIMINARY_VERDICT Preliminary Verdict 

+10125 ms
 OTS/SR/DLO/BV-01-C PASS

2026-03-09 14:54:18,613 LT1-callback ClientCallback.log INFO client.py                 82    logger_log                : PTS_LOGTYPE_MESSAGE Verdict Description 

+10125 ms
 OTS/SR/DLO/BV-01-C Discover Primary Service by Service UUID Request completed successfully.

2026-03-09 14:54:18,619 LT1-callback ClientCallback.log INFO client.py                 82    logger_log                : PTS_LOGTYPE_PRELIMINARY_VERDICT Pass 

+10125 ms
 OTS/SR/DLO/BV-01-C The IUT successfully returned the UUID for Object Transfer Service

2026-03-09 14:54:18,622 LT1-callback ClientCallback.log INFO client.py                 82    logger_log                : PTS_LOGTYPE_MESSAGE Verdict Description 

+10125 ms
 OTS/SR/DLO/BV-01-C The IUT successfully returned the UUID for Object Transfer Service

2026-03-09 14:54:18,627 LT1-callback ClientCallback.log INFO client.py                 82    logger_log                : PTS_LOGTYPE_SEND_EVENT  

+10125 ms
 OTS/SR/DLO/BV-01-C Send Event               ATT!ATT_READ_BY_TYPE_REQ{
                           lcid=0x1205,
                           startingHandle=0x0021,
                           endingHandle=0x0033,
                           attributeTypeSize=0x02,
                           attributeType=0x2803
                         }
2026-03-09 14:54:18,633 LT1-callback ClientCallback.log INFO client.py                 82    logger_log                : PTS_LOGTYPE_RECEIVE_EVENT  

+10297 ms
 OTS/SR/DLO/BV-01-C Receive Event            ATT?ATT_READ_BY_TYPE_IND{
                           lcid=0x1205,
                           length=0x0010,
                           attributeTypeSize=0x02,
                           attributeType=0x2803,
                           ElementCount=02,
                           AttributeSize=07,
                           Handle=0022,
                           AttrValue=2ABD002302,
                           Handle=0024,
                           AttrValue=2ABE00250A
                         }
2026-03-09 14:54:18,647 LT1-callback ClientCallback.log INFO client.py                 82    logger_log                : PTS_LOGTYPE_RECEIVE_EVENT Receive Event 

+10297 ms
 OTS/SR/DLO/BV-01-C ATT?ATT_READ_BY_TYPE_RSP{
                           				{
                             handle=0x0022
					value{
                               Properties=0x02,
                               Handle=0x0023,
                               UUID=0x2ABD
                             }

                           }
				{
                             handle=0x0024
					value{
                               Properties=0x0A,
                               Handle=0x0025,
                               UUID=0x2ABE
                             }

                           }

                         }
2026-03-09 14:54:18,662 LT1-callback ClientCallback.log INFO client.py                 82    logger_log                : PTS_LOGTYPE_RECEIVE_EVENT  

+10469 ms
 OTS/SR/DLO/BV-01-C Receive Event            ATT?ATT_READ_BY_TYPE_IND{
                           lcid=0x1205,
                           length=0x0010,
                           attributeTypeSize=0x02,
                           attributeType=0x2803,
                           ElementCount=02,
                           AttributeSize=07,
                           Handle=0026,
                           AttrValue=2ABF002702,
                           Handle=0028,
                           AttrValue=2AC0002902
                         }
2026-03-09 14:54:18,667 LT1-callback ClientCallback.log INFO client.py                 82    logger_log                : PTS_LOGTYPE_RECEIVE_EVENT Receive Event 

+10469 ms
 OTS/SR/DLO/BV-01-C ATT?ATT_READ_BY_TYPE_RSP{
                           				{
                             handle=0x0026
					value{
                               Properties=0x02,
                               Handle=0x0027,
                               UUID=0x2ABF
                             }

                           }
				{
                             handle=0x0028
					value{
                               Properties=0x02,
                               Handle=0x0029,
                               UUID=0x2AC0
                             }

                           }

                         }
2026-03-09 14:54:18,674 LT1-callback ClientCallback.log INFO client.py                 82    logger_log                : PTS_LOGTYPE_RECEIVE_EVENT  

+10656 ms
 OTS/SR/DLO/BV-01-C Receive Event            ATT?ATT_READ_BY_TYPE_IND{
                           lcid=0x1205,
                           length=0x0010,
                           attributeTypeSize=0x02,
                           attributeType=0x2803,
                           ElementCount=02,
                           AttributeSize=07,
                           Handle=002A,
                           AttrValue=2AC3002B02,
                           Handle=002C,
                           AttrValue=2AC4002D02
                         }
2026-03-09 14:54:18,680 LT1-callback ClientCallback.log INFO client.py                 82    logger_log                : PTS_LOGTYPE_RECEIVE_EVENT Receive Event 

+10656 ms
 OTS/SR/DLO/BV-01-C ATT?ATT_READ_BY_TYPE_RSP{
                           				{
                             handle=0x002A
					value{
                               Properties=0x02,
                               Handle=0x002B,
                               UUID=0x2AC3
                             }

                           }
				{
                             handle=0x002C
					value{
                               Properties=0x02,
                               Handle=0x002D,
                               UUID=0x2AC4
                             }

                           }

                         }
2026-03-09 14:54:18,686 LT1-callback ClientCallback.log INFO client.py                 82    logger_log                : PTS_LOGTYPE_RECEIVE_EVENT  

+10828 ms
 OTS/SR/DLO/BV-01-C Receive Event            ATT?ATT_READ_BY_TYPE_IND{
                           lcid=0x1205,
                           length=0x0010,
                           attributeTypeSize=0x02,
                           attributeType=0x2803,
                           ElementCount=02,
                           AttributeSize=07,
                           Handle=002E,
                           AttrValue=2AC5002F28,
                           Handle=0031,
                           AttrValue=2AC6003228
                         }
2026-03-09 14:54:18,692 LT1-callback ClientCallback.log INFO client.py                 82    logger_log                : PTS_LOGTYPE_RECEIVE_EVENT Receive Event 

+10828 ms
 OTS/SR/DLO/BV-01-C ATT?ATT_READ_BY_TYPE_RSP{
                           				{
                             handle=0x002E
					value{
                               Properties=0x28,
                               Handle=0x002F,
                               UUID=0x2AC5
                             }

                           }
				{
                             handle=0x0031
					value{
                               Properties=0x28,
                               Handle=0x0032,
                               UUID=0x2AC6
                             }

                           }

                         }
2026-03-09 14:54:18,698 LT1-callback ClientCallback.log INFO client.py                 82    logger_log                : PTS_LOGTYPE_RECEIVE_EVENT  

+11000 ms
 OTS/SR/DLO/BV-01-C Receive Event            ATT?ATT_READ_BY_TYPE_CFM{
                           lcid=0x1205,
                           attributeType=0x2803,
                           attributeTypeSize=0x02,
                           result=0x0000,
                           errorHandle=0x0000
                         }
2026-03-09 14:54:18,704 LT1-callback ClientCallback.log INFO client.py                 82    logger_log                : PTS_LOGTYPE_RECEIVE_EVENT Receive Event 

+11000 ms
 OTS/SR/DLO/BV-01-C ATT?ATT_READ_BY_TYPE_CFM{
                           				{
                             handle=0x0022
					value{
                               Properties=0x02,
                               Handle=0x0023,
                               UUID=0x2ABD
                             }

                           }
				{
                             handle=0x0024
					value{
                               Properties=0x0A,
                               Handle=0x0025,
                               UUID=0x2ABE
                             }

                           }
				{
                             handle=0x0026
					value{
                               Properties=0x02,
                               Handle=0x0027,
                               UUID=0x2ABF
                             }

                           }
				{
                             handle=0x0028
					value{
                               Properties=0x02,
                               Handle=0x0029,
                               UUID=0x2AC0
                             }

                           }
				{
                             handle=0x002A
					value{
                               Properties=0x02,
                               Handle=0x002B,
                               UUID=0x2AC3
                             }

                           }
				{
                             handle=0x002C
					value{
                               Properties=0x02,
                               Handle=0x002D,
                               UUID=0x2AC4
                             }

                           }
				{
                             handle=0x002E
					value{
                               Properties=0x28,
                               Handle=0x002F,
                               UUID=0x2AC5
                             }

                           }
				{
                             handle=0x0031
					value{
                               Properties=0x28,
                               Handle=0x0032,
                               UUID=0x2AC6
                             }

                           }

                         }
2026-03-09 14:54:18,718 LT1-callback ClientCallback.log INFO client.py                 82    logger_log                : PTS_LOGTYPE_PRELIMINARY_VERDICT Preliminary Verdict 

+11000 ms
 OTS/SR/DLO/BV-01-C PASS

2026-03-09 14:54:18,726 LT1-callback ClientCallback.log INFO client.py                 82    logger_log                : PTS_LOGTYPE_MESSAGE Verdict Description 

+11000 ms
 OTS/SR/DLO/BV-01-C Discover All Characteristics of Service Request completed successfully.

2026-03-09 14:54:18,732 LT1-callback ClientCallback.log INFO client.py                 82    logger_log                : PTS_LOGTYPE_SEND_EVENT  

+11000 ms
 OTS/SR/DLO/BV-01-C Send Event               ATT!ATT_FIND_INFO_REQ{
                           lcid=0x1205,
                           startingHandle=0x0030,
                           endingHandle=0x0030
                         }
2026-03-09 14:54:18,739 LT1-callback ClientCallback.log INFO client.py                 82    logger_log                : PTS_LOGTYPE_RECEIVE_EVENT Receive Event 

+11172 ms
 OTS/SR/DLO/BV-01-C ATT?ATT_FIND_INFO_RSP{
                           				{
                             handle=0x0030,
                             uuid=0x2902
					
                           }
                         }
2026-03-09 14:54:18,742 LT1-callback ClientCallback.log INFO client.py                 82    logger_log                : PTS_LOGTYPE_RECEIVE_EVENT Receive Event 

+11172 ms
 OTS/SR/DLO/BV-01-C ATT?ATT_FIND_INFO_CFM{
                           				{
                             handle=0x0030,
                             uuid=0x2902,
                             
					
                           }
                         }
2026-03-09 14:54:18,748 LT1-callback ClientCallback.log INFO client.py                 82    logger_log                : PTS_LOGTYPE_PRELIMINARY_VERDICT Preliminary Verdict 

+11172 ms
 OTS/SR/DLO/BV-01-C PASS

2026-03-09 14:54:18,753 LT1-callback ClientCallback.log INFO client.py                 82    logger_log                : PTS_LOGTYPE_MESSAGE Verdict Description 

+11172 ms
 OTS/SR/DLO/BV-01-C Discover All Characteristic Descriptors Request completed successfully.

2026-03-09 14:54:18,758 LT1-callback ClientCallback.log INFO client.py                 82    logger_log                : PTS_LOGTYPE_SEND_EVENT  

+11172 ms
 OTS/SR/DLO/BV-01-C Send Event               ATT!ATT_FIND_INFO_REQ{
                           lcid=0x1205,
                           startingHandle=0x0033,
                           endingHandle=0x0033
                         }
2026-03-09 14:54:18,763 LT1-callback ClientCallback.log INFO client.py                 82    logger_log                : PTS_LOGTYPE_RECEIVE_EVENT Receive Event 

+11344 ms
 OTS/SR/DLO/BV-01-C ATT?ATT_FIND_INFO_RSP{
                           				{
                             handle=0x0033,
                             uuid=0x2902
					
                           }
                         }
2026-03-09 14:54:18,774 LT1-callback ClientCallback.log INFO client.py                 82    logger_log                : PTS_LOGTYPE_RECEIVE_EVENT Receive Event 

+11344 ms
 OTS/SR/DLO/BV-01-C ATT?ATT_FIND_INFO_CFM{
                           				{
                             handle=0x0033,
                             uuid=0x2902,
                             
					
                           }
                         }
2026-03-09 14:54:18,780 LT1-callback ClientCallback.log INFO client.py                 82    logger_log                : PTS_LOGTYPE_PRELIMINARY_VERDICT Preliminary Verdict 

+11344 ms
 OTS/SR/DLO/BV-01-C PASS

2026-03-09 14:54:18,788 LT1-callback ClientCallback.log INFO client.py                 82    logger_log                : PTS_LOGTYPE_MESSAGE Verdict Description 

+11344 ms
 OTS/SR/DLO/BV-01-C Discover All Characteristic Descriptors Request completed successfully.

2026-03-09 14:54:18,797 LT1-callback ClientCallback.log INFO client.py                 82    logger_log                : PTS_LOGTYPE_SEND_EVENT  

+11344 ms
 OTS/SR/DLO/BV-01-C Send Event               ATT!ATT_READ_REQ{
                           lcid=0x1205,
                           attributeHandle=0x0023
                         }
2026-03-09 14:54:18,801 LT1-callback ClientCallback.log INFO client.py                 82    logger_log                : PTS_LOGTYPE_RECEIVE_EVENT Receive Event 

+11516 ms
 OTS/SR/DLO/BV-01-C ATT?ATT_READ_CFM{
                           lcid=0x1205,
                           length=0x0008,
                           result=0x0100,
                           errorHandle=0x0000,
                           value{
                             ObjectFeatures=0x00000137
                           }

                         }
2026-03-09 14:54:18,809 LT1-callback ClientCallback.log INFO client.py                 82    logger_log                : PTS_LOGTYPE_PRELIMINARY_VERDICT Preliminary Verdict 

+11516 ms
 OTS/SR/DLO/BV-01-C PASS

2026-03-09 14:54:18,812 LT1-callback ClientCallback.log INFO client.py                 82    logger_log                : PTS_LOGTYPE_MESSAGE Verdict Description 

+11516 ms
 OTS/SR/DLO/BV-01-C Read Request completed successfully. Handle=0x0023

2026-03-09 14:54:18,818 LT1-callback ClientCallback.log INFO client.py                 82    logger_log                : PTS_LOGTYPE_PRELIMINARY_VERDICT Preliminary Verdict 

+11516 ms
 OTS/SR/DLO/BV-01-C PASS

2026-03-09 14:54:18,825 LT1-callback ClientCallback.log INFO client.py                 82    logger_log                : PTS_LOGTYPE_PRELIMINARY_VERDICT Pass 

+11516 ms
 OTS/SR/DLO/BV-01-C The data received for 'OTS Feature' conforms to the schema.

2026-03-09 14:54:18,829 LT1-callback ClientCallback.log INFO client.py                 82    logger_log                : PTS_LOGTYPE_MESSAGE Verdict Description 

+11516 ms
 OTS/SR/DLO/BV-01-C The data received for 'OTS Feature' conforms to the schema.

2026-03-09 14:54:18,836 LT1-callback ClientCallback.log INFO client.py                 82    logger_log                : PTS_LOGTYPE_MESSAGE Verdict Description 

+11516 ms
 OTS/SR/DLO/BV-01-C ## Read Value (handle:35):
	OTS Feature: 
    OACP Features: [0x00000137]
    OLCP Features: [0x00000001]

2026-03-09 14:54:18,842 LT1-callback ClientCallback.log INFO client.py                 82    logger_log                : PTS_LOGTYPE_MESSAGE Verdict Description 

+11516 ms
 OTS/SR/DLO/BV-01-C ## Write Request (handle:48):
	Client Characteristic Configuration: 
    Properties: [0x0000]

2026-03-09 14:54:18,848 LT1-callback ClientCallback.log INFO client.py                 82    logger_log                : PTS_LOGTYPE_SEND_EVENT  

+11516 ms
 OTS/SR/DLO/BV-01-C Send Event               ATT!ATT_WRITE_REQ{
                           lcid=0x1205,
                           attributeHandle=0x0030,
                           length=0x0002,
                           0000
                         }
2026-03-09 14:54:18,853 LT1-callback ClientCallback.log INFO client.py                 82    logger_log                : PTS_LOGTYPE_RECEIVE_EVENT  

+11703 ms
 OTS/SR/DLO/BV-01-C Receive Event            ATT?ATT_WRITE_CFM{
                           lcid=0x1205,
                           result=0x0000,
                           errorHandle=0x0000
                         }
2026-03-09 14:54:18,857 LT1-callback ClientCallback.log INFO client.py                 82    logger_log                : PTS_LOGTYPE_PRELIMINARY_VERDICT Preliminary Verdict 

+11703 ms
 OTS/SR/DLO/BV-01-C PASS

2026-03-09 14:54:18,860 LT1-callback ClientCallback.log INFO client.py                 82    logger_log                : PTS_LOGTYPE_MESSAGE Verdict Description 

+11703 ms
 OTS/SR/DLO/BV-01-C ## Write Request (handle:48):
	Client Characteristic Configuration: 
    Properties: [0x0002]

2026-03-09 14:54:18,864 LT1-callback ClientCallback.log INFO client.py                 82    logger_log                : PTS_LOGTYPE_SEND_EVENT  

+11703 ms
 OTS/SR/DLO/BV-01-C Send Event               ATT!ATT_WRITE_REQ{
                           lcid=0x1205,
                           attributeHandle=0x0030,
                           length=0x0002,
                           0002
                         }
2026-03-09 14:54:18,869 LT1-callback ClientCallback.log INFO client.py                 82    logger_log                : PTS_LOGTYPE_RECEIVE_EVENT  

+11875 ms
 OTS/SR/DLO/BV-01-C Receive Event            ATT?ATT_WRITE_CFM{
                           lcid=0x1205,
                           result=0x0000,
                           errorHandle=0x0000
                         }
2026-03-09 14:54:18,881 LT1-callback ClientCallback.log INFO client.py                 82    logger_log                : PTS_LOGTYPE_PRELIMINARY_VERDICT Preliminary Verdict 

+11875 ms
 OTS/SR/DLO/BV-01-C PASS

2026-03-09 14:54:18,885 LT1-callback ClientCallback.log INFO client.py                 82    logger_log                : PTS_LOGTYPE_MESSAGE Verdict Description 

+11875 ms
 OTS/SR/DLO/BV-01-C ## Write Request (handle:51):
	Client Characteristic Configuration: 
    Properties: [0x0000]

2026-03-09 14:54:18,889 LT1-callback ClientCallback.log INFO client.py                 82    logger_log                : PTS_LOGTYPE_SEND_EVENT  

+11875 ms
 OTS/SR/DLO/BV-01-C Send Event               ATT!ATT_WRITE_REQ{
                           lcid=0x1205,
                           attributeHandle=0x0033,
                           length=0x0002,
                           0000
                         }
2026-03-09 14:54:18,896 LT1-callback ClientCallback.log INFO client.py                 82    logger_log                : PTS_LOGTYPE_RECEIVE_EVENT  

+12047 ms
 OTS/SR/DLO/BV-01-C Receive Event            ATT?ATT_WRITE_CFM{
                           lcid=0x1205,
                           result=0x0000,
                           errorHandle=0x0000
                         }
2026-03-09 14:54:18,900 LT1-callback ClientCallback.log INFO client.py                 82    logger_log                : PTS_LOGTYPE_PRELIMINARY_VERDICT Preliminary Verdict 

+12047 ms
 OTS/SR/DLO/BV-01-C PASS

2026-03-09 14:54:18,904 LT1-callback ClientCallback.log INFO client.py                 82    logger_log                : PTS_LOGTYPE_MESSAGE Verdict Description 

+12047 ms
 OTS/SR/DLO/BV-01-C ## Write Request (handle:51):
	Client Characteristic Configuration: 
    Properties: [0x0002]

2026-03-09 14:54:18,909 LT1-callback ClientCallback.log INFO client.py                 82    logger_log                : PTS_LOGTYPE_SEND_EVENT  

+12047 ms
 OTS/SR/DLO/BV-01-C Send Event               ATT!ATT_WRITE_REQ{
                           lcid=0x1205,
                           attributeHandle=0x0033,
                           length=0x0002,
                           0002
                         }
2026-03-09 14:54:18,915 LT1-callback ClientCallback.log INFO client.py                 82    logger_log                : PTS_LOGTYPE_RECEIVE_EVENT  

+12219 ms
 OTS/SR/DLO/BV-01-C Receive Event            ATT?ATT_WRITE_CFM{
                           lcid=0x1205,
                           result=0x0000,
                           errorHandle=0x0000
                         }
2026-03-09 14:54:18,919 LT1-callback ClientCallback.log INFO client.py                 82    logger_log                : PTS_LOGTYPE_PRELIMINARY_VERDICT Preliminary Verdict 

+12219 ms
 OTS/SR/DLO/BV-01-C PASS

2026-03-09 14:54:18,925 LT1-callback ClientCallback.log INFO client.py                 82    logger_log                : PTS_LOGTYPE_MESSAGE Verdict Description 

+12219 ms
 OTS/SR/DLO/BV-01-C ## Write Request (handle:50):
	Object List Control Point: 
    Op Code: [5 (0x05)] Go To
    Object ID Parameter: 
        Object ID: [ (0x000000000000)]

2026-03-09 14:54:18,932 LT1-callback ClientCallback.log INFO client.py                 82    logger_log                : PTS_LOGTYPE_SEND_EVENT  

+12219 ms
 OTS/SR/DLO/BV-01-C Send Event               ATT!ATT_WRITE_REQ{
                           lcid=0x1205,
                           attributeHandle=0x0032,
                           length=0x0007,
                           00000000000005
                         }
2026-03-09 14:54:18,936 LT1-callback ClientCallback.log INFO client.py                 82    logger_log                : PTS_LOGTYPE_RECEIVE_EVENT  

+12391 ms
 OTS/SR/DLO/BV-01-C Receive Event            ATT?ATT_WRITE_CFM{
                           lcid=0x1205,
                           result=0x0000,
                           errorHandle=0x0000
                         }
2026-03-09 14:54:18,945 LT1-callback ClientCallback.log INFO client.py                 82    logger_log                : PTS_LOGTYPE_PRELIMINARY_VERDICT Preliminary Verdict 

+12391 ms
 OTS/SR/DLO/BV-01-C PASS

2026-03-09 14:54:18,950 LT1-callback ClientCallback.log INFO client.py                 82    logger_log                : PTS_LOGTYPE_MESSAGE Verdict Description 

+12391 ms
 OTS/SR/DLO/BV-01-C Waiting for indication on handle = 0x0032 for Characteristic 'Object List Control Point' (UUID = 0x2AC6)

2026-03-09 14:54:18,954 LT1-callback ClientCallback.log INFO client.py                 82    logger_log                : PTS_LOGTYPE_MESSAGE User Action Required 

+12391 ms
 OTS/SR/DLO/BV-01-C MMI_20109 (MMI_Style_Ok_Cancel2=0x00011141): Please send indications for Characteristic 'Object List Control Point' to the PTS.

Description: Verify that the Implementation Under Test (IUT) can send indication.Expected Value: Object List Control Point: 
    Op Code: [112 (0x70)] Response Code
    Request Op Code Parameter: [5 (0x05)] Go To
    Result Code: [1 (0x01)] Success

2026-03-09 14:54:18,959 LT1-callback ClientCallback.log INFO client.py                 82    logger_log                : PTS_LOGTYPE_RECEIVE_EVENT  

+12391 ms
 OTS/SR/DLO/BV-01-C Receive Event            ATT?ATT_HANDLE_VALUE_IND{
                           lcid=0x1205,
                           attributeHandle=0x0032,
                           length=0x0003,
                           attributeValue=0x010570
                         }
2026-03-09 14:54:18,964 LT1-callback ClientCallback.log INFO client.py                 82    logger_log                : PTS_LOGTYPE_SEND_EVENT  

+12391 ms
 OTS/SR/DLO/BV-01-C Send Event               ATT!ATT_HANDLE_VALUE_RSP{
                           lcid=0x1205
                         }
2026-03-09 14:54:18,968 LT1-callback ClientCallback.log INFO client.py                 82    logger_log                : PTS_LOGTYPE_PRELIMINARY_VERDICT Preliminary Verdict 

+12391 ms
 OTS/SR/DLO/BV-01-C PASS

2026-03-09 14:54:18,973 LT1-callback ClientCallback.log INFO client.py                 82    logger_log                : PTS_LOGTYPE_MESSAGE Verdict Description 

+12391 ms
 OTS/SR/DLO/BV-01-C ## Received Indication Value (handle:50):
	Object List Control Point: 
    Op Code: [112 (0x70)] Response Code
    Request Op Code Parameter: [5 (0x05)] Go To
    Result Code: [1 (0x01)] Success

2026-03-09 14:54:18,977 LT1-callback ClientCallback.log INFO client.py                 82    logger_log                : PTS_LOGTYPE_PRELIMINARY_VERDICT Pass 

+12391 ms
 OTS/SR/DLO/BV-01-C The value for 'Object List Control Point' sent by the IUT was correctly formatted.

2026-03-09 14:54:18,981 LT1-callback ClientCallback.log INFO client.py                 82    logger_log                : PTS_LOGTYPE_MESSAGE Verdict Description 

+12391 ms
 OTS/SR/DLO/BV-01-C The value for 'Object List Control Point' sent by the IUT was correctly formatted.

2026-03-09 14:54:18,985 LT1-callback ClientCallback.log INFO client.py                 82    logger_log                : PTS_LOGTYPE_SEND_EVENT  

+12391 ms
 OTS/SR/DLO/BV-01-C Send Event               ATT!ATT_READ_REQ{
                           lcid=0x1205,
                           attributeHandle=0x0025
                         }
2026-03-09 14:54:18,990 LT1-callback ClientCallback.log INFO client.py                 82    logger_log                : PTS_LOGTYPE_RECEIVE_EVENT Receive Event 

+12578 ms
 OTS/SR/DLO/BV-01-C ATT?ATT_READ_CFM{
                           lcid=0x1205,
                           length=0x0009,
                           result=0x0100,
                           errorHandle=0x0000,
                           value{
                             ObjectName=Directory
                           }

                         }
2026-03-09 14:54:19,001 LT1-callback ClientCallback.log INFO client.py                 82    logger_log                : PTS_LOGTYPE_PRELIMINARY_VERDICT Preliminary Verdict 

+12578 ms
 OTS/SR/DLO/BV-01-C PASS

2026-03-09 14:54:19,007 LT1-callback ClientCallback.log INFO client.py                 82    logger_log                : PTS_LOGTYPE_MESSAGE Verdict Description 

+12578 ms
 OTS/SR/DLO/BV-01-C Read Request completed successfully. Handle=0x0025

2026-03-09 14:54:19,011 LT1-callback ClientCallback.log INFO client.py                 82    logger_log                : PTS_LOGTYPE_PRELIMINARY_VERDICT Preliminary Verdict 

+12578 ms
 OTS/SR/DLO/BV-01-C PASS

2026-03-09 14:54:19,015 LT1-callback ClientCallback.log INFO client.py                 82    logger_log                : PTS_LOGTYPE_PRELIMINARY_VERDICT Pass 

+12578 ms
 OTS/SR/DLO/BV-01-C The data received for 'Object Name' conforms to the schema.

2026-03-09 14:54:19,020 LT1-callback ClientCallback.log INFO client.py                 82    logger_log                : PTS_LOGTYPE_MESSAGE Verdict Description 

+12578 ms
 OTS/SR/DLO/BV-01-C The data received for 'Object Name' conforms to the schema.

2026-03-09 14:54:19,023 LT1-callback ClientCallback.log INFO client.py                 82    logger_log                : PTS_LOGTYPE_MESSAGE Verdict Description 

+12578 ms
 OTS/SR/DLO/BV-01-C ## Read Value (handle:37):
	Object Name: 
    Object Name: [Directory]

2026-03-09 14:54:19,027 LT1-callback ClientCallback.log INFO client.py                 82    logger_log                : PTS_LOGTYPE_SEND_EVENT  

+12578 ms
 OTS/SR/DLO/BV-01-C Send Event               ATT!ATT_READ_REQ{
                           lcid=0x1205,
                           attributeHandle=0x0027
                         }
2026-03-09 14:54:19,031 LT1-callback ClientCallback.log INFO client.py                 82    logger_log                : PTS_LOGTYPE_RECEIVE_EVENT Receive Event 

+12750 ms
 OTS/SR/DLO/BV-01-C ATT?ATT_READ_CFM{
                           lcid=0x1205,
                           length=0x0002,
                           result=0x0100,
                           errorHandle=0x0000,
                           value{
                             ExternalReportReference=0x2ACB
                           }

                         }
2026-03-09 14:54:19,037 LT1-callback ClientCallback.log INFO client.py                 82    logger_log                : PTS_LOGTYPE_PRELIMINARY_VERDICT Preliminary Verdict 

+12750 ms
 OTS/SR/DLO/BV-01-C PASS

2026-03-09 14:54:19,041 LT1-callback ClientCallback.log INFO client.py                 82    logger_log                : PTS_LOGTYPE_MESSAGE Verdict Description 

+12750 ms
 OTS/SR/DLO/BV-01-C Read Request completed successfully. Handle=0x0027

2026-03-09 14:54:19,044 LT1-callback ClientCallback.log INFO client.py                 82    logger_log                : PTS_LOGTYPE_PRELIMINARY_VERDICT Preliminary Verdict 

+12750 ms
 OTS/SR/DLO/BV-01-C PASS

2026-03-09 14:54:19,049 LT1-callback ClientCallback.log INFO client.py                 82    logger_log                : PTS_LOGTYPE_PRELIMINARY_VERDICT Pass 

+12750 ms
 OTS/SR/DLO/BV-01-C The data received for 'Object Type' conforms to the schema.

2026-03-09 14:54:19,054 LT1-callback ClientCallback.log INFO client.py                 82    logger_log                : PTS_LOGTYPE_MESSAGE Verdict Description 

+12750 ms
 OTS/SR/DLO/BV-01-C The data received for 'Object Type' conforms to the schema.

2026-03-09 14:54:19,058 LT1-callback ClientCallback.log INFO client.py                 82    logger_log                : PTS_LOGTYPE_MESSAGE Verdict Description 

+12750 ms
 OTS/SR/DLO/BV-01-C ## Read Value (handle:39):
	Object Type: 
    Object Type: [2ACB]

2026-03-09 14:54:19,062 LT1-callback ClientCallback.log INFO client.py                 82    logger_log                : PTS_LOGTYPE_SEND_EVENT  

+12750 ms
 OTS/SR/DLO/BV-01-C Send Event               ATT!ATT_READ_REQ{
                           lcid=0x1205,
                           attributeHandle=0x0029
                         }
2026-03-09 14:54:19,070 LT1-callback ClientCallback.log INFO client.py                 82    logger_log                : PTS_LOGTYPE_RECEIVE_EVENT Receive Event 

+12922 ms
 OTS/SR/DLO/BV-01-C ATT?ATT_READ_CFM{
                           lcid=0x1205,
                           length=0x0008,
                           result=0x0100,
                           errorHandle=0x0000,
                           value{
                             ObjectAllocatedSize=0x0000004d
                           }

                         }
2026-03-09 14:54:19,079 LT1-callback ClientCallback.log INFO client.py                 82    logger_log                : PTS_LOGTYPE_PRELIMINARY_VERDICT Preliminary Verdict 

+12922 ms
 OTS/SR/DLO/BV-01-C PASS

2026-03-09 14:54:19,084 LT1-callback ClientCallback.log INFO client.py                 82    logger_log                : PTS_LOGTYPE_MESSAGE Verdict Description 

+12922 ms
 OTS/SR/DLO/BV-01-C Read Request completed successfully. Handle=0x0029

2026-03-09 14:54:19,087 LT1-callback ClientCallback.log INFO client.py                 82    logger_log                : PTS_LOGTYPE_PRELIMINARY_VERDICT Preliminary Verdict 

+12922 ms
 OTS/SR/DLO/BV-01-C PASS

2026-03-09 14:54:19,092 LT1-callback ClientCallback.log INFO client.py                 82    logger_log                : PTS_LOGTYPE_PRELIMINARY_VERDICT Pass 

+12922 ms
 OTS/SR/DLO/BV-01-C The data received for 'Object Size' conforms to the schema.

2026-03-09 14:54:19,096 LT1-callback ClientCallback.log INFO client.py                 82    logger_log                : PTS_LOGTYPE_MESSAGE Verdict Description 

+12922 ms
 OTS/SR/DLO/BV-01-C The data received for 'Object Size' conforms to the schema.

2026-03-09 14:54:19,099 LT1-callback ClientCallback.log INFO client.py                 82    logger_log                : PTS_LOGTYPE_MESSAGE Verdict Description 

+12922 ms
 OTS/SR/DLO/BV-01-C ## Read Value (handle:41):
	Object Size: 
    Current Size: [77 (0x0000004D)]
    Allocated Size: [860 (0x0000035C)]

2026-03-09 14:54:19,102 LT1-callback ClientCallback.log INFO client.py                 82    logger_log                : PTS_LOGTYPE_SEND_EVENT  

+12922 ms
 OTS/SR/DLO/BV-01-C Send Event               ATT!ATT_READ_REQ{
                           lcid=0x1205,
                           attributeHandle=0x002D
                         }
2026-03-09 14:54:19,106 LT1-callback ClientCallback.log INFO client.py                 82    logger_log                : PTS_LOGTYPE_RECEIVE_EVENT Receive Event 

+13094 ms
 OTS/SR/DLO/BV-01-C ATT?ATT_READ_CFM{
                           lcid=0x1205,
                           length=0x0004,
                           result=0x0100,
                           errorHandle=0x0000,
                           value{
                             ObjectProperties=0x00000004
                           }

                         }
2026-03-09 14:54:19,114 LT1-callback ClientCallback.log INFO client.py                 82    logger_log                : PTS_LOGTYPE_PRELIMINARY_VERDICT Preliminary Verdict 

+13094 ms
 OTS/SR/DLO/BV-01-C PASS

2026-03-09 14:54:19,120 LT1-callback ClientCallback.log INFO client.py                 82    logger_log                : PTS_LOGTYPE_MESSAGE Verdict Description 

+13094 ms
 OTS/SR/DLO/BV-01-C Read Request completed successfully. Handle=0x002D

2026-03-09 14:54:19,123 LT1-callback ClientCallback.log INFO client.py                 82    logger_log                : PTS_LOGTYPE_PRELIMINARY_VERDICT Preliminary Verdict 

+13094 ms
 OTS/SR/DLO/BV-01-C PASS

2026-03-09 14:54:19,129 LT1-callback ClientCallback.log INFO client.py                 82    logger_log                : PTS_LOGTYPE_PRELIMINARY_VERDICT Pass 

+13094 ms
 OTS/SR/DLO/BV-01-C The data received for 'Object Properties' conforms to the schema.

2026-03-09 14:54:19,134 LT1-callback ClientCallback.log INFO client.py                 82    logger_log                : PTS_LOGTYPE_MESSAGE Verdict Description 

+13094 ms
 OTS/SR/DLO/BV-01-C The data received for 'Object Properties' conforms to the schema.

2026-03-09 14:54:19,137 LT1-callback ClientCallback.log INFO client.py                 82    logger_log                : PTS_LOGTYPE_MESSAGE Verdict Description 

+13094 ms
 OTS/SR/DLO/BV-01-C ## Read Value (handle:45):
	Object Properties: 
    Object Properties: [0x00000004]

2026-03-09 14:54:19,141 LT1-callback ClientCallback.log INFO client.py                 82    logger_log                : PTS_LOGTYPE_SEND_EVENT  

+13094 ms
 OTS/SR/DLO/BV-01-C Send Event               ATT!ATT_READ_REQ{
                           lcid=0x1205,
                           attributeHandle=0x002B
                         }
2026-03-09 14:54:19,147 LT1-callback ClientCallback.log INFO client.py                 82    logger_log                : PTS_LOGTYPE_RECEIVE_EVENT Receive Event 

+13281 ms
 OTS/SR/DLO/BV-01-C ATT?ATT_READ_CFM{
                           lcid=0x1205,
                           length=0x0006,
                           result=0x0100,
                           errorHandle=0x0000,
                           value{
                             ObjectID=0x000000000000
                           }

                         }
2026-03-09 14:54:19,151 LT1-callback ClientCallback.log INFO client.py                 82    logger_log                : PTS_LOGTYPE_PRELIMINARY_VERDICT Preliminary Verdict 

+13281 ms
 OTS/SR/DLO/BV-01-C PASS

2026-03-09 14:54:19,155 LT1-callback ClientCallback.log INFO client.py                 82    logger_log                : PTS_LOGTYPE_MESSAGE Verdict Description 

+13281 ms
 OTS/SR/DLO/BV-01-C Read Request completed successfully. Handle=0x002B

2026-03-09 14:54:19,161 LT1-callback ClientCallback.log INFO client.py                 82    logger_log                : PTS_LOGTYPE_PRELIMINARY_VERDICT Preliminary Verdict 

+13281 ms
 OTS/SR/DLO/BV-01-C PASS

2026-03-09 14:54:19,165 LT1-callback ClientCallback.log INFO client.py                 82    logger_log                : PTS_LOGTYPE_PRELIMINARY_VERDICT Pass 

+13281 ms
 OTS/SR/DLO/BV-01-C The data received for 'Object ID' conforms to the schema.

2026-03-09 14:54:19,169 LT1-callback ClientCallback.log INFO client.py                 82    logger_log                : PTS_LOGTYPE_MESSAGE Verdict Description 

+13281 ms
 OTS/SR/DLO/BV-01-C The data received for 'Object ID' conforms to the schema.

2026-03-09 14:54:19,175 LT1-callback ClientCallback.log INFO client.py                 82    logger_log                : PTS_LOGTYPE_MESSAGE Verdict Description 

+13281 ms
 OTS/SR/DLO/BV-01-C ## Read Value (handle:43):
	Object ID: 
    Object ID: [ (0x000000000000)]

2026-03-09 14:54:19,180 LT1-callback ClientCallback.log INFO client.py                 82    logger_log                : PTS_LOGTYPE_SEND_EVENT  

+13281 ms
 OTS/SR/DLO/BV-01-C Send Event               L2CAP!L2CAP_LE_CBFC_REGISTER{
                           psm=0x0025,
                           creditLwm=3
                         }
2026-03-09 14:54:19,185 LT1-callback ClientCallback.log INFO client.py                 82    logger_log                : PTS_LOGTYPE_SEND_EVENT  

+13281 ms
 OTS/SR/DLO/BV-01-C Send Event               L2CAP!L2CAP_LE_CBFC_CONNECT_REQ{
                           peerAddr=0xD5B6CC31DB3B,
                           peerAddrType=0x01,
                           remote_psm=0x0025,
                           local_psm=37,
                           mtu=1024,
                           mps=32,
                           credit=3
                         }
2026-03-09 14:54:19,193 LT1-callback ClientCallback.log INFO client.py                 82    logger_log                : PTS_LOGTYPE_RECEIVE_EVENT  

+13453 ms
 OTS/SR/DLO/BV-01-C Receive Event            L2CAP?L2CAP_LE_CBFC_CONNECTION_RESPONSE_IND{
                           deviceHandle=0x12,
                           lcid=0x0054,
                           response=0x00,
                           mtu=0x00FF,
                           mps=0x00FB,
                           credit=0x0001
                         }
2026-03-09 14:54:19,200 LT1-callback ClientCallback.log INFO client.py                 82    logger_log                : PTS_LOGTYPE_MESSAGE Verdict Description 

+13453 ms
 OTS/SR/DLO/BV-01-C L2CAP LE Credit Based Connection response with 0.

2026-03-09 14:54:19,204 LT1-callback ClientCallback.log INFO client.py                 82    logger_log                : PTS_LOGTYPE_MESSAGE Verdict Description 

+13453 ms
 OTS/SR/DLO/BV-01-C ## Write Request(handle:47) for Indication:
	Object Action Control Point: 
    Op Code: [5 (0x05)] Read
    Offset Parameter: [0 (0x00000000)]
    Length Parameter: [77 (0x0000004D)]

2026-03-09 14:54:19,208 LT1-callback ClientCallback.log INFO client.py                 82    logger_log                : PTS_LOGTYPE_SEND_EVENT  

+13453 ms
 OTS/SR/DLO/BV-01-C Send Event               ATT!ATT_WRITE_REQ{
                           lcid=0x1205,
                           attributeHandle=0x002F,
                           length=0x0009,
                           0000004D0000000005
                         }
2026-03-09 14:54:19,213 LT1-callback ClientCallback.log INFO client.py                 82    logger_log                : PTS_LOGTYPE_RECEIVE_EVENT  

+13625 ms
 OTS/SR/DLO/BV-01-C Receive Event            ATT?ATT_WRITE_CFM{
                           lcid=0x1205,
                           result=0x0000,
                           errorHandle=0x0000
                         }
2026-03-09 14:54:19,218 LT1-callback ClientCallback.log INFO client.py                 82    logger_log                : PTS_LOGTYPE_MESSAGE Verdict Description 

+13625 ms
 OTS/SR/DLO/BV-01-C Waiting for indication on handle = 0x002F for Characteristic 'Object Action Control Point' (UUID = 0x2AC5)

2026-03-09 14:54:19,224 LT1-callback ClientCallback.log INFO client.py                 82    logger_log                : PTS_LOGTYPE_MESSAGE User Action Required 

+13625 ms
 OTS/SR/DLO/BV-01-C MMI_20109 (MMI_Style_Ok_Cancel2=0x00011141): Please send indications for Characteristic 'Object Action Control Point' to the PTS.

Description: Verify that the Implementation Under Test (IUT) can send indication.Expected Value: Object Action Control Point: 
    Op Code: [96 (0x60)] Response Code
    Request Op Code Operand: [5 (0x05)] Read
    Result Code: [1 (0x01)] Success

2026-03-09 14:54:19,233 LT1-callback ClientCallback.log INFO client.py                 82    logger_log                : PTS_LOGTYPE_RECEIVE_EVENT  

+13625 ms
 OTS/SR/DLO/BV-01-C Receive Event            ATT?ATT_HANDLE_VALUE_IND{
                           lcid=0x1205,
                           attributeHandle=0x002F,
                           length=0x0003,
                           attributeValue=0x010560
                         }
2026-03-09 14:54:19,239 LT1-callback ClientCallback.log INFO client.py                 82    logger_log                : PTS_LOGTYPE_SEND_EVENT  

+13625 ms
 OTS/SR/DLO/BV-01-C Send Event               ATT!ATT_HANDLE_VALUE_RSP{
                           lcid=0x1205
                         }
2026-03-09 14:54:19,246 LT1-callback ClientCallback.log INFO client.py                 82    logger_log                : PTS_LOGTYPE_PRELIMINARY_VERDICT Preliminary Verdict 

+13625 ms
 OTS/SR/DLO/BV-01-C PASS

2026-03-09 14:54:19,251 LT1-callback ClientCallback.log INFO client.py                 82    logger_log                : PTS_LOGTYPE_MESSAGE Verdict Description 

+13625 ms
 OTS/SR/DLO/BV-01-C ## Received Indication Value (handle:47):
	Object Action Control Point: 
    Op Code: [96 (0x60)] Response Code
    Request Op Code Operand: [5 (0x05)] Read
    Result Code: [1 (0x01)] Success

2026-03-09 14:54:19,255 LT1-callback ClientCallback.log INFO client.py                 82    logger_log                : PTS_LOGTYPE_PRELIMINARY_VERDICT Pass 

+13625 ms
 OTS/SR/DLO/BV-01-C The value for 'Object Action Control Point' sent by the IUT was correctly formatted.

2026-03-09 14:54:19,260 LT1-callback ClientCallback.log INFO client.py                 82    logger_log                : PTS_LOGTYPE_MESSAGE Verdict Description 

+13625 ms
 OTS/SR/DLO/BV-01-C The value for 'Object Action Control Point' sent by the IUT was correctly formatted.

2026-03-09 14:54:19,264 LT1-callback ClientCallback.log INFO client.py                 82    logger_log                : PTS_LOGTYPE_RECEIVE_EVENT  

+13797 ms
 OTS/SR/DLO/BV-01-C Receive Event            L2CAP?L2CAP_LE_CBFC_RX_CREDIT_IND{
                           lcid=0x0054,
                           credit=0x0002
                         }
2026-03-09 14:54:19,270 LT1-callback ClientCallback.log INFO client.py                 82    logger_log                : PTS_LOGTYPE_SEND_EVENT  

+13797 ms
 OTS/SR/DLO/BV-01-C Send Event               L2CAP!L2CAP_LE_CBFC_FLOW_CTRL_CREDIT_REQ{
                           lcid=0054,
                           credit=0x01
                         }
2026-03-09 14:54:19,273 LT1-callback ClientCallback.log INFO client.py                 82    logger_log                : PTS_LOGTYPE_RECEIVE_EVENT  

+13891 ms
 OTS/SR/DLO/BV-01-C Receive Event            L2CAP?L2CAP_LE_CBFC_RX_CREDIT_IND{
                           lcid=0x0054,
                           credit=0x0002
                         }
2026-03-09 14:54:19,279 LT1-callback ClientCallback.log INFO client.py                 82    logger_log                : PTS_LOGTYPE_SEND_EVENT  

+13891 ms
 OTS/SR/DLO/BV-01-C Send Event               L2CAP!L2CAP_LE_CBFC_FLOW_CTRL_CREDIT_REQ{
                           lcid=0054,
                           credit=0x01
                         }
2026-03-09 14:54:19,290 LT1-callback ClientCallback.log INFO client.py                 82    logger_log                : PTS_LOGTYPE_RECEIVE_EVENT  

+13891 ms
 OTS/SR/DLO/BV-01-C Receive Event            L2CAP?L2CAP_LE_CBFC_DATA_REQ_IND{
                           lcid=0x0054,
                           result=0,
                           length=77,
                           data=0x1D00000000000000094469726563746F727922CB2A4D0000000400000030000001000000001C4F626A656374203120776974682076657279206C6F6E67206E616D6522CA2A320000004D000000
                         }
2026-03-09 14:54:19,298 LT1-callback ClientCallback.log INFO client.py                 82    logger_log                : PTS_LOGTYPE_RECEIVE_EVENT  

+13891 ms
 OTS/SR/DLO/BV-01-C Receive Event            L2CAP?L2CAP_LE_CBFC_RX_CREDIT_IND{
                           lcid=0x0054,
                           credit=0x0002
                         }
2026-03-09 14:54:19,304 LT1-callback ClientCallback.log INFO client.py                 82    logger_log                : PTS_LOGTYPE_SEND_EVENT  

+13891 ms
 OTS/SR/DLO/BV-01-C Send Event               L2CAP!L2CAP_LE_CBFC_FLOW_CTRL_CREDIT_REQ{
                           lcid=0054,
                           credit=0x01
                         }
2026-03-09 14:54:19,380 LT1-callback ClientCallback.log INFO client.py                 82    logger_log                : PTS_LOGTYPE_MESSAGE Verdict Description 

+18906 ms
 OTS/SR/DLO/BV-01-C Time out when read data over L2CAP Channel.

2026-03-09 14:54:19,390 LT1-callback ClientCallback.log INFO client.py                 82    logger_log                : PTS_LOGTYPE_MESSAGE Verdict Description 

+18906 ms
 OTS/SR/DLO/BV-01-C Received data size = 77. Verdict = 4

2026-03-09 14:54:19,395 LT1-callback ClientCallback.log INFO client.py                 82    logger_log                : PTS_LOGTYPE_SEND_EVENT  

+18969 ms
 OTS/SR/DLO/BV-01-C Send Event               L2CAP!L2CAP_LE_CBFC_DISCONNECT_REQ{
                           lcid=0054
                         }
2026-03-09 14:54:19,399 LT1-callback ClientCallback.log INFO client.py                 82    logger_log                : PTS_LOGTYPE_RECEIVE_EVENT  

+19141 ms
 OTS/SR/DLO/BV-01-C Receive Event            L2CAP?L2CAP_LE_CBFC_DISCONNECTION_RESPONSE_IND{
                           lcid=0x0054,
                           reason=0x0000
                         }
2026-03-09 14:54:19,403 LT1-callback ClientCallback.log INFO client.py                 82    logger_log                : PTS_LOGTYPE_MESSAGE Verdict Description 

+19141 ms
 OTS/SR/DLO/BV-01-C Received directory list object =Object Directory Listing Object: 
    Length of Object Record: [29 (0x001D)]
    Object ID: 
        Object ID: [ (0x000000000000)]
    Object Name Length: [9 (0x09)]
    Object Name: [Directory]
    Flags: [34 (0x22)]
    Object Type UUID16: [10955 (0x2ACB)]
    Current Size: [77 (0x0000004D)]
    Object Properties: [4 (0x00000004)]

2026-03-09 14:54:19,409 LT1-callback ClientCallback.log INFO client.py                 82    logger_log                : PTS_LOGTYPE_SEND_EVENT  

+20453 ms
 OTS/SR/DLO/BV-01-C Send Event               HCI!GET_CONNECTION_HANDLE{
                           addr=0xD5B6CC31DB3B,
                           addr_type=0x01,
                           conn_handle=0x0000
                         }
2026-03-09 14:54:19,414 LT1-callback ClientCallback.log INFO client.py                 82    logger_log                : PTS_LOGTYPE_SEND_EVENT  

+20453 ms
 OTS/SR/DLO/BV-01-C Send Event               HCI!HCI_DISCONNECT{
                           connectionHandle=0x0000,
                           reason=HCI_REMOTE_USER_TERMINATED_CONNECTION
                         }
2026-03-09 14:54:19,419 LT1-callback ClientCallback.log INFO client.py                 82    logger_log                : PTS_LOGTYPE_RECEIVE_EVENT  

+20453 ms
 OTS/SR/DLO/BV-01-C Receive Event            HCI?HCI_DISCONNECT_STATUS_EVENT{
                           status=HCI_OK
                         }
2026-03-09 14:54:19,422 LT1-callback ClientCallback.log INFO client.py                 82    logger_log                : PTS_LOGTYPE_RECEIVE_EVENT  

+20625 ms
 OTS/SR/DLO/BV-01-C Receive Event            ATT?ATT_DISCONNECT_IND{
                           lcid=0x1205
                         }
2026-03-09 14:54:19,427 LT1-callback ClientCallback.log INFO client.py                 82    logger_log                : PTS_LOGTYPE_RECEIVE_EVENT  

+20625 ms
 OTS/SR/DLO/BV-01-C Receive Event            HCI?HCI_DISCONNECTION_COMPLETE_EVENT{
                           status=HCI_OK,
                           connectionHandle=0x0000,
                           reason=HCI_CONNECTION_TERMINATED_BY_LOCAL_HOST
                         }
2026-03-09 14:54:19,432 LT1-callback ClientCallback.log INFO client.py                 82    logger_log                : PTS_LOGTYPE_MESSAGE Verdict Description 

+20625 ms
 OTS/SR/DLO/BV-01-C Received HCI disconnection event. Handle = 0x0000

2026-03-09 14:54:19,435 LT1-callback ClientCallback.log INFO client.py                 82    logger_log                : PTS_LOGTYPE_MESSAGE Verdict Description 

+20625 ms
 OTS/SR/DLO/BV-01-C Connection terminated successfully.

2026-03-09 14:54:19,439 LT1-callback ClientCallback.log INFO client.py                 82    logger_log                : PTS_LOGTYPE_SEND_EVENT  

+20625 ms
 OTS/SR/DLO/BV-01-C Send Event               HCI!HCI_RESET
2026-03-09 14:54:19,446 LT1-callback ClientCallback.log INFO client.py                 82    logger_log                : PTS_LOGTYPE_RECEIVE_EVENT  

+20625 ms
 OTS/SR/DLO/BV-01-C Receive Event            HCI?HCI_RESET_COMPLETE_EVENT{
                           status=HCI_OK
                         }
2026-03-09 14:54:19,450 LT1-callback ClientCallback.log INFO client.py                 82    logger_log                : PTS_LOGTYPE_RECEIVE_EVENT  

+21625 ms
 OTS/SR/DLO/BV-01-C Receive Event            HCI?HCI_RESET_COMPLETE_EVENT{
                           status=HCI_OK
                         }
2026-03-09 14:54:19,454 LT1-callback ClientCallback.log INFO client.py                 82    logger_log                : PTS_LOGTYPE_FINAL_VERDICT Final Verdict 

+23188 ms
 OTS/SR/DLO/BV-01-C PASS

2026-03-09 14:54:19,459 LT1-callback ClientCallback.log INFO client.py                 82    logger_log                : PTS_LOGTYPE_FINAL_VERDICT Encrypted Verdict 

+23188 ms
 OTS/SR/DLO/BV-01-C A1#NThhNjEwNDdlYTk1NGI5MDkwM2M3NGMxMmM5YWY2MDdkOGNiNmJlMDU3ZWIyNGZlY2ZkY2U0MWE1NTEyMDVmMQ==#wie6HYgfDQH1XZl+ssbmcmgJ5bOWj55hIPS6v4nNhoFqdtsww+hAmxiBYxDThjXt

2026-03-09 14:54:19,469 LT1-callback ClientCallback.log INFO client.py                 82    logger_log                : PTS_LOGTYPE_END_TEST Test Case Ended 

+23188 ms
 OTS/SR/DLO/BV-01-C OTS/SR/DLO/BV-01-C

2026-03-09 14:54:20,552 LT1-callback root DEBUG client.py                 82    logger_log                : ClientCallback, set_result, run_test_case, PASS
2026-03-09 14:54:20,552 LT1-thread root DEBUG client.py                 82    logger_log                : After run_test_case error_code=0 status='PASS'
2026-03-09 14:54:20,552 LT1-thread root DEBUG client.py                 82    logger_log                : post_run OTS OTS/SR/DLO/BV-01-C 0
2026-03-09 14:54:20,553 LT1-thread root DEBUG client.py                 82    logger_log                : Starting test function: class=<class 'autopts.ptsprojects.testcase.TestFuncCleanUp'>, func=<bound method Stack.cleanup of <autopts.ptsprojects.stack.stack.Stack object at 0x77b6ff75ab70>> start_wid=None stop_wid=None post_wid=None skip_call=None call_count=1 args=() kwds={}
2026-03-09 14:54:20,553 LT1-thread root DEBUG client.py                 82    logger_log                : Test function parameters: args=(), kwds={}
2026-03-09 14:54:20,553 LT1-thread root DEBUG client.py                 82    logger_log                : Starting test function: class=<class 'autopts.ptsprojects.testcase.TestFuncCleanUp'>, func=<bound method ZephyrCtl.stop of <autopts.ptsprojects.zephyr.iutctl.ZephyrCtl object at 0x77b6ff983890>> start_wid=None stop_wid=None post_wid=None skip_call=None call_count=1 args=() kwds={}
2026-03-09 14:54:20,553 LT1-thread root DEBUG client.py                 82    logger_log                : Test function parameters: args=(), kwds={}
2026-03-09 14:54:20,553 LT1-thread root DEBUG client.py                 82    logger_log                : <class 'autopts.ptsprojects.zephyr.iutctl.ZephyrCtl'>.stop
2026-03-09 14:54:20,553 LT1-thread root DEBUG client.py                 82    logger_log                : gap_set_powered_off
2026-03-09 14:54:20,553 LT1-thread root DEBUG client.py                 82    logger_log                : send, 1 5 0 '0'
2026-03-09 14:54:20,553 LT1-thread root DEBUG client.py                 82    logger_log                : sending frame '010500010000'
2026-03-09 14:54:20,553 LT1-thread root DEBUG client.py                 82    logger_log                : gap_command_rsp_succ
2026-03-09 14:54:20,553 LT1-thread root DEBUG client.py                 82    logger_log                : read
2026-03-09 14:54:20,587 BTPWorkerThread-713 (_rx_task) root DEBUG client.py                 82    logger_log                : Read 5 bytes
2026-03-09 14:54:20,588 BTPWorkerThread-713 (_rx_task) root DEBUG client.py                 82    logger_log                : Received: hdr: Header(svc_id=0x01, op=0x05, ctrl_index=0x00, data_len=0x04) bytearray(b'\x01\x05\x00\x04\x00')
2026-03-09 14:54:20,588 BTPWorkerThread-713 (_rx_task) root DEBUG client.py                 82    logger_log                : Read 4 bytes data
2026-03-09 14:54:20,588 BTPWorkerThread-713 (_rx_task) root DEBUG client.py                 82    logger_log                : Received data: {'12 82 00 00'}, bytearray(b'\x12\x82\x00\x00')
2026-03-09 14:54:20,588 LT1-thread root DEBUG client.py                 82    logger_log                : received Header(svc_id=1, op=5, ctrl_index=0, data_len=4) (b'\x12\x82\x00\x00',)
2026-03-09 14:54:20,588 LT1-thread root DEBUG client.py                 82    logger_log                : __gap_current_settings_update (b'\x12\x82\x00\x00',)
2026-03-09 14:54:20,588 LT1-thread root DEBUG client.py                 82    logger_log                : Waiting for _rx_worker to finish ...
2026-03-09 14:54:21,588 LT1-thread root DEBUG client.py                 82    logger_log                : Waiting for _rx_worker to finish ...
2026-03-09 14:54:21,589 BTPWorkerThread-713 (_rx_task) root DEBUG client.py                 82    logger_log                : BTPWorkerThread-713 (_rx_task) finishing...
2026-03-09 14:54:21,596 LT1-thread root DEBUG client.py                 82    logger_log                : <class 'autopts.rtt.BTMON'>.stop
2026-03-09 14:54:21,596 LT1-thread root DEBUG client.py                 82    logger_log                : <class 'autopts.rtt.RTT'>.stop
2026-03-09 14:54:24,635 LT1-thread root DEBUG client.py                 82    logger_log                : post_run, cleanup running post test case script
2026-03-09 14:54:24,636 LT1-thread root DEBUG client.py                 82    logger_log                : post_run, run post test case script
2026-03-09 14:54:24,654 LT1-thread root DEBUG client.py                 82    logger_log                : Done TestCase _run_test_case OTS OTS/SR/DLO/BV-01-C
