2025-05-18 01:49:12,174 LT1-thread root DEBUG client.py                 988   _run_test_case            : Starting TestCase _run_test_case BAP BAP/BSRC/STR/BV-15-C
2025-05-18 01:49:12,174 LT1-thread root DEBUG testcase.py               712   pre_run                   : pre_run BAP BAP/BSRC/STR/BV-15-C
2025-05-18 01:49:12,174 LT1-thread root DEBUG testcase.py               714   pre_run                   : About to run test case BAP BAP/BSRC/STR/BV-15-C with commands:
2025-05-18 01:49:12,174 LT1-thread root DEBUG testcase.py               717   pre_run                   : 0) class=<class 'autopts.ptsprojects.testcase.TestFunc'>, func=<bound method Stack.core_init of <autopts.ptsprojects.stack.stack.Stack object at 0x7fa2dd9d3280>> start_wid=None stop_wid=None post_wid=None skip_call=None call_count=0 args=() kwds={}
2025-05-18 01:49:12,175 LT1-thread root DEBUG testcase.py               717   pre_run                   : 1) class=<class 'autopts.ptsprojects.testcase.TestFunc'>, func=<bound method ZephyrCtl.hw_reset of <autopts.ptsprojects.zephyr.iutctl.ZephyrCtl object at 0x7fa2dd99f8e0>> start_wid=None stop_wid=None post_wid=None skip_call=None call_count=0 args=() kwds={}
2025-05-18 01:49:12,175 LT1-thread root DEBUG testcase.py               717   pre_run                   : 2) class=<class 'autopts.ptsprojects.testcase.TestFunc'>, func=<bound method ZephyrCtl.start of <autopts.ptsprojects.zephyr.iutctl.ZephyrCtl object at 0x7fa2dd99f8e0>> start_wid=None stop_wid=None post_wid=None skip_call=None call_count=0 args=(<autopts.ptsprojects.zephyr.ztestcase.ZTestCase object at 0x7fa2dc10e080>,) kwds={}
2025-05-18 01:49:12,175 LT1-thread root DEBUG testcase.py               717   pre_run                   : 3) class=<class 'autopts.ptsprojects.testcase.TestFunc'>, func=<bound method ZephyrCtl.hw_reset of <autopts.ptsprojects.zephyr.iutctl.ZephyrCtl object at 0x7fa2dd99f8e0>> start_wid=None stop_wid=None post_wid=None skip_call=None call_count=0 args=() kwds={}
2025-05-18 01:49:12,175 LT1-thread root DEBUG testcase.py               717   pre_run                   : 4) class=<class 'autopts.ptsprojects.testcase.TestFunc'>, func=<bound method ZephyrCtl.wait_iut_ready_event of <autopts.ptsprojects.zephyr.iutctl.ZephyrCtl object at 0x7fa2dd99f8e0>> start_wid=None stop_wid=None post_wid=None skip_call=None call_count=0 args=(False,) kwds={}
2025-05-18 01:49:12,175 LT1-thread root DEBUG testcase.py               717   pre_run                   : 5) class=<class 'autopts.ptsprojects.testcase.TestFunc'>, func=<function core_reg_svc_gap at 0x7fa2e0971000> start_wid=None stop_wid=None post_wid=None skip_call=None call_count=532 args=() kwds={}
2025-05-18 01:49:12,175 LT1-thread root DEBUG testcase.py               717   pre_run                   : 6) class=<class 'autopts.ptsprojects.testcase.TestFunc'>, func=<bound method Stack.gap_init of <autopts.ptsprojects.stack.stack.Stack object at 0x7fa2dd9d3280>> start_wid=None stop_wid=None post_wid=None skip_call=None call_count=532 args=(b'Tester_1C28DF',) kwds={}
2025-05-18 01:49:12,175 LT1-thread root DEBUG testcase.py               717   pre_run                   : 7) class=<class 'autopts.ptsprojects.testcase.TestFunc'>, func=<function gap_read_ctrl_info at 0x7fa2e098d1b0> start_wid=None stop_wid=None post_wid=None skip_call=None call_count=532 args=() kwds={}
2025-05-18 01:49:12,175 LT1-thread root DEBUG testcase.py               717   pre_run                   : 8) class=<class 'autopts.ptsprojects.testcase.TestFunc'>, func=<function test_cases.<locals>.<lambda> at 0x7fa2dddc79a0> start_wid=None stop_wid=None post_wid=None skip_call=None call_count=532 args=() kwds={}
2025-05-18 01:49:12,175 LT1-thread root DEBUG testcase.py               717   pre_run                   : 9) class=<class 'autopts.ptsprojects.testcase.TestFunc'>, func=<function core_reg_svc_gatt at 0x7fa2e0971120> start_wid=None stop_wid=None post_wid=None skip_call=None call_count=532 args=() kwds={}
2025-05-18 01:49:12,175 LT1-thread root DEBUG testcase.py               717   pre_run                   : 10) class=<class 'autopts.ptsprojects.testcase.TestFunc'>, func=<function set_pts_addr at 0x7fa2e0970c10> start_wid=None stop_wid=None post_wid=None skip_call=None call_count=532 args=('C0:07:E8:1C:28:DF', 0) kwds={}
2025-05-18 01:49:12,175 LT1-thread root DEBUG testcase.py               717   pre_run                   : 11) class=<class 'autopts.ptsprojects.testcase.TestFunc'>, func=<bound method Stack.gatt_init of <autopts.ptsprojects.stack.stack.Stack object at 0x7fa2dd9d3280>> start_wid=None stop_wid=None post_wid=None skip_call=None call_count=532 args=() kwds={}
2025-05-18 01:49:12,175 LT1-thread root DEBUG testcase.py               717   pre_run                   : 12) class=<class 'autopts.ptsprojects.testcase.TestFunc'>, func=<function gap_set_conn at 0x7fa2e098cb80> start_wid=None stop_wid=None post_wid=None skip_call=None call_count=532 args=() kwds={}
2025-05-18 01:49:12,175 LT1-thread root DEBUG testcase.py               717   pre_run                   : 13) class=<class 'autopts.ptsprojects.testcase.TestFunc'>, func=<function gap_set_gendiscov at 0x7fa2e098cd30> start_wid=None stop_wid=None post_wid=None skip_call=None call_count=532 args=() kwds={}
2025-05-18 01:49:12,175 LT1-thread root DEBUG testcase.py               717   pre_run                   : 14) class=<class 'autopts.ptsprojects.testcase.TestFunc'>, func=<function core_reg_svc_pacs at 0x7fa2e0971900> start_wid=None stop_wid=None post_wid=None skip_call=None call_count=532 args=() kwds={}
2025-05-18 01:49:12,176 LT1-thread root DEBUG testcase.py               717   pre_run                   : 15) class=<class 'autopts.ptsprojects.testcase.TestFunc'>, func=<function core_reg_svc_ascs at 0x7fa2e0971990> start_wid=None stop_wid=None post_wid=None skip_call=None call_count=532 args=() kwds={}
2025-05-18 01:49:12,176 LT1-thread root DEBUG testcase.py               717   pre_run                   : 16) class=<class 'autopts.ptsprojects.testcase.TestFunc'>, func=<function core_reg_svc_bap at 0x7fa2e0971ab0> start_wid=None stop_wid=None post_wid=None skip_call=None call_count=532 args=() kwds={}
2025-05-18 01:49:12,176 LT1-thread root DEBUG testcase.py               717   pre_run                   : 17) class=<class 'autopts.ptsprojects.testcase.TestFunc'>, func=<bound method Stack.ascs_init of <autopts.ptsprojects.stack.stack.Stack object at 0x7fa2dd9d3280>> start_wid=None stop_wid=None post_wid=None skip_call=None call_count=532 args=() kwds={}
2025-05-18 01:49:12,176 LT1-thread root DEBUG testcase.py               717   pre_run                   : 18) class=<class 'autopts.ptsprojects.testcase.TestFunc'>, func=<bound method Stack.bap_init of <autopts.ptsprojects.stack.stack.Stack object at 0x7fa2dd9d3280>> start_wid=None stop_wid=None post_wid=None skip_call=None call_count=532 args=() kwds={}
2025-05-18 01:49:12,176 LT1-thread root DEBUG testcase.py               717   pre_run                   : 19) class=<class 'autopts.ptsprojects.testcase.TestFunc'>, func=<function test_cases.<locals>.<lambda> at 0x7fa2dc73be20> start_wid=None stop_wid=None post_wid=None skip_call=None call_count=532 args=() kwds={}
2025-05-18 01:49:12,176 LT1-thread root DEBUG testcase.py               717   pre_run                   : 20) class=<class 'autopts.ptsprojects.testcase.TestFunc'>, func=<function test_cases.<locals>.<lambda> at 0x7fa2dc73bb50> start_wid=None stop_wid=None post_wid=None skip_call=None call_count=532 args=() kwds={}
2025-05-18 01:49:12,176 LT1-thread root DEBUG testcase.py               717   pre_run                   : 21) class=<class 'autopts.ptsprojects.testcase.TestFuncCleanUp'>, func=<bound method Stack.cleanup of <autopts.ptsprojects.stack.stack.Stack object at 0x7fa2dd9d3280>> start_wid=None stop_wid=None post_wid=None skip_call=None call_count=0 args=() kwds={}
2025-05-18 01:49:12,176 LT1-thread root DEBUG testcase.py               717   pre_run                   : 22) class=<class 'autopts.ptsprojects.testcase.TestFuncCleanUp'>, func=<bound method ZephyrCtl.stop of <autopts.ptsprojects.zephyr.iutctl.ZephyrCtl object at 0x7fa2dd99f8e0>> start_wid=None stop_wid=None post_wid=None skip_call=None call_count=0 args=() kwds={}
2025-05-18 01:49:12,176 LT1-thread root DEBUG testcase.py               724   pre_run                   : pre_run, run pre test case script
2025-05-18 01:49:12,176 LT1-thread root DEBUG testcase.py               253   start                     : Starting test function: class=<class 'autopts.ptsprojects.testcase.TestFunc'>, func=<bound method Stack.core_init of <autopts.ptsprojects.stack.stack.Stack object at 0x7fa2dd9d3280>> start_wid=None stop_wid=None post_wid=None skip_call=None call_count=1 args=() kwds={}
2025-05-18 01:49:12,176 LT1-thread root DEBUG testcase.py               265   start                     : Test function parameters: args=(), kwds={}
2025-05-18 01:49:12,176 LT1-thread root DEBUG testcase.py               253   start                     : Starting test function: class=<class 'autopts.ptsprojects.testcase.TestFunc'>, func=<bound method ZephyrCtl.hw_reset of <autopts.ptsprojects.zephyr.iutctl.ZephyrCtl object at 0x7fa2dd99f8e0>> start_wid=None stop_wid=None post_wid=None skip_call=None call_count=1 args=() kwds={}
2025-05-18 01:49:12,176 LT1-thread root DEBUG testcase.py               265   start                     : Test function parameters: args=(), kwds={}
2025-05-18 01:49:12,176 LT1-thread root DEBUG testcase.py               253   start                     : Starting test function: class=<class 'autopts.ptsprojects.testcase.TestFunc'>, func=<bound method ZephyrCtl.start of <autopts.ptsprojects.zephyr.iutctl.ZephyrCtl object at 0x7fa2dd99f8e0>> start_wid=None stop_wid=None post_wid=None skip_call=None call_count=1 args=(<autopts.ptsprojects.zephyr.ztestcase.ZTestCase object at 0x7fa2dc10e080>,) kwds={}
2025-05-18 01:49:12,177 LT1-thread root DEBUG testcase.py               265   start                     : Test function parameters: args=(<autopts.ptsprojects.zephyr.ztestcase.ZTestCase object at 0x7fa2dc10e080>,), kwds={}
2025-05-18 01:49:12,177 LT1-thread root DEBUG iutctl.py                 104   start                     : <class 'autopts.ptsprojects.zephyr.iutctl.ZephyrCtl'>.start
2025-05-18 01:49:12,177 LT1-thread root DEBUG iutctl.py                 170   flush_serial              : <class 'autopts.ptsprojects.zephyr.iutctl.ZephyrCtl'>.flush_serial
2025-05-18 01:49:13,212 LT1-thread root DEBUG iutctl.py                 133   start                     : Starting socat process: socat -x -v /dev/ttyACM2,rawer,b115200 UNIX-CONNECT:/tmp/bt-stack-tester1050060770
2025-05-18 01:49:13,213 LT1-thread root DEBUG iutctl_common.py          389   accept                    : accept
2025-05-18 01:49:13,214 BTPWorkerThread-21293 (_rx_task) root DEBUG iutctl_common.py          294   _rx_task                  : BTPWorkerThread-21293 (_rx_task) started
2025-05-18 01:49:13,214 LT1-thread root DEBUG testcase.py               253   start                     : Starting test function: class=<class 'autopts.ptsprojects.testcase.TestFunc'>, func=<bound method ZephyrCtl.hw_reset of <autopts.ptsprojects.zephyr.iutctl.ZephyrCtl object at 0x7fa2dd99f8e0>> start_wid=None stop_wid=None post_wid=None skip_call=None call_count=1 args=() kwds={}
2025-05-18 01:49:13,214 LT1-thread root DEBUG testcase.py               265   start                     : Test function parameters: args=(), kwds={}
2025-05-18 01:49:13,215 LT1-thread root DEBUG testcase.py               253   start                     : Starting test function: class=<class 'autopts.ptsprojects.testcase.TestFunc'>, func=<bound method ZephyrCtl.wait_iut_ready_event of <autopts.ptsprojects.zephyr.iutctl.ZephyrCtl object at 0x7fa2dd99f8e0>> start_wid=None stop_wid=None post_wid=None skip_call=None call_count=1 args=(False,) kwds={}
2025-05-18 01:49:13,215 LT1-thread root DEBUG testcase.py               265   start                     : Test function parameters: args=(False,), kwds={}
2025-05-18 01:49:13,215 LT1-thread root DEBUG iutctl.py                 232   wait_iut_ready_event      : IUT ready event received OK
2025-05-18 01:49:13,215 LT1-thread root DEBUG rtt.py                    238   start                     : <class 'autopts.rtt.RTTLogger'>.start
2025-05-18 01:49:13,215 LT1-thread root DEBUG rtt.py                    93    start                     : <class 'autopts.rtt.RTT'>.start
2025-05-18 01:49:13,799 LT1-thread root DEBUG testcase.py               253   start                     : Starting test function: class=<class 'autopts.ptsprojects.testcase.TestFunc'>, func=<function core_reg_svc_gap at 0x7fa2e0971000> start_wid=None stop_wid=None post_wid=None skip_call=None call_count=533 args=() kwds={}
2025-05-18 01:49:13,800 LT1-thread root DEBUG testcase.py               265   start                     : Test function parameters: args=(), kwds={}
2025-05-18 01:49:13,800 LT1-thread root DEBUG btp.py                    116   core_reg_svc_univ         : core_reg_svc_univ: gap_reg (GAP)
2025-05-18 01:49:13,800 LT1-thread root DEBUG iutctl_common.py          162   send                      : send, 0 3 255 '1'
2025-05-18 01:49:13,800 LT1-thread root DEBUG iutctl_common.py          167   send                      : sending frame '0003ff010001'
2025-05-18 01:49:13,800 LT1-thread root DEBUG btp.py                    606   core_reg_svc_rsp_succ     : core_reg_svc_rsp_succ
2025-05-18 01:49:13,800 LT1-thread root DEBUG iutctl_common.py          326   read                      : read
2025-05-18 01:49:13,842 BTPWorkerThread-21293 (_rx_task) root DEBUG iutctl_common.py          124   read                      : Read 5 bytes
2025-05-18 01:49:13,847 BTPWorkerThread-21293 (_rx_task) root DEBUG iutctl_common.py          132   read                      : Received: hdr: Header(svc_id=0x00, op=0x03, ctrl_index=0xff, data_len=0x00) bytearray(b'\x00\x03\xff\x00\x00')
2025-05-18 01:49:13,853 BTPWorkerThread-21293 (_rx_task) root DEBUG iutctl_common.py          155   read                      : Received data: {''}, bytearray(b'')
2025-05-18 01:49:13,873 LT1-thread root DEBUG btp.py                    617   core_reg_svc_rsp_succ     : received Header(svc_id=0, op=3, ctrl_index=255, data_len=0) (b'',)
2025-05-18 01:49:13,874 LT1-thread root DEBUG btp.py                    618   core_reg_svc_rsp_succ     : expected ((0, 3, 255, 0), (b'',))
2025-05-18 01:49:13,874 LT1-thread root DEBUG btp.py                    623   core_reg_svc_rsp_succ     : response is valid
2025-05-18 01:49:13,874 LT1-thread root DEBUG btp.py                    626   core_reg_svc_rsp_succ     : Reading supported commands for service: GAP
2025-05-18 01:49:13,874 LT1-thread root DEBUG iutctl_common.py          162   send                      : send, 1 1 255 ''
2025-05-18 01:49:13,874 LT1-thread root DEBUG iutctl_common.py          167   send                      : sending frame '0101ff0000'
2025-05-18 01:49:13,874 LT1-thread root DEBUG iutctl_common.py          326   read                      : read
2025-05-18 01:49:13,884 BTPWorkerThread-21293 (_rx_task) root DEBUG iutctl_common.py          124   read                      : Read 5 bytes
2025-05-18 01:49:13,890 BTPWorkerThread-21293 (_rx_task) root DEBUG iutctl_common.py          132   read                      : Received: hdr: Header(svc_id=0x01, op=0x01, ctrl_index=0xff, data_len=0x06) bytearray(b'\x01\x01\xff\x06\x00')
2025-05-18 01:49:13,910 BTPWorkerThread-21293 (_rx_task) root DEBUG iutctl_common.py          140   read                      : Read 6 bytes data
2025-05-18 01:49:13,916 BTPWorkerThread-21293 (_rx_task) root DEBUG iutctl_common.py          155   read                      : Received data: {'6e ff 7f 1f 7e 04'}, bytearray(b'n\xff\x7f\x1f~\x04')
2025-05-18 01:49:13,931 LT1-thread root DEBUG testcase.py               253   start                     : Starting test function: class=<class 'autopts.ptsprojects.testcase.TestFunc'>, func=<bound method Stack.gap_init of <autopts.ptsprojects.stack.stack.Stack object at 0x7fa2dd9d3280>> start_wid=None stop_wid=None post_wid=None skip_call=None call_count=533 args=(b'Tester_1C28DF',) kwds={}
2025-05-18 01:49:13,932 LT1-thread root DEBUG testcase.py               265   start                     : Test function parameters: args=(b'Tester_1C28DF',), kwds={}
2025-05-18 01:49:13,932 LT1-thread root DEBUG testcase.py               253   start                     : Starting test function: class=<class 'autopts.ptsprojects.testcase.TestFunc'>, func=<function gap_read_ctrl_info at 0x7fa2e098d1b0> start_wid=None stop_wid=None post_wid=None skip_call=None call_count=533 args=() kwds={}
2025-05-18 01:49:13,932 LT1-thread root DEBUG testcase.py               265   start                     : Test function parameters: args=(), kwds={}
2025-05-18 01:49:13,933 LT1-thread root DEBUG gap.py                    980   gap_read_ctrl_info        : gap_read_ctrl_info
2025-05-18 01:49:13,933 LT1-thread root DEBUG iutctl_common.py          162   send                      : send, 1 3 0 ''
2025-05-18 01:49:13,933 LT1-thread root DEBUG iutctl_common.py          167   send                      : sending frame '0103000000'
2025-05-18 01:49:13,933 LT1-thread root DEBUG iutctl_common.py          326   read                      : read
2025-05-18 01:49:14,219 BTPWorkerThread-21293 (_rx_task) root DEBUG iutctl_common.py          124   read                      : Read 5 bytes
2025-05-18 01:49:14,224 BTPWorkerThread-21293 (_rx_task) root DEBUG iutctl_common.py          132   read                      : Received: hdr: Header(svc_id=0x01, op=0x03, ctrl_index=0x00, data_len=0x115) bytearray(b'\x01\x03\x00\x15\x01')
2025-05-18 01:49:14,229 BTPWorkerThread-21293 (_rx_task) root DEBUG iutctl_common.py          140   read                      : Read 191 bytes data
2025-05-18 01:49:14,255 BTPWorkerThread-21293 (_rx_task) root DEBUG iutctl_common.py          140   read                      : Read 86 bytes data
2025-05-18 01:49:14,266 BTPWorkerThread-21293 (_rx_task) root DEBUG iutctl_common.py          155   read                      : Received data: {'c3 51 0b 1b b8 d7 13 06 02 00 13 82 00 00 00 00 00 62 74 70 5f 74 65 73 74 65 72 00 00 00 00 00 00 00 00 00 00 00 00 00 00 00 00 00 00 00 00 00 00 00 00 00 00 00 00 00 00 00 00 00 00 00 00 00 00 00 00 00 00 00 00 00 00 00 00 00 00 00 00 00 00 00 00 00 00 00 00 00 00 00 00 00 00 00 00 00 00 00 00 00 00 00 00 00 00 00 00 00 00 00 00 00 00 00 00 00 00 00 00 00 00 00 00 00 00 00 00 00 00 00 00 00 00 00 00 00 00 00 00 00 00 00 00 00 00 00 00 00 00 00 00 00 00 00 00 00 00 00 00 00 00 00 00 00 00 00 00 00 00 00 00 00 00 00 00 00 00 00 00 00 00 00 00 00 00 00 00 00 00 00 00 00 00 00 00 00 00 00 00 00 00 00 00 00 00 00 00 00 00 00 00 00 00 00 00 00 00 00 00 00 00 00 00 00 00 00 00 00 00 00 00 00 00 00 00 00 00 00 00 00 00 00 00 00 00 00 00 00 00 00 00 00 00 00 00 00 00 00 00 00 00 00 00 00 00 00 00 00 00 00 00 00 00 00 00 00 00'}, bytearray(b'\xc3Q\x0b\x1b\xb8\xd7\x13\x06\x02\x00\x13\x82\x00\x00\x00\x00\x00btp_tester\x00\x00\x00\x00\x00\x00\x00\x00\x00\x00\x00\x00\x00\x00\x00\x00\x00\x00\x00\x00\x00\x00\x00\x00\x00\x00\x00\x00\x00\x00\x00\x00\x00\x00\x00\x00\x00\x00\x00\x00\x00\x00\x00\x00\x00\x00\x00\x00\x00\x00\x00\x00\x00\x00\x00\x00\x00\x00\x00\x00\x00\x00\x00\x00\x00\x00\x00\x00\x00\x00\x00\x00\x00\x00\x00\x00\x00\x00\x00\x00\x00\x00\x00\x00\x00\x00\x00\x00\x00\x00\x00\x00\x00\x00\x00\x00\x00\x00\x00\x00\x00\x00\x00\x00\x00\x00\x00\x00\x00\x00\x00\x00\x00\x00\x00\x00\x00\x00\x00\x00\x00\x00\x00\x00\x00\x00\x00\x00\x00\x00\x00\x00\x00\x00\x00\x00\x00\x00\x00\x00\x00\x00\x00\x00\x00\x00\x00\x00\x00\x00\x00\x00\x00\x00\x00\x00\x00\x00\x00\x00\x00\x00\x00\x00\x00\x00\x00\x00\x00\x00\x00\x00\x00\x00\x00\x00\x00\x00\x00\x00\x00\x00\x00\x00\x00\x00\x00\x00\x00\x00\x00\x00\x00\x00\x00\x00\x00\x00\x00\x00\x00\x00\x00\x00\x00\x00\x00\x00\x00\x00\x00\x00\x00\x00\x00\x00\x00\x00\x00\x00\x00\x00\x00\x00\x00\x00\x00\x00\x00\x00\x00\x00\x00\x00\x00\x00\x00\x00\x00\x00\x00\x00\x00\x00\x00\x00\x00\x00\x00\x00')
2025-05-18 01:49:14,286 LT1-thread root DEBUG gap.py                    987   gap_read_ctrl_info        : received Header(svc_id=1, op=3, ctrl_index=0, data_len=277) (b'\xc3Q\x0b\x1b\xb8\xd7\x13\x06\x02\x00\x13\x82\x00\x00\x00\x00\x00btp_tester\x00\x00\x00\x00\x00\x00\x00\x00\x00\x00\x00\x00\x00\x00\x00\x00\x00\x00\x00\x00\x00\x00\x00\x00\x00\x00\x00\x00\x00\x00\x00\x00\x00\x00\x00\x00\x00\x00\x00\x00\x00\x00\x00\x00\x00\x00\x00\x00\x00\x00\x00\x00\x00\x00\x00\x00\x00\x00\x00\x00\x00\x00\x00\x00\x00\x00\x00\x00\x00\x00\x00\x00\x00\x00\x00\x00\x00\x00\x00\x00\x00\x00\x00\x00\x00\x00\x00\x00\x00\x00\x00\x00\x00\x00\x00\x00\x00\x00\x00\x00\x00\x00\x00\x00\x00\x00\x00\x00\x00\x00\x00\x00\x00\x00\x00\x00\x00\x00\x00\x00\x00\x00\x00\x00\x00\x00\x00\x00\x00\x00\x00\x00\x00\x00\x00\x00\x00\x00\x00\x00\x00\x00\x00\x00\x00\x00\x00\x00\x00\x00\x00\x00\x00\x00\x00\x00\x00\x00\x00\x00\x00\x00\x00\x00\x00\x00\x00\x00\x00\x00\x00\x00\x00\x00\x00\x00\x00\x00\x00\x00\x00\x00\x00\x00\x00\x00\x00\x00\x00\x00\x00\x00\x00\x00\x00\x00\x00\x00\x00\x00\x00\x00\x00\x00\x00\x00\x00\x00\x00\x00\x00\x00\x00\x00\x00\x00\x00\x00\x00\x00\x00\x00\x00\x00\x00\x00\x00\x00\x00\x00\x00\x00\x00\x00\x00\x00\x00\x00\x00\x00\x00\x00\x00\x00\x00\x00\x00\x00\x00\x00',)
2025-05-18 01:49:14,287 LT1-thread root DEBUG gap.py                    1008  gap_read_ctrl_info        : IUT address 'd7b81b0b51c3' 'random'
2025-05-18 01:49:14,287 LT1-thread root DEBUG gap.py                    420   __gap_current_settings_update : __gap_current_settings_update 33299
2025-05-18 01:49:14,287 LT1-thread root DEBUG testcase.py               253   start                     : Starting test function: class=<class 'autopts.ptsprojects.testcase.TestFunc'>, func=<function test_cases.<locals>.<lambda> at 0x7fa2dddc79a0> start_wid=None stop_wid=None post_wid=None skip_call=None call_count=533 args=() kwds={}
2025-05-18 01:49:14,287 LT1-thread root DEBUG testcase.py               265   start                     : Test function parameters: args=(), kwds={}
2025-05-18 01:49:14,299 LT1-thread root DEBUG testcase.py               253   start                     : Starting test function: class=<class 'autopts.ptsprojects.testcase.TestFunc'>, func=<function core_reg_svc_gatt at 0x7fa2e0971120> start_wid=None stop_wid=None post_wid=None skip_call=None call_count=533 args=() kwds={}
2025-05-18 01:49:14,299 LT1-thread root DEBUG testcase.py               265   start                     : Test function parameters: args=(), kwds={}
2025-05-18 01:49:14,299 LT1-thread root DEBUG btp.py                    116   core_reg_svc_univ         : core_reg_svc_univ: gatt_reg (GATT)
2025-05-18 01:49:14,299 LT1-thread root DEBUG iutctl_common.py          162   send                      : send, 0 3 255 '2'
2025-05-18 01:49:14,299 LT1-thread root DEBUG iutctl_common.py          167   send                      : sending frame '0003ff010002'
2025-05-18 01:49:14,299 LT1-thread root DEBUG btp.py                    606   core_reg_svc_rsp_succ     : core_reg_svc_rsp_succ
2025-05-18 01:49:14,299 LT1-thread root DEBUG iutctl_common.py          326   read                      : read
2025-05-18 01:49:14,315 BTPWorkerThread-21293 (_rx_task) root DEBUG iutctl_common.py          124   read                      : Read 5 bytes
2025-05-18 01:49:14,320 BTPWorkerThread-21293 (_rx_task) root DEBUG iutctl_common.py          132   read                      : Received: hdr: Header(svc_id=0x00, op=0x03, ctrl_index=0xff, data_len=0x00) bytearray(b'\x00\x03\xff\x00\x00')
2025-05-18 01:49:14,335 BTPWorkerThread-21293 (_rx_task) root DEBUG iutctl_common.py          155   read                      : Received data: {''}, bytearray(b'')
2025-05-18 01:49:14,335 LT1-thread root DEBUG btp.py                    617   core_reg_svc_rsp_succ     : received Header(svc_id=0, op=3, ctrl_index=255, data_len=0) (b'',)
2025-05-18 01:49:14,335 LT1-thread root DEBUG btp.py                    618   core_reg_svc_rsp_succ     : expected ((0, 3, 255, 0), (b'',))
2025-05-18 01:49:14,336 LT1-thread root DEBUG btp.py                    623   core_reg_svc_rsp_succ     : response is valid
2025-05-18 01:49:14,336 LT1-thread root DEBUG btp.py                    626   core_reg_svc_rsp_succ     : Reading supported commands for service: GATT
2025-05-18 01:49:14,336 LT1-thread root DEBUG iutctl_common.py          162   send                      : send, 2 1 255 ''
2025-05-18 01:49:14,336 LT1-thread root DEBUG iutctl_common.py          167   send                      : sending frame '0201ff0000'
2025-05-18 01:49:14,336 LT1-thread root DEBUG iutctl_common.py          326   read                      : read
2025-05-18 01:49:14,351 BTPWorkerThread-21293 (_rx_task) root DEBUG iutctl_common.py          124   read                      : Read 5 bytes
2025-05-18 01:49:14,352 BTPWorkerThread-21293 (_rx_task) root DEBUG iutctl_common.py          132   read                      : Received: hdr: Header(svc_id=0x02, op=0x01, ctrl_index=0xff, data_len=0x05) bytearray(b'\x02\x01\xff\x05\x00')
2025-05-18 01:49:14,362 BTPWorkerThread-21293 (_rx_task) root DEBUG iutctl_common.py          140   read                      : Read 5 bytes data
2025-05-18 01:49:14,378 BTPWorkerThread-21293 (_rx_task) root DEBUG iutctl_common.py          155   read                      : Received data: {'fe fe ff fd 03'}, bytearray(b'\xfe\xfe\xff\xfd\x03')
2025-05-18 01:49:14,383 LT1-thread root DEBUG testcase.py               253   start                     : Starting test function: class=<class 'autopts.ptsprojects.testcase.TestFunc'>, func=<function set_pts_addr at 0x7fa2e0970c10> start_wid=None stop_wid=None post_wid=None skip_call=None call_count=533 args=('C0:07:E8:1C:28:DF', 0) kwds={}
2025-05-18 01:49:14,384 LT1-thread root DEBUG testcase.py               265   start                     : Test function parameters: args=('C0:07:E8:1C:28:DF', 0), kwds={}
2025-05-18 01:49:14,384 LT1-thread root DEBUG testcase.py               253   start                     : Starting test function: class=<class 'autopts.ptsprojects.testcase.TestFunc'>, func=<bound method Stack.gatt_init of <autopts.ptsprojects.stack.stack.Stack object at 0x7fa2dd9d3280>> start_wid=None stop_wid=None post_wid=None skip_call=None call_count=533 args=() kwds={}
2025-05-18 01:49:14,384 LT1-thread root DEBUG testcase.py               265   start                     : Test function parameters: args=(), kwds={}
2025-05-18 01:49:14,384 LT1-thread root DEBUG testcase.py               253   start                     : Starting test function: class=<class 'autopts.ptsprojects.testcase.TestFunc'>, func=<function gap_set_conn at 0x7fa2e098cb80> start_wid=None stop_wid=None post_wid=None skip_call=None call_count=533 args=() kwds={}
2025-05-18 01:49:14,384 LT1-thread root DEBUG testcase.py               265   start                     : Test function parameters: args=(), kwds={}
2025-05-18 01:49:14,384 LT1-thread root DEBUG gap.py                    801   gap_set_conn              : gap_set_conn
2025-05-18 01:49:14,384 LT1-thread root DEBUG testcase.py               253   start                     : Starting test function: class=<class 'autopts.ptsprojects.testcase.TestFunc'>, func=<function gap_set_gendiscov at 0x7fa2e098cd30> start_wid=None stop_wid=None post_wid=None skip_call=None call_count=533 args=() kwds={}
2025-05-18 01:49:14,384 LT1-thread root DEBUG testcase.py               265   start                     : Test function parameters: args=(), kwds={}
2025-05-18 01:49:14,384 LT1-thread root DEBUG gap.py                    852   gap_set_gendiscov         : gap_set_gendiscov
2025-05-18 01:49:14,384 LT1-thread root DEBUG iutctl_common.py          162   send                      : send, 1 8 0 '1'
2025-05-18 01:49:14,384 LT1-thread root DEBUG iutctl_common.py          167   send                      : sending frame '010800010001'
2025-05-18 01:49:14,385 LT1-thread root DEBUG gap.py                    1015  gap_command_rsp_succ      : gap_command_rsp_succ
2025-05-18 01:49:14,385 LT1-thread root DEBUG iutctl_common.py          326   read                      : read
2025-05-18 01:49:14,405 BTPWorkerThread-21293 (_rx_task) root DEBUG iutctl_common.py          124   read                      : Read 5 bytes
2025-05-18 01:49:14,411 BTPWorkerThread-21293 (_rx_task) root DEBUG iutctl_common.py          132   read                      : Received: hdr: Header(svc_id=0x01, op=0x08, ctrl_index=0x00, data_len=0x04) bytearray(b'\x01\x08\x00\x04\x00')
2025-05-18 01:49:14,422 BTPWorkerThread-21293 (_rx_task) root DEBUG iutctl_common.py          140   read                      : Read 4 bytes data
2025-05-18 01:49:14,422 BTPWorkerThread-21293 (_rx_task) root DEBUG iutctl_common.py          155   read                      : Received data: {'1b 82 00 00'}, bytearray(b'\x1b\x82\x00\x00')
2025-05-18 01:49:14,422 LT1-thread root DEBUG gap.py                    1020  gap_command_rsp_succ      : received Header(svc_id=1, op=8, ctrl_index=0, data_len=4) (b'\x1b\x82\x00\x00',)
2025-05-18 01:49:14,423 LT1-thread root DEBUG gap.py                    420   __gap_current_settings_update : __gap_current_settings_update (b'\x1b\x82\x00\x00',)
2025-05-18 01:49:14,423 LT1-thread root DEBUG testcase.py               253   start                     : Starting test function: class=<class 'autopts.ptsprojects.testcase.TestFunc'>, func=<function core_reg_svc_pacs at 0x7fa2e0971900> start_wid=None stop_wid=None post_wid=None skip_call=None call_count=533 args=() kwds={}
2025-05-18 01:49:14,423 LT1-thread root DEBUG testcase.py               265   start                     : Test function parameters: args=(), kwds={}
2025-05-18 01:49:14,423 LT1-thread root DEBUG btp.py                    116   core_reg_svc_univ         : core_reg_svc_univ: pacs_reg (PACS)
2025-05-18 01:49:14,423 LT1-thread root DEBUG iutctl_common.py          162   send                      : send, 0 3 255 '12'
2025-05-18 01:49:14,423 LT1-thread root DEBUG iutctl_common.py          167   send                      : sending frame '0003ff01000c'
2025-05-18 01:49:14,423 LT1-thread root DEBUG btp.py                    606   core_reg_svc_rsp_succ     : core_reg_svc_rsp_succ
2025-05-18 01:49:14,423 LT1-thread root DEBUG iutctl_common.py          326   read                      : read
2025-05-18 01:49:14,428 BTPWorkerThread-21293 (_rx_task) root DEBUG iutctl_common.py          124   read                      : Read 5 bytes
2025-05-18 01:49:14,429 BTPWorkerThread-21293 (_rx_task) root DEBUG iutctl_common.py          132   read                      : Received: hdr: Header(svc_id=0x00, op=0x03, ctrl_index=0xff, data_len=0x00) bytearray(b'\x00\x03\xff\x00\x00')
2025-05-18 01:49:14,444 BTPWorkerThread-21293 (_rx_task) root DEBUG iutctl_common.py          155   read                      : Received data: {''}, bytearray(b'')
2025-05-18 01:49:14,449 LT1-thread root DEBUG btp.py                    617   core_reg_svc_rsp_succ     : received Header(svc_id=0, op=3, ctrl_index=255, data_len=0) (b'',)
2025-05-18 01:49:14,449 LT1-thread root DEBUG btp.py                    618   core_reg_svc_rsp_succ     : expected ((0, 3, 255, 0), (b'',))
2025-05-18 01:49:14,449 LT1-thread root DEBUG btp.py                    623   core_reg_svc_rsp_succ     : response is valid
2025-05-18 01:49:14,450 LT1-thread root DEBUG btp.py                    626   core_reg_svc_rsp_succ     : Reading supported commands for service: PACS
2025-05-18 01:49:14,450 LT1-thread root DEBUG iutctl_common.py          162   send                      : send, 12 1 255 ''
2025-05-18 01:49:14,450 LT1-thread root DEBUG iutctl_common.py          167   send                      : sending frame '0c01ff0000'
2025-05-18 01:49:14,450 LT1-thread root DEBUG iutctl_common.py          326   read                      : read
2025-05-18 01:49:14,481 BTPWorkerThread-21293 (_rx_task) root DEBUG iutctl_common.py          124   read                      : Read 5 bytes
2025-05-18 01:49:14,486 BTPWorkerThread-21293 (_rx_task) root DEBUG iutctl_common.py          132   read                      : Received: hdr: Header(svc_id=0x0c, op=0x01, ctrl_index=0xff, data_len=0x01) bytearray(b'\x0c\x01\xff\x01\x00')
2025-05-18 01:49:14,502 BTPWorkerThread-21293 (_rx_task) root DEBUG iutctl_common.py          140   read                      : Read 1 bytes data
2025-05-18 01:49:14,512 BTPWorkerThread-21293 (_rx_task) root DEBUG iutctl_common.py          155   read                      : Received data: {'3e'}, bytearray(b'>')
2025-05-18 01:49:14,517 LT1-thread root DEBUG testcase.py               253   start                     : Starting test function: class=<class 'autopts.ptsprojects.testcase.TestFunc'>, func=<function core_reg_svc_ascs at 0x7fa2e0971990> start_wid=None stop_wid=None post_wid=None skip_call=None call_count=533 args=() kwds={}
2025-05-18 01:49:14,518 LT1-thread root DEBUG testcase.py               265   start                     : Test function parameters: args=(), kwds={}
2025-05-18 01:49:14,518 LT1-thread root DEBUG btp.py                    116   core_reg_svc_univ         : core_reg_svc_univ: ascs_reg (ASCS)
2025-05-18 01:49:14,518 LT1-thread root DEBUG iutctl_common.py          162   send                      : send, 0 3 255 '13'
2025-05-18 01:49:14,518 LT1-thread root DEBUG iutctl_common.py          167   send                      : sending frame '0003ff01000d'
2025-05-18 01:49:14,518 LT1-thread root DEBUG btp.py                    606   core_reg_svc_rsp_succ     : core_reg_svc_rsp_succ
2025-05-18 01:49:14,518 LT1-thread root DEBUG iutctl_common.py          326   read                      : read
2025-05-18 01:49:14,525 BTPWorkerThread-21293 (_rx_task) root DEBUG iutctl_common.py          124   read                      : Read 1 bytes
2025-05-18 01:49:14,546 BTPWorkerThread-21293 (_rx_task) root DEBUG iutctl_common.py          124   read                      : Read 4 bytes
2025-05-18 01:49:14,546 BTPWorkerThread-21293 (_rx_task) root DEBUG iutctl_common.py          132   read                      : Received: hdr: Header(svc_id=0x00, op=0x03, ctrl_index=0xff, data_len=0x00) bytearray(b'\x00\x03\xff\x00\x00')
2025-05-18 01:49:14,547 BTPWorkerThread-21293 (_rx_task) root DEBUG iutctl_common.py          155   read                      : Received data: {''}, bytearray(b'')
2025-05-18 01:49:14,547 LT1-thread root DEBUG btp.py                    617   core_reg_svc_rsp_succ     : received Header(svc_id=0, op=3, ctrl_index=255, data_len=0) (b'',)
2025-05-18 01:49:14,547 LT1-thread root DEBUG btp.py                    618   core_reg_svc_rsp_succ     : expected ((0, 3, 255, 0), (b'',))
2025-05-18 01:49:14,547 LT1-thread root DEBUG btp.py                    623   core_reg_svc_rsp_succ     : response is valid
2025-05-18 01:49:14,547 LT1-thread root DEBUG btp.py                    626   core_reg_svc_rsp_succ     : Reading supported commands for service: ASCS
2025-05-18 01:49:14,547 LT1-thread root DEBUG iutctl_common.py          162   send                      : send, 13 1 255 ''
2025-05-18 01:49:14,547 LT1-thread root DEBUG iutctl_common.py          167   send                      : sending frame '0d01ff0000'
2025-05-18 01:49:14,547 LT1-thread root DEBUG iutctl_common.py          326   read                      : read
2025-05-18 01:49:14,563 BTPWorkerThread-21293 (_rx_task) root DEBUG iutctl_common.py          124   read                      : Read 5 bytes
2025-05-18 01:49:14,569 BTPWorkerThread-21293 (_rx_task) root DEBUG iutctl_common.py          132   read                      : Received: hdr: Header(svc_id=0x0d, op=0x01, ctrl_index=0xff, data_len=0x02) bytearray(b'\r\x01\xff\x02\x00')
2025-05-18 01:49:14,579 BTPWorkerThread-21293 (_rx_task) root DEBUG iutctl_common.py          140   read                      : Read 2 bytes data
2025-05-18 01:49:14,646 BTPWorkerThread-21293 (_rx_task) root DEBUG iutctl_common.py          155   read                      : Received data: {'fe 0f'}, bytearray(b'\xfe\x0f')
2025-05-18 01:49:14,651 LT1-thread root DEBUG testcase.py               253   start                     : Starting test function: class=<class 'autopts.ptsprojects.testcase.TestFunc'>, func=<function core_reg_svc_bap at 0x7fa2e0971ab0> start_wid=None stop_wid=None post_wid=None skip_call=None call_count=533 args=() kwds={}
2025-05-18 01:49:14,652 LT1-thread root DEBUG testcase.py               265   start                     : Test function parameters: args=(), kwds={}
2025-05-18 01:49:14,652 LT1-thread root DEBUG btp.py                    116   core_reg_svc_univ         : core_reg_svc_univ: bap_reg (BAP)
2025-05-18 01:49:14,652 LT1-thread root DEBUG iutctl_common.py          162   send                      : send, 0 3 255 '14'
2025-05-18 01:49:14,652 LT1-thread root DEBUG iutctl_common.py          167   send                      : sending frame '0003ff01000e'
2025-05-18 01:49:14,652 LT1-thread root DEBUG btp.py                    606   core_reg_svc_rsp_succ     : core_reg_svc_rsp_succ
2025-05-18 01:49:14,652 LT1-thread root DEBUG iutctl_common.py          326   read                      : read
2025-05-18 01:49:14,673 BTPWorkerThread-21293 (_rx_task) root DEBUG iutctl_common.py          124   read                      : Read 5 bytes
2025-05-18 01:49:14,678 BTPWorkerThread-21293 (_rx_task) root DEBUG iutctl_common.py          132   read                      : Received: hdr: Header(svc_id=0x00, op=0x03, ctrl_index=0xff, data_len=0x00) bytearray(b'\x00\x03\xff\x00\x00')
2025-05-18 01:49:14,689 BTPWorkerThread-21293 (_rx_task) root DEBUG iutctl_common.py          155   read                      : Received data: {''}, bytearray(b'')
2025-05-18 01:49:14,689 LT1-thread root DEBUG btp.py                    617   core_reg_svc_rsp_succ     : received Header(svc_id=0, op=3, ctrl_index=255, data_len=0) (b'',)
2025-05-18 01:49:14,689 LT1-thread root DEBUG btp.py                    618   core_reg_svc_rsp_succ     : expected ((0, 3, 255, 0), (b'',))
2025-05-18 01:49:14,689 LT1-thread root DEBUG btp.py                    623   core_reg_svc_rsp_succ     : response is valid
2025-05-18 01:49:14,689 LT1-thread root DEBUG btp.py                    626   core_reg_svc_rsp_succ     : Reading supported commands for service: BAP
2025-05-18 01:49:14,689 LT1-thread root DEBUG iutctl_common.py          162   send                      : send, 14 1 255 ''
2025-05-18 01:49:14,689 LT1-thread root DEBUG iutctl_common.py          167   send                      : sending frame '0e01ff0000'
2025-05-18 01:49:14,689 LT1-thread root DEBUG iutctl_common.py          326   read                      : read
2025-05-18 01:49:14,715 BTPWorkerThread-21293 (_rx_task) root DEBUG iutctl_common.py          124   read                      : Read 5 bytes
2025-05-18 01:49:14,720 BTPWorkerThread-21293 (_rx_task) root DEBUG iutctl_common.py          132   read                      : Received: hdr: Header(svc_id=0x0e, op=0x01, ctrl_index=0xff, data_len=0x04) bytearray(b'\x0e\x01\xff\x04\x00')
2025-05-18 01:49:14,746 BTPWorkerThread-21293 (_rx_task) root DEBUG iutctl_common.py          140   read                      : Read 4 bytes data
2025-05-18 01:49:14,772 BTPWorkerThread-21293 (_rx_task) root DEBUG iutctl_common.py          155   read                      : Received data: {'fe ff ff 03'}, bytearray(b'\xfe\xff\xff\x03')
2025-05-18 01:49:14,788 LT1-thread root DEBUG testcase.py               253   start                     : Starting test function: class=<class 'autopts.ptsprojects.testcase.TestFunc'>, func=<bound method Stack.ascs_init of <autopts.ptsprojects.stack.stack.Stack object at 0x7fa2dd9d3280>> start_wid=None stop_wid=None post_wid=None skip_call=None call_count=533 args=() kwds={}
2025-05-18 01:49:14,788 LT1-thread root DEBUG testcase.py               265   start                     : Test function parameters: args=(), kwds={}
2025-05-18 01:49:14,788 LT1-thread root DEBUG testcase.py               253   start                     : Starting test function: class=<class 'autopts.ptsprojects.testcase.TestFunc'>, func=<bound method Stack.bap_init of <autopts.ptsprojects.stack.stack.Stack object at 0x7fa2dd9d3280>> start_wid=None stop_wid=None post_wid=None skip_call=None call_count=533 args=() kwds={}
2025-05-18 01:49:14,788 LT1-thread root DEBUG testcase.py               265   start                     : Test function parameters: args=(), kwds={}
2025-05-18 01:49:14,788 LT1-thread root DEBUG testcase.py               253   start                     : Starting test function: class=<class 'autopts.ptsprojects.testcase.TestFunc'>, func=<function test_cases.<locals>.<lambda> at 0x7fa2dc73be20> start_wid=None stop_wid=None post_wid=None skip_call=None call_count=533 args=() kwds={}
2025-05-18 01:49:14,788 LT1-thread root DEBUG testcase.py               265   start                     : Test function parameters: args=(), kwds={}
2025-05-18 01:49:14,788 LT1-thread root DEBUG testcase.py               253   start                     : Starting test function: class=<class 'autopts.ptsprojects.testcase.TestFunc'>, func=<function test_cases.<locals>.<lambda> at 0x7fa2dc73bb50> start_wid=None stop_wid=None post_wid=None skip_call=None call_count=533 args=() kwds={}
2025-05-18 01:49:14,788 LT1-thread root DEBUG testcase.py               265   start                     : Test function parameters: args=(), kwds={}
2025-05-18 01:49:14,790 LT1-thread root DEBUG client.py                 309   get_result                : ClientCallback.get_result run_test_case
2025-05-18 01:49:20,803 LT1-callback ClientCallback.on_implicit_send INFO client.py                 256   on_implicit_send          : 
    ********************
    BEGIN OnImplicitSend:
    project_name: BAP
    wid: 114
    test_case_name: BAP/BSRC/STR/BV-15-C
    description: Please advertise with Broadcast Audio Announcement (0x1852) service data
    style: MMI_Style_Ok 0x11040
2025-05-18 01:49:20,803 LT1-callback ClientCallback.on_implicit_send INFO client.py                 269   on_implicit_send          : Calling test cases on_implicit_send
2025-05-18 01:49:20,803 LT1-callback ClientCallback.on_implicit_send INFO client.py                 282   on_implicit_send          : 
    on_implicit_send returned response: WAIT
    END OnImplicitSend
    ********************
2025-05-18 01:49:21,791 LT1-thread root DEBUG testcase.py               671   run_wid                   : BAP BAP/BSRC/STR/BV-15-C on_implicit_send
2025-05-18 01:49:21,791 LT1-thread root DEBUG bap_wid.py                25    bap_wid_hdl               : bap_wid_hdl, 114, Please advertise with Broadcast Audio Announcement (0x1852) service data, BAP/BSRC/STR/BV-15-C
2025-05-18 01:49:21,791 LT1-thread root DEBUG bap.py                    137   bap_broadcast_source_setup : bap_broadcast_source_setup
2025-05-18 01:49:21,791 LT1-thread root DEBUG iutctl_common.py          162   send                      : send, 14 4 0 "bytearray(b'\\x01\\x01L\\x1d\\x00\\x00u\\x00\\x04\\x0f\\x00@\\x9c\\x00\\x06\\x00\\x00\\x00\\x00\\x13\\x02\\x01\\x08\\x02\\x02\\x00\\x05\\x03\\x01\\x00\\x00\\x00\\x03\\x04u\\x00\\x02\\x05\\x01')"
2025-05-18 01:49:21,791 LT1-thread root DEBUG iutctl_common.py          167   send                      : sending frame '0e0400270001014c1d00007500040f00409c0006000000001302010802020005030100000003047500020501'
2025-05-18 01:49:21,791 LT1-thread root DEBUG bap.py                    83    bap_command_rsp_succ      : bap_command_rsp_succ
2025-05-18 01:49:21,791 LT1-thread root DEBUG iutctl_common.py          326   read                      : read
2025-05-18 01:49:21,802 BTPWorkerThread-21293 (_rx_task) root DEBUG iutctl_common.py          124   read                      : Read 5 bytes
2025-05-18 01:49:21,802 BTPWorkerThread-21293 (_rx_task) root DEBUG iutctl_common.py          132   read                      : Received: hdr: Header(svc_id=0x0e, op=0x04, ctrl_index=0x00, data_len=0x07) bytearray(b'\x0e\x04\x00\x07\x00')
2025-05-18 01:49:21,802 BTPWorkerThread-21293 (_rx_task) root DEBUG iutctl_common.py          140   read                      : Read 7 bytes data
2025-05-18 01:49:21,802 BTPWorkerThread-21293 (_rx_task) root DEBUG iutctl_common.py          155   read                      : Received data: {'08 00 02 00 bd 6d 1b'}, bytearray(b'\x08\x00\x02\x00\xbdm\x1b')
2025-05-18 01:49:21,813 LT1-thread root DEBUG bap.py                    88    bap_command_rsp_succ      : received Header(svc_id=14, op=4, ctrl_index=0, data_len=7) (b'\x08\x00\x02\x00\xbdm\x1b',)
2025-05-18 01:49:21,813 LT1-thread root DEBUG gap.py                    420   __gap_current_settings_update : __gap_current_settings_update 131080
2025-05-18 01:49:21,813 LT1-thread root DEBUG bap.py                    224   bap_broadcast_adv_start   : bap_broadcast_adv_start
2025-05-18 01:49:21,813 LT1-thread root DEBUG iutctl_common.py          162   send                      : send, 14 6 0 "bytearray(b'\\xbdm\\x1b')"
2025-05-18 01:49:21,813 LT1-thread root DEBUG iutctl_common.py          167   send                      : sending frame '0e06000300bd6d1b'
2025-05-18 01:49:21,813 LT1-thread root DEBUG bap.py                    83    bap_command_rsp_succ      : bap_command_rsp_succ
2025-05-18 01:49:21,813 LT1-thread root DEBUG iutctl_common.py          326   read                      : read
2025-05-18 01:49:21,829 BTPWorkerThread-21293 (_rx_task) root DEBUG iutctl_common.py          124   read                      : Read 5 bytes
2025-05-18 01:49:21,850 BTPWorkerThread-21293 (_rx_task) root DEBUG iutctl_common.py          132   read                      : Received: hdr: Header(svc_id=0x0e, op=0x06, ctrl_index=0x00, data_len=0x00) bytearray(b'\x0e\x06\x00\x00\x00')
2025-05-18 01:49:21,855 BTPWorkerThread-21293 (_rx_task) root DEBUG iutctl_common.py          155   read                      : Received data: {''}, bytearray(b'')
2025-05-18 01:49:21,861 LT1-thread root DEBUG bap.py                    88    bap_command_rsp_succ      : received Header(svc_id=14, op=6, ctrl_index=0, data_len=0) (b'',)
2025-05-18 01:49:21,861 LT1-thread root DEBUG bap.py                    246   bap_broadcast_source_start : bap_broadcast_source_start
2025-05-18 01:49:21,861 LT1-thread root DEBUG iutctl_common.py          162   send                      : send, 14 8 0 "bytearray(b'\\xbdm\\x1b')"
2025-05-18 01:49:21,861 LT1-thread root DEBUG iutctl_common.py          167   send                      : sending frame '0e08000300bd6d1b'
2025-05-18 01:49:21,861 LT1-thread root DEBUG bap.py                    83    bap_command_rsp_succ      : bap_command_rsp_succ
2025-05-18 01:49:21,861 LT1-thread root DEBUG iutctl_common.py          326   read                      : read
2025-05-18 01:49:21,888 BTPWorkerThread-21293 (_rx_task) root DEBUG iutctl_common.py          124   read                      : Read 5 bytes
2025-05-18 01:49:21,893 BTPWorkerThread-21293 (_rx_task) root DEBUG iutctl_common.py          132   read                      : Received: hdr: Header(svc_id=0x0e, op=0x08, ctrl_index=0x00, data_len=0x00) bytearray(b'\x0e\x08\x00\x00\x00')
2025-05-18 01:49:21,899 BTPWorkerThread-21293 (_rx_task) root DEBUG iutctl_common.py          155   read                      : Received data: {''}, bytearray(b'')
2025-05-18 01:49:21,910 LT1-thread root DEBUG bap.py                    88    bap_command_rsp_succ      : received Header(svc_id=14, op=8, ctrl_index=0, data_len=0) (b'',)
2025-05-18 01:49:21,910 LT1-thread root DEBUG bap.py                    116   bap_send                  : bap_send
2025-05-18 01:49:21,910 LT1-thread root DEBUG iutctl_common.py          162   send                      : send, 14 3 0 'bytearray(b\'\\x00\\xdf(\\x1c\\xe8\\x07\\xc0\\x00)\\x00\\x01\\x02\\x03\\x04\\x05\\x06\\x07\\x08\\t\\n\\x0b\\x0c\\r\\x0e\\x0f\\x10\\x11\\x12\\x13\\x14\\x15\\x16\\x17\\x18\\x19\\x1a\\x1b\\x1c\\x1d\\x1e\\x1f !"#$%&\\\'(\')'
2025-05-18 01:49:21,910 LT1-thread root DEBUG iutctl_common.py          167   send                      : sending frame '0e0300320000df281ce807c00029000102030405060708090a0b0c0d0e0f101112131415161718191a1b1c1d1e1f202122232425262728'
2025-05-18 01:49:21,910 LT1-thread root DEBUG bap.py                    83    bap_command_rsp_succ      : bap_command_rsp_succ
2025-05-18 01:49:21,910 LT1-thread root DEBUG iutctl_common.py          326   read                      : read
2025-05-18 01:49:21,931 BTPWorkerThread-21293 (_rx_task) root DEBUG iutctl_common.py          124   read                      : Read 5 bytes
2025-05-18 01:49:21,936 BTPWorkerThread-21293 (_rx_task) root DEBUG iutctl_common.py          132   read                      : Received: hdr: Header(svc_id=0x0e, op=0x03, ctrl_index=0x00, data_len=0x01) bytearray(b'\x0e\x03\x00\x01\x00')
2025-05-18 01:49:21,957 BTPWorkerThread-21293 (_rx_task) root DEBUG iutctl_common.py          140   read                      : Read 1 bytes data
2025-05-18 01:49:21,998 BTPWorkerThread-21293 (_rx_task) root DEBUG iutctl_common.py          155   read                      : Received data: {'29'}, bytearray(b')')
2025-05-18 01:49:21,999 LT1-thread root DEBUG bap.py                    88    bap_command_rsp_succ      : received Header(svc_id=14, op=3, ctrl_index=0, data_len=1) (b')',)
2025-05-18 01:49:21,999 LT1-thread root DEBUG bap.py                    116   bap_send                  : bap_send
2025-05-18 01:49:21,999 LT1-thread root DEBUG iutctl_common.py          162   send                      : send, 14 3 0 'bytearray(b\'\\x00\\xdf(\\x1c\\xe8\\x07\\xc0\\x00)\\x00\\x01\\x02\\x03\\x04\\x05\\x06\\x07\\x08\\t\\n\\x0b\\x0c\\r\\x0e\\x0f\\x10\\x11\\x12\\x13\\x14\\x15\\x16\\x17\\x18\\x19\\x1a\\x1b\\x1c\\x1d\\x1e\\x1f !"#$%&\\\'(\')'
2025-05-18 01:49:21,999 LT1-thread root DEBUG iutctl_common.py          167   send                      : sending frame '0e0300320000df281ce807c00029000102030405060708090a0b0c0d0e0f101112131415161718191a1b1c1d1e1f202122232425262728'
2025-05-18 01:49:21,999 LT1-thread root DEBUG bap.py                    83    bap_command_rsp_succ      : bap_command_rsp_succ
2025-05-18 01:49:21,999 LT1-thread root DEBUG iutctl_common.py          326   read                      : read
2025-05-18 01:49:22,051 BTPWorkerThread-21293 (_rx_task) root DEBUG iutctl_common.py          124   read                      : Read 5 bytes
2025-05-18 01:49:22,061 BTPWorkerThread-21293 (_rx_task) root DEBUG iutctl_common.py          132   read                      : Received: hdr: Header(svc_id=0x0e, op=0x03, ctrl_index=0x00, data_len=0x01) bytearray(b'\x0e\x03\x00\x01\x00')
2025-05-18 01:49:22,072 BTPWorkerThread-21293 (_rx_task) root DEBUG iutctl_common.py          140   read                      : Read 1 bytes data
2025-05-18 01:49:22,077 BTPWorkerThread-21293 (_rx_task) root DEBUG iutctl_common.py          155   read                      : Received data: {'29'}, bytearray(b')')
2025-05-18 01:49:22,087 LT1-thread root DEBUG bap.py                    88    bap_command_rsp_succ      : received Header(svc_id=14, op=3, ctrl_index=0, data_len=1) (b')',)
2025-05-18 01:49:22,088 LT1-thread root DEBUG bap.py                    116   bap_send                  : bap_send
2025-05-18 01:49:22,088 LT1-thread root DEBUG iutctl_common.py          162   send                      : send, 14 3 0 'bytearray(b\'\\x00\\xdf(\\x1c\\xe8\\x07\\xc0\\x00)\\x00\\x01\\x02\\x03\\x04\\x05\\x06\\x07\\x08\\t\\n\\x0b\\x0c\\r\\x0e\\x0f\\x10\\x11\\x12\\x13\\x14\\x15\\x16\\x17\\x18\\x19\\x1a\\x1b\\x1c\\x1d\\x1e\\x1f !"#$%&\\\'(\')'
2025-05-18 01:49:22,088 LT1-thread root DEBUG iutctl_common.py          167   send                      : sending frame '0e0300320000df281ce807c00029000102030405060708090a0b0c0d0e0f101112131415161718191a1b1c1d1e1f202122232425262728'
2025-05-18 01:49:22,088 LT1-thread root DEBUG bap.py                    83    bap_command_rsp_succ      : bap_command_rsp_succ
2025-05-18 01:49:22,088 LT1-thread root DEBUG iutctl_common.py          326   read                      : read
2025-05-18 01:49:22,134 BTPWorkerThread-21293 (_rx_task) root DEBUG iutctl_common.py          124   read                      : Read 5 bytes
2025-05-18 01:49:22,140 BTPWorkerThread-21293 (_rx_task) root DEBUG iutctl_common.py          132   read                      : Received: hdr: Header(svc_id=0x0e, op=0x03, ctrl_index=0x00, data_len=0x01) bytearray(b'\x0e\x03\x00\x01\x00')
2025-05-18 01:49:22,166 BTPWorkerThread-21293 (_rx_task) root DEBUG iutctl_common.py          140   read                      : Read 1 bytes data
2025-05-18 01:49:22,191 BTPWorkerThread-21293 (_rx_task) root DEBUG iutctl_common.py          155   read                      : Received data: {'29'}, bytearray(b')')
2025-05-18 01:49:22,223 LT1-thread root DEBUG bap.py                    88    bap_command_rsp_succ      : received Header(svc_id=14, op=3, ctrl_index=0, data_len=1) (b')',)
2025-05-18 01:49:22,223 LT1-thread root DEBUG bap.py                    116   bap_send                  : bap_send
2025-05-18 01:49:22,223 LT1-thread root DEBUG iutctl_common.py          162   send                      : send, 14 3 0 'bytearray(b\'\\x00\\xdf(\\x1c\\xe8\\x07\\xc0\\x00)\\x00\\x01\\x02\\x03\\x04\\x05\\x06\\x07\\x08\\t\\n\\x0b\\x0c\\r\\x0e\\x0f\\x10\\x11\\x12\\x13\\x14\\x15\\x16\\x17\\x18\\x19\\x1a\\x1b\\x1c\\x1d\\x1e\\x1f !"#$%&\\\'(\')'
2025-05-18 01:49:22,223 LT1-thread root DEBUG iutctl_common.py          167   send                      : sending frame '0e0300320000df281ce807c00029000102030405060708090a0b0c0d0e0f101112131415161718191a1b1c1d1e1f202122232425262728'
2025-05-18 01:49:22,223 LT1-thread root DEBUG bap.py                    83    bap_command_rsp_succ      : bap_command_rsp_succ
2025-05-18 01:49:22,223 LT1-thread root DEBUG iutctl_common.py          326   read                      : read
2025-05-18 01:49:22,239 BTPWorkerThread-21293 (_rx_task) root DEBUG iutctl_common.py          124   read                      : Read 5 bytes
2025-05-18 01:49:22,245 BTPWorkerThread-21293 (_rx_task) root DEBUG iutctl_common.py          132   read                      : Received: hdr: Header(svc_id=0x0e, op=0x03, ctrl_index=0x00, data_len=0x01) bytearray(b'\x0e\x03\x00\x01\x00')
2025-05-18 01:49:22,260 BTPWorkerThread-21293 (_rx_task) root DEBUG iutctl_common.py          140   read                      : Read 1 bytes data
2025-05-18 01:49:22,265 BTPWorkerThread-21293 (_rx_task) root DEBUG iutctl_common.py          155   read                      : Received data: {'29'}, bytearray(b')')
2025-05-18 01:49:22,297 LT1-thread root DEBUG bap.py                    88    bap_command_rsp_succ      : received Header(svc_id=14, op=3, ctrl_index=0, data_len=1) (b')',)
2025-05-18 01:49:22,297 LT1-thread root DEBUG bap.py                    116   bap_send                  : bap_send
2025-05-18 01:49:22,297 LT1-thread root DEBUG iutctl_common.py          162   send                      : send, 14 3 0 'bytearray(b\'\\x00\\xdf(\\x1c\\xe8\\x07\\xc0\\x00)\\x00\\x01\\x02\\x03\\x04\\x05\\x06\\x07\\x08\\t\\n\\x0b\\x0c\\r\\x0e\\x0f\\x10\\x11\\x12\\x13\\x14\\x15\\x16\\x17\\x18\\x19\\x1a\\x1b\\x1c\\x1d\\x1e\\x1f !"#$%&\\\'(\')'
2025-05-18 01:49:22,297 LT1-thread root DEBUG iutctl_common.py          167   send                      : sending frame '0e0300320000df281ce807c00029000102030405060708090a0b0c0d0e0f101112131415161718191a1b1c1d1e1f202122232425262728'
2025-05-18 01:49:22,297 LT1-thread root DEBUG bap.py                    83    bap_command_rsp_succ      : bap_command_rsp_succ
2025-05-18 01:49:22,297 LT1-thread root DEBUG iutctl_common.py          326   read                      : read
2025-05-18 01:49:22,313 BTPWorkerThread-21293 (_rx_task) root DEBUG iutctl_common.py          124   read                      : Read 5 bytes
2025-05-18 01:49:22,349 BTPWorkerThread-21293 (_rx_task) root DEBUG iutctl_common.py          132   read                      : Received: hdr: Header(svc_id=0x0e, op=0x03, ctrl_index=0x00, data_len=0x01) bytearray(b'\x0e\x03\x00\x01\x00')
2025-05-18 01:49:22,360 BTPWorkerThread-21293 (_rx_task) root DEBUG iutctl_common.py          140   read                      : Read 1 bytes data
2025-05-18 01:49:22,365 BTPWorkerThread-21293 (_rx_task) root DEBUG iutctl_common.py          155   read                      : Received data: {'29'}, bytearray(b')')
2025-05-18 01:49:22,386 LT1-thread root DEBUG bap.py                    88    bap_command_rsp_succ      : received Header(svc_id=14, op=3, ctrl_index=0, data_len=1) (b')',)
2025-05-18 01:49:22,386 LT1-thread root DEBUG bap.py                    116   bap_send                  : bap_send
2025-05-18 01:49:22,386 LT1-thread root DEBUG iutctl_common.py          162   send                      : send, 14 3 0 'bytearray(b\'\\x00\\xdf(\\x1c\\xe8\\x07\\xc0\\x00)\\x00\\x01\\x02\\x03\\x04\\x05\\x06\\x07\\x08\\t\\n\\x0b\\x0c\\r\\x0e\\x0f\\x10\\x11\\x12\\x13\\x14\\x15\\x16\\x17\\x18\\x19\\x1a\\x1b\\x1c\\x1d\\x1e\\x1f !"#$%&\\\'(\')'
2025-05-18 01:49:22,386 LT1-thread root DEBUG iutctl_common.py          167   send                      : sending frame '0e0300320000df281ce807c00029000102030405060708090a0b0c0d0e0f101112131415161718191a1b1c1d1e1f202122232425262728'
2025-05-18 01:49:22,386 LT1-thread root DEBUG bap.py                    83    bap_command_rsp_succ      : bap_command_rsp_succ
2025-05-18 01:49:22,386 LT1-thread root DEBUG iutctl_common.py          326   read                      : read
2025-05-18 01:49:22,417 BTPWorkerThread-21293 (_rx_task) root DEBUG iutctl_common.py          124   read                      : Read 5 bytes
2025-05-18 01:49:22,428 BTPWorkerThread-21293 (_rx_task) root DEBUG iutctl_common.py          132   read                      : Received: hdr: Header(svc_id=0x0e, op=0x03, ctrl_index=0x00, data_len=0x01) bytearray(b'\x0e\x03\x00\x01\x00')
2025-05-18 01:49:22,459 BTPWorkerThread-21293 (_rx_task) root DEBUG iutctl_common.py          140   read                      : Read 1 bytes data
2025-05-18 01:49:22,459 BTPWorkerThread-21293 (_rx_task) root DEBUG iutctl_common.py          155   read                      : Received data: {'29'}, bytearray(b')')
2025-05-18 01:49:22,459 LT1-thread root DEBUG bap.py                    88    bap_command_rsp_succ      : received Header(svc_id=14, op=3, ctrl_index=0, data_len=1) (b')',)
2025-05-18 01:49:22,459 LT1-thread root DEBUG bap.py                    116   bap_send                  : bap_send
2025-05-18 01:49:22,459 LT1-thread root DEBUG iutctl_common.py          162   send                      : send, 14 3 0 'bytearray(b\'\\x00\\xdf(\\x1c\\xe8\\x07\\xc0\\x00)\\x00\\x01\\x02\\x03\\x04\\x05\\x06\\x07\\x08\\t\\n\\x0b\\x0c\\r\\x0e\\x0f\\x10\\x11\\x12\\x13\\x14\\x15\\x16\\x17\\x18\\x19\\x1a\\x1b\\x1c\\x1d\\x1e\\x1f !"#$%&\\\'(\')'
2025-05-18 01:49:22,459 LT1-thread root DEBUG iutctl_common.py          167   send                      : sending frame '0e0300320000df281ce807c00029000102030405060708090a0b0c0d0e0f101112131415161718191a1b1c1d1e1f202122232425262728'
2025-05-18 01:49:22,460 LT1-thread root DEBUG bap.py                    83    bap_command_rsp_succ      : bap_command_rsp_succ
2025-05-18 01:49:22,460 LT1-thread root DEBUG iutctl_common.py          326   read                      : read
2025-05-18 01:49:22,501 BTPWorkerThread-21293 (_rx_task) root DEBUG iutctl_common.py          124   read                      : Read 5 bytes
2025-05-18 01:49:22,506 BTPWorkerThread-21293 (_rx_task) root DEBUG iutctl_common.py          132   read                      : Received: hdr: Header(svc_id=0x0e, op=0x03, ctrl_index=0x00, data_len=0x01) bytearray(b'\x0e\x03\x00\x01\x00')
2025-05-18 01:49:22,511 BTPWorkerThread-21293 (_rx_task) root DEBUG iutctl_common.py          140   read                      : Read 1 bytes data
2025-05-18 01:49:22,548 BTPWorkerThread-21293 (_rx_task) root DEBUG iutctl_common.py          155   read                      : Received data: {'29'}, bytearray(b')')
2025-05-18 01:49:22,568 LT1-thread root DEBUG bap.py                    88    bap_command_rsp_succ      : received Header(svc_id=14, op=3, ctrl_index=0, data_len=1) (b')',)
2025-05-18 01:49:22,568 LT1-thread root DEBUG bap.py                    116   bap_send                  : bap_send
2025-05-18 01:49:22,569 LT1-thread root DEBUG iutctl_common.py          162   send                      : send, 14 3 0 'bytearray(b\'\\x00\\xdf(\\x1c\\xe8\\x07\\xc0\\x00)\\x00\\x01\\x02\\x03\\x04\\x05\\x06\\x07\\x08\\t\\n\\x0b\\x0c\\r\\x0e\\x0f\\x10\\x11\\x12\\x13\\x14\\x15\\x16\\x17\\x18\\x19\\x1a\\x1b\\x1c\\x1d\\x1e\\x1f !"#$%&\\\'(\')'
2025-05-18 01:49:22,569 LT1-thread root DEBUG iutctl_common.py          167   send                      : sending frame '0e0300320000df281ce807c00029000102030405060708090a0b0c0d0e0f101112131415161718191a1b1c1d1e1f202122232425262728'
2025-05-18 01:49:22,569 LT1-thread root DEBUG bap.py                    83    bap_command_rsp_succ      : bap_command_rsp_succ
2025-05-18 01:49:22,569 LT1-thread root DEBUG iutctl_common.py          326   read                      : read
2025-05-18 01:49:22,589 BTPWorkerThread-21293 (_rx_task) root DEBUG iutctl_common.py          124   read                      : Read 5 bytes
2025-05-18 01:49:22,600 BTPWorkerThread-21293 (_rx_task) root DEBUG iutctl_common.py          132   read                      : Received: hdr: Header(svc_id=0x0e, op=0x03, ctrl_index=0x00, data_len=0x01) bytearray(b'\x0e\x03\x00\x01\x00')
2025-05-18 01:49:22,626 BTPWorkerThread-21293 (_rx_task) root DEBUG iutctl_common.py          140   read                      : Read 1 bytes data
2025-05-18 01:49:22,636 BTPWorkerThread-21293 (_rx_task) root DEBUG iutctl_common.py          155   read                      : Received data: {'29'}, bytearray(b')')
2025-05-18 01:49:22,641 LT1-thread root DEBUG bap.py                    88    bap_command_rsp_succ      : received Header(svc_id=14, op=3, ctrl_index=0, data_len=1) (b')',)
2025-05-18 01:49:22,642 LT1-thread root DEBUG bap.py                    116   bap_send                  : bap_send
2025-05-18 01:49:22,642 LT1-thread root DEBUG iutctl_common.py          162   send                      : send, 14 3 0 'bytearray(b\'\\x00\\xdf(\\x1c\\xe8\\x07\\xc0\\x00)\\x00\\x01\\x02\\x03\\x04\\x05\\x06\\x07\\x08\\t\\n\\x0b\\x0c\\r\\x0e\\x0f\\x10\\x11\\x12\\x13\\x14\\x15\\x16\\x17\\x18\\x19\\x1a\\x1b\\x1c\\x1d\\x1e\\x1f !"#$%&\\\'(\')'
2025-05-18 01:49:22,642 LT1-thread root DEBUG iutctl_common.py          167   send                      : sending frame '0e0300320000df281ce807c00029000102030405060708090a0b0c0d0e0f101112131415161718191a1b1c1d1e1f202122232425262728'
2025-05-18 01:49:22,642 LT1-thread root DEBUG bap.py                    83    bap_command_rsp_succ      : bap_command_rsp_succ
2025-05-18 01:49:22,642 LT1-thread root DEBUG iutctl_common.py          326   read                      : read
2025-05-18 01:49:22,663 BTPWorkerThread-21293 (_rx_task) root DEBUG iutctl_common.py          124   read                      : Read 5 bytes
2025-05-18 01:49:22,668 BTPWorkerThread-21293 (_rx_task) root DEBUG iutctl_common.py          132   read                      : Received: hdr: Header(svc_id=0x0e, op=0x03, ctrl_index=0x00, data_len=0x01) bytearray(b'\x0e\x03\x00\x01\x00')
2025-05-18 01:49:22,689 BTPWorkerThread-21293 (_rx_task) root DEBUG iutctl_common.py          140   read                      : Read 1 bytes data
2025-05-18 01:49:22,699 BTPWorkerThread-21293 (_rx_task) root DEBUG iutctl_common.py          155   read                      : Received data: {'29'}, bytearray(b')')
2025-05-18 01:49:22,705 LT1-thread root DEBUG bap.py                    88    bap_command_rsp_succ      : received Header(svc_id=14, op=3, ctrl_index=0, data_len=1) (b')',)
2025-05-18 01:49:22,705 LT1-thread root DEBUG bap.py                    116   bap_send                  : bap_send
2025-05-18 01:49:22,705 LT1-thread root DEBUG iutctl_common.py          162   send                      : send, 14 3 0 'bytearray(b\'\\x00\\xdf(\\x1c\\xe8\\x07\\xc0\\x00)\\x00\\x01\\x02\\x03\\x04\\x05\\x06\\x07\\x08\\t\\n\\x0b\\x0c\\r\\x0e\\x0f\\x10\\x11\\x12\\x13\\x14\\x15\\x16\\x17\\x18\\x19\\x1a\\x1b\\x1c\\x1d\\x1e\\x1f !"#$%&\\\'(\')'
2025-05-18 01:49:22,705 LT1-thread root DEBUG iutctl_common.py          167   send                      : sending frame '0e0300320000df281ce807c00029000102030405060708090a0b0c0d0e0f101112131415161718191a1b1c1d1e1f202122232425262728'
2025-05-18 01:49:22,705 LT1-thread root DEBUG bap.py                    83    bap_command_rsp_succ      : bap_command_rsp_succ
2025-05-18 01:49:22,705 LT1-thread root DEBUG iutctl_common.py          326   read                      : read
2025-05-18 01:49:22,731 BTPWorkerThread-21293 (_rx_task) root DEBUG iutctl_common.py          124   read                      : Read 5 bytes
2025-05-18 01:49:22,731 BTPWorkerThread-21293 (_rx_task) root DEBUG iutctl_common.py          132   read                      : Received: hdr: Header(svc_id=0x0e, op=0x03, ctrl_index=0x00, data_len=0x01) bytearray(b'\x0e\x03\x00\x01\x00')
2025-05-18 01:49:22,732 BTPWorkerThread-21293 (_rx_task) root DEBUG iutctl_common.py          140   read                      : Read 1 bytes data
2025-05-18 01:49:22,732 BTPWorkerThread-21293 (_rx_task) root DEBUG iutctl_common.py          155   read                      : Received data: {'29'}, bytearray(b')')
2025-05-18 01:49:22,732 LT1-thread root DEBUG bap.py                    88    bap_command_rsp_succ      : received Header(svc_id=14, op=3, ctrl_index=0, data_len=1) (b')',)
2025-05-18 01:49:22,732 LT1-thread root DEBUG bap.py                    116   bap_send                  : bap_send
2025-05-18 01:49:22,732 LT1-thread root DEBUG iutctl_common.py          162   send                      : send, 14 3 0 'bytearray(b\'\\x00\\xdf(\\x1c\\xe8\\x07\\xc0\\x00)\\x00\\x01\\x02\\x03\\x04\\x05\\x06\\x07\\x08\\t\\n\\x0b\\x0c\\r\\x0e\\x0f\\x10\\x11\\x12\\x13\\x14\\x15\\x16\\x17\\x18\\x19\\x1a\\x1b\\x1c\\x1d\\x1e\\x1f !"#$%&\\\'(\')'
2025-05-18 01:49:22,734 LT1-thread root DEBUG iutctl_common.py          167   send                      : sending frame '0e0300320000df281ce807c00029000102030405060708090a0b0c0d0e0f101112131415161718191a1b1c1d1e1f202122232425262728'
2025-05-18 01:49:22,735 LT1-thread root DEBUG bap.py                    83    bap_command_rsp_succ      : bap_command_rsp_succ
2025-05-18 01:49:22,735 LT1-thread root DEBUG iutctl_common.py          326   read                      : read
2025-05-18 01:49:22,746 BTPWorkerThread-21293 (_rx_task) root DEBUG iutctl_common.py          124   read                      : Read 5 bytes
2025-05-18 01:49:22,746 BTPWorkerThread-21293 (_rx_task) root DEBUG iutctl_common.py          132   read                      : Received: hdr: Header(svc_id=0x0e, op=0x03, ctrl_index=0x00, data_len=0x01) bytearray(b'\x0e\x03\x00\x01\x00')
2025-05-18 01:49:22,746 BTPWorkerThread-21293 (_rx_task) root DEBUG iutctl_common.py          140   read                      : Read 1 bytes data
2025-05-18 01:49:22,746 BTPWorkerThread-21293 (_rx_task) root DEBUG iutctl_common.py          155   read                      : Received data: {'29'}, bytearray(b')')
2025-05-18 01:49:22,747 LT1-thread root DEBUG bap.py                    88    bap_command_rsp_succ      : received Header(svc_id=14, op=3, ctrl_index=0, data_len=1) (b')',)
2025-05-18 01:49:22,747 LT1-thread root DEBUG bap.py                    116   bap_send                  : bap_send
2025-05-18 01:49:22,747 LT1-thread root DEBUG iutctl_common.py          162   send                      : send, 14 3 0 'bytearray(b\'\\x00\\xdf(\\x1c\\xe8\\x07\\xc0\\x00)\\x00\\x01\\x02\\x03\\x04\\x05\\x06\\x07\\x08\\t\\n\\x0b\\x0c\\r\\x0e\\x0f\\x10\\x11\\x12\\x13\\x14\\x15\\x16\\x17\\x18\\x19\\x1a\\x1b\\x1c\\x1d\\x1e\\x1f !"#$%&\\\'(\')'
2025-05-18 01:49:22,747 LT1-thread root DEBUG iutctl_common.py          167   send                      : sending frame '0e0300320000df281ce807c00029000102030405060708090a0b0c0d0e0f101112131415161718191a1b1c1d1e1f202122232425262728'
2025-05-18 01:49:22,747 LT1-thread root DEBUG bap.py                    83    bap_command_rsp_succ      : bap_command_rsp_succ
2025-05-18 01:49:22,747 LT1-thread root DEBUG iutctl_common.py          326   read                      : read
2025-05-18 01:49:22,778 BTPWorkerThread-21293 (_rx_task) root DEBUG iutctl_common.py          124   read                      : Read 5 bytes
2025-05-18 01:49:22,783 BTPWorkerThread-21293 (_rx_task) root DEBUG iutctl_common.py          132   read                      : Received: hdr: Header(svc_id=0x0e, op=0x03, ctrl_index=0x00, data_len=0x01) bytearray(b'\x0e\x03\x00\x01\x00')
2025-05-18 01:49:22,789 BTPWorkerThread-21293 (_rx_task) root DEBUG iutctl_common.py          140   read                      : Read 1 bytes data
2025-05-18 01:49:22,789 BTPWorkerThread-21293 (_rx_task) root DEBUG iutctl_common.py          155   read                      : Received data: {'29'}, bytearray(b')')
2025-05-18 01:49:22,820 LT1-thread root DEBUG bap.py                    88    bap_command_rsp_succ      : received Header(svc_id=14, op=3, ctrl_index=0, data_len=1) (b')',)
2025-05-18 01:49:22,820 LT1-thread root DEBUG bap.py                    116   bap_send                  : bap_send
2025-05-18 01:49:22,820 LT1-thread root DEBUG iutctl_common.py          162   send                      : send, 14 3 0 'bytearray(b\'\\x00\\xdf(\\x1c\\xe8\\x07\\xc0\\x00)\\x00\\x01\\x02\\x03\\x04\\x05\\x06\\x07\\x08\\t\\n\\x0b\\x0c\\r\\x0e\\x0f\\x10\\x11\\x12\\x13\\x14\\x15\\x16\\x17\\x18\\x19\\x1a\\x1b\\x1c\\x1d\\x1e\\x1f !"#$%&\\\'(\')'
2025-05-18 01:49:22,821 LT1-thread root DEBUG iutctl_common.py          167   send                      : sending frame '0e0300320000df281ce807c00029000102030405060708090a0b0c0d0e0f101112131415161718191a1b1c1d1e1f202122232425262728'
2025-05-18 01:49:22,821 LT1-thread root DEBUG bap.py                    83    bap_command_rsp_succ      : bap_command_rsp_succ
2025-05-18 01:49:22,821 LT1-thread root DEBUG iutctl_common.py          326   read                      : read
2025-05-18 01:49:22,862 BTPWorkerThread-21293 (_rx_task) root DEBUG iutctl_common.py          124   read                      : Read 5 bytes
2025-05-18 01:49:22,863 BTPWorkerThread-21293 (_rx_task) root DEBUG iutctl_common.py          132   read                      : Received: hdr: Header(svc_id=0x0e, op=0x03, ctrl_index=0x00, data_len=0x01) bytearray(b'\x0e\x03\x00\x01\x00')
2025-05-18 01:49:22,873 BTPWorkerThread-21293 (_rx_task) root DEBUG iutctl_common.py          140   read                      : Read 1 bytes data
2025-05-18 01:49:22,883 BTPWorkerThread-21293 (_rx_task) root DEBUG iutctl_common.py          155   read                      : Received data: {'29'}, bytearray(b')')
2025-05-18 01:49:22,884 LT1-thread root DEBUG bap.py                    88    bap_command_rsp_succ      : received Header(svc_id=14, op=3, ctrl_index=0, data_len=1) (b')',)
2025-05-18 01:49:22,884 LT1-thread root DEBUG bap.py                    116   bap_send                  : bap_send
2025-05-18 01:49:22,884 LT1-thread root DEBUG iutctl_common.py          162   send                      : send, 14 3 0 'bytearray(b\'\\x00\\xdf(\\x1c\\xe8\\x07\\xc0\\x00)\\x00\\x01\\x02\\x03\\x04\\x05\\x06\\x07\\x08\\t\\n\\x0b\\x0c\\r\\x0e\\x0f\\x10\\x11\\x12\\x13\\x14\\x15\\x16\\x17\\x18\\x19\\x1a\\x1b\\x1c\\x1d\\x1e\\x1f !"#$%&\\\'(\')'
2025-05-18 01:49:22,884 LT1-thread root DEBUG iutctl_common.py          167   send                      : sending frame '0e0300320000df281ce807c00029000102030405060708090a0b0c0d0e0f101112131415161718191a1b1c1d1e1f202122232425262728'
2025-05-18 01:49:22,884 LT1-thread root DEBUG bap.py                    83    bap_command_rsp_succ      : bap_command_rsp_succ
2025-05-18 01:49:22,884 LT1-thread root DEBUG iutctl_common.py          326   read                      : read
2025-05-18 01:49:22,900 BTPWorkerThread-21293 (_rx_task) root DEBUG iutctl_common.py          124   read                      : Read 5 bytes
2025-05-18 01:49:22,926 BTPWorkerThread-21293 (_rx_task) root DEBUG iutctl_common.py          132   read                      : Received: hdr: Header(svc_id=0x0e, op=0x03, ctrl_index=0x00, data_len=0x01) bytearray(b'\x0e\x03\x00\x01\x00')
2025-05-18 01:49:22,941 BTPWorkerThread-21293 (_rx_task) root DEBUG iutctl_common.py          140   read                      : Read 1 bytes data
2025-05-18 01:49:22,967 BTPWorkerThread-21293 (_rx_task) root DEBUG iutctl_common.py          155   read                      : Received data: {'29'}, bytearray(b')')
2025-05-18 01:49:22,972 LT1-thread root DEBUG bap.py                    88    bap_command_rsp_succ      : received Header(svc_id=14, op=3, ctrl_index=0, data_len=1) (b')',)
2025-05-18 01:49:22,973 LT1-thread root DEBUG bap.py                    116   bap_send                  : bap_send
2025-05-18 01:49:22,973 LT1-thread root DEBUG iutctl_common.py          162   send                      : send, 14 3 0 'bytearray(b\'\\x00\\xdf(\\x1c\\xe8\\x07\\xc0\\x00)\\x00\\x01\\x02\\x03\\x04\\x05\\x06\\x07\\x08\\t\\n\\x0b\\x0c\\r\\x0e\\x0f\\x10\\x11\\x12\\x13\\x14\\x15\\x16\\x17\\x18\\x19\\x1a\\x1b\\x1c\\x1d\\x1e\\x1f !"#$%&\\\'(\')'
2025-05-18 01:49:22,973 LT1-thread root DEBUG iutctl_common.py          167   send                      : sending frame '0e0300320000df281ce807c00029000102030405060708090a0b0c0d0e0f101112131415161718191a1b1c1d1e1f202122232425262728'
2025-05-18 01:49:22,973 LT1-thread root DEBUG bap.py                    83    bap_command_rsp_succ      : bap_command_rsp_succ
2025-05-18 01:49:22,973 LT1-thread root DEBUG iutctl_common.py          326   read                      : read
2025-05-18 01:49:22,979 BTPWorkerThread-21293 (_rx_task) root DEBUG iutctl_common.py          124   read                      : Read 1 bytes
2025-05-18 01:49:22,984 BTPWorkerThread-21293 (_rx_task) root DEBUG iutctl_common.py          124   read                      : Read 4 bytes
2025-05-18 01:49:22,985 BTPWorkerThread-21293 (_rx_task) root DEBUG iutctl_common.py          132   read                      : Received: hdr: Header(svc_id=0x0e, op=0x03, ctrl_index=0x00, data_len=0x01) bytearray(b'\x0e\x03\x00\x01\x00')
2025-05-18 01:49:22,985 BTPWorkerThread-21293 (_rx_task) root DEBUG iutctl_common.py          140   read                      : Read 1 bytes data
2025-05-18 01:49:22,990 BTPWorkerThread-21293 (_rx_task) root DEBUG iutctl_common.py          155   read                      : Received data: {'29'}, bytearray(b')')
2025-05-18 01:49:23,001 LT1-thread root DEBUG bap.py                    88    bap_command_rsp_succ      : received Header(svc_id=14, op=3, ctrl_index=0, data_len=1) (b')',)
2025-05-18 01:49:23,001 LT1-thread root DEBUG bap.py                    116   bap_send                  : bap_send
2025-05-18 01:49:23,001 LT1-thread root DEBUG iutctl_common.py          162   send                      : send, 14 3 0 'bytearray(b\'\\x00\\xdf(\\x1c\\xe8\\x07\\xc0\\x00)\\x00\\x01\\x02\\x03\\x04\\x05\\x06\\x07\\x08\\t\\n\\x0b\\x0c\\r\\x0e\\x0f\\x10\\x11\\x12\\x13\\x14\\x15\\x16\\x17\\x18\\x19\\x1a\\x1b\\x1c\\x1d\\x1e\\x1f !"#$%&\\\'(\')'
2025-05-18 01:49:23,001 LT1-thread root DEBUG iutctl_common.py          167   send                      : sending frame '0e0300320000df281ce807c00029000102030405060708090a0b0c0d0e0f101112131415161718191a1b1c1d1e1f202122232425262728'
2025-05-18 01:49:23,001 LT1-thread root DEBUG bap.py                    83    bap_command_rsp_succ      : bap_command_rsp_succ
2025-05-18 01:49:23,001 LT1-thread root DEBUG iutctl_common.py          326   read                      : read
2025-05-18 01:49:23,017 BTPWorkerThread-21293 (_rx_task) root DEBUG iutctl_common.py          124   read                      : Read 5 bytes
2025-05-18 01:49:23,017 BTPWorkerThread-21293 (_rx_task) root DEBUG iutctl_common.py          132   read                      : Received: hdr: Header(svc_id=0x0e, op=0x03, ctrl_index=0x00, data_len=0x01) bytearray(b'\x0e\x03\x00\x01\x00')
2025-05-18 01:49:23,017 BTPWorkerThread-21293 (_rx_task) root DEBUG iutctl_common.py          140   read                      : Read 1 bytes data
2025-05-18 01:49:23,017 BTPWorkerThread-21293 (_rx_task) root DEBUG iutctl_common.py          155   read                      : Received data: {'29'}, bytearray(b')')
2025-05-18 01:49:23,023 LT1-thread root DEBUG bap.py                    88    bap_command_rsp_succ      : received Header(svc_id=14, op=3, ctrl_index=0, data_len=1) (b')',)
2025-05-18 01:49:23,023 LT1-thread root DEBUG bap.py                    116   bap_send                  : bap_send
2025-05-18 01:49:23,023 LT1-thread root DEBUG iutctl_common.py          162   send                      : send, 14 3 0 'bytearray(b\'\\x00\\xdf(\\x1c\\xe8\\x07\\xc0\\x00)\\x00\\x01\\x02\\x03\\x04\\x05\\x06\\x07\\x08\\t\\n\\x0b\\x0c\\r\\x0e\\x0f\\x10\\x11\\x12\\x13\\x14\\x15\\x16\\x17\\x18\\x19\\x1a\\x1b\\x1c\\x1d\\x1e\\x1f !"#$%&\\\'(\')'
2025-05-18 01:49:23,023 LT1-thread root DEBUG iutctl_common.py          167   send                      : sending frame '0e0300320000df281ce807c00029000102030405060708090a0b0c0d0e0f101112131415161718191a1b1c1d1e1f202122232425262728'
2025-05-18 01:49:23,023 LT1-thread root DEBUG bap.py                    83    bap_command_rsp_succ      : bap_command_rsp_succ
2025-05-18 01:49:23,023 LT1-thread root DEBUG iutctl_common.py          326   read                      : read
2025-05-18 01:49:23,029 BTPWorkerThread-21293 (_rx_task) root DEBUG iutctl_common.py          124   read                      : Read 1 bytes
2025-05-18 01:49:23,034 BTPWorkerThread-21293 (_rx_task) root DEBUG iutctl_common.py          124   read                      : Read 4 bytes
2025-05-18 01:49:23,034 BTPWorkerThread-21293 (_rx_task) root DEBUG iutctl_common.py          132   read                      : Received: hdr: Header(svc_id=0x0e, op=0x03, ctrl_index=0x00, data_len=0x01) bytearray(b'\x0e\x03\x00\x01\x00')
2025-05-18 01:49:23,035 BTPWorkerThread-21293 (_rx_task) root DEBUG iutctl_common.py          140   read                      : Read 1 bytes data
2025-05-18 01:49:23,035 BTPWorkerThread-21293 (_rx_task) root DEBUG iutctl_common.py          155   read                      : Received data: {'29'}, bytearray(b')')
2025-05-18 01:49:23,035 LT1-thread root DEBUG bap.py                    88    bap_command_rsp_succ      : received Header(svc_id=14, op=3, ctrl_index=0, data_len=1) (b')',)
2025-05-18 01:49:23,035 LT1-thread root DEBUG bap.py                    116   bap_send                  : bap_send
2025-05-18 01:49:23,035 LT1-thread root DEBUG iutctl_common.py          162   send                      : send, 14 3 0 'bytearray(b\'\\x00\\xdf(\\x1c\\xe8\\x07\\xc0\\x00)\\x00\\x01\\x02\\x03\\x04\\x05\\x06\\x07\\x08\\t\\n\\x0b\\x0c\\r\\x0e\\x0f\\x10\\x11\\x12\\x13\\x14\\x15\\x16\\x17\\x18\\x19\\x1a\\x1b\\x1c\\x1d\\x1e\\x1f !"#$%&\\\'(\')'
2025-05-18 01:49:23,035 LT1-thread root DEBUG iutctl_common.py          167   send                      : sending frame '0e0300320000df281ce807c00029000102030405060708090a0b0c0d0e0f101112131415161718191a1b1c1d1e1f202122232425262728'
2025-05-18 01:49:23,036 LT1-thread root DEBUG bap.py                    83    bap_command_rsp_succ      : bap_command_rsp_succ
2025-05-18 01:49:23,036 LT1-thread root DEBUG iutctl_common.py          326   read                      : read
2025-05-18 01:49:23,062 BTPWorkerThread-21293 (_rx_task) root DEBUG iutctl_common.py          124   read                      : Read 5 bytes
2025-05-18 01:49:23,067 BTPWorkerThread-21293 (_rx_task) root DEBUG iutctl_common.py          132   read                      : Received: hdr: Header(svc_id=0x0e, op=0x03, ctrl_index=0x00, data_len=0x01) bytearray(b'\x0e\x03\x00\x01\x00')
2025-05-18 01:49:23,073 BTPWorkerThread-21293 (_rx_task) root DEBUG iutctl_common.py          140   read                      : Read 1 bytes data
2025-05-18 01:49:23,078 BTPWorkerThread-21293 (_rx_task) root DEBUG iutctl_common.py          155   read                      : Received data: {'29'}, bytearray(b')')
2025-05-18 01:49:23,094 LT1-thread root DEBUG bap.py                    88    bap_command_rsp_succ      : received Header(svc_id=14, op=3, ctrl_index=0, data_len=1) (b')',)
2025-05-18 01:49:23,094 LT1-thread root DEBUG bap.py                    116   bap_send                  : bap_send
2025-05-18 01:49:23,094 LT1-thread root DEBUG iutctl_common.py          162   send                      : send, 14 3 0 'bytearray(b\'\\x00\\xdf(\\x1c\\xe8\\x07\\xc0\\x00)\\x00\\x01\\x02\\x03\\x04\\x05\\x06\\x07\\x08\\t\\n\\x0b\\x0c\\r\\x0e\\x0f\\x10\\x11\\x12\\x13\\x14\\x15\\x16\\x17\\x18\\x19\\x1a\\x1b\\x1c\\x1d\\x1e\\x1f !"#$%&\\\'(\')'
2025-05-18 01:49:23,094 LT1-thread root DEBUG iutctl_common.py          167   send                      : sending frame '0e0300320000df281ce807c00029000102030405060708090a0b0c0d0e0f101112131415161718191a1b1c1d1e1f202122232425262728'
2025-05-18 01:49:23,094 LT1-thread root DEBUG bap.py                    83    bap_command_rsp_succ      : bap_command_rsp_succ
2025-05-18 01:49:23,094 LT1-thread root DEBUG iutctl_common.py          326   read                      : read
2025-05-18 01:49:23,110 BTPWorkerThread-21293 (_rx_task) root DEBUG iutctl_common.py          124   read                      : Read 5 bytes
2025-05-18 01:49:23,115 BTPWorkerThread-21293 (_rx_task) root DEBUG iutctl_common.py          132   read                      : Received: hdr: Header(svc_id=0x0e, op=0x03, ctrl_index=0x00, data_len=0x01) bytearray(b'\x0e\x03\x00\x01\x00')
2025-05-18 01:49:23,131 BTPWorkerThread-21293 (_rx_task) root DEBUG iutctl_common.py          140   read                      : Read 1 bytes data
2025-05-18 01:49:23,141 BTPWorkerThread-21293 (_rx_task) root DEBUG iutctl_common.py          155   read                      : Received data: {'29'}, bytearray(b')')
2025-05-18 01:49:23,147 LT1-thread root DEBUG bap.py                    88    bap_command_rsp_succ      : received Header(svc_id=14, op=3, ctrl_index=0, data_len=1) (b')',)
2025-05-18 01:49:23,147 LT1-thread root DEBUG bap.py                    116   bap_send                  : bap_send
2025-05-18 01:49:23,147 LT1-thread root DEBUG iutctl_common.py          162   send                      : send, 14 3 0 'bytearray(b\'\\x00\\xdf(\\x1c\\xe8\\x07\\xc0\\x00)\\x00\\x01\\x02\\x03\\x04\\x05\\x06\\x07\\x08\\t\\n\\x0b\\x0c\\r\\x0e\\x0f\\x10\\x11\\x12\\x13\\x14\\x15\\x16\\x17\\x18\\x19\\x1a\\x1b\\x1c\\x1d\\x1e\\x1f !"#$%&\\\'(\')'
2025-05-18 01:49:23,147 LT1-thread root DEBUG iutctl_common.py          167   send                      : sending frame '0e0300320000df281ce807c00029000102030405060708090a0b0c0d0e0f101112131415161718191a1b1c1d1e1f202122232425262728'
2025-05-18 01:49:23,147 LT1-thread root DEBUG bap.py                    83    bap_command_rsp_succ      : bap_command_rsp_succ
2025-05-18 01:49:23,147 LT1-thread root DEBUG iutctl_common.py          326   read                      : read
2025-05-18 01:49:23,168 BTPWorkerThread-21293 (_rx_task) root DEBUG iutctl_common.py          124   read                      : Read 5 bytes
2025-05-18 01:49:23,179 BTPWorkerThread-21293 (_rx_task) root DEBUG iutctl_common.py          132   read                      : Received: hdr: Header(svc_id=0x0e, op=0x03, ctrl_index=0x00, data_len=0x01) bytearray(b'\x0e\x03\x00\x01\x00')
2025-05-18 01:49:23,199 BTPWorkerThread-21293 (_rx_task) root DEBUG iutctl_common.py          140   read                      : Read 1 bytes data
2025-05-18 01:49:23,199 BTPWorkerThread-21293 (_rx_task) root DEBUG iutctl_common.py          155   read                      : Received data: {'29'}, bytearray(b')')
2025-05-18 01:49:23,205 LT1-thread root DEBUG bap.py                    88    bap_command_rsp_succ      : received Header(svc_id=14, op=3, ctrl_index=0, data_len=1) (b')',)
2025-05-18 01:49:23,205 LT1-thread root DEBUG bap.py                    116   bap_send                  : bap_send
2025-05-18 01:49:23,205 LT1-thread root DEBUG iutctl_common.py          162   send                      : send, 14 3 0 'bytearray(b\'\\x00\\xdf(\\x1c\\xe8\\x07\\xc0\\x00)\\x00\\x01\\x02\\x03\\x04\\x05\\x06\\x07\\x08\\t\\n\\x0b\\x0c\\r\\x0e\\x0f\\x10\\x11\\x12\\x13\\x14\\x15\\x16\\x17\\x18\\x19\\x1a\\x1b\\x1c\\x1d\\x1e\\x1f !"#$%&\\\'(\')'
2025-05-18 01:49:23,205 LT1-thread root DEBUG iutctl_common.py          167   send                      : sending frame '0e0300320000df281ce807c00029000102030405060708090a0b0c0d0e0f101112131415161718191a1b1c1d1e1f202122232425262728'
2025-05-18 01:49:23,205 LT1-thread root DEBUG bap.py                    83    bap_command_rsp_succ      : bap_command_rsp_succ
2025-05-18 01:49:23,205 LT1-thread root DEBUG iutctl_common.py          326   read                      : read
2025-05-18 01:49:23,221 BTPWorkerThread-21293 (_rx_task) root DEBUG iutctl_common.py          124   read                      : Read 5 bytes
2025-05-18 01:49:23,226 BTPWorkerThread-21293 (_rx_task) root DEBUG iutctl_common.py          132   read                      : Received: hdr: Header(svc_id=0x0e, op=0x03, ctrl_index=0x00, data_len=0x01) bytearray(b'\x0e\x03\x00\x01\x00')
2025-05-18 01:49:23,242 BTPWorkerThread-21293 (_rx_task) root DEBUG iutctl_common.py          140   read                      : Read 1 bytes data
2025-05-18 01:49:23,257 BTPWorkerThread-21293 (_rx_task) root DEBUG iutctl_common.py          155   read                      : Received data: {'29'}, bytearray(b')')
2025-05-18 01:49:23,267 LT1-thread root DEBUG bap.py                    88    bap_command_rsp_succ      : received Header(svc_id=14, op=3, ctrl_index=0, data_len=1) (b')',)
2025-05-18 01:49:23,268 LT1-thread root DEBUG bap.py                    116   bap_send                  : bap_send
2025-05-18 01:49:23,268 LT1-thread root DEBUG iutctl_common.py          162   send                      : send, 14 3 0 'bytearray(b\'\\x00\\xdf(\\x1c\\xe8\\x07\\xc0\\x00)\\x00\\x01\\x02\\x03\\x04\\x05\\x06\\x07\\x08\\t\\n\\x0b\\x0c\\r\\x0e\\x0f\\x10\\x11\\x12\\x13\\x14\\x15\\x16\\x17\\x18\\x19\\x1a\\x1b\\x1c\\x1d\\x1e\\x1f !"#$%&\\\'(\')'
2025-05-18 01:49:23,268 LT1-thread root DEBUG iutctl_common.py          167   send                      : sending frame '0e0300320000df281ce807c00029000102030405060708090a0b0c0d0e0f101112131415161718191a1b1c1d1e1f202122232425262728'
2025-05-18 01:49:23,268 LT1-thread root DEBUG bap.py                    83    bap_command_rsp_succ      : bap_command_rsp_succ
2025-05-18 01:49:23,268 LT1-thread root DEBUG iutctl_common.py          326   read                      : read
2025-05-18 01:49:23,295 BTPWorkerThread-21293 (_rx_task) root DEBUG iutctl_common.py          124   read                      : Read 5 bytes
2025-05-18 01:49:23,295 BTPWorkerThread-21293 (_rx_task) root DEBUG iutctl_common.py          132   read                      : Received: hdr: Header(svc_id=0x0e, op=0x03, ctrl_index=0x00, data_len=0x01) bytearray(b'\x0e\x03\x00\x01\x00')
2025-05-18 01:49:23,296 BTPWorkerThread-21293 (_rx_task) root DEBUG iutctl_common.py          140   read                      : Read 1 bytes data
2025-05-18 01:49:23,296 BTPWorkerThread-21293 (_rx_task) root DEBUG iutctl_common.py          155   read                      : Received data: {'29'}, bytearray(b')')
2025-05-18 01:49:23,296 LT1-thread root DEBUG bap.py                    88    bap_command_rsp_succ      : received Header(svc_id=14, op=3, ctrl_index=0, data_len=1) (b')',)
2025-05-18 01:49:23,296 LT1-thread root DEBUG bap.py                    116   bap_send                  : bap_send
2025-05-18 01:49:23,296 LT1-thread root DEBUG iutctl_common.py          162   send                      : send, 14 3 0 'bytearray(b\'\\x00\\xdf(\\x1c\\xe8\\x07\\xc0\\x00)\\x00\\x01\\x02\\x03\\x04\\x05\\x06\\x07\\x08\\t\\n\\x0b\\x0c\\r\\x0e\\x0f\\x10\\x11\\x12\\x13\\x14\\x15\\x16\\x17\\x18\\x19\\x1a\\x1b\\x1c\\x1d\\x1e\\x1f !"#$%&\\\'(\')'
2025-05-18 01:49:23,296 LT1-thread root DEBUG iutctl_common.py          167   send                      : sending frame '0e0300320000df281ce807c00029000102030405060708090a0b0c0d0e0f101112131415161718191a1b1c1d1e1f202122232425262728'
2025-05-18 01:49:23,297 LT1-thread root DEBUG bap.py                    83    bap_command_rsp_succ      : bap_command_rsp_succ
2025-05-18 01:49:23,297 LT1-thread root DEBUG iutctl_common.py          326   read                      : read
2025-05-18 01:49:23,312 BTPWorkerThread-21293 (_rx_task) root DEBUG iutctl_common.py          124   read                      : Read 5 bytes
2025-05-18 01:49:23,323 BTPWorkerThread-21293 (_rx_task) root DEBUG iutctl_common.py          132   read                      : Received: hdr: Header(svc_id=0x0e, op=0x03, ctrl_index=0x00, data_len=0x01) bytearray(b'\x0e\x03\x00\x01\x00')
2025-05-18 01:49:23,333 BTPWorkerThread-21293 (_rx_task) root DEBUG iutctl_common.py          140   read                      : Read 1 bytes data
2025-05-18 01:49:23,334 BTPWorkerThread-21293 (_rx_task) root DEBUG iutctl_common.py          155   read                      : Received data: {'29'}, bytearray(b')')
2025-05-18 01:49:23,334 LT1-thread root DEBUG bap.py                    88    bap_command_rsp_succ      : received Header(svc_id=14, op=3, ctrl_index=0, data_len=1) (b')',)
2025-05-18 01:49:23,334 LT1-thread root DEBUG bap.py                    116   bap_send                  : bap_send
2025-05-18 01:49:23,334 LT1-thread root DEBUG iutctl_common.py          162   send                      : send, 14 3 0 'bytearray(b\'\\x00\\xdf(\\x1c\\xe8\\x07\\xc0\\x00)\\x00\\x01\\x02\\x03\\x04\\x05\\x06\\x07\\x08\\t\\n\\x0b\\x0c\\r\\x0e\\x0f\\x10\\x11\\x12\\x13\\x14\\x15\\x16\\x17\\x18\\x19\\x1a\\x1b\\x1c\\x1d\\x1e\\x1f !"#$%&\\\'(\')'
2025-05-18 01:49:23,334 LT1-thread root DEBUG iutctl_common.py          167   send                      : sending frame '0e0300320000df281ce807c00029000102030405060708090a0b0c0d0e0f101112131415161718191a1b1c1d1e1f202122232425262728'
2025-05-18 01:49:23,334 LT1-thread root DEBUG bap.py                    83    bap_command_rsp_succ      : bap_command_rsp_succ
2025-05-18 01:49:23,334 LT1-thread root DEBUG iutctl_common.py          326   read                      : read
2025-05-18 01:49:23,365 BTPWorkerThread-21293 (_rx_task) root DEBUG iutctl_common.py          124   read                      : Read 5 bytes
2025-05-18 01:49:23,376 BTPWorkerThread-21293 (_rx_task) root DEBUG iutctl_common.py          132   read                      : Received: hdr: Header(svc_id=0x0e, op=0x03, ctrl_index=0x00, data_len=0x01) bytearray(b'\x0e\x03\x00\x01\x00')
2025-05-18 01:49:23,381 BTPWorkerThread-21293 (_rx_task) root DEBUG iutctl_common.py          140   read                      : Read 1 bytes data
2025-05-18 01:49:23,392 BTPWorkerThread-21293 (_rx_task) root DEBUG iutctl_common.py          155   read                      : Received data: {'29'}, bytearray(b')')
2025-05-18 01:49:23,402 LT1-thread root DEBUG bap.py                    88    bap_command_rsp_succ      : received Header(svc_id=14, op=3, ctrl_index=0, data_len=1) (b')',)
2025-05-18 01:49:23,402 LT1-thread root DEBUG bap.py                    116   bap_send                  : bap_send
2025-05-18 01:49:23,403 LT1-thread root DEBUG iutctl_common.py          162   send                      : send, 14 3 0 'bytearray(b\'\\x00\\xdf(\\x1c\\xe8\\x07\\xc0\\x00)\\x00\\x01\\x02\\x03\\x04\\x05\\x06\\x07\\x08\\t\\n\\x0b\\x0c\\r\\x0e\\x0f\\x10\\x11\\x12\\x13\\x14\\x15\\x16\\x17\\x18\\x19\\x1a\\x1b\\x1c\\x1d\\x1e\\x1f !"#$%&\\\'(\')'
2025-05-18 01:49:23,403 LT1-thread root DEBUG iutctl_common.py          167   send                      : sending frame '0e0300320000df281ce807c00029000102030405060708090a0b0c0d0e0f101112131415161718191a1b1c1d1e1f202122232425262728'
2025-05-18 01:49:23,403 LT1-thread root DEBUG bap.py                    83    bap_command_rsp_succ      : bap_command_rsp_succ
2025-05-18 01:49:23,403 LT1-thread root DEBUG iutctl_common.py          326   read                      : read
2025-05-18 01:49:23,449 BTPWorkerThread-21293 (_rx_task) root DEBUG iutctl_common.py          124   read                      : Read 5 bytes
2025-05-18 01:49:23,455 BTPWorkerThread-21293 (_rx_task) root DEBUG iutctl_common.py          132   read                      : Received: hdr: Header(svc_id=0x0e, op=0x03, ctrl_index=0x00, data_len=0x01) bytearray(b'\x0e\x03\x00\x01\x00')
2025-05-18 01:49:23,465 BTPWorkerThread-21293 (_rx_task) root DEBUG iutctl_common.py          140   read                      : Read 1 bytes data
2025-05-18 01:49:23,466 BTPWorkerThread-21293 (_rx_task) root DEBUG iutctl_common.py          155   read                      : Received data: {'29'}, bytearray(b')')
2025-05-18 01:49:23,466 LT1-thread root DEBUG bap.py                    88    bap_command_rsp_succ      : received Header(svc_id=14, op=3, ctrl_index=0, data_len=1) (b')',)
2025-05-18 01:49:23,466 LT1-thread root DEBUG bap.py                    116   bap_send                  : bap_send
2025-05-18 01:49:23,466 LT1-thread root DEBUG iutctl_common.py          162   send                      : send, 14 3 0 'bytearray(b\'\\x00\\xdf(\\x1c\\xe8\\x07\\xc0\\x00)\\x00\\x01\\x02\\x03\\x04\\x05\\x06\\x07\\x08\\t\\n\\x0b\\x0c\\r\\x0e\\x0f\\x10\\x11\\x12\\x13\\x14\\x15\\x16\\x17\\x18\\x19\\x1a\\x1b\\x1c\\x1d\\x1e\\x1f !"#$%&\\\'(\')'
2025-05-18 01:49:23,466 LT1-thread root DEBUG iutctl_common.py          167   send                      : sending frame '0e0300320000df281ce807c00029000102030405060708090a0b0c0d0e0f101112131415161718191a1b1c1d1e1f202122232425262728'
2025-05-18 01:49:23,466 LT1-thread root DEBUG bap.py                    83    bap_command_rsp_succ      : bap_command_rsp_succ
2025-05-18 01:49:23,466 LT1-thread root DEBUG iutctl_common.py          326   read                      : read
2025-05-18 01:49:23,482 BTPWorkerThread-21293 (_rx_task) root DEBUG iutctl_common.py          124   read                      : Read 5 bytes
2025-05-18 01:49:23,488 BTPWorkerThread-21293 (_rx_task) root DEBUG iutctl_common.py          132   read                      : Received: hdr: Header(svc_id=0x0e, op=0x03, ctrl_index=0x00, data_len=0x01) bytearray(b'\x0e\x03\x00\x01\x00')
2025-05-18 01:49:23,488 BTPWorkerThread-21293 (_rx_task) root DEBUG iutctl_common.py          140   read                      : Read 1 bytes data
2025-05-18 01:49:23,488 BTPWorkerThread-21293 (_rx_task) root DEBUG iutctl_common.py          155   read                      : Received data: {'29'}, bytearray(b')')
2025-05-18 01:49:23,489 LT1-thread root DEBUG bap.py                    88    bap_command_rsp_succ      : received Header(svc_id=14, op=3, ctrl_index=0, data_len=1) (b')',)
2025-05-18 01:49:23,489 LT1-thread root DEBUG bap.py                    116   bap_send                  : bap_send
2025-05-18 01:49:23,489 LT1-thread root DEBUG iutctl_common.py          162   send                      : send, 14 3 0 'bytearray(b\'\\x00\\xdf(\\x1c\\xe8\\x07\\xc0\\x00)\\x00\\x01\\x02\\x03\\x04\\x05\\x06\\x07\\x08\\t\\n\\x0b\\x0c\\r\\x0e\\x0f\\x10\\x11\\x12\\x13\\x14\\x15\\x16\\x17\\x18\\x19\\x1a\\x1b\\x1c\\x1d\\x1e\\x1f !"#$%&\\\'(\')'
2025-05-18 01:49:23,490 LT1-thread root DEBUG iutctl_common.py          167   send                      : sending frame '0e0300320000df281ce807c00029000102030405060708090a0b0c0d0e0f101112131415161718191a1b1c1d1e1f202122232425262728'
2025-05-18 01:49:23,490 LT1-thread root DEBUG bap.py                    83    bap_command_rsp_succ      : bap_command_rsp_succ
2025-05-18 01:49:23,490 LT1-thread root DEBUG iutctl_common.py          326   read                      : read
2025-05-18 01:49:23,501 BTPWorkerThread-21293 (_rx_task) root DEBUG iutctl_common.py          124   read                      : Read 5 bytes
2025-05-18 01:49:23,511 BTPWorkerThread-21293 (_rx_task) root DEBUG iutctl_common.py          132   read                      : Received: hdr: Header(svc_id=0x0e, op=0x03, ctrl_index=0x00, data_len=0x01) bytearray(b'\x0e\x03\x00\x01\x00')
2025-05-18 01:49:23,542 BTPWorkerThread-21293 (_rx_task) root DEBUG iutctl_common.py          140   read                      : Read 1 bytes data
2025-05-18 01:49:23,548 BTPWorkerThread-21293 (_rx_task) root DEBUG iutctl_common.py          155   read                      : Received data: {'29'}, bytearray(b')')
2025-05-18 01:49:23,569 LT1-thread root DEBUG bap.py                    88    bap_command_rsp_succ      : received Header(svc_id=14, op=3, ctrl_index=0, data_len=1) (b')',)
2025-05-18 01:49:23,569 LT1-thread root DEBUG bap.py                    116   bap_send                  : bap_send
2025-05-18 01:49:23,569 LT1-thread root DEBUG iutctl_common.py          162   send                      : send, 14 3 0 'bytearray(b\'\\x00\\xdf(\\x1c\\xe8\\x07\\xc0\\x00)\\x00\\x01\\x02\\x03\\x04\\x05\\x06\\x07\\x08\\t\\n\\x0b\\x0c\\r\\x0e\\x0f\\x10\\x11\\x12\\x13\\x14\\x15\\x16\\x17\\x18\\x19\\x1a\\x1b\\x1c\\x1d\\x1e\\x1f !"#$%&\\\'(\')'
2025-05-18 01:49:23,569 LT1-thread root DEBUG iutctl_common.py          167   send                      : sending frame '0e0300320000df281ce807c00029000102030405060708090a0b0c0d0e0f101112131415161718191a1b1c1d1e1f202122232425262728'
2025-05-18 01:49:23,569 LT1-thread root DEBUG bap.py                    83    bap_command_rsp_succ      : bap_command_rsp_succ
2025-05-18 01:49:23,569 LT1-thread root DEBUG iutctl_common.py          326   read                      : read
2025-05-18 01:49:23,595 BTPWorkerThread-21293 (_rx_task) root DEBUG iutctl_common.py          124   read                      : Read 5 bytes
2025-05-18 01:49:23,605 BTPWorkerThread-21293 (_rx_task) root DEBUG iutctl_common.py          132   read                      : Received: hdr: Header(svc_id=0x0e, op=0x03, ctrl_index=0x00, data_len=0x01) bytearray(b'\x0e\x03\x00\x01\x00')
2025-05-18 01:49:23,611 BTPWorkerThread-21293 (_rx_task) root DEBUG iutctl_common.py          140   read                      : Read 1 bytes data
2025-05-18 01:49:23,611 BTPWorkerThread-21293 (_rx_task) root DEBUG iutctl_common.py          155   read                      : Received data: {'29'}, bytearray(b')')
2025-05-18 01:49:23,616 LT1-thread root DEBUG bap.py                    88    bap_command_rsp_succ      : received Header(svc_id=14, op=3, ctrl_index=0, data_len=1) (b')',)
2025-05-18 01:49:23,617 LT1-thread root DEBUG bap.py                    116   bap_send                  : bap_send
2025-05-18 01:49:23,617 LT1-thread root DEBUG iutctl_common.py          162   send                      : send, 14 3 0 'bytearray(b\'\\x00\\xdf(\\x1c\\xe8\\x07\\xc0\\x00)\\x00\\x01\\x02\\x03\\x04\\x05\\x06\\x07\\x08\\t\\n\\x0b\\x0c\\r\\x0e\\x0f\\x10\\x11\\x12\\x13\\x14\\x15\\x16\\x17\\x18\\x19\\x1a\\x1b\\x1c\\x1d\\x1e\\x1f !"#$%&\\\'(\')'
2025-05-18 01:49:23,617 LT1-thread root DEBUG iutctl_common.py          167   send                      : sending frame '0e0300320000df281ce807c00029000102030405060708090a0b0c0d0e0f101112131415161718191a1b1c1d1e1f202122232425262728'
2025-05-18 01:49:23,617 LT1-thread root DEBUG bap.py                    83    bap_command_rsp_succ      : bap_command_rsp_succ
2025-05-18 01:49:23,617 LT1-thread root DEBUG iutctl_common.py          326   read                      : read
2025-05-18 01:49:23,633 BTPWorkerThread-21293 (_rx_task) root DEBUG iutctl_common.py          124   read                      : Read 5 bytes
2025-05-18 01:49:23,643 BTPWorkerThread-21293 (_rx_task) root DEBUG iutctl_common.py          132   read                      : Received: hdr: Header(svc_id=0x0e, op=0x03, ctrl_index=0x00, data_len=0x01) bytearray(b'\x0e\x03\x00\x01\x00')
2025-05-18 01:49:23,654 BTPWorkerThread-21293 (_rx_task) root DEBUG iutctl_common.py          140   read                      : Read 1 bytes data
2025-05-18 01:49:23,654 BTPWorkerThread-21293 (_rx_task) root DEBUG iutctl_common.py          155   read                      : Received data: {'29'}, bytearray(b')')
2025-05-18 01:49:23,654 LT1-thread root DEBUG bap.py                    88    bap_command_rsp_succ      : received Header(svc_id=14, op=3, ctrl_index=0, data_len=1) (b')',)
2025-05-18 01:49:23,654 LT1-thread root DEBUG bap.py                    116   bap_send                  : bap_send
2025-05-18 01:49:23,654 LT1-thread root DEBUG iutctl_common.py          162   send                      : send, 14 3 0 'bytearray(b\'\\x00\\xdf(\\x1c\\xe8\\x07\\xc0\\x00)\\x00\\x01\\x02\\x03\\x04\\x05\\x06\\x07\\x08\\t\\n\\x0b\\x0c\\r\\x0e\\x0f\\x10\\x11\\x12\\x13\\x14\\x15\\x16\\x17\\x18\\x19\\x1a\\x1b\\x1c\\x1d\\x1e\\x1f !"#$%&\\\'(\')'
2025-05-18 01:49:23,654 LT1-thread root DEBUG iutctl_common.py          167   send                      : sending frame '0e0300320000df281ce807c00029000102030405060708090a0b0c0d0e0f101112131415161718191a1b1c1d1e1f202122232425262728'
2025-05-18 01:49:23,655 LT1-thread root DEBUG bap.py                    83    bap_command_rsp_succ      : bap_command_rsp_succ
2025-05-18 01:49:23,655 LT1-thread root DEBUG iutctl_common.py          326   read                      : read
2025-05-18 01:49:23,665 BTPWorkerThread-21293 (_rx_task) root DEBUG iutctl_common.py          124   read                      : Read 5 bytes
2025-05-18 01:49:23,666 BTPWorkerThread-21293 (_rx_task) root DEBUG iutctl_common.py          132   read                      : Received: hdr: Header(svc_id=0x0e, op=0x03, ctrl_index=0x00, data_len=0x01) bytearray(b'\x0e\x03\x00\x01\x00')
2025-05-18 01:49:23,666 BTPWorkerThread-21293 (_rx_task) root DEBUG iutctl_common.py          140   read                      : Read 1 bytes data
2025-05-18 01:49:23,676 BTPWorkerThread-21293 (_rx_task) root DEBUG iutctl_common.py          155   read                      : Received data: {'29'}, bytearray(b')')
2025-05-18 01:49:23,681 LT1-thread root DEBUG bap.py                    88    bap_command_rsp_succ      : received Header(svc_id=14, op=3, ctrl_index=0, data_len=1) (b')',)
2025-05-18 01:49:23,681 LT1-thread root DEBUG bap.py                    116   bap_send                  : bap_send
2025-05-18 01:49:23,682 LT1-thread root DEBUG iutctl_common.py          162   send                      : send, 14 3 0 'bytearray(b\'\\x00\\xdf(\\x1c\\xe8\\x07\\xc0\\x00)\\x00\\x01\\x02\\x03\\x04\\x05\\x06\\x07\\x08\\t\\n\\x0b\\x0c\\r\\x0e\\x0f\\x10\\x11\\x12\\x13\\x14\\x15\\x16\\x17\\x18\\x19\\x1a\\x1b\\x1c\\x1d\\x1e\\x1f !"#$%&\\\'(\')'
2025-05-18 01:49:23,682 LT1-thread root DEBUG iutctl_common.py          167   send                      : sending frame '0e0300320000df281ce807c00029000102030405060708090a0b0c0d0e0f101112131415161718191a1b1c1d1e1f202122232425262728'
2025-05-18 01:49:23,682 LT1-thread root DEBUG bap.py                    83    bap_command_rsp_succ      : bap_command_rsp_succ
2025-05-18 01:49:23,682 LT1-thread root DEBUG iutctl_common.py          326   read                      : read
2025-05-18 01:49:23,723 BTPWorkerThread-21293 (_rx_task) root DEBUG iutctl_common.py          124   read                      : Read 5 bytes
2025-05-18 01:49:23,729 BTPWorkerThread-21293 (_rx_task) root DEBUG iutctl_common.py          132   read                      : Received: hdr: Header(svc_id=0x0e, op=0x03, ctrl_index=0x00, data_len=0x01) bytearray(b'\x0e\x03\x00\x01\x00')
2025-05-18 01:49:23,760 BTPWorkerThread-21293 (_rx_task) root DEBUG iutctl_common.py          140   read                      : Read 1 bytes data
2025-05-18 01:49:23,770 BTPWorkerThread-21293 (_rx_task) root DEBUG iutctl_common.py          155   read                      : Received data: {'29'}, bytearray(b')')
2025-05-18 01:49:23,771 LT1-thread root DEBUG bap.py                    88    bap_command_rsp_succ      : received Header(svc_id=14, op=3, ctrl_index=0, data_len=1) (b')',)
2025-05-18 01:49:23,771 LT1-thread root DEBUG bap.py                    116   bap_send                  : bap_send
2025-05-18 01:49:23,771 LT1-thread root DEBUG iutctl_common.py          162   send                      : send, 14 3 0 'bytearray(b\'\\x00\\xdf(\\x1c\\xe8\\x07\\xc0\\x00)\\x00\\x01\\x02\\x03\\x04\\x05\\x06\\x07\\x08\\t\\n\\x0b\\x0c\\r\\x0e\\x0f\\x10\\x11\\x12\\x13\\x14\\x15\\x16\\x17\\x18\\x19\\x1a\\x1b\\x1c\\x1d\\x1e\\x1f !"#$%&\\\'(\')'
2025-05-18 01:49:23,771 LT1-thread root DEBUG iutctl_common.py          167   send                      : sending frame '0e0300320000df281ce807c00029000102030405060708090a0b0c0d0e0f101112131415161718191a1b1c1d1e1f202122232425262728'
2025-05-18 01:49:23,771 LT1-thread root DEBUG bap.py                    83    bap_command_rsp_succ      : bap_command_rsp_succ
2025-05-18 01:49:23,771 LT1-thread root DEBUG iutctl_common.py          326   read                      : read
2025-05-18 01:49:23,792 BTPWorkerThread-21293 (_rx_task) root DEBUG iutctl_common.py          124   read                      : Read 5 bytes
2025-05-18 01:49:23,797 BTPWorkerThread-21293 (_rx_task) root DEBUG iutctl_common.py          132   read                      : Received: hdr: Header(svc_id=0x0e, op=0x03, ctrl_index=0x00, data_len=0x01) bytearray(b'\x0e\x03\x00\x01\x00')
2025-05-18 01:49:23,803 BTPWorkerThread-21293 (_rx_task) root DEBUG iutctl_common.py          140   read                      : Read 1 bytes data
2025-05-18 01:49:23,829 BTPWorkerThread-21293 (_rx_task) root DEBUG iutctl_common.py          155   read                      : Received data: {'29'}, bytearray(b')')
2025-05-18 01:49:23,880 LT1-thread root DEBUG bap.py                    88    bap_command_rsp_succ      : received Header(svc_id=14, op=3, ctrl_index=0, data_len=1) (b')',)
2025-05-18 01:49:23,880 LT1-thread root DEBUG bap.py                    116   bap_send                  : bap_send
2025-05-18 01:49:23,881 LT1-thread root DEBUG iutctl_common.py          162   send                      : send, 14 3 0 'bytearray(b\'\\x00\\xdf(\\x1c\\xe8\\x07\\xc0\\x00)\\x00\\x01\\x02\\x03\\x04\\x05\\x06\\x07\\x08\\t\\n\\x0b\\x0c\\r\\x0e\\x0f\\x10\\x11\\x12\\x13\\x14\\x15\\x16\\x17\\x18\\x19\\x1a\\x1b\\x1c\\x1d\\x1e\\x1f !"#$%&\\\'(\')'
2025-05-18 01:49:23,881 LT1-thread root DEBUG iutctl_common.py          167   send                      : sending frame '0e0300320000df281ce807c00029000102030405060708090a0b0c0d0e0f101112131415161718191a1b1c1d1e1f202122232425262728'
2025-05-18 01:49:23,881 LT1-thread root DEBUG bap.py                    83    bap_command_rsp_succ      : bap_command_rsp_succ
2025-05-18 01:49:23,881 LT1-thread root DEBUG iutctl_common.py          326   read                      : read
2025-05-18 01:49:23,902 BTPWorkerThread-21293 (_rx_task) root DEBUG iutctl_common.py          124   read                      : Read 5 bytes
2025-05-18 01:49:23,907 BTPWorkerThread-21293 (_rx_task) root DEBUG iutctl_common.py          132   read                      : Received: hdr: Header(svc_id=0x0e, op=0x03, ctrl_index=0x00, data_len=0x01) bytearray(b'\x0e\x03\x00\x01\x00')
2025-05-18 01:49:23,917 BTPWorkerThread-21293 (_rx_task) root DEBUG iutctl_common.py          140   read                      : Read 1 bytes data
2025-05-18 01:49:23,918 BTPWorkerThread-21293 (_rx_task) root DEBUG iutctl_common.py          155   read                      : Received data: {'29'}, bytearray(b')')
2025-05-18 01:49:23,918 LT1-thread root DEBUG bap.py                    88    bap_command_rsp_succ      : received Header(svc_id=14, op=3, ctrl_index=0, data_len=1) (b')',)
2025-05-18 01:49:23,918 LT1-thread root DEBUG bap.py                    116   bap_send                  : bap_send
2025-05-18 01:49:23,918 LT1-thread root DEBUG iutctl_common.py          162   send                      : send, 14 3 0 'bytearray(b\'\\x00\\xdf(\\x1c\\xe8\\x07\\xc0\\x00)\\x00\\x01\\x02\\x03\\x04\\x05\\x06\\x07\\x08\\t\\n\\x0b\\x0c\\r\\x0e\\x0f\\x10\\x11\\x12\\x13\\x14\\x15\\x16\\x17\\x18\\x19\\x1a\\x1b\\x1c\\x1d\\x1e\\x1f !"#$%&\\\'(\')'
2025-05-18 01:49:23,918 LT1-thread root DEBUG iutctl_common.py          167   send                      : sending frame '0e0300320000df281ce807c00029000102030405060708090a0b0c0d0e0f101112131415161718191a1b1c1d1e1f202122232425262728'
2025-05-18 01:49:23,919 LT1-thread root DEBUG bap.py                    83    bap_command_rsp_succ      : bap_command_rsp_succ
2025-05-18 01:49:23,919 LT1-thread root DEBUG iutctl_common.py          326   read                      : read
2025-05-18 01:49:23,934 BTPWorkerThread-21293 (_rx_task) root DEBUG iutctl_common.py          124   read                      : Read 5 bytes
2025-05-18 01:49:23,940 BTPWorkerThread-21293 (_rx_task) root DEBUG iutctl_common.py          132   read                      : Received: hdr: Header(svc_id=0x0e, op=0x03, ctrl_index=0x00, data_len=0x01) bytearray(b'\x0e\x03\x00\x01\x00')
2025-05-18 01:49:23,965 BTPWorkerThread-21293 (_rx_task) root DEBUG iutctl_common.py          140   read                      : Read 1 bytes data
2025-05-18 01:49:23,976 BTPWorkerThread-21293 (_rx_task) root DEBUG iutctl_common.py          155   read                      : Received data: {'29'}, bytearray(b')')
2025-05-18 01:49:23,986 LT1-thread root DEBUG bap.py                    88    bap_command_rsp_succ      : received Header(svc_id=14, op=3, ctrl_index=0, data_len=1) (b')',)
2025-05-18 01:49:23,986 LT1-thread root DEBUG bap.py                    116   bap_send                  : bap_send
2025-05-18 01:49:23,986 LT1-thread root DEBUG iutctl_common.py          162   send                      : send, 14 3 0 'bytearray(b\'\\x00\\xdf(\\x1c\\xe8\\x07\\xc0\\x00)\\x00\\x01\\x02\\x03\\x04\\x05\\x06\\x07\\x08\\t\\n\\x0b\\x0c\\r\\x0e\\x0f\\x10\\x11\\x12\\x13\\x14\\x15\\x16\\x17\\x18\\x19\\x1a\\x1b\\x1c\\x1d\\x1e\\x1f !"#$%&\\\'(\')'
2025-05-18 01:49:23,986 LT1-thread root DEBUG iutctl_common.py          167   send                      : sending frame '0e0300320000df281ce807c00029000102030405060708090a0b0c0d0e0f101112131415161718191a1b1c1d1e1f202122232425262728'
2025-05-18 01:49:23,987 LT1-thread root DEBUG bap.py                    83    bap_command_rsp_succ      : bap_command_rsp_succ
2025-05-18 01:49:23,987 LT1-thread root DEBUG iutctl_common.py          326   read                      : read
2025-05-18 01:49:24,003 BTPWorkerThread-21293 (_rx_task) root DEBUG iutctl_common.py          124   read                      : Read 5 bytes
2025-05-18 01:49:24,008 BTPWorkerThread-21293 (_rx_task) root DEBUG iutctl_common.py          132   read                      : Received: hdr: Header(svc_id=0x0e, op=0x03, ctrl_index=0x00, data_len=0x01) bytearray(b'\x0e\x03\x00\x01\x00')
2025-05-18 01:49:24,018 BTPWorkerThread-21293 (_rx_task) root DEBUG iutctl_common.py          140   read                      : Read 1 bytes data
2025-05-18 01:49:24,039 BTPWorkerThread-21293 (_rx_task) root DEBUG iutctl_common.py          155   read                      : Received data: {'29'}, bytearray(b')')
2025-05-18 01:49:24,075 LT1-thread root DEBUG bap.py                    88    bap_command_rsp_succ      : received Header(svc_id=14, op=3, ctrl_index=0, data_len=1) (b')',)
2025-05-18 01:49:24,075 LT1-thread root DEBUG bap.py                    116   bap_send                  : bap_send
2025-05-18 01:49:24,075 LT1-thread root DEBUG iutctl_common.py          162   send                      : send, 14 3 0 'bytearray(b\'\\x00\\xdf(\\x1c\\xe8\\x07\\xc0\\x00)\\x00\\x01\\x02\\x03\\x04\\x05\\x06\\x07\\x08\\t\\n\\x0b\\x0c\\r\\x0e\\x0f\\x10\\x11\\x12\\x13\\x14\\x15\\x16\\x17\\x18\\x19\\x1a\\x1b\\x1c\\x1d\\x1e\\x1f !"#$%&\\\'(\')'
2025-05-18 01:49:24,075 LT1-thread root DEBUG iutctl_common.py          167   send                      : sending frame '0e0300320000df281ce807c00029000102030405060708090a0b0c0d0e0f101112131415161718191a1b1c1d1e1f202122232425262728'
2025-05-18 01:49:24,076 LT1-thread root DEBUG bap.py                    83    bap_command_rsp_succ      : bap_command_rsp_succ
2025-05-18 01:49:24,076 LT1-thread root DEBUG iutctl_common.py          326   read                      : read
2025-05-18 01:49:24,091 BTPWorkerThread-21293 (_rx_task) root DEBUG iutctl_common.py          124   read                      : Read 5 bytes
2025-05-18 01:49:24,107 BTPWorkerThread-21293 (_rx_task) root DEBUG iutctl_common.py          132   read                      : Received: hdr: Header(svc_id=0x0e, op=0x03, ctrl_index=0x00, data_len=0x01) bytearray(b'\x0e\x03\x00\x01\x00')
2025-05-18 01:49:24,117 BTPWorkerThread-21293 (_rx_task) root DEBUG iutctl_common.py          140   read                      : Read 1 bytes data
2025-05-18 01:49:24,133 BTPWorkerThread-21293 (_rx_task) root DEBUG iutctl_common.py          155   read                      : Received data: {'29'}, bytearray(b')')
2025-05-18 01:49:24,133 LT1-thread root DEBUG bap.py                    88    bap_command_rsp_succ      : received Header(svc_id=14, op=3, ctrl_index=0, data_len=1) (b')',)
2025-05-18 01:49:24,133 LT1-thread root DEBUG bap.py                    116   bap_send                  : bap_send
2025-05-18 01:49:24,133 LT1-thread root DEBUG iutctl_common.py          162   send                      : send, 14 3 0 'bytearray(b\'\\x00\\xdf(\\x1c\\xe8\\x07\\xc0\\x00)\\x00\\x01\\x02\\x03\\x04\\x05\\x06\\x07\\x08\\t\\n\\x0b\\x0c\\r\\x0e\\x0f\\x10\\x11\\x12\\x13\\x14\\x15\\x16\\x17\\x18\\x19\\x1a\\x1b\\x1c\\x1d\\x1e\\x1f !"#$%&\\\'(\')'
2025-05-18 01:49:24,133 LT1-thread root DEBUG iutctl_common.py          167   send                      : sending frame '0e0300320000df281ce807c00029000102030405060708090a0b0c0d0e0f101112131415161718191a1b1c1d1e1f202122232425262728'
2025-05-18 01:49:24,134 LT1-thread root DEBUG bap.py                    83    bap_command_rsp_succ      : bap_command_rsp_succ
2025-05-18 01:49:24,134 LT1-thread root DEBUG iutctl_common.py          326   read                      : read
2025-05-18 01:49:24,155 BTPWorkerThread-21293 (_rx_task) root DEBUG iutctl_common.py          124   read                      : Read 5 bytes
2025-05-18 01:49:24,160 BTPWorkerThread-21293 (_rx_task) root DEBUG iutctl_common.py          132   read                      : Received: hdr: Header(svc_id=0x0e, op=0x03, ctrl_index=0x00, data_len=0x01) bytearray(b'\x0e\x03\x00\x01\x00')
2025-05-18 01:49:24,165 BTPWorkerThread-21293 (_rx_task) root DEBUG iutctl_common.py          140   read                      : Read 1 bytes data
2025-05-18 01:49:24,176 BTPWorkerThread-21293 (_rx_task) root DEBUG iutctl_common.py          155   read                      : Received data: {'29'}, bytearray(b')')
2025-05-18 01:49:24,186 LT1-thread root DEBUG bap.py                    88    bap_command_rsp_succ      : received Header(svc_id=14, op=3, ctrl_index=0, data_len=1) (b')',)
2025-05-18 01:49:24,186 LT1-thread root DEBUG bap.py                    116   bap_send                  : bap_send
2025-05-18 01:49:24,186 LT1-thread root DEBUG iutctl_common.py          162   send                      : send, 14 3 0 'bytearray(b\'\\x00\\xdf(\\x1c\\xe8\\x07\\xc0\\x00)\\x00\\x01\\x02\\x03\\x04\\x05\\x06\\x07\\x08\\t\\n\\x0b\\x0c\\r\\x0e\\x0f\\x10\\x11\\x12\\x13\\x14\\x15\\x16\\x17\\x18\\x19\\x1a\\x1b\\x1c\\x1d\\x1e\\x1f !"#$%&\\\'(\')'
2025-05-18 01:49:24,187 LT1-thread root DEBUG iutctl_common.py          167   send                      : sending frame '0e0300320000df281ce807c00029000102030405060708090a0b0c0d0e0f101112131415161718191a1b1c1d1e1f202122232425262728'
2025-05-18 01:49:24,187 LT1-thread root DEBUG bap.py                    83    bap_command_rsp_succ      : bap_command_rsp_succ
2025-05-18 01:49:24,187 LT1-thread root DEBUG iutctl_common.py          326   read                      : read
2025-05-18 01:49:24,218 BTPWorkerThread-21293 (_rx_task) root DEBUG iutctl_common.py          124   read                      : Read 5 bytes
2025-05-18 01:49:24,249 BTPWorkerThread-21293 (_rx_task) root DEBUG iutctl_common.py          132   read                      : Received: hdr: Header(svc_id=0x0e, op=0x03, ctrl_index=0x00, data_len=0x01) bytearray(b'\x0e\x03\x00\x01\x00')
2025-05-18 01:49:24,300 BTPWorkerThread-21293 (_rx_task) root DEBUG iutctl_common.py          140   read                      : Read 1 bytes data
2025-05-18 01:49:24,311 BTPWorkerThread-21293 (_rx_task) root DEBUG iutctl_common.py          155   read                      : Received data: {'29'}, bytearray(b')')
2025-05-18 01:49:24,321 LT1-thread root DEBUG bap.py                    88    bap_command_rsp_succ      : received Header(svc_id=14, op=3, ctrl_index=0, data_len=1) (b')',)
2025-05-18 01:49:24,321 LT1-thread root DEBUG bap.py                    116   bap_send                  : bap_send
2025-05-18 01:49:24,321 LT1-thread root DEBUG iutctl_common.py          162   send                      : send, 14 3 0 'bytearray(b\'\\x00\\xdf(\\x1c\\xe8\\x07\\xc0\\x00)\\x00\\x01\\x02\\x03\\x04\\x05\\x06\\x07\\x08\\t\\n\\x0b\\x0c\\r\\x0e\\x0f\\x10\\x11\\x12\\x13\\x14\\x15\\x16\\x17\\x18\\x19\\x1a\\x1b\\x1c\\x1d\\x1e\\x1f !"#$%&\\\'(\')'
2025-05-18 01:49:24,321 LT1-thread root DEBUG iutctl_common.py          167   send                      : sending frame '0e0300320000df281ce807c00029000102030405060708090a0b0c0d0e0f101112131415161718191a1b1c1d1e1f202122232425262728'
2025-05-18 01:49:24,322 LT1-thread root DEBUG bap.py                    83    bap_command_rsp_succ      : bap_command_rsp_succ
2025-05-18 01:49:24,322 LT1-thread root DEBUG iutctl_common.py          326   read                      : read
2025-05-18 01:49:24,328 BTPWorkerThread-21293 (_rx_task) root DEBUG iutctl_common.py          124   read                      : Read 1 bytes
2025-05-18 01:49:24,354 BTPWorkerThread-21293 (_rx_task) root DEBUG iutctl_common.py          124   read                      : Read 4 bytes
2025-05-18 01:49:24,354 BTPWorkerThread-21293 (_rx_task) root DEBUG iutctl_common.py          132   read                      : Received: hdr: Header(svc_id=0x0e, op=0x03, ctrl_index=0x00, data_len=0x01) bytearray(b'\x0e\x03\x00\x01\x00')
2025-05-18 01:49:24,354 BTPWorkerThread-21293 (_rx_task) root DEBUG iutctl_common.py          140   read                      : Read 1 bytes data
2025-05-18 01:49:24,354 BTPWorkerThread-21293 (_rx_task) root DEBUG iutctl_common.py          155   read                      : Received data: {'29'}, bytearray(b')')
2025-05-18 01:49:24,354 LT1-thread root DEBUG bap.py                    88    bap_command_rsp_succ      : received Header(svc_id=14, op=3, ctrl_index=0, data_len=1) (b')',)
2025-05-18 01:49:24,354 LT1-thread root DEBUG bap.py                    116   bap_send                  : bap_send
2025-05-18 01:49:24,354 LT1-thread root DEBUG iutctl_common.py          162   send                      : send, 14 3 0 'bytearray(b\'\\x00\\xdf(\\x1c\\xe8\\x07\\xc0\\x00)\\x00\\x01\\x02\\x03\\x04\\x05\\x06\\x07\\x08\\t\\n\\x0b\\x0c\\r\\x0e\\x0f\\x10\\x11\\x12\\x13\\x14\\x15\\x16\\x17\\x18\\x19\\x1a\\x1b\\x1c\\x1d\\x1e\\x1f !"#$%&\\\'(\')'
2025-05-18 01:49:24,354 LT1-thread root DEBUG iutctl_common.py          167   send                      : sending frame '0e0300320000df281ce807c00029000102030405060708090a0b0c0d0e0f101112131415161718191a1b1c1d1e1f202122232425262728'
2025-05-18 01:49:24,355 LT1-thread root DEBUG bap.py                    83    bap_command_rsp_succ      : bap_command_rsp_succ
2025-05-18 01:49:24,355 LT1-thread root DEBUG iutctl_common.py          326   read                      : read
2025-05-18 01:49:24,376 BTPWorkerThread-21293 (_rx_task) root DEBUG iutctl_common.py          124   read                      : Read 5 bytes
2025-05-18 01:49:24,381 BTPWorkerThread-21293 (_rx_task) root DEBUG iutctl_common.py          132   read                      : Received: hdr: Header(svc_id=0x0e, op=0x03, ctrl_index=0x00, data_len=0x01) bytearray(b'\x0e\x03\x00\x01\x00')
2025-05-18 01:49:24,391 BTPWorkerThread-21293 (_rx_task) root DEBUG iutctl_common.py          140   read                      : Read 1 bytes data
2025-05-18 01:49:24,392 BTPWorkerThread-21293 (_rx_task) root DEBUG iutctl_common.py          155   read                      : Received data: {'29'}, bytearray(b')')
2025-05-18 01:49:24,392 LT1-thread root DEBUG bap.py                    88    bap_command_rsp_succ      : received Header(svc_id=14, op=3, ctrl_index=0, data_len=1) (b')',)
2025-05-18 01:49:24,392 LT1-thread root DEBUG bap.py                    116   bap_send                  : bap_send
2025-05-18 01:49:24,392 LT1-thread root DEBUG iutctl_common.py          162   send                      : send, 14 3 0 'bytearray(b\'\\x00\\xdf(\\x1c\\xe8\\x07\\xc0\\x00)\\x00\\x01\\x02\\x03\\x04\\x05\\x06\\x07\\x08\\t\\n\\x0b\\x0c\\r\\x0e\\x0f\\x10\\x11\\x12\\x13\\x14\\x15\\x16\\x17\\x18\\x19\\x1a\\x1b\\x1c\\x1d\\x1e\\x1f !"#$%&\\\'(\')'
2025-05-18 01:49:24,392 LT1-thread root DEBUG iutctl_common.py          167   send                      : sending frame '0e0300320000df281ce807c00029000102030405060708090a0b0c0d0e0f101112131415161718191a1b1c1d1e1f202122232425262728'
2025-05-18 01:49:24,392 LT1-thread root DEBUG bap.py                    83    bap_command_rsp_succ      : bap_command_rsp_succ
2025-05-18 01:49:24,393 LT1-thread root DEBUG iutctl_common.py          326   read                      : read
2025-05-18 01:49:24,407 BTPWorkerThread-21293 (_rx_task) root DEBUG iutctl_common.py          124   read                      : Read 5 bytes
2025-05-18 01:49:24,408 BTPWorkerThread-21293 (_rx_task) root DEBUG iutctl_common.py          132   read                      : Received: hdr: Header(svc_id=0x0e, op=0x03, ctrl_index=0x00, data_len=0x01) bytearray(b'\x0e\x03\x00\x01\x00')
2025-05-18 01:49:24,408 BTPWorkerThread-21293 (_rx_task) root DEBUG iutctl_common.py          140   read                      : Read 1 bytes data
2025-05-18 01:49:24,408 BTPWorkerThread-21293 (_rx_task) root DEBUG iutctl_common.py          155   read                      : Received data: {'29'}, bytearray(b')')
2025-05-18 01:49:24,408 LT1-thread root DEBUG bap.py                    88    bap_command_rsp_succ      : received Header(svc_id=14, op=3, ctrl_index=0, data_len=1) (b')',)
2025-05-18 01:49:24,408 LT1-thread root DEBUG bap.py                    116   bap_send                  : bap_send
2025-05-18 01:49:24,408 LT1-thread root DEBUG iutctl_common.py          162   send                      : send, 14 3 0 'bytearray(b\'\\x00\\xdf(\\x1c\\xe8\\x07\\xc0\\x00)\\x00\\x01\\x02\\x03\\x04\\x05\\x06\\x07\\x08\\t\\n\\x0b\\x0c\\r\\x0e\\x0f\\x10\\x11\\x12\\x13\\x14\\x15\\x16\\x17\\x18\\x19\\x1a\\x1b\\x1c\\x1d\\x1e\\x1f !"#$%&\\\'(\')'
2025-05-18 01:49:24,408 LT1-thread root DEBUG iutctl_common.py          167   send                      : sending frame '0e0300320000df281ce807c00029000102030405060708090a0b0c0d0e0f101112131415161718191a1b1c1d1e1f202122232425262728'
2025-05-18 01:49:24,409 LT1-thread root DEBUG bap.py                    83    bap_command_rsp_succ      : bap_command_rsp_succ
2025-05-18 01:49:24,409 LT1-thread root DEBUG iutctl_common.py          326   read                      : read
2025-05-18 01:49:24,425 BTPWorkerThread-21293 (_rx_task) root DEBUG iutctl_common.py          124   read                      : Read 5 bytes
2025-05-18 01:49:24,430 BTPWorkerThread-21293 (_rx_task) root DEBUG iutctl_common.py          132   read                      : Received: hdr: Header(svc_id=0x0e, op=0x03, ctrl_index=0x00, data_len=0x01) bytearray(b'\x0e\x03\x00\x01\x00')
2025-05-18 01:49:24,436 BTPWorkerThread-21293 (_rx_task) root DEBUG iutctl_common.py          140   read                      : Read 1 bytes data
2025-05-18 01:49:24,451 BTPWorkerThread-21293 (_rx_task) root DEBUG iutctl_common.py          155   read                      : Received data: {'29'}, bytearray(b')')
2025-05-18 01:49:24,457 LT1-thread root DEBUG bap.py                    88    bap_command_rsp_succ      : received Header(svc_id=14, op=3, ctrl_index=0, data_len=1) (b')',)
2025-05-18 01:49:24,457 LT1-thread root DEBUG bap.py                    116   bap_send                  : bap_send
2025-05-18 01:49:24,457 LT1-thread root DEBUG iutctl_common.py          162   send                      : send, 14 3 0 'bytearray(b\'\\x00\\xdf(\\x1c\\xe8\\x07\\xc0\\x00)\\x00\\x01\\x02\\x03\\x04\\x05\\x06\\x07\\x08\\t\\n\\x0b\\x0c\\r\\x0e\\x0f\\x10\\x11\\x12\\x13\\x14\\x15\\x16\\x17\\x18\\x19\\x1a\\x1b\\x1c\\x1d\\x1e\\x1f !"#$%&\\\'(\')'
2025-05-18 01:49:24,457 LT1-thread root DEBUG iutctl_common.py          167   send                      : sending frame '0e0300320000df281ce807c00029000102030405060708090a0b0c0d0e0f101112131415161718191a1b1c1d1e1f202122232425262728'
2025-05-18 01:49:24,457 LT1-thread root DEBUG bap.py                    83    bap_command_rsp_succ      : bap_command_rsp_succ
2025-05-18 01:49:24,457 LT1-thread root DEBUG iutctl_common.py          326   read                      : read
2025-05-18 01:49:24,478 BTPWorkerThread-21293 (_rx_task) root DEBUG iutctl_common.py          124   read                      : Read 5 bytes
2025-05-18 01:49:24,478 BTPWorkerThread-21293 (_rx_task) root DEBUG iutctl_common.py          132   read                      : Received: hdr: Header(svc_id=0x0e, op=0x03, ctrl_index=0x00, data_len=0x01) bytearray(b'\x0e\x03\x00\x01\x00')
2025-05-18 01:49:24,478 BTPWorkerThread-21293 (_rx_task) root DEBUG iutctl_common.py          140   read                      : Read 1 bytes data
2025-05-18 01:49:24,479 BTPWorkerThread-21293 (_rx_task) root DEBUG iutctl_common.py          155   read                      : Received data: {'29'}, bytearray(b')')
2025-05-18 01:49:24,479 LT1-thread root DEBUG bap.py                    88    bap_command_rsp_succ      : received Header(svc_id=14, op=3, ctrl_index=0, data_len=1) (b')',)
2025-05-18 01:49:24,479 LT1-thread root DEBUG bap.py                    116   bap_send                  : bap_send
2025-05-18 01:49:24,479 LT1-thread root DEBUG iutctl_common.py          162   send                      : send, 14 3 0 'bytearray(b\'\\x00\\xdf(\\x1c\\xe8\\x07\\xc0\\x00)\\x00\\x01\\x02\\x03\\x04\\x05\\x06\\x07\\x08\\t\\n\\x0b\\x0c\\r\\x0e\\x0f\\x10\\x11\\x12\\x13\\x14\\x15\\x16\\x17\\x18\\x19\\x1a\\x1b\\x1c\\x1d\\x1e\\x1f !"#$%&\\\'(\')'
2025-05-18 01:49:24,479 LT1-thread root DEBUG iutctl_common.py          167   send                      : sending frame '0e0300320000df281ce807c00029000102030405060708090a0b0c0d0e0f101112131415161718191a1b1c1d1e1f202122232425262728'
2025-05-18 01:49:24,480 LT1-thread root DEBUG bap.py                    83    bap_command_rsp_succ      : bap_command_rsp_succ
2025-05-18 01:49:24,480 LT1-thread root DEBUG iutctl_common.py          326   read                      : read
2025-05-18 01:49:24,531 BTPWorkerThread-21293 (_rx_task) root DEBUG iutctl_common.py          124   read                      : Read 5 bytes
2025-05-18 01:49:24,531 BTPWorkerThread-21293 (_rx_task) root DEBUG iutctl_common.py          132   read                      : Received: hdr: Header(svc_id=0x0e, op=0x03, ctrl_index=0x00, data_len=0x01) bytearray(b'\x0e\x03\x00\x01\x00')
2025-05-18 01:49:24,532 BTPWorkerThread-21293 (_rx_task) root DEBUG iutctl_common.py          140   read                      : Read 1 bytes data
2025-05-18 01:49:24,532 BTPWorkerThread-21293 (_rx_task) root DEBUG iutctl_common.py          155   read                      : Received data: {'29'}, bytearray(b')')
2025-05-18 01:49:24,532 LT1-thread root DEBUG bap.py                    88    bap_command_rsp_succ      : received Header(svc_id=14, op=3, ctrl_index=0, data_len=1) (b')',)
2025-05-18 01:49:24,532 LT1-thread root DEBUG bap.py                    116   bap_send                  : bap_send
2025-05-18 01:49:24,532 LT1-thread root DEBUG iutctl_common.py          162   send                      : send, 14 3 0 'bytearray(b\'\\x00\\xdf(\\x1c\\xe8\\x07\\xc0\\x00)\\x00\\x01\\x02\\x03\\x04\\x05\\x06\\x07\\x08\\t\\n\\x0b\\x0c\\r\\x0e\\x0f\\x10\\x11\\x12\\x13\\x14\\x15\\x16\\x17\\x18\\x19\\x1a\\x1b\\x1c\\x1d\\x1e\\x1f !"#$%&\\\'(\')'
2025-05-18 01:49:24,532 LT1-thread root DEBUG iutctl_common.py          167   send                      : sending frame '0e0300320000df281ce807c00029000102030405060708090a0b0c0d0e0f101112131415161718191a1b1c1d1e1f202122232425262728'
2025-05-18 01:49:24,533 LT1-thread root DEBUG bap.py                    83    bap_command_rsp_succ      : bap_command_rsp_succ
2025-05-18 01:49:24,533 LT1-thread root DEBUG iutctl_common.py          326   read                      : read
2025-05-18 01:49:24,543 BTPWorkerThread-21293 (_rx_task) root DEBUG iutctl_common.py          124   read                      : Read 5 bytes
2025-05-18 01:49:24,543 BTPWorkerThread-21293 (_rx_task) root DEBUG iutctl_common.py          132   read                      : Received: hdr: Header(svc_id=0x0e, op=0x03, ctrl_index=0x00, data_len=0x01) bytearray(b'\x0e\x03\x00\x01\x00')
2025-05-18 01:49:24,544 BTPWorkerThread-21293 (_rx_task) root DEBUG iutctl_common.py          140   read                      : Read 1 bytes data
2025-05-18 01:49:24,544 BTPWorkerThread-21293 (_rx_task) root DEBUG iutctl_common.py          155   read                      : Received data: {'29'}, bytearray(b')')
2025-05-18 01:49:24,545 LT1-thread root DEBUG bap.py                    88    bap_command_rsp_succ      : received Header(svc_id=14, op=3, ctrl_index=0, data_len=1) (b')',)
2025-05-18 01:49:24,545 LT1-thread root DEBUG bap.py                    116   bap_send                  : bap_send
2025-05-18 01:49:24,545 LT1-thread root DEBUG iutctl_common.py          162   send                      : send, 14 3 0 'bytearray(b\'\\x00\\xdf(\\x1c\\xe8\\x07\\xc0\\x00)\\x00\\x01\\x02\\x03\\x04\\x05\\x06\\x07\\x08\\t\\n\\x0b\\x0c\\r\\x0e\\x0f\\x10\\x11\\x12\\x13\\x14\\x15\\x16\\x17\\x18\\x19\\x1a\\x1b\\x1c\\x1d\\x1e\\x1f !"#$%&\\\'(\')'
2025-05-18 01:49:24,545 LT1-thread root DEBUG iutctl_common.py          167   send                      : sending frame '0e0300320000df281ce807c00029000102030405060708090a0b0c0d0e0f101112131415161718191a1b1c1d1e1f202122232425262728'
2025-05-18 01:49:24,546 LT1-thread root DEBUG bap.py                    83    bap_command_rsp_succ      : bap_command_rsp_succ
2025-05-18 01:49:24,546 LT1-thread root DEBUG iutctl_common.py          326   read                      : read
2025-05-18 01:49:24,572 BTPWorkerThread-21293 (_rx_task) root DEBUG iutctl_common.py          124   read                      : Read 5 bytes
2025-05-18 01:49:24,577 BTPWorkerThread-21293 (_rx_task) root DEBUG iutctl_common.py          132   read                      : Received: hdr: Header(svc_id=0x0e, op=0x03, ctrl_index=0x00, data_len=0x01) bytearray(b'\x0e\x03\x00\x01\x00')
2025-05-18 01:49:24,577 BTPWorkerThread-21293 (_rx_task) root DEBUG iutctl_common.py          140   read                      : Read 1 bytes data
2025-05-18 01:49:24,603 BTPWorkerThread-21293 (_rx_task) root DEBUG iutctl_common.py          155   read                      : Received data: {'29'}, bytearray(b')')
2025-05-18 01:49:24,609 LT1-thread root DEBUG bap.py                    88    bap_command_rsp_succ      : received Header(svc_id=14, op=3, ctrl_index=0, data_len=1) (b')',)
2025-05-18 01:49:24,609 LT1-thread root DEBUG bap.py                    116   bap_send                  : bap_send
2025-05-18 01:49:24,609 LT1-thread root DEBUG iutctl_common.py          162   send                      : send, 14 3 0 'bytearray(b\'\\x00\\xdf(\\x1c\\xe8\\x07\\xc0\\x00)\\x00\\x01\\x02\\x03\\x04\\x05\\x06\\x07\\x08\\t\\n\\x0b\\x0c\\r\\x0e\\x0f\\x10\\x11\\x12\\x13\\x14\\x15\\x16\\x17\\x18\\x19\\x1a\\x1b\\x1c\\x1d\\x1e\\x1f !"#$%&\\\'(\')'
2025-05-18 01:49:24,609 LT1-thread root DEBUG iutctl_common.py          167   send                      : sending frame '0e0300320000df281ce807c00029000102030405060708090a0b0c0d0e0f101112131415161718191a1b1c1d1e1f202122232425262728'
2025-05-18 01:49:24,610 LT1-thread root DEBUG bap.py                    83    bap_command_rsp_succ      : bap_command_rsp_succ
2025-05-18 01:49:24,610 LT1-thread root DEBUG iutctl_common.py          326   read                      : read
2025-05-18 01:49:24,620 BTPWorkerThread-21293 (_rx_task) root DEBUG iutctl_common.py          124   read                      : Read 5 bytes
2025-05-18 01:49:24,620 BTPWorkerThread-21293 (_rx_task) root DEBUG iutctl_common.py          132   read                      : Received: hdr: Header(svc_id=0x0e, op=0x03, ctrl_index=0x00, data_len=0x01) bytearray(b'\x0e\x03\x00\x01\x00')
2025-05-18 01:49:24,621 BTPWorkerThread-21293 (_rx_task) root DEBUG iutctl_common.py          140   read                      : Read 1 bytes data
2025-05-18 01:49:24,626 BTPWorkerThread-21293 (_rx_task) root DEBUG iutctl_common.py          155   read                      : Received data: {'29'}, bytearray(b')')
2025-05-18 01:49:24,642 LT1-thread root DEBUG bap.py                    88    bap_command_rsp_succ      : received Header(svc_id=14, op=3, ctrl_index=0, data_len=1) (b')',)
2025-05-18 01:49:24,642 LT1-thread root DEBUG bap.py                    116   bap_send                  : bap_send
2025-05-18 01:49:24,642 LT1-thread root DEBUG iutctl_common.py          162   send                      : send, 14 3 0 'bytearray(b\'\\x00\\xdf(\\x1c\\xe8\\x07\\xc0\\x00)\\x00\\x01\\x02\\x03\\x04\\x05\\x06\\x07\\x08\\t\\n\\x0b\\x0c\\r\\x0e\\x0f\\x10\\x11\\x12\\x13\\x14\\x15\\x16\\x17\\x18\\x19\\x1a\\x1b\\x1c\\x1d\\x1e\\x1f !"#$%&\\\'(\')'
2025-05-18 01:49:24,642 LT1-thread root DEBUG iutctl_common.py          167   send                      : sending frame '0e0300320000df281ce807c00029000102030405060708090a0b0c0d0e0f101112131415161718191a1b1c1d1e1f202122232425262728'
2025-05-18 01:49:24,642 LT1-thread root DEBUG bap.py                    83    bap_command_rsp_succ      : bap_command_rsp_succ
2025-05-18 01:49:24,642 LT1-thread root DEBUG iutctl_common.py          326   read                      : read
2025-05-18 01:49:24,658 BTPWorkerThread-21293 (_rx_task) root DEBUG iutctl_common.py          124   read                      : Read 5 bytes
2025-05-18 01:49:24,668 BTPWorkerThread-21293 (_rx_task) root DEBUG iutctl_common.py          132   read                      : Received: hdr: Header(svc_id=0x0e, op=0x03, ctrl_index=0x00, data_len=0x01) bytearray(b'\x0e\x03\x00\x01\x00')
2025-05-18 01:49:24,684 BTPWorkerThread-21293 (_rx_task) root DEBUG iutctl_common.py          140   read                      : Read 1 bytes data
2025-05-18 01:49:24,689 BTPWorkerThread-21293 (_rx_task) root DEBUG iutctl_common.py          155   read                      : Received data: {'29'}, bytearray(b')')
2025-05-18 01:49:24,690 LT1-thread root DEBUG bap.py                    88    bap_command_rsp_succ      : received Header(svc_id=14, op=3, ctrl_index=0, data_len=1) (b')',)
2025-05-18 01:49:24,690 LT1-thread root DEBUG bap.py                    116   bap_send                  : bap_send
2025-05-18 01:49:24,690 LT1-thread root DEBUG iutctl_common.py          162   send                      : send, 14 3 0 'bytearray(b\'\\x00\\xdf(\\x1c\\xe8\\x07\\xc0\\x00)\\x00\\x01\\x02\\x03\\x04\\x05\\x06\\x07\\x08\\t\\n\\x0b\\x0c\\r\\x0e\\x0f\\x10\\x11\\x12\\x13\\x14\\x15\\x16\\x17\\x18\\x19\\x1a\\x1b\\x1c\\x1d\\x1e\\x1f !"#$%&\\\'(\')'
2025-05-18 01:49:24,690 LT1-thread root DEBUG iutctl_common.py          167   send                      : sending frame '0e0300320000df281ce807c00029000102030405060708090a0b0c0d0e0f101112131415161718191a1b1c1d1e1f202122232425262728'
2025-05-18 01:49:24,690 LT1-thread root DEBUG bap.py                    83    bap_command_rsp_succ      : bap_command_rsp_succ
2025-05-18 01:49:24,690 LT1-thread root DEBUG iutctl_common.py          326   read                      : read
2025-05-18 01:49:24,711 BTPWorkerThread-21293 (_rx_task) root DEBUG iutctl_common.py          124   read                      : Read 5 bytes
2025-05-18 01:49:24,716 BTPWorkerThread-21293 (_rx_task) root DEBUG iutctl_common.py          132   read                      : Received: hdr: Header(svc_id=0x0e, op=0x03, ctrl_index=0x00, data_len=0x01) bytearray(b'\x0e\x03\x00\x01\x00')
2025-05-18 01:49:24,753 BTPWorkerThread-21293 (_rx_task) root DEBUG iutctl_common.py          140   read                      : Read 1 bytes data
2025-05-18 01:49:24,753 BTPWorkerThread-21293 (_rx_task) root DEBUG iutctl_common.py          155   read                      : Received data: {'29'}, bytearray(b')')
2025-05-18 01:49:24,753 LT1-thread root DEBUG bap.py                    88    bap_command_rsp_succ      : received Header(svc_id=14, op=3, ctrl_index=0, data_len=1) (b')',)
2025-05-18 01:49:24,754 LT1-thread root DEBUG bap.py                    116   bap_send                  : bap_send
2025-05-18 01:49:24,754 LT1-thread root DEBUG iutctl_common.py          162   send                      : send, 14 3 0 'bytearray(b\'\\x00\\xdf(\\x1c\\xe8\\x07\\xc0\\x00)\\x00\\x01\\x02\\x03\\x04\\x05\\x06\\x07\\x08\\t\\n\\x0b\\x0c\\r\\x0e\\x0f\\x10\\x11\\x12\\x13\\x14\\x15\\x16\\x17\\x18\\x19\\x1a\\x1b\\x1c\\x1d\\x1e\\x1f !"#$%&\\\'(\')'
2025-05-18 01:49:24,754 LT1-thread root DEBUG iutctl_common.py          167   send                      : sending frame '0e0300320000df281ce807c00029000102030405060708090a0b0c0d0e0f101112131415161718191a1b1c1d1e1f202122232425262728'
2025-05-18 01:49:24,754 LT1-thread root DEBUG bap.py                    83    bap_command_rsp_succ      : bap_command_rsp_succ
2025-05-18 01:49:24,754 LT1-thread root DEBUG iutctl_common.py          326   read                      : read
2025-05-18 01:49:24,770 BTPWorkerThread-21293 (_rx_task) root DEBUG iutctl_common.py          124   read                      : Read 5 bytes
2025-05-18 01:49:24,775 BTPWorkerThread-21293 (_rx_task) root DEBUG iutctl_common.py          132   read                      : Received: hdr: Header(svc_id=0x0e, op=0x03, ctrl_index=0x00, data_len=0x01) bytearray(b'\x0e\x03\x00\x01\x00')
2025-05-18 01:49:24,780 BTPWorkerThread-21293 (_rx_task) root DEBUG iutctl_common.py          140   read                      : Read 1 bytes data
2025-05-18 01:49:24,791 BTPWorkerThread-21293 (_rx_task) root DEBUG iutctl_common.py          155   read                      : Received data: {'29'}, bytearray(b')')
2025-05-18 01:49:24,817 LT1-thread root DEBUG bap.py                    88    bap_command_rsp_succ      : received Header(svc_id=14, op=3, ctrl_index=0, data_len=1) (b')',)
2025-05-18 01:49:24,817 LT1-thread root DEBUG bap.py                    116   bap_send                  : bap_send
2025-05-18 01:49:24,817 LT1-thread root DEBUG iutctl_common.py          162   send                      : send, 14 3 0 'bytearray(b\'\\x00\\xdf(\\x1c\\xe8\\x07\\xc0\\x00)\\x00\\x01\\x02\\x03\\x04\\x05\\x06\\x07\\x08\\t\\n\\x0b\\x0c\\r\\x0e\\x0f\\x10\\x11\\x12\\x13\\x14\\x15\\x16\\x17\\x18\\x19\\x1a\\x1b\\x1c\\x1d\\x1e\\x1f !"#$%&\\\'(\')'
2025-05-18 01:49:24,817 LT1-thread root DEBUG iutctl_common.py          167   send                      : sending frame '0e0300320000df281ce807c00029000102030405060708090a0b0c0d0e0f101112131415161718191a1b1c1d1e1f202122232425262728'
2025-05-18 01:49:24,818 LT1-thread root DEBUG bap.py                    83    bap_command_rsp_succ      : bap_command_rsp_succ
2025-05-18 01:49:24,818 LT1-thread root DEBUG iutctl_common.py          326   read                      : read
2025-05-18 01:49:24,834 BTPWorkerThread-21293 (_rx_task) root DEBUG iutctl_common.py          124   read                      : Read 5 bytes
2025-05-18 01:49:24,834 BTPWorkerThread-21293 (_rx_task) root DEBUG iutctl_common.py          132   read                      : Received: hdr: Header(svc_id=0x0e, op=0x03, ctrl_index=0x00, data_len=0x01) bytearray(b'\x0e\x03\x00\x01\x00')
2025-05-18 01:49:24,834 BTPWorkerThread-21293 (_rx_task) root DEBUG iutctl_common.py          140   read                      : Read 1 bytes data
2025-05-18 01:49:24,834 BTPWorkerThread-21293 (_rx_task) root DEBUG iutctl_common.py          155   read                      : Received data: {'29'}, bytearray(b')')
2025-05-18 01:49:24,834 LT1-thread root DEBUG bap.py                    88    bap_command_rsp_succ      : received Header(svc_id=14, op=3, ctrl_index=0, data_len=1) (b')',)
2025-05-18 01:49:24,834 LT1-thread root DEBUG bap.py                    116   bap_send                  : bap_send
2025-05-18 01:49:24,834 LT1-thread root DEBUG iutctl_common.py          162   send                      : send, 14 3 0 'bytearray(b\'\\x00\\xdf(\\x1c\\xe8\\x07\\xc0\\x00)\\x00\\x01\\x02\\x03\\x04\\x05\\x06\\x07\\x08\\t\\n\\x0b\\x0c\\r\\x0e\\x0f\\x10\\x11\\x12\\x13\\x14\\x15\\x16\\x17\\x18\\x19\\x1a\\x1b\\x1c\\x1d\\x1e\\x1f !"#$%&\\\'(\')'
2025-05-18 01:49:24,835 LT1-thread root DEBUG iutctl_common.py          167   send                      : sending frame '0e0300320000df281ce807c00029000102030405060708090a0b0c0d0e0f101112131415161718191a1b1c1d1e1f202122232425262728'
2025-05-18 01:49:24,835 LT1-thread root DEBUG bap.py                    83    bap_command_rsp_succ      : bap_command_rsp_succ
2025-05-18 01:49:24,835 LT1-thread root DEBUG iutctl_common.py          326   read                      : read
2025-05-18 01:49:24,856 BTPWorkerThread-21293 (_rx_task) root DEBUG iutctl_common.py          124   read                      : Read 5 bytes
2025-05-18 01:49:24,861 BTPWorkerThread-21293 (_rx_task) root DEBUG iutctl_common.py          132   read                      : Received: hdr: Header(svc_id=0x0e, op=0x03, ctrl_index=0x00, data_len=0x01) bytearray(b'\x0e\x03\x00\x01\x00')
2025-05-18 01:49:24,871 BTPWorkerThread-21293 (_rx_task) root DEBUG iutctl_common.py          140   read                      : Read 1 bytes data
2025-05-18 01:49:24,877 BTPWorkerThread-21293 (_rx_task) root DEBUG iutctl_common.py          155   read                      : Received data: {'29'}, bytearray(b')')
2025-05-18 01:49:24,893 LT1-thread root DEBUG bap.py                    88    bap_command_rsp_succ      : received Header(svc_id=14, op=3, ctrl_index=0, data_len=1) (b')',)
2025-05-18 01:49:24,893 LT1-thread root DEBUG bap.py                    116   bap_send                  : bap_send
2025-05-18 01:49:24,893 LT1-thread root DEBUG iutctl_common.py          162   send                      : send, 14 3 0 'bytearray(b\'\\x00\\xdf(\\x1c\\xe8\\x07\\xc0\\x00)\\x00\\x01\\x02\\x03\\x04\\x05\\x06\\x07\\x08\\t\\n\\x0b\\x0c\\r\\x0e\\x0f\\x10\\x11\\x12\\x13\\x14\\x15\\x16\\x17\\x18\\x19\\x1a\\x1b\\x1c\\x1d\\x1e\\x1f !"#$%&\\\'(\')'
2025-05-18 01:49:24,893 LT1-thread root DEBUG iutctl_common.py          167   send                      : sending frame '0e0300320000df281ce807c00029000102030405060708090a0b0c0d0e0f101112131415161718191a1b1c1d1e1f202122232425262728'
2025-05-18 01:49:24,893 LT1-thread root DEBUG bap.py                    83    bap_command_rsp_succ      : bap_command_rsp_succ
2025-05-18 01:49:24,893 LT1-thread root DEBUG iutctl_common.py          326   read                      : read
2025-05-18 01:49:24,919 BTPWorkerThread-21293 (_rx_task) root DEBUG iutctl_common.py          124   read                      : Read 5 bytes
2025-05-18 01:49:24,920 BTPWorkerThread-21293 (_rx_task) root DEBUG iutctl_common.py          132   read                      : Received: hdr: Header(svc_id=0x0e, op=0x03, ctrl_index=0x00, data_len=0x01) bytearray(b'\x0e\x03\x00\x01\x00')
2025-05-18 01:49:24,940 BTPWorkerThread-21293 (_rx_task) root DEBUG iutctl_common.py          140   read                      : Read 1 bytes data
2025-05-18 01:49:24,946 BTPWorkerThread-21293 (_rx_task) root DEBUG iutctl_common.py          155   read                      : Received data: {'29'}, bytearray(b')')
2025-05-18 01:49:24,951 LT1-thread root DEBUG bap.py                    88    bap_command_rsp_succ      : received Header(svc_id=14, op=3, ctrl_index=0, data_len=1) (b')',)
2025-05-18 01:49:24,951 LT1-thread root DEBUG bap.py                    116   bap_send                  : bap_send
2025-05-18 01:49:24,951 LT1-thread root DEBUG iutctl_common.py          162   send                      : send, 14 3 0 'bytearray(b\'\\x00\\xdf(\\x1c\\xe8\\x07\\xc0\\x00)\\x00\\x01\\x02\\x03\\x04\\x05\\x06\\x07\\x08\\t\\n\\x0b\\x0c\\r\\x0e\\x0f\\x10\\x11\\x12\\x13\\x14\\x15\\x16\\x17\\x18\\x19\\x1a\\x1b\\x1c\\x1d\\x1e\\x1f !"#$%&\\\'(\')'
2025-05-18 01:49:24,951 LT1-thread root DEBUG iutctl_common.py          167   send                      : sending frame '0e0300320000df281ce807c00029000102030405060708090a0b0c0d0e0f101112131415161718191a1b1c1d1e1f202122232425262728'
2025-05-18 01:49:24,952 LT1-thread root DEBUG bap.py                    83    bap_command_rsp_succ      : bap_command_rsp_succ
2025-05-18 01:49:24,952 LT1-thread root DEBUG iutctl_common.py          326   read                      : read
2025-05-18 01:49:24,967 BTPWorkerThread-21293 (_rx_task) root DEBUG iutctl_common.py          124   read                      : Read 5 bytes
2025-05-18 01:49:24,983 BTPWorkerThread-21293 (_rx_task) root DEBUG iutctl_common.py          132   read                      : Received: hdr: Header(svc_id=0x0e, op=0x03, ctrl_index=0x00, data_len=0x01) bytearray(b'\x0e\x03\x00\x01\x00')
2025-05-18 01:49:24,988 BTPWorkerThread-21293 (_rx_task) root DEBUG iutctl_common.py          140   read                      : Read 1 bytes data
2025-05-18 01:49:25,009 BTPWorkerThread-21293 (_rx_task) root DEBUG iutctl_common.py          155   read                      : Received data: {'29'}, bytearray(b')')
2025-05-18 01:49:25,009 LT1-thread root DEBUG bap.py                    88    bap_command_rsp_succ      : received Header(svc_id=14, op=3, ctrl_index=0, data_len=1) (b')',)
2025-05-18 01:49:25,009 LT1-thread root DEBUG bap.py                    116   bap_send                  : bap_send
2025-05-18 01:49:25,010 LT1-thread root DEBUG iutctl_common.py          162   send                      : send, 14 3 0 'bytearray(b\'\\x00\\xdf(\\x1c\\xe8\\x07\\xc0\\x00)\\x00\\x01\\x02\\x03\\x04\\x05\\x06\\x07\\x08\\t\\n\\x0b\\x0c\\r\\x0e\\x0f\\x10\\x11\\x12\\x13\\x14\\x15\\x16\\x17\\x18\\x19\\x1a\\x1b\\x1c\\x1d\\x1e\\x1f !"#$%&\\\'(\')'
2025-05-18 01:49:25,010 LT1-thread root DEBUG iutctl_common.py          167   send                      : sending frame '0e0300320000df281ce807c00029000102030405060708090a0b0c0d0e0f101112131415161718191a1b1c1d1e1f202122232425262728'
2025-05-18 01:49:25,010 LT1-thread root DEBUG bap.py                    83    bap_command_rsp_succ      : bap_command_rsp_succ
2025-05-18 01:49:25,010 LT1-thread root DEBUG iutctl_common.py          326   read                      : read
2025-05-18 01:49:25,026 BTPWorkerThread-21293 (_rx_task) root DEBUG iutctl_common.py          124   read                      : Read 5 bytes
2025-05-18 01:49:25,036 BTPWorkerThread-21293 (_rx_task) root DEBUG iutctl_common.py          132   read                      : Received: hdr: Header(svc_id=0x0e, op=0x03, ctrl_index=0x00, data_len=0x01) bytearray(b'\x0e\x03\x00\x01\x00')
2025-05-18 01:49:25,046 BTPWorkerThread-21293 (_rx_task) root DEBUG iutctl_common.py          140   read                      : Read 1 bytes data
2025-05-18 01:49:25,067 BTPWorkerThread-21293 (_rx_task) root DEBUG iutctl_common.py          155   read                      : Received data: {'29'}, bytearray(b')')
2025-05-18 01:49:25,078 LT1-thread root DEBUG bap.py                    88    bap_command_rsp_succ      : received Header(svc_id=14, op=3, ctrl_index=0, data_len=1) (b')',)
2025-05-18 01:49:25,078 LT1-thread root DEBUG bap.py                    116   bap_send                  : bap_send
2025-05-18 01:49:25,078 LT1-thread root DEBUG iutctl_common.py          162   send                      : send, 14 3 0 'bytearray(b\'\\x00\\xdf(\\x1c\\xe8\\x07\\xc0\\x00)\\x00\\x01\\x02\\x03\\x04\\x05\\x06\\x07\\x08\\t\\n\\x0b\\x0c\\r\\x0e\\x0f\\x10\\x11\\x12\\x13\\x14\\x15\\x16\\x17\\x18\\x19\\x1a\\x1b\\x1c\\x1d\\x1e\\x1f !"#$%&\\\'(\')'
2025-05-18 01:49:25,078 LT1-thread root DEBUG iutctl_common.py          167   send                      : sending frame '0e0300320000df281ce807c00029000102030405060708090a0b0c0d0e0f101112131415161718191a1b1c1d1e1f202122232425262728'
2025-05-18 01:49:25,079 LT1-thread root DEBUG bap.py                    83    bap_command_rsp_succ      : bap_command_rsp_succ
2025-05-18 01:49:25,079 LT1-thread root DEBUG iutctl_common.py          326   read                      : read
2025-05-18 01:49:25,110 BTPWorkerThread-21293 (_rx_task) root DEBUG iutctl_common.py          124   read                      : Read 5 bytes
2025-05-18 01:49:25,115 BTPWorkerThread-21293 (_rx_task) root DEBUG iutctl_common.py          132   read                      : Received: hdr: Header(svc_id=0x0e, op=0x03, ctrl_index=0x00, data_len=0x01) bytearray(b'\x0e\x03\x00\x01\x00')
2025-05-18 01:49:25,126 BTPWorkerThread-21293 (_rx_task) root DEBUG iutctl_common.py          140   read                      : Read 1 bytes data
2025-05-18 01:49:25,126 BTPWorkerThread-21293 (_rx_task) root DEBUG iutctl_common.py          155   read                      : Received data: {'29'}, bytearray(b')')
2025-05-18 01:49:25,127 LT1-thread root DEBUG bap.py                    88    bap_command_rsp_succ      : received Header(svc_id=14, op=3, ctrl_index=0, data_len=1) (b')',)
2025-05-18 01:49:25,127 LT1-thread root DEBUG bap.py                    116   bap_send                  : bap_send
2025-05-18 01:49:25,127 LT1-thread root DEBUG iutctl_common.py          162   send                      : send, 14 3 0 'bytearray(b\'\\x00\\xdf(\\x1c\\xe8\\x07\\xc0\\x00)\\x00\\x01\\x02\\x03\\x04\\x05\\x06\\x07\\x08\\t\\n\\x0b\\x0c\\r\\x0e\\x0f\\x10\\x11\\x12\\x13\\x14\\x15\\x16\\x17\\x18\\x19\\x1a\\x1b\\x1c\\x1d\\x1e\\x1f !"#$%&\\\'(\')'
2025-05-18 01:49:25,127 LT1-thread root DEBUG iutctl_common.py          167   send                      : sending frame '0e0300320000df281ce807c00029000102030405060708090a0b0c0d0e0f101112131415161718191a1b1c1d1e1f202122232425262728'
2025-05-18 01:49:25,127 LT1-thread root DEBUG bap.py                    83    bap_command_rsp_succ      : bap_command_rsp_succ
2025-05-18 01:49:25,127 LT1-thread root DEBUG iutctl_common.py          326   read                      : read
2025-05-18 01:49:25,164 BTPWorkerThread-21293 (_rx_task) root DEBUG iutctl_common.py          124   read                      : Read 5 bytes
2025-05-18 01:49:25,195 BTPWorkerThread-21293 (_rx_task) root DEBUG iutctl_common.py          132   read                      : Received: hdr: Header(svc_id=0x0e, op=0x03, ctrl_index=0x00, data_len=0x01) bytearray(b'\x0e\x03\x00\x01\x00')
2025-05-18 01:49:25,205 BTPWorkerThread-21293 (_rx_task) root DEBUG iutctl_common.py          140   read                      : Read 1 bytes data
2025-05-18 01:49:25,211 BTPWorkerThread-21293 (_rx_task) root DEBUG iutctl_common.py          155   read                      : Received data: {'29'}, bytearray(b')')
2025-05-18 01:49:25,211 LT1-thread root DEBUG bap.py                    88    bap_command_rsp_succ      : received Header(svc_id=14, op=3, ctrl_index=0, data_len=1) (b')',)
2025-05-18 01:49:25,211 LT1-thread root DEBUG bap.py                    116   bap_send                  : bap_send
2025-05-18 01:49:25,211 LT1-thread root DEBUG iutctl_common.py          162   send                      : send, 14 3 0 'bytearray(b\'\\x00\\xdf(\\x1c\\xe8\\x07\\xc0\\x00)\\x00\\x01\\x02\\x03\\x04\\x05\\x06\\x07\\x08\\t\\n\\x0b\\x0c\\r\\x0e\\x0f\\x10\\x11\\x12\\x13\\x14\\x15\\x16\\x17\\x18\\x19\\x1a\\x1b\\x1c\\x1d\\x1e\\x1f !"#$%&\\\'(\')'
2025-05-18 01:49:25,211 LT1-thread root DEBUG iutctl_common.py          167   send                      : sending frame '0e0300320000df281ce807c00029000102030405060708090a0b0c0d0e0f101112131415161718191a1b1c1d1e1f202122232425262728'
2025-05-18 01:49:25,212 LT1-thread root DEBUG bap.py                    83    bap_command_rsp_succ      : bap_command_rsp_succ
2025-05-18 01:49:25,212 LT1-thread root DEBUG iutctl_common.py          326   read                      : read
2025-05-18 01:49:25,237 BTPWorkerThread-21293 (_rx_task) root DEBUG iutctl_common.py          124   read                      : Read 5 bytes
2025-05-18 01:49:25,238 BTPWorkerThread-21293 (_rx_task) root DEBUG iutctl_common.py          132   read                      : Received: hdr: Header(svc_id=0x0e, op=0x03, ctrl_index=0x00, data_len=0x01) bytearray(b'\x0e\x03\x00\x01\x00')
2025-05-18 01:49:25,238 BTPWorkerThread-21293 (_rx_task) root DEBUG iutctl_common.py          140   read                      : Read 1 bytes data
2025-05-18 01:49:25,238 BTPWorkerThread-21293 (_rx_task) root DEBUG iutctl_common.py          155   read                      : Received data: {'29'}, bytearray(b')')
2025-05-18 01:49:25,248 LT1-thread root DEBUG bap.py                    88    bap_command_rsp_succ      : received Header(svc_id=14, op=3, ctrl_index=0, data_len=1) (b')',)
2025-05-18 01:49:25,249 LT1-thread root DEBUG bap.py                    116   bap_send                  : bap_send
2025-05-18 01:49:25,249 LT1-thread root DEBUG iutctl_common.py          162   send                      : send, 14 3 0 'bytearray(b\'\\x00\\xdf(\\x1c\\xe8\\x07\\xc0\\x00)\\x00\\x01\\x02\\x03\\x04\\x05\\x06\\x07\\x08\\t\\n\\x0b\\x0c\\r\\x0e\\x0f\\x10\\x11\\x12\\x13\\x14\\x15\\x16\\x17\\x18\\x19\\x1a\\x1b\\x1c\\x1d\\x1e\\x1f !"#$%&\\\'(\')'
2025-05-18 01:49:25,249 LT1-thread root DEBUG iutctl_common.py          167   send                      : sending frame '0e0300320000df281ce807c00029000102030405060708090a0b0c0d0e0f101112131415161718191a1b1c1d1e1f202122232425262728'
2025-05-18 01:49:25,249 LT1-thread root DEBUG bap.py                    83    bap_command_rsp_succ      : bap_command_rsp_succ
2025-05-18 01:49:25,249 LT1-thread root DEBUG iutctl_common.py          326   read                      : read
2025-05-18 01:49:25,270 BTPWorkerThread-21293 (_rx_task) root DEBUG iutctl_common.py          124   read                      : Read 5 bytes
2025-05-18 01:49:25,285 BTPWorkerThread-21293 (_rx_task) root DEBUG iutctl_common.py          132   read                      : Received: hdr: Header(svc_id=0x0e, op=0x03, ctrl_index=0x00, data_len=0x01) bytearray(b'\x0e\x03\x00\x01\x00')
2025-05-18 01:49:25,342 BTPWorkerThread-21293 (_rx_task) root DEBUG iutctl_common.py          140   read                      : Read 1 bytes data
2025-05-18 01:49:25,348 BTPWorkerThread-21293 (_rx_task) root DEBUG iutctl_common.py          155   read                      : Received data: {'29'}, bytearray(b')')
2025-05-18 01:49:25,364 LT1-thread root DEBUG bap.py                    88    bap_command_rsp_succ      : received Header(svc_id=14, op=3, ctrl_index=0, data_len=1) (b')',)
2025-05-18 01:49:25,364 LT1-thread root DEBUG bap.py                    116   bap_send                  : bap_send
2025-05-18 01:49:25,364 LT1-thread root DEBUG iutctl_common.py          162   send                      : send, 14 3 0 'bytearray(b\'\\x00\\xdf(\\x1c\\xe8\\x07\\xc0\\x00)\\x00\\x01\\x02\\x03\\x04\\x05\\x06\\x07\\x08\\t\\n\\x0b\\x0c\\r\\x0e\\x0f\\x10\\x11\\x12\\x13\\x14\\x15\\x16\\x17\\x18\\x19\\x1a\\x1b\\x1c\\x1d\\x1e\\x1f !"#$%&\\\'(\')'
2025-05-18 01:49:25,364 LT1-thread root DEBUG iutctl_common.py          167   send                      : sending frame '0e0300320000df281ce807c00029000102030405060708090a0b0c0d0e0f101112131415161718191a1b1c1d1e1f202122232425262728'
2025-05-18 01:49:25,364 LT1-thread root DEBUG bap.py                    83    bap_command_rsp_succ      : bap_command_rsp_succ
2025-05-18 01:49:25,364 LT1-thread root DEBUG iutctl_common.py          326   read                      : read
2025-05-18 01:49:25,390 BTPWorkerThread-21293 (_rx_task) root DEBUG iutctl_common.py          124   read                      : Read 5 bytes
2025-05-18 01:49:25,400 BTPWorkerThread-21293 (_rx_task) root DEBUG iutctl_common.py          132   read                      : Received: hdr: Header(svc_id=0x0e, op=0x03, ctrl_index=0x00, data_len=0x01) bytearray(b'\x0e\x03\x00\x01\x00')
2025-05-18 01:49:25,421 BTPWorkerThread-21293 (_rx_task) root DEBUG iutctl_common.py          140   read                      : Read 1 bytes data
2025-05-18 01:49:25,427 BTPWorkerThread-21293 (_rx_task) root DEBUG iutctl_common.py          155   read                      : Received data: {'29'}, bytearray(b')')
2025-05-18 01:49:25,442 LT1-thread root DEBUG bap.py                    88    bap_command_rsp_succ      : received Header(svc_id=14, op=3, ctrl_index=0, data_len=1) (b')',)
2025-05-18 01:49:25,443 LT1-thread root DEBUG bap.py                    116   bap_send                  : bap_send
2025-05-18 01:49:25,443 LT1-thread root DEBUG iutctl_common.py          162   send                      : send, 14 3 0 'bytearray(b\'\\x00\\xdf(\\x1c\\xe8\\x07\\xc0\\x00)\\x00\\x01\\x02\\x03\\x04\\x05\\x06\\x07\\x08\\t\\n\\x0b\\x0c\\r\\x0e\\x0f\\x10\\x11\\x12\\x13\\x14\\x15\\x16\\x17\\x18\\x19\\x1a\\x1b\\x1c\\x1d\\x1e\\x1f !"#$%&\\\'(\')'
2025-05-18 01:49:25,443 LT1-thread root DEBUG iutctl_common.py          167   send                      : sending frame '0e0300320000df281ce807c00029000102030405060708090a0b0c0d0e0f101112131415161718191a1b1c1d1e1f202122232425262728'
2025-05-18 01:49:25,443 LT1-thread root DEBUG bap.py                    83    bap_command_rsp_succ      : bap_command_rsp_succ
2025-05-18 01:49:25,443 LT1-thread root DEBUG iutctl_common.py          326   read                      : read
2025-05-18 01:49:25,459 BTPWorkerThread-21293 (_rx_task) root DEBUG iutctl_common.py          124   read                      : Read 5 bytes
2025-05-18 01:49:25,475 BTPWorkerThread-21293 (_rx_task) root DEBUG iutctl_common.py          132   read                      : Received: hdr: Header(svc_id=0x0e, op=0x03, ctrl_index=0x00, data_len=0x01) bytearray(b'\x0e\x03\x00\x01\x00')
2025-05-18 01:49:25,496 BTPWorkerThread-21293 (_rx_task) root DEBUG iutctl_common.py          140   read                      : Read 1 bytes data
2025-05-18 01:49:25,501 BTPWorkerThread-21293 (_rx_task) root DEBUG iutctl_common.py          155   read                      : Received data: {'29'}, bytearray(b')')
2025-05-18 01:49:25,507 LT1-thread root DEBUG bap.py                    88    bap_command_rsp_succ      : received Header(svc_id=14, op=3, ctrl_index=0, data_len=1) (b')',)
2025-05-18 01:49:25,507 LT1-thread root DEBUG bap.py                    116   bap_send                  : bap_send
2025-05-18 01:49:25,507 LT1-thread root DEBUG iutctl_common.py          162   send                      : send, 14 3 0 'bytearray(b\'\\x00\\xdf(\\x1c\\xe8\\x07\\xc0\\x00)\\x00\\x01\\x02\\x03\\x04\\x05\\x06\\x07\\x08\\t\\n\\x0b\\x0c\\r\\x0e\\x0f\\x10\\x11\\x12\\x13\\x14\\x15\\x16\\x17\\x18\\x19\\x1a\\x1b\\x1c\\x1d\\x1e\\x1f !"#$%&\\\'(\')'
2025-05-18 01:49:25,507 LT1-thread root DEBUG iutctl_common.py          167   send                      : sending frame '0e0300320000df281ce807c00029000102030405060708090a0b0c0d0e0f101112131415161718191a1b1c1d1e1f202122232425262728'
2025-05-18 01:49:25,508 LT1-thread root DEBUG bap.py                    83    bap_command_rsp_succ      : bap_command_rsp_succ
2025-05-18 01:49:25,508 LT1-thread root DEBUG iutctl_common.py          326   read                      : read
2025-05-18 01:49:25,528 BTPWorkerThread-21293 (_rx_task) root DEBUG iutctl_common.py          124   read                      : Read 5 bytes
2025-05-18 01:49:25,534 BTPWorkerThread-21293 (_rx_task) root DEBUG iutctl_common.py          132   read                      : Received: hdr: Header(svc_id=0x0e, op=0x03, ctrl_index=0x00, data_len=0x01) bytearray(b'\x0e\x03\x00\x01\x00')
2025-05-18 01:49:25,565 BTPWorkerThread-21293 (_rx_task) root DEBUG iutctl_common.py          140   read                      : Read 1 bytes data
2025-05-18 01:49:25,586 BTPWorkerThread-21293 (_rx_task) root DEBUG iutctl_common.py          155   read                      : Received data: {'29'}, bytearray(b')')
2025-05-18 01:49:25,586 LT1-thread root DEBUG bap.py                    88    bap_command_rsp_succ      : received Header(svc_id=14, op=3, ctrl_index=0, data_len=1) (b')',)
2025-05-18 01:49:25,586 LT1-thread root DEBUG bap.py                    116   bap_send                  : bap_send
2025-05-18 01:49:25,586 LT1-thread root DEBUG iutctl_common.py          162   send                      : send, 14 3 0 'bytearray(b\'\\x00\\xdf(\\x1c\\xe8\\x07\\xc0\\x00)\\x00\\x01\\x02\\x03\\x04\\x05\\x06\\x07\\x08\\t\\n\\x0b\\x0c\\r\\x0e\\x0f\\x10\\x11\\x12\\x13\\x14\\x15\\x16\\x17\\x18\\x19\\x1a\\x1b\\x1c\\x1d\\x1e\\x1f !"#$%&\\\'(\')'
2025-05-18 01:49:25,586 LT1-thread root DEBUG iutctl_common.py          167   send                      : sending frame '0e0300320000df281ce807c00029000102030405060708090a0b0c0d0e0f101112131415161718191a1b1c1d1e1f202122232425262728'
2025-05-18 01:49:25,586 LT1-thread root DEBUG bap.py                    83    bap_command_rsp_succ      : bap_command_rsp_succ
2025-05-18 01:49:25,587 LT1-thread root DEBUG iutctl_common.py          326   read                      : read
2025-05-18 01:49:25,598 BTPWorkerThread-21293 (_rx_task) root DEBUG iutctl_common.py          124   read                      : Read 5 bytes
2025-05-18 01:49:25,598 BTPWorkerThread-21293 (_rx_task) root DEBUG iutctl_common.py          132   read                      : Received: hdr: Header(svc_id=0x0e, op=0x03, ctrl_index=0x00, data_len=0x01) bytearray(b'\x0e\x03\x00\x01\x00')
2025-05-18 01:49:25,598 BTPWorkerThread-21293 (_rx_task) root DEBUG iutctl_common.py          140   read                      : Read 1 bytes data
2025-05-18 01:49:25,598 BTPWorkerThread-21293 (_rx_task) root DEBUG iutctl_common.py          155   read                      : Received data: {'29'}, bytearray(b')')
2025-05-18 01:49:25,600 LT1-thread root DEBUG bap.py                    88    bap_command_rsp_succ      : received Header(svc_id=14, op=3, ctrl_index=0, data_len=1) (b')',)
2025-05-18 01:49:25,600 LT1-thread root DEBUG bap.py                    116   bap_send                  : bap_send
2025-05-18 01:49:25,600 LT1-thread root DEBUG iutctl_common.py          162   send                      : send, 14 3 0 'bytearray(b\'\\x00\\xdf(\\x1c\\xe8\\x07\\xc0\\x00)\\x00\\x01\\x02\\x03\\x04\\x05\\x06\\x07\\x08\\t\\n\\x0b\\x0c\\r\\x0e\\x0f\\x10\\x11\\x12\\x13\\x14\\x15\\x16\\x17\\x18\\x19\\x1a\\x1b\\x1c\\x1d\\x1e\\x1f !"#$%&\\\'(\')'
2025-05-18 01:49:25,600 LT1-thread root DEBUG iutctl_common.py          167   send                      : sending frame '0e0300320000df281ce807c00029000102030405060708090a0b0c0d0e0f101112131415161718191a1b1c1d1e1f202122232425262728'
2025-05-18 01:49:25,600 LT1-thread root DEBUG bap.py                    83    bap_command_rsp_succ      : bap_command_rsp_succ
2025-05-18 01:49:25,600 LT1-thread root DEBUG iutctl_common.py          326   read                      : read
2025-05-18 01:49:25,631 BTPWorkerThread-21293 (_rx_task) root DEBUG iutctl_common.py          124   read                      : Read 5 bytes
2025-05-18 01:49:25,637 BTPWorkerThread-21293 (_rx_task) root DEBUG iutctl_common.py          132   read                      : Received: hdr: Header(svc_id=0x0e, op=0x03, ctrl_index=0x00, data_len=0x01) bytearray(b'\x0e\x03\x00\x01\x00')
2025-05-18 01:49:25,642 BTPWorkerThread-21293 (_rx_task) root DEBUG iutctl_common.py          140   read                      : Read 1 bytes data
2025-05-18 01:49:25,642 BTPWorkerThread-21293 (_rx_task) root DEBUG iutctl_common.py          155   read                      : Received data: {'29'}, bytearray(b')')
2025-05-18 01:49:25,642 LT1-thread root DEBUG bap.py                    88    bap_command_rsp_succ      : received Header(svc_id=14, op=3, ctrl_index=0, data_len=1) (b')',)
2025-05-18 01:49:25,643 LT1-thread root DEBUG bap.py                    116   bap_send                  : bap_send
2025-05-18 01:49:25,643 LT1-thread root DEBUG iutctl_common.py          162   send                      : send, 14 3 0 'bytearray(b\'\\x00\\xdf(\\x1c\\xe8\\x07\\xc0\\x00)\\x00\\x01\\x02\\x03\\x04\\x05\\x06\\x07\\x08\\t\\n\\x0b\\x0c\\r\\x0e\\x0f\\x10\\x11\\x12\\x13\\x14\\x15\\x16\\x17\\x18\\x19\\x1a\\x1b\\x1c\\x1d\\x1e\\x1f !"#$%&\\\'(\')'
2025-05-18 01:49:25,643 LT1-thread root DEBUG iutctl_common.py          167   send                      : sending frame '0e0300320000df281ce807c00029000102030405060708090a0b0c0d0e0f101112131415161718191a1b1c1d1e1f202122232425262728'
2025-05-18 01:49:25,643 LT1-thread root DEBUG bap.py                    83    bap_command_rsp_succ      : bap_command_rsp_succ
2025-05-18 01:49:25,643 LT1-thread root DEBUG iutctl_common.py          326   read                      : read
2025-05-18 01:49:25,659 BTPWorkerThread-21293 (_rx_task) root DEBUG iutctl_common.py          124   read                      : Read 5 bytes
2025-05-18 01:49:25,674 BTPWorkerThread-21293 (_rx_task) root DEBUG iutctl_common.py          132   read                      : Received: hdr: Header(svc_id=0x0e, op=0x03, ctrl_index=0x00, data_len=0x01) bytearray(b'\x0e\x03\x00\x01\x00')
2025-05-18 01:49:25,680 BTPWorkerThread-21293 (_rx_task) root DEBUG iutctl_common.py          140   read                      : Read 1 bytes data
2025-05-18 01:49:25,680 BTPWorkerThread-21293 (_rx_task) root DEBUG iutctl_common.py          155   read                      : Received data: {'29'}, bytearray(b')')
2025-05-18 01:49:25,696 LT1-thread root DEBUG bap.py                    88    bap_command_rsp_succ      : received Header(svc_id=14, op=3, ctrl_index=0, data_len=1) (b')',)
2025-05-18 01:49:25,696 LT1-thread root DEBUG bap.py                    116   bap_send                  : bap_send
2025-05-18 01:49:25,696 LT1-thread root DEBUG iutctl_common.py          162   send                      : send, 14 3 0 'bytearray(b\'\\x00\\xdf(\\x1c\\xe8\\x07\\xc0\\x00)\\x00\\x01\\x02\\x03\\x04\\x05\\x06\\x07\\x08\\t\\n\\x0b\\x0c\\r\\x0e\\x0f\\x10\\x11\\x12\\x13\\x14\\x15\\x16\\x17\\x18\\x19\\x1a\\x1b\\x1c\\x1d\\x1e\\x1f !"#$%&\\\'(\')'
2025-05-18 01:49:25,696 LT1-thread root DEBUG iutctl_common.py          167   send                      : sending frame '0e0300320000df281ce807c00029000102030405060708090a0b0c0d0e0f101112131415161718191a1b1c1d1e1f202122232425262728'
2025-05-18 01:49:25,696 LT1-thread root DEBUG bap.py                    83    bap_command_rsp_succ      : bap_command_rsp_succ
2025-05-18 01:49:25,697 LT1-thread root DEBUG iutctl_common.py          326   read                      : read
2025-05-18 01:49:25,707 BTPWorkerThread-21293 (_rx_task) root DEBUG iutctl_common.py          124   read                      : Read 5 bytes
2025-05-18 01:49:25,712 BTPWorkerThread-21293 (_rx_task) root DEBUG iutctl_common.py          132   read                      : Received: hdr: Header(svc_id=0x0e, op=0x03, ctrl_index=0x00, data_len=0x01) bytearray(b'\x0e\x03\x00\x01\x00')
2025-05-18 01:49:25,728 BTPWorkerThread-21293 (_rx_task) root DEBUG iutctl_common.py          140   read                      : Read 1 bytes data
2025-05-18 01:49:25,728 BTPWorkerThread-21293 (_rx_task) root DEBUG iutctl_common.py          155   read                      : Received data: {'29'}, bytearray(b')')
2025-05-18 01:49:25,728 LT1-thread root DEBUG bap.py                    88    bap_command_rsp_succ      : received Header(svc_id=14, op=3, ctrl_index=0, data_len=1) (b')',)
2025-05-18 01:49:25,729 LT1-thread root DEBUG bap.py                    116   bap_send                  : bap_send
2025-05-18 01:49:25,729 LT1-thread root DEBUG iutctl_common.py          162   send                      : send, 14 3 0 'bytearray(b\'\\x00\\xdf(\\x1c\\xe8\\x07\\xc0\\x00)\\x00\\x01\\x02\\x03\\x04\\x05\\x06\\x07\\x08\\t\\n\\x0b\\x0c\\r\\x0e\\x0f\\x10\\x11\\x12\\x13\\x14\\x15\\x16\\x17\\x18\\x19\\x1a\\x1b\\x1c\\x1d\\x1e\\x1f !"#$%&\\\'(\')'
2025-05-18 01:49:25,729 LT1-thread root DEBUG iutctl_common.py          167   send                      : sending frame '0e0300320000df281ce807c00029000102030405060708090a0b0c0d0e0f101112131415161718191a1b1c1d1e1f202122232425262728'
2025-05-18 01:49:25,729 LT1-thread root DEBUG bap.py                    83    bap_command_rsp_succ      : bap_command_rsp_succ
2025-05-18 01:49:25,729 LT1-thread root DEBUG iutctl_common.py          326   read                      : read
2025-05-18 01:49:25,750 BTPWorkerThread-21293 (_rx_task) root DEBUG iutctl_common.py          124   read                      : Read 5 bytes
2025-05-18 01:49:25,776 BTPWorkerThread-21293 (_rx_task) root DEBUG iutctl_common.py          132   read                      : Received: hdr: Header(svc_id=0x0e, op=0x03, ctrl_index=0x00, data_len=0x01) bytearray(b'\x0e\x03\x00\x01\x00')
2025-05-18 01:49:25,817 BTPWorkerThread-21293 (_rx_task) root DEBUG iutctl_common.py          140   read                      : Read 1 bytes data
2025-05-18 01:49:25,843 BTPWorkerThread-21293 (_rx_task) root DEBUG iutctl_common.py          155   read                      : Received data: {'29'}, bytearray(b')')
2025-05-18 01:49:25,848 LT1-thread root DEBUG bap.py                    88    bap_command_rsp_succ      : received Header(svc_id=14, op=3, ctrl_index=0, data_len=1) (b')',)
2025-05-18 01:49:25,849 LT1-thread root DEBUG bap.py                    116   bap_send                  : bap_send
2025-05-18 01:49:25,849 LT1-thread root DEBUG iutctl_common.py          162   send                      : send, 14 3 0 'bytearray(b\'\\x00\\xdf(\\x1c\\xe8\\x07\\xc0\\x00)\\x00\\x01\\x02\\x03\\x04\\x05\\x06\\x07\\x08\\t\\n\\x0b\\x0c\\r\\x0e\\x0f\\x10\\x11\\x12\\x13\\x14\\x15\\x16\\x17\\x18\\x19\\x1a\\x1b\\x1c\\x1d\\x1e\\x1f !"#$%&\\\'(\')'
2025-05-18 01:49:25,849 LT1-thread root DEBUG iutctl_common.py          167   send                      : sending frame '0e0300320000df281ce807c00029000102030405060708090a0b0c0d0e0f101112131415161718191a1b1c1d1e1f202122232425262728'
2025-05-18 01:49:25,849 LT1-thread root DEBUG bap.py                    83    bap_command_rsp_succ      : bap_command_rsp_succ
2025-05-18 01:49:25,849 LT1-thread root DEBUG iutctl_common.py          326   read                      : read
2025-05-18 01:49:25,860 BTPWorkerThread-21293 (_rx_task) root DEBUG iutctl_common.py          124   read                      : Read 5 bytes
2025-05-18 01:49:25,865 BTPWorkerThread-21293 (_rx_task) root DEBUG iutctl_common.py          132   read                      : Received: hdr: Header(svc_id=0x0e, op=0x03, ctrl_index=0x00, data_len=0x01) bytearray(b'\x0e\x03\x00\x01\x00')
2025-05-18 01:49:25,880 BTPWorkerThread-21293 (_rx_task) root DEBUG iutctl_common.py          140   read                      : Read 1 bytes data
2025-05-18 01:49:25,901 BTPWorkerThread-21293 (_rx_task) root DEBUG iutctl_common.py          155   read                      : Received data: {'29'}, bytearray(b')')
2025-05-18 01:49:25,907 LT1-thread root DEBUG bap.py                    88    bap_command_rsp_succ      : received Header(svc_id=14, op=3, ctrl_index=0, data_len=1) (b')',)
2025-05-18 01:49:25,907 LT1-thread root DEBUG bap.py                    116   bap_send                  : bap_send
2025-05-18 01:49:25,907 LT1-thread root DEBUG iutctl_common.py          162   send                      : send, 14 3 0 'bytearray(b\'\\x00\\xdf(\\x1c\\xe8\\x07\\xc0\\x00)\\x00\\x01\\x02\\x03\\x04\\x05\\x06\\x07\\x08\\t\\n\\x0b\\x0c\\r\\x0e\\x0f\\x10\\x11\\x12\\x13\\x14\\x15\\x16\\x17\\x18\\x19\\x1a\\x1b\\x1c\\x1d\\x1e\\x1f !"#$%&\\\'(\')'
2025-05-18 01:49:25,907 LT1-thread root DEBUG iutctl_common.py          167   send                      : sending frame '0e0300320000df281ce807c00029000102030405060708090a0b0c0d0e0f101112131415161718191a1b1c1d1e1f202122232425262728'
2025-05-18 01:49:25,907 LT1-thread root DEBUG bap.py                    83    bap_command_rsp_succ      : bap_command_rsp_succ
2025-05-18 01:49:25,907 LT1-thread root DEBUG iutctl_common.py          326   read                      : read
2025-05-18 01:49:25,944 BTPWorkerThread-21293 (_rx_task) root DEBUG iutctl_common.py          124   read                      : Read 5 bytes
2025-05-18 01:49:25,949 BTPWorkerThread-21293 (_rx_task) root DEBUG iutctl_common.py          132   read                      : Received: hdr: Header(svc_id=0x0e, op=0x03, ctrl_index=0x00, data_len=0x01) bytearray(b'\x0e\x03\x00\x01\x00')
2025-05-18 01:49:25,949 BTPWorkerThread-21293 (_rx_task) root DEBUG iutctl_common.py          140   read                      : Read 1 bytes data
2025-05-18 01:49:25,970 BTPWorkerThread-21293 (_rx_task) root DEBUG iutctl_common.py          155   read                      : Received data: {'29'}, bytearray(b')')
2025-05-18 01:49:25,970 LT1-thread root DEBUG bap.py                    88    bap_command_rsp_succ      : received Header(svc_id=14, op=3, ctrl_index=0, data_len=1) (b')',)
2025-05-18 01:49:25,971 LT1-thread root DEBUG bap.py                    116   bap_send                  : bap_send
2025-05-18 01:49:25,971 LT1-thread root DEBUG iutctl_common.py          162   send                      : send, 14 3 0 'bytearray(b\'\\x00\\xdf(\\x1c\\xe8\\x07\\xc0\\x00)\\x00\\x01\\x02\\x03\\x04\\x05\\x06\\x07\\x08\\t\\n\\x0b\\x0c\\r\\x0e\\x0f\\x10\\x11\\x12\\x13\\x14\\x15\\x16\\x17\\x18\\x19\\x1a\\x1b\\x1c\\x1d\\x1e\\x1f !"#$%&\\\'(\')'
2025-05-18 01:49:25,971 LT1-thread root DEBUG iutctl_common.py          167   send                      : sending frame '0e0300320000df281ce807c00029000102030405060708090a0b0c0d0e0f101112131415161718191a1b1c1d1e1f202122232425262728'
2025-05-18 01:49:25,971 LT1-thread root DEBUG bap.py                    83    bap_command_rsp_succ      : bap_command_rsp_succ
2025-05-18 01:49:25,971 LT1-thread root DEBUG iutctl_common.py          326   read                      : read
2025-05-18 01:49:25,992 BTPWorkerThread-21293 (_rx_task) root DEBUG iutctl_common.py          124   read                      : Read 5 bytes
2025-05-18 01:49:25,997 BTPWorkerThread-21293 (_rx_task) root DEBUG iutctl_common.py          132   read                      : Received: hdr: Header(svc_id=0x0e, op=0x03, ctrl_index=0x00, data_len=0x01) bytearray(b'\x0e\x03\x00\x01\x00')
2025-05-18 01:49:26,013 BTPWorkerThread-21293 (_rx_task) root DEBUG iutctl_common.py          140   read                      : Read 1 bytes data
2025-05-18 01:49:26,023 BTPWorkerThread-21293 (_rx_task) root DEBUG iutctl_common.py          155   read                      : Received data: {'29'}, bytearray(b')')
2025-05-18 01:49:26,025 LT1-thread root DEBUG bap.py                    88    bap_command_rsp_succ      : received Header(svc_id=14, op=3, ctrl_index=0, data_len=1) (b')',)
2025-05-18 01:49:26,025 LT1-thread root DEBUG bap.py                    116   bap_send                  : bap_send
2025-05-18 01:49:26,026 LT1-thread root DEBUG iutctl_common.py          162   send                      : send, 14 3 0 'bytearray(b\'\\x00\\xdf(\\x1c\\xe8\\x07\\xc0\\x00)\\x00\\x01\\x02\\x03\\x04\\x05\\x06\\x07\\x08\\t\\n\\x0b\\x0c\\r\\x0e\\x0f\\x10\\x11\\x12\\x13\\x14\\x15\\x16\\x17\\x18\\x19\\x1a\\x1b\\x1c\\x1d\\x1e\\x1f !"#$%&\\\'(\')'
2025-05-18 01:49:26,026 LT1-thread root DEBUG iutctl_common.py          167   send                      : sending frame '0e0300320000df281ce807c00029000102030405060708090a0b0c0d0e0f101112131415161718191a1b1c1d1e1f202122232425262728'
2025-05-18 01:49:26,026 LT1-thread root DEBUG bap.py                    83    bap_command_rsp_succ      : bap_command_rsp_succ
2025-05-18 01:49:26,026 LT1-thread root DEBUG iutctl_common.py          326   read                      : read
2025-05-18 01:49:26,047 BTPWorkerThread-21293 (_rx_task) root DEBUG iutctl_common.py          124   read                      : Read 5 bytes
2025-05-18 01:49:26,052 BTPWorkerThread-21293 (_rx_task) root DEBUG iutctl_common.py          132   read                      : Received: hdr: Header(svc_id=0x0e, op=0x03, ctrl_index=0x00, data_len=0x01) bytearray(b'\x0e\x03\x00\x01\x00')
2025-05-18 01:49:26,078 BTPWorkerThread-21293 (_rx_task) root DEBUG iutctl_common.py          140   read                      : Read 1 bytes data
2025-05-18 01:49:26,099 BTPWorkerThread-21293 (_rx_task) root DEBUG iutctl_common.py          155   read                      : Received data: {'29'}, bytearray(b')')
2025-05-18 01:49:26,109 LT1-thread root DEBUG bap.py                    88    bap_command_rsp_succ      : received Header(svc_id=14, op=3, ctrl_index=0, data_len=1) (b')',)
2025-05-18 01:49:26,109 LT1-thread root DEBUG bap.py                    116   bap_send                  : bap_send
2025-05-18 01:49:26,109 LT1-thread root DEBUG iutctl_common.py          162   send                      : send, 14 3 0 'bytearray(b\'\\x00\\xdf(\\x1c\\xe8\\x07\\xc0\\x00)\\x00\\x01\\x02\\x03\\x04\\x05\\x06\\x07\\x08\\t\\n\\x0b\\x0c\\r\\x0e\\x0f\\x10\\x11\\x12\\x13\\x14\\x15\\x16\\x17\\x18\\x19\\x1a\\x1b\\x1c\\x1d\\x1e\\x1f !"#$%&\\\'(\')'
2025-05-18 01:49:26,109 LT1-thread root DEBUG iutctl_common.py          167   send                      : sending frame '0e0300320000df281ce807c00029000102030405060708090a0b0c0d0e0f101112131415161718191a1b1c1d1e1f202122232425262728'
2025-05-18 01:49:26,110 LT1-thread root DEBUG bap.py                    83    bap_command_rsp_succ      : bap_command_rsp_succ
2025-05-18 01:49:26,110 LT1-thread root DEBUG iutctl_common.py          326   read                      : read
2025-05-18 01:49:26,146 BTPWorkerThread-21293 (_rx_task) root DEBUG iutctl_common.py          124   read                      : Read 5 bytes
2025-05-18 01:49:26,151 BTPWorkerThread-21293 (_rx_task) root DEBUG iutctl_common.py          132   read                      : Received: hdr: Header(svc_id=0x0e, op=0x03, ctrl_index=0x00, data_len=0x01) bytearray(b'\x0e\x03\x00\x01\x00')
2025-05-18 01:49:26,162 BTPWorkerThread-21293 (_rx_task) root DEBUG iutctl_common.py          140   read                      : Read 1 bytes data
2025-05-18 01:49:26,162 BTPWorkerThread-21293 (_rx_task) root DEBUG iutctl_common.py          155   read                      : Received data: {'29'}, bytearray(b')')
2025-05-18 01:49:26,162 LT1-thread root DEBUG bap.py                    88    bap_command_rsp_succ      : received Header(svc_id=14, op=3, ctrl_index=0, data_len=1) (b')',)
2025-05-18 01:49:26,162 LT1-thread root DEBUG bap.py                    116   bap_send                  : bap_send
2025-05-18 01:49:26,162 LT1-thread root DEBUG iutctl_common.py          162   send                      : send, 14 3 0 'bytearray(b\'\\x00\\xdf(\\x1c\\xe8\\x07\\xc0\\x00)\\x00\\x01\\x02\\x03\\x04\\x05\\x06\\x07\\x08\\t\\n\\x0b\\x0c\\r\\x0e\\x0f\\x10\\x11\\x12\\x13\\x14\\x15\\x16\\x17\\x18\\x19\\x1a\\x1b\\x1c\\x1d\\x1e\\x1f !"#$%&\\\'(\')'
2025-05-18 01:49:26,163 LT1-thread root DEBUG iutctl_common.py          167   send                      : sending frame '0e0300320000df281ce807c00029000102030405060708090a0b0c0d0e0f101112131415161718191a1b1c1d1e1f202122232425262728'
2025-05-18 01:49:26,163 LT1-thread root DEBUG bap.py                    83    bap_command_rsp_succ      : bap_command_rsp_succ
2025-05-18 01:49:26,163 LT1-thread root DEBUG iutctl_common.py          326   read                      : read
2025-05-18 01:49:26,209 BTPWorkerThread-21293 (_rx_task) root DEBUG iutctl_common.py          124   read                      : Read 5 bytes
2025-05-18 01:49:26,225 BTPWorkerThread-21293 (_rx_task) root DEBUG iutctl_common.py          132   read                      : Received: hdr: Header(svc_id=0x0e, op=0x03, ctrl_index=0x00, data_len=0x01) bytearray(b'\x0e\x03\x00\x01\x00')
2025-05-18 01:49:26,246 BTPWorkerThread-21293 (_rx_task) root DEBUG iutctl_common.py          140   read                      : Read 1 bytes data
2025-05-18 01:49:26,251 BTPWorkerThread-21293 (_rx_task) root DEBUG iutctl_common.py          155   read                      : Received data: {'29'}, bytearray(b')')
2025-05-18 01:49:26,257 LT1-thread root DEBUG bap.py                    88    bap_command_rsp_succ      : received Header(svc_id=14, op=3, ctrl_index=0, data_len=1) (b')',)
2025-05-18 01:49:26,257 LT1-thread root DEBUG bap.py                    116   bap_send                  : bap_send
2025-05-18 01:49:26,257 LT1-thread root DEBUG iutctl_common.py          162   send                      : send, 14 3 0 'bytearray(b\'\\x00\\xdf(\\x1c\\xe8\\x07\\xc0\\x00)\\x00\\x01\\x02\\x03\\x04\\x05\\x06\\x07\\x08\\t\\n\\x0b\\x0c\\r\\x0e\\x0f\\x10\\x11\\x12\\x13\\x14\\x15\\x16\\x17\\x18\\x19\\x1a\\x1b\\x1c\\x1d\\x1e\\x1f !"#$%&\\\'(\')'
2025-05-18 01:49:26,257 LT1-thread root DEBUG iutctl_common.py          167   send                      : sending frame '0e0300320000df281ce807c00029000102030405060708090a0b0c0d0e0f101112131415161718191a1b1c1d1e1f202122232425262728'
2025-05-18 01:49:26,257 LT1-thread root DEBUG bap.py                    83    bap_command_rsp_succ      : bap_command_rsp_succ
2025-05-18 01:49:26,257 LT1-thread root DEBUG iutctl_common.py          326   read                      : read
2025-05-18 01:49:26,273 BTPWorkerThread-21293 (_rx_task) root DEBUG iutctl_common.py          124   read                      : Read 5 bytes
2025-05-18 01:49:26,283 BTPWorkerThread-21293 (_rx_task) root DEBUG iutctl_common.py          132   read                      : Received: hdr: Header(svc_id=0x0e, op=0x03, ctrl_index=0x00, data_len=0x01) bytearray(b'\x0e\x03\x00\x01\x00')
2025-05-18 01:49:26,283 BTPWorkerThread-21293 (_rx_task) root DEBUG iutctl_common.py          140   read                      : Read 1 bytes data
2025-05-18 01:49:26,289 BTPWorkerThread-21293 (_rx_task) root DEBUG iutctl_common.py          155   read                      : Received data: {'29'}, bytearray(b')')
2025-05-18 01:49:26,289 LT1-thread root DEBUG bap.py                    88    bap_command_rsp_succ      : received Header(svc_id=14, op=3, ctrl_index=0, data_len=1) (b')',)
2025-05-18 01:49:26,289 LT1-thread root DEBUG bap.py                    116   bap_send                  : bap_send
2025-05-18 01:49:26,289 LT1-thread root DEBUG iutctl_common.py          162   send                      : send, 14 3 0 'bytearray(b\'\\x00\\xdf(\\x1c\\xe8\\x07\\xc0\\x00)\\x00\\x01\\x02\\x03\\x04\\x05\\x06\\x07\\x08\\t\\n\\x0b\\x0c\\r\\x0e\\x0f\\x10\\x11\\x12\\x13\\x14\\x15\\x16\\x17\\x18\\x19\\x1a\\x1b\\x1c\\x1d\\x1e\\x1f !"#$%&\\\'(\')'
2025-05-18 01:49:26,289 LT1-thread root DEBUG iutctl_common.py          167   send                      : sending frame '0e0300320000df281ce807c00029000102030405060708090a0b0c0d0e0f101112131415161718191a1b1c1d1e1f202122232425262728'
2025-05-18 01:49:26,290 LT1-thread root DEBUG bap.py                    83    bap_command_rsp_succ      : bap_command_rsp_succ
2025-05-18 01:49:26,290 LT1-thread root DEBUG iutctl_common.py          326   read                      : read
2025-05-18 01:49:26,311 BTPWorkerThread-21293 (_rx_task) root DEBUG iutctl_common.py          124   read                      : Read 5 bytes
2025-05-18 01:49:26,321 BTPWorkerThread-21293 (_rx_task) root DEBUG iutctl_common.py          132   read                      : Received: hdr: Header(svc_id=0x0e, op=0x03, ctrl_index=0x00, data_len=0x01) bytearray(b'\x0e\x03\x00\x01\x00')
2025-05-18 01:49:26,332 BTPWorkerThread-21293 (_rx_task) root DEBUG iutctl_common.py          140   read                      : Read 1 bytes data
2025-05-18 01:49:26,348 BTPWorkerThread-21293 (_rx_task) root DEBUG iutctl_common.py          155   read                      : Received data: {'29'}, bytearray(b')')
2025-05-18 01:49:26,353 LT1-thread root DEBUG bap.py                    88    bap_command_rsp_succ      : received Header(svc_id=14, op=3, ctrl_index=0, data_len=1) (b')',)
2025-05-18 01:49:26,353 LT1-thread root DEBUG bap.py                    116   bap_send                  : bap_send
2025-05-18 01:49:26,353 LT1-thread root DEBUG iutctl_common.py          162   send                      : send, 14 3 0 'bytearray(b\'\\x00\\xdf(\\x1c\\xe8\\x07\\xc0\\x00)\\x00\\x01\\x02\\x03\\x04\\x05\\x06\\x07\\x08\\t\\n\\x0b\\x0c\\r\\x0e\\x0f\\x10\\x11\\x12\\x13\\x14\\x15\\x16\\x17\\x18\\x19\\x1a\\x1b\\x1c\\x1d\\x1e\\x1f !"#$%&\\\'(\')'
2025-05-18 01:49:26,353 LT1-thread root DEBUG iutctl_common.py          167   send                      : sending frame '0e0300320000df281ce807c00029000102030405060708090a0b0c0d0e0f101112131415161718191a1b1c1d1e1f202122232425262728'
2025-05-18 01:49:26,354 LT1-thread root DEBUG bap.py                    83    bap_command_rsp_succ      : bap_command_rsp_succ
2025-05-18 01:49:26,354 LT1-thread root DEBUG iutctl_common.py          326   read                      : read
2025-05-18 01:49:26,365 BTPWorkerThread-21293 (_rx_task) root DEBUG iutctl_common.py          124   read                      : Read 5 bytes
2025-05-18 01:49:26,365 BTPWorkerThread-21293 (_rx_task) root DEBUG iutctl_common.py          132   read                      : Received: hdr: Header(svc_id=0x0e, op=0x03, ctrl_index=0x00, data_len=0x01) bytearray(b'\x0e\x03\x00\x01\x00')
2025-05-18 01:49:26,365 BTPWorkerThread-21293 (_rx_task) root DEBUG iutctl_common.py          140   read                      : Read 1 bytes data
2025-05-18 01:49:26,365 BTPWorkerThread-21293 (_rx_task) root DEBUG iutctl_common.py          155   read                      : Received data: {'29'}, bytearray(b')')
2025-05-18 01:49:26,365 LT1-thread root DEBUG bap.py                    88    bap_command_rsp_succ      : received Header(svc_id=14, op=3, ctrl_index=0, data_len=1) (b')',)
2025-05-18 01:49:26,365 LT1-thread root DEBUG bap.py                    116   bap_send                  : bap_send
2025-05-18 01:49:26,365 LT1-thread root DEBUG iutctl_common.py          162   send                      : send, 14 3 0 'bytearray(b\'\\x00\\xdf(\\x1c\\xe8\\x07\\xc0\\x00)\\x00\\x01\\x02\\x03\\x04\\x05\\x06\\x07\\x08\\t\\n\\x0b\\x0c\\r\\x0e\\x0f\\x10\\x11\\x12\\x13\\x14\\x15\\x16\\x17\\x18\\x19\\x1a\\x1b\\x1c\\x1d\\x1e\\x1f !"#$%&\\\'(\')'
2025-05-18 01:49:26,366 LT1-thread root DEBUG iutctl_common.py          167   send                      : sending frame '0e0300320000df281ce807c00029000102030405060708090a0b0c0d0e0f101112131415161718191a1b1c1d1e1f202122232425262728'
2025-05-18 01:49:26,366 LT1-thread root DEBUG bap.py                    83    bap_command_rsp_succ      : bap_command_rsp_succ
2025-05-18 01:49:26,366 LT1-thread root DEBUG iutctl_common.py          326   read                      : read
2025-05-18 01:49:26,392 BTPWorkerThread-21293 (_rx_task) root DEBUG iutctl_common.py          124   read                      : Read 5 bytes
2025-05-18 01:49:26,397 BTPWorkerThread-21293 (_rx_task) root DEBUG iutctl_common.py          132   read                      : Received: hdr: Header(svc_id=0x0e, op=0x03, ctrl_index=0x00, data_len=0x01) bytearray(b'\x0e\x03\x00\x01\x00')
2025-05-18 01:49:26,397 BTPWorkerThread-21293 (_rx_task) root DEBUG iutctl_common.py          140   read                      : Read 1 bytes data
2025-05-18 01:49:26,397 BTPWorkerThread-21293 (_rx_task) root DEBUG iutctl_common.py          155   read                      : Received data: {'29'}, bytearray(b')')
2025-05-18 01:49:26,398 LT1-thread root DEBUG bap.py                    88    bap_command_rsp_succ      : received Header(svc_id=14, op=3, ctrl_index=0, data_len=1) (b')',)
2025-05-18 01:49:26,398 LT1-thread root DEBUG bap.py                    116   bap_send                  : bap_send
2025-05-18 01:49:26,398 LT1-thread root DEBUG iutctl_common.py          162   send                      : send, 14 3 0 'bytearray(b\'\\x00\\xdf(\\x1c\\xe8\\x07\\xc0\\x00)\\x00\\x01\\x02\\x03\\x04\\x05\\x06\\x07\\x08\\t\\n\\x0b\\x0c\\r\\x0e\\x0f\\x10\\x11\\x12\\x13\\x14\\x15\\x16\\x17\\x18\\x19\\x1a\\x1b\\x1c\\x1d\\x1e\\x1f !"#$%&\\\'(\')'
2025-05-18 01:49:26,398 LT1-thread root DEBUG iutctl_common.py          167   send                      : sending frame '0e0300320000df281ce807c00029000102030405060708090a0b0c0d0e0f101112131415161718191a1b1c1d1e1f202122232425262728'
2025-05-18 01:49:26,398 LT1-thread root DEBUG bap.py                    83    bap_command_rsp_succ      : bap_command_rsp_succ
2025-05-18 01:49:26,398 LT1-thread root DEBUG iutctl_common.py          326   read                      : read
2025-05-18 01:49:26,414 BTPWorkerThread-21293 (_rx_task) root DEBUG iutctl_common.py          124   read                      : Read 5 bytes
2025-05-18 01:49:26,430 BTPWorkerThread-21293 (_rx_task) root DEBUG iutctl_common.py          132   read                      : Received: hdr: Header(svc_id=0x0e, op=0x03, ctrl_index=0x00, data_len=0x01) bytearray(b'\x0e\x03\x00\x01\x00')
2025-05-18 01:49:26,440 BTPWorkerThread-21293 (_rx_task) root DEBUG iutctl_common.py          140   read                      : Read 1 bytes data
2025-05-18 01:49:26,466 BTPWorkerThread-21293 (_rx_task) root DEBUG iutctl_common.py          155   read                      : Received data: {'29'}, bytearray(b')')
2025-05-18 01:49:26,478 LT1-thread root DEBUG bap.py                    88    bap_command_rsp_succ      : received Header(svc_id=14, op=3, ctrl_index=0, data_len=1) (b')',)
2025-05-18 01:49:26,478 LT1-thread root DEBUG bap.py                    116   bap_send                  : bap_send
2025-05-18 01:49:26,478 LT1-thread root DEBUG iutctl_common.py          162   send                      : send, 14 3 0 'bytearray(b\'\\x00\\xdf(\\x1c\\xe8\\x07\\xc0\\x00)\\x00\\x01\\x02\\x03\\x04\\x05\\x06\\x07\\x08\\t\\n\\x0b\\x0c\\r\\x0e\\x0f\\x10\\x11\\x12\\x13\\x14\\x15\\x16\\x17\\x18\\x19\\x1a\\x1b\\x1c\\x1d\\x1e\\x1f !"#$%&\\\'(\')'
2025-05-18 01:49:26,478 LT1-thread root DEBUG iutctl_common.py          167   send                      : sending frame '0e0300320000df281ce807c00029000102030405060708090a0b0c0d0e0f101112131415161718191a1b1c1d1e1f202122232425262728'
2025-05-18 01:49:26,478 LT1-thread root DEBUG bap.py                    83    bap_command_rsp_succ      : bap_command_rsp_succ
2025-05-18 01:49:26,478 LT1-thread root DEBUG iutctl_common.py          326   read                      : read
2025-05-18 01:49:26,484 BTPWorkerThread-21293 (_rx_task) root DEBUG iutctl_common.py          124   read                      : Read 1 bytes
2025-05-18 01:49:26,510 BTPWorkerThread-21293 (_rx_task) root DEBUG iutctl_common.py          124   read                      : Read 4 bytes
2025-05-18 01:49:26,521 BTPWorkerThread-21293 (_rx_task) root DEBUG iutctl_common.py          132   read                      : Received: hdr: Header(svc_id=0x0e, op=0x03, ctrl_index=0x00, data_len=0x01) bytearray(b'\x0e\x03\x00\x01\x00')
2025-05-18 01:49:26,531 BTPWorkerThread-21293 (_rx_task) root DEBUG iutctl_common.py          140   read                      : Read 1 bytes data
2025-05-18 01:49:26,531 BTPWorkerThread-21293 (_rx_task) root DEBUG iutctl_common.py          155   read                      : Received data: {'29'}, bytearray(b')')
2025-05-18 01:49:26,531 LT1-thread root DEBUG bap.py                    88    bap_command_rsp_succ      : received Header(svc_id=14, op=3, ctrl_index=0, data_len=1) (b')',)
2025-05-18 01:49:26,532 LT1-thread root DEBUG bap.py                    116   bap_send                  : bap_send
2025-05-18 01:49:26,532 LT1-thread root DEBUG iutctl_common.py          162   send                      : send, 14 3 0 'bytearray(b\'\\x00\\xdf(\\x1c\\xe8\\x07\\xc0\\x00)\\x00\\x01\\x02\\x03\\x04\\x05\\x06\\x07\\x08\\t\\n\\x0b\\x0c\\r\\x0e\\x0f\\x10\\x11\\x12\\x13\\x14\\x15\\x16\\x17\\x18\\x19\\x1a\\x1b\\x1c\\x1d\\x1e\\x1f !"#$%&\\\'(\')'
2025-05-18 01:49:26,532 LT1-thread root DEBUG iutctl_common.py          167   send                      : sending frame '0e0300320000df281ce807c00029000102030405060708090a0b0c0d0e0f101112131415161718191a1b1c1d1e1f202122232425262728'
2025-05-18 01:49:26,532 LT1-thread root DEBUG bap.py                    83    bap_command_rsp_succ      : bap_command_rsp_succ
2025-05-18 01:49:26,532 LT1-thread root DEBUG iutctl_common.py          326   read                      : read
2025-05-18 01:49:26,548 BTPWorkerThread-21293 (_rx_task) root DEBUG iutctl_common.py          124   read                      : Read 5 bytes
2025-05-18 01:49:26,553 BTPWorkerThread-21293 (_rx_task) root DEBUG iutctl_common.py          132   read                      : Received: hdr: Header(svc_id=0x0e, op=0x03, ctrl_index=0x00, data_len=0x01) bytearray(b'\x0e\x03\x00\x01\x00')
2025-05-18 01:49:26,569 BTPWorkerThread-21293 (_rx_task) root DEBUG iutctl_common.py          140   read                      : Read 1 bytes data
2025-05-18 01:49:26,585 BTPWorkerThread-21293 (_rx_task) root DEBUG iutctl_common.py          155   read                      : Received data: {'29'}, bytearray(b')')
2025-05-18 01:49:26,585 LT1-thread root DEBUG bap.py                    88    bap_command_rsp_succ      : received Header(svc_id=14, op=3, ctrl_index=0, data_len=1) (b')',)
2025-05-18 01:49:26,585 LT1-thread root DEBUG bap.py                    116   bap_send                  : bap_send
2025-05-18 01:49:26,585 LT1-thread root DEBUG iutctl_common.py          162   send                      : send, 14 3 0 'bytearray(b\'\\x00\\xdf(\\x1c\\xe8\\x07\\xc0\\x00)\\x00\\x01\\x02\\x03\\x04\\x05\\x06\\x07\\x08\\t\\n\\x0b\\x0c\\r\\x0e\\x0f\\x10\\x11\\x12\\x13\\x14\\x15\\x16\\x17\\x18\\x19\\x1a\\x1b\\x1c\\x1d\\x1e\\x1f !"#$%&\\\'(\')'
2025-05-18 01:49:26,585 LT1-thread root DEBUG iutctl_common.py          167   send                      : sending frame '0e0300320000df281ce807c00029000102030405060708090a0b0c0d0e0f101112131415161718191a1b1c1d1e1f202122232425262728'
2025-05-18 01:49:26,585 LT1-thread root DEBUG bap.py                    83    bap_command_rsp_succ      : bap_command_rsp_succ
2025-05-18 01:49:26,585 LT1-thread root DEBUG iutctl_common.py          326   read                      : read
2025-05-18 01:49:26,621 BTPWorkerThread-21293 (_rx_task) root DEBUG iutctl_common.py          124   read                      : Read 5 bytes
2025-05-18 01:49:26,627 BTPWorkerThread-21293 (_rx_task) root DEBUG iutctl_common.py          132   read                      : Received: hdr: Header(svc_id=0x0e, op=0x03, ctrl_index=0x00, data_len=0x01) bytearray(b'\x0e\x03\x00\x01\x00')
2025-05-18 01:49:26,642 BTPWorkerThread-21293 (_rx_task) root DEBUG iutctl_common.py          140   read                      : Read 1 bytes data
2025-05-18 01:49:26,648 BTPWorkerThread-21293 (_rx_task) root DEBUG iutctl_common.py          155   read                      : Received data: {'29'}, bytearray(b')')
2025-05-18 01:49:26,663 LT1-thread root DEBUG bap.py                    88    bap_command_rsp_succ      : received Header(svc_id=14, op=3, ctrl_index=0, data_len=1) (b')',)
2025-05-18 01:49:26,664 LT1-thread root DEBUG bap.py                    116   bap_send                  : bap_send
2025-05-18 01:49:26,664 LT1-thread root DEBUG iutctl_common.py          162   send                      : send, 14 3 0 'bytearray(b\'\\x00\\xdf(\\x1c\\xe8\\x07\\xc0\\x00)\\x00\\x01\\x02\\x03\\x04\\x05\\x06\\x07\\x08\\t\\n\\x0b\\x0c\\r\\x0e\\x0f\\x10\\x11\\x12\\x13\\x14\\x15\\x16\\x17\\x18\\x19\\x1a\\x1b\\x1c\\x1d\\x1e\\x1f !"#$%&\\\'(\')'
2025-05-18 01:49:26,664 LT1-thread root DEBUG iutctl_common.py          167   send                      : sending frame '0e0300320000df281ce807c00029000102030405060708090a0b0c0d0e0f101112131415161718191a1b1c1d1e1f202122232425262728'
2025-05-18 01:49:26,664 LT1-thread root DEBUG bap.py                    83    bap_command_rsp_succ      : bap_command_rsp_succ
2025-05-18 01:49:26,664 LT1-thread root DEBUG iutctl_common.py          326   read                      : read
2025-05-18 01:49:26,675 BTPWorkerThread-21293 (_rx_task) root DEBUG iutctl_common.py          124   read                      : Read 5 bytes
2025-05-18 01:49:26,680 BTPWorkerThread-21293 (_rx_task) root DEBUG iutctl_common.py          132   read                      : Received: hdr: Header(svc_id=0x0e, op=0x03, ctrl_index=0x00, data_len=0x01) bytearray(b'\x0e\x03\x00\x01\x00')
2025-05-18 01:49:26,680 BTPWorkerThread-21293 (_rx_task) root DEBUG iutctl_common.py          140   read                      : Read 1 bytes data
2025-05-18 01:49:26,681 BTPWorkerThread-21293 (_rx_task) root DEBUG iutctl_common.py          155   read                      : Received data: {'29'}, bytearray(b')')
2025-05-18 01:49:26,681 LT1-thread root DEBUG bap.py                    88    bap_command_rsp_succ      : received Header(svc_id=14, op=3, ctrl_index=0, data_len=1) (b')',)
2025-05-18 01:49:26,681 LT1-thread root DEBUG bap.py                    116   bap_send                  : bap_send
2025-05-18 01:49:26,681 LT1-thread root DEBUG iutctl_common.py          162   send                      : send, 14 3 0 'bytearray(b\'\\x00\\xdf(\\x1c\\xe8\\x07\\xc0\\x00)\\x00\\x01\\x02\\x03\\x04\\x05\\x06\\x07\\x08\\t\\n\\x0b\\x0c\\r\\x0e\\x0f\\x10\\x11\\x12\\x13\\x14\\x15\\x16\\x17\\x18\\x19\\x1a\\x1b\\x1c\\x1d\\x1e\\x1f !"#$%&\\\'(\')'
2025-05-18 01:49:26,681 LT1-thread root DEBUG iutctl_common.py          167   send                      : sending frame '0e0300320000df281ce807c00029000102030405060708090a0b0c0d0e0f101112131415161718191a1b1c1d1e1f202122232425262728'
2025-05-18 01:49:26,681 LT1-thread root DEBUG bap.py                    83    bap_command_rsp_succ      : bap_command_rsp_succ
2025-05-18 01:49:26,682 LT1-thread root DEBUG iutctl_common.py          326   read                      : read
2025-05-18 01:49:26,697 BTPWorkerThread-21293 (_rx_task) root DEBUG iutctl_common.py          124   read                      : Read 5 bytes
2025-05-18 01:49:26,702 BTPWorkerThread-21293 (_rx_task) root DEBUG iutctl_common.py          132   read                      : Received: hdr: Header(svc_id=0x0e, op=0x03, ctrl_index=0x00, data_len=0x01) bytearray(b'\x0e\x03\x00\x01\x00')
2025-05-18 01:49:26,759 BTPWorkerThread-21293 (_rx_task) root DEBUG iutctl_common.py          140   read                      : Read 1 bytes data
2025-05-18 01:49:26,775 BTPWorkerThread-21293 (_rx_task) root DEBUG iutctl_common.py          155   read                      : Received data: {'29'}, bytearray(b')')
2025-05-18 01:49:26,790 LT1-thread root DEBUG bap.py                    88    bap_command_rsp_succ      : received Header(svc_id=14, op=3, ctrl_index=0, data_len=1) (b')',)
2025-05-18 01:49:26,791 LT1-thread root DEBUG bap.py                    116   bap_send                  : bap_send
2025-05-18 01:49:26,791 LT1-thread root DEBUG iutctl_common.py          162   send                      : send, 14 3 0 'bytearray(b\'\\x00\\xdf(\\x1c\\xe8\\x07\\xc0\\x00)\\x00\\x01\\x02\\x03\\x04\\x05\\x06\\x07\\x08\\t\\n\\x0b\\x0c\\r\\x0e\\x0f\\x10\\x11\\x12\\x13\\x14\\x15\\x16\\x17\\x18\\x19\\x1a\\x1b\\x1c\\x1d\\x1e\\x1f !"#$%&\\\'(\')'
2025-05-18 01:49:26,791 LT1-thread root DEBUG iutctl_common.py          167   send                      : sending frame '0e0300320000df281ce807c00029000102030405060708090a0b0c0d0e0f101112131415161718191a1b1c1d1e1f202122232425262728'
2025-05-18 01:49:26,791 LT1-thread root DEBUG bap.py                    83    bap_command_rsp_succ      : bap_command_rsp_succ
2025-05-18 01:49:26,791 LT1-thread root DEBUG iutctl_common.py          326   read                      : read
2025-05-18 01:49:26,832 BTPWorkerThread-21293 (_rx_task) root DEBUG iutctl_common.py          124   read                      : Read 5 bytes
2025-05-18 01:49:26,859 BTPWorkerThread-21293 (_rx_task) root DEBUG iutctl_common.py          132   read                      : Received: hdr: Header(svc_id=0x0e, op=0x03, ctrl_index=0x00, data_len=0x01) bytearray(b'\x0e\x03\x00\x01\x00')
2025-05-18 01:49:26,859 BTPWorkerThread-21293 (_rx_task) root DEBUG iutctl_common.py          140   read                      : Read 1 bytes data
2025-05-18 01:49:26,864 BTPWorkerThread-21293 (_rx_task) root DEBUG iutctl_common.py          155   read                      : Received data: {'29'}, bytearray(b')')
2025-05-18 01:49:26,869 LT1-thread root DEBUG bap.py                    88    bap_command_rsp_succ      : received Header(svc_id=14, op=3, ctrl_index=0, data_len=1) (b')',)
2025-05-18 01:49:26,870 LT1-thread root DEBUG bap.py                    116   bap_send                  : bap_send
2025-05-18 01:49:26,870 LT1-thread root DEBUG iutctl_common.py          162   send                      : send, 14 3 0 'bytearray(b\'\\x00\\xdf(\\x1c\\xe8\\x07\\xc0\\x00)\\x00\\x01\\x02\\x03\\x04\\x05\\x06\\x07\\x08\\t\\n\\x0b\\x0c\\r\\x0e\\x0f\\x10\\x11\\x12\\x13\\x14\\x15\\x16\\x17\\x18\\x19\\x1a\\x1b\\x1c\\x1d\\x1e\\x1f !"#$%&\\\'(\')'
2025-05-18 01:49:26,870 LT1-thread root DEBUG iutctl_common.py          167   send                      : sending frame '0e0300320000df281ce807c00029000102030405060708090a0b0c0d0e0f101112131415161718191a1b1c1d1e1f202122232425262728'
2025-05-18 01:49:26,870 LT1-thread root DEBUG bap.py                    83    bap_command_rsp_succ      : bap_command_rsp_succ
2025-05-18 01:49:26,870 LT1-thread root DEBUG iutctl_common.py          326   read                      : read
2025-05-18 01:49:26,922 BTPWorkerThread-21293 (_rx_task) root DEBUG iutctl_common.py          124   read                      : Read 5 bytes
2025-05-18 01:49:26,922 BTPWorkerThread-21293 (_rx_task) root DEBUG iutctl_common.py          132   read                      : Received: hdr: Header(svc_id=0x0e, op=0x03, ctrl_index=0x00, data_len=0x01) bytearray(b'\x0e\x03\x00\x01\x00')
2025-05-18 01:49:26,922 BTPWorkerThread-21293 (_rx_task) root DEBUG iutctl_common.py          140   read                      : Read 1 bytes data
2025-05-18 01:49:26,922 BTPWorkerThread-21293 (_rx_task) root DEBUG iutctl_common.py          155   read                      : Received data: {'29'}, bytearray(b')')
2025-05-18 01:49:26,922 LT1-thread root DEBUG bap.py                    88    bap_command_rsp_succ      : received Header(svc_id=14, op=3, ctrl_index=0, data_len=1) (b')',)
2025-05-18 01:49:26,922 LT1-thread root DEBUG bap.py                    116   bap_send                  : bap_send
2025-05-18 01:49:26,923 LT1-thread root DEBUG iutctl_common.py          162   send                      : send, 14 3 0 'bytearray(b\'\\x00\\xdf(\\x1c\\xe8\\x07\\xc0\\x00)\\x00\\x01\\x02\\x03\\x04\\x05\\x06\\x07\\x08\\t\\n\\x0b\\x0c\\r\\x0e\\x0f\\x10\\x11\\x12\\x13\\x14\\x15\\x16\\x17\\x18\\x19\\x1a\\x1b\\x1c\\x1d\\x1e\\x1f !"#$%&\\\'(\')'
2025-05-18 01:49:26,923 LT1-thread root DEBUG iutctl_common.py          167   send                      : sending frame '0e0300320000df281ce807c00029000102030405060708090a0b0c0d0e0f101112131415161718191a1b1c1d1e1f202122232425262728'
2025-05-18 01:49:26,923 LT1-thread root DEBUG bap.py                    83    bap_command_rsp_succ      : bap_command_rsp_succ
2025-05-18 01:49:26,923 LT1-thread root DEBUG iutctl_common.py          326   read                      : read
2025-05-18 01:49:26,964 BTPWorkerThread-21293 (_rx_task) root DEBUG iutctl_common.py          124   read                      : Read 5 bytes
2025-05-18 01:49:26,970 BTPWorkerThread-21293 (_rx_task) root DEBUG iutctl_common.py          132   read                      : Received: hdr: Header(svc_id=0x0e, op=0x03, ctrl_index=0x00, data_len=0x01) bytearray(b'\x0e\x03\x00\x01\x00')
2025-05-18 01:49:26,991 BTPWorkerThread-21293 (_rx_task) root DEBUG iutctl_common.py          140   read                      : Read 1 bytes data
2025-05-18 01:49:26,991 BTPWorkerThread-21293 (_rx_task) root DEBUG iutctl_common.py          155   read                      : Received data: {'29'}, bytearray(b')')
2025-05-18 01:49:26,991 LT1-thread root DEBUG bap.py                    88    bap_command_rsp_succ      : received Header(svc_id=14, op=3, ctrl_index=0, data_len=1) (b')',)
2025-05-18 01:49:26,991 LT1-thread root DEBUG bap.py                    116   bap_send                  : bap_send
2025-05-18 01:49:26,991 LT1-thread root DEBUG iutctl_common.py          162   send                      : send, 14 3 0 'bytearray(b\'\\x00\\xdf(\\x1c\\xe8\\x07\\xc0\\x00)\\x00\\x01\\x02\\x03\\x04\\x05\\x06\\x07\\x08\\t\\n\\x0b\\x0c\\r\\x0e\\x0f\\x10\\x11\\x12\\x13\\x14\\x15\\x16\\x17\\x18\\x19\\x1a\\x1b\\x1c\\x1d\\x1e\\x1f !"#$%&\\\'(\')'
2025-05-18 01:49:26,991 LT1-thread root DEBUG iutctl_common.py          167   send                      : sending frame '0e0300320000df281ce807c00029000102030405060708090a0b0c0d0e0f101112131415161718191a1b1c1d1e1f202122232425262728'
2025-05-18 01:49:26,992 LT1-thread root DEBUG bap.py                    83    bap_command_rsp_succ      : bap_command_rsp_succ
2025-05-18 01:49:26,992 LT1-thread root DEBUG iutctl_common.py          326   read                      : read
2025-05-18 01:49:27,008 BTPWorkerThread-21293 (_rx_task) root DEBUG iutctl_common.py          124   read                      : Read 5 bytes
2025-05-18 01:49:27,034 BTPWorkerThread-21293 (_rx_task) root DEBUG iutctl_common.py          132   read                      : Received: hdr: Header(svc_id=0x0e, op=0x03, ctrl_index=0x00, data_len=0x01) bytearray(b'\x0e\x03\x00\x01\x00')
2025-05-18 01:49:27,039 BTPWorkerThread-21293 (_rx_task) root DEBUG iutctl_common.py          140   read                      : Read 1 bytes data
2025-05-18 01:49:27,055 BTPWorkerThread-21293 (_rx_task) root DEBUG iutctl_common.py          155   read                      : Received data: {'29'}, bytearray(b')')
2025-05-18 01:49:27,060 LT1-thread root DEBUG bap.py                    88    bap_command_rsp_succ      : received Header(svc_id=14, op=3, ctrl_index=0, data_len=1) (b')',)
2025-05-18 01:49:27,060 LT1-thread root DEBUG bap.py                    116   bap_send                  : bap_send
2025-05-18 01:49:27,060 LT1-thread root DEBUG iutctl_common.py          162   send                      : send, 14 3 0 'bytearray(b\'\\x00\\xdf(\\x1c\\xe8\\x07\\xc0\\x00)\\x00\\x01\\x02\\x03\\x04\\x05\\x06\\x07\\x08\\t\\n\\x0b\\x0c\\r\\x0e\\x0f\\x10\\x11\\x12\\x13\\x14\\x15\\x16\\x17\\x18\\x19\\x1a\\x1b\\x1c\\x1d\\x1e\\x1f !"#$%&\\\'(\')'
2025-05-18 01:49:27,060 LT1-thread root DEBUG iutctl_common.py          167   send                      : sending frame '0e0300320000df281ce807c00029000102030405060708090a0b0c0d0e0f101112131415161718191a1b1c1d1e1f202122232425262728'
2025-05-18 01:49:27,061 LT1-thread root DEBUG bap.py                    83    bap_command_rsp_succ      : bap_command_rsp_succ
2025-05-18 01:49:27,061 LT1-thread root DEBUG iutctl_common.py          326   read                      : read
2025-05-18 01:49:27,076 BTPWorkerThread-21293 (_rx_task) root DEBUG iutctl_common.py          124   read                      : Read 5 bytes
2025-05-18 01:49:27,077 BTPWorkerThread-21293 (_rx_task) root DEBUG iutctl_common.py          132   read                      : Received: hdr: Header(svc_id=0x0e, op=0x03, ctrl_index=0x00, data_len=0x01) bytearray(b'\x0e\x03\x00\x01\x00')
2025-05-18 01:49:27,077 BTPWorkerThread-21293 (_rx_task) root DEBUG iutctl_common.py          140   read                      : Read 1 bytes data
2025-05-18 01:49:27,077 BTPWorkerThread-21293 (_rx_task) root DEBUG iutctl_common.py          155   read                      : Received data: {'29'}, bytearray(b')')
2025-05-18 01:49:27,077 LT1-thread root DEBUG bap.py                    88    bap_command_rsp_succ      : received Header(svc_id=14, op=3, ctrl_index=0, data_len=1) (b')',)
2025-05-18 01:49:27,077 LT1-thread root DEBUG bap.py                    116   bap_send                  : bap_send
2025-05-18 01:49:27,077 LT1-thread root DEBUG iutctl_common.py          162   send                      : send, 14 3 0 'bytearray(b\'\\x00\\xdf(\\x1c\\xe8\\x07\\xc0\\x00)\\x00\\x01\\x02\\x03\\x04\\x05\\x06\\x07\\x08\\t\\n\\x0b\\x0c\\r\\x0e\\x0f\\x10\\x11\\x12\\x13\\x14\\x15\\x16\\x17\\x18\\x19\\x1a\\x1b\\x1c\\x1d\\x1e\\x1f !"#$%&\\\'(\')'
2025-05-18 01:49:27,077 LT1-thread root DEBUG iutctl_common.py          167   send                      : sending frame '0e0300320000df281ce807c00029000102030405060708090a0b0c0d0e0f101112131415161718191a1b1c1d1e1f202122232425262728'
2025-05-18 01:49:27,078 LT1-thread root DEBUG bap.py                    83    bap_command_rsp_succ      : bap_command_rsp_succ
2025-05-18 01:49:27,078 LT1-thread root DEBUG iutctl_common.py          326   read                      : read
2025-05-18 01:49:27,099 BTPWorkerThread-21293 (_rx_task) root DEBUG iutctl_common.py          124   read                      : Read 5 bytes
2025-05-18 01:49:27,104 BTPWorkerThread-21293 (_rx_task) root DEBUG iutctl_common.py          132   read                      : Received: hdr: Header(svc_id=0x0e, op=0x03, ctrl_index=0x00, data_len=0x01) bytearray(b'\x0e\x03\x00\x01\x00')
2025-05-18 01:49:27,109 BTPWorkerThread-21293 (_rx_task) root DEBUG iutctl_common.py          140   read                      : Read 1 bytes data
2025-05-18 01:49:27,120 BTPWorkerThread-21293 (_rx_task) root DEBUG iutctl_common.py          155   read                      : Received data: {'29'}, bytearray(b')')
2025-05-18 01:49:27,125 LT1-thread root DEBUG bap.py                    88    bap_command_rsp_succ      : received Header(svc_id=14, op=3, ctrl_index=0, data_len=1) (b')',)
2025-05-18 01:49:27,125 LT1-thread root DEBUG bap.py                    116   bap_send                  : bap_send
2025-05-18 01:49:27,125 LT1-thread root DEBUG iutctl_common.py          162   send                      : send, 14 3 0 'bytearray(b\'\\x00\\xdf(\\x1c\\xe8\\x07\\xc0\\x00)\\x00\\x01\\x02\\x03\\x04\\x05\\x06\\x07\\x08\\t\\n\\x0b\\x0c\\r\\x0e\\x0f\\x10\\x11\\x12\\x13\\x14\\x15\\x16\\x17\\x18\\x19\\x1a\\x1b\\x1c\\x1d\\x1e\\x1f !"#$%&\\\'(\')'
2025-05-18 01:49:27,125 LT1-thread root DEBUG iutctl_common.py          167   send                      : sending frame '0e0300320000df281ce807c00029000102030405060708090a0b0c0d0e0f101112131415161718191a1b1c1d1e1f202122232425262728'
2025-05-18 01:49:27,126 LT1-thread root DEBUG bap.py                    83    bap_command_rsp_succ      : bap_command_rsp_succ
2025-05-18 01:49:27,126 LT1-thread root DEBUG iutctl_common.py          326   read                      : read
2025-05-18 01:49:27,141 BTPWorkerThread-21293 (_rx_task) root DEBUG iutctl_common.py          124   read                      : Read 5 bytes
2025-05-18 01:49:27,152 BTPWorkerThread-21293 (_rx_task) root DEBUG iutctl_common.py          132   read                      : Received: hdr: Header(svc_id=0x0e, op=0x03, ctrl_index=0x00, data_len=0x01) bytearray(b'\x0e\x03\x00\x01\x00')
2025-05-18 01:49:27,167 BTPWorkerThread-21293 (_rx_task) root DEBUG iutctl_common.py          140   read                      : Read 1 bytes data
2025-05-18 01:49:27,214 BTPWorkerThread-21293 (_rx_task) root DEBUG iutctl_common.py          155   read                      : Received data: {'29'}, bytearray(b')')
2025-05-18 01:49:27,235 LT1-thread root DEBUG bap.py                    88    bap_command_rsp_succ      : received Header(svc_id=14, op=3, ctrl_index=0, data_len=1) (b')',)
2025-05-18 01:49:27,235 LT1-thread root DEBUG bap.py                    116   bap_send                  : bap_send
2025-05-18 01:49:27,235 LT1-thread root DEBUG iutctl_common.py          162   send                      : send, 14 3 0 'bytearray(b\'\\x00\\xdf(\\x1c\\xe8\\x07\\xc0\\x00)\\x00\\x01\\x02\\x03\\x04\\x05\\x06\\x07\\x08\\t\\n\\x0b\\x0c\\r\\x0e\\x0f\\x10\\x11\\x12\\x13\\x14\\x15\\x16\\x17\\x18\\x19\\x1a\\x1b\\x1c\\x1d\\x1e\\x1f !"#$%&\\\'(\')'
2025-05-18 01:49:27,235 LT1-thread root DEBUG iutctl_common.py          167   send                      : sending frame '0e0300320000df281ce807c00029000102030405060708090a0b0c0d0e0f101112131415161718191a1b1c1d1e1f202122232425262728'
2025-05-18 01:49:27,235 LT1-thread root DEBUG bap.py                    83    bap_command_rsp_succ      : bap_command_rsp_succ
2025-05-18 01:49:27,236 LT1-thread root DEBUG iutctl_common.py          326   read                      : read
2025-05-18 01:49:27,256 BTPWorkerThread-21293 (_rx_task) root DEBUG iutctl_common.py          124   read                      : Read 5 bytes
2025-05-18 01:49:27,277 BTPWorkerThread-21293 (_rx_task) root DEBUG iutctl_common.py          132   read                      : Received: hdr: Header(svc_id=0x0e, op=0x03, ctrl_index=0x00, data_len=0x01) bytearray(b'\x0e\x03\x00\x01\x00')
2025-05-18 01:49:27,308 BTPWorkerThread-21293 (_rx_task) root DEBUG iutctl_common.py          140   read                      : Read 1 bytes data
2025-05-18 01:49:27,313 BTPWorkerThread-21293 (_rx_task) root DEBUG iutctl_common.py          155   read                      : Received data: {'29'}, bytearray(b')')
2025-05-18 01:49:27,329 LT1-thread root DEBUG bap.py                    88    bap_command_rsp_succ      : received Header(svc_id=14, op=3, ctrl_index=0, data_len=1) (b')',)
2025-05-18 01:49:27,329 LT1-thread root DEBUG bap.py                    116   bap_send                  : bap_send
2025-05-18 01:49:27,329 LT1-thread root DEBUG iutctl_common.py          162   send                      : send, 14 3 0 'bytearray(b\'\\x00\\xdf(\\x1c\\xe8\\x07\\xc0\\x00)\\x00\\x01\\x02\\x03\\x04\\x05\\x06\\x07\\x08\\t\\n\\x0b\\x0c\\r\\x0e\\x0f\\x10\\x11\\x12\\x13\\x14\\x15\\x16\\x17\\x18\\x19\\x1a\\x1b\\x1c\\x1d\\x1e\\x1f !"#$%&\\\'(\')'
2025-05-18 01:49:27,329 LT1-thread root DEBUG iutctl_common.py          167   send                      : sending frame '0e0300320000df281ce807c00029000102030405060708090a0b0c0d0e0f101112131415161718191a1b1c1d1e1f202122232425262728'
2025-05-18 01:49:27,329 LT1-thread root DEBUG bap.py                    83    bap_command_rsp_succ      : bap_command_rsp_succ
2025-05-18 01:49:27,330 LT1-thread root DEBUG iutctl_common.py          326   read                      : read
2025-05-18 01:49:27,345 BTPWorkerThread-21293 (_rx_task) root DEBUG iutctl_common.py          124   read                      : Read 5 bytes
2025-05-18 01:49:27,350 BTPWorkerThread-21293 (_rx_task) root DEBUG iutctl_common.py          132   read                      : Received: hdr: Header(svc_id=0x0e, op=0x03, ctrl_index=0x00, data_len=0x01) bytearray(b'\x0e\x03\x00\x01\x00')
2025-05-18 01:49:27,361 BTPWorkerThread-21293 (_rx_task) root DEBUG iutctl_common.py          140   read                      : Read 1 bytes data
2025-05-18 01:49:27,371 BTPWorkerThread-21293 (_rx_task) root DEBUG iutctl_common.py          155   read                      : Received data: {'29'}, bytearray(b')')
2025-05-18 01:49:27,392 LT1-thread root DEBUG bap.py                    88    bap_command_rsp_succ      : received Header(svc_id=14, op=3, ctrl_index=0, data_len=1) (b')',)
2025-05-18 01:49:27,392 LT1-thread root DEBUG bap.py                    116   bap_send                  : bap_send
2025-05-18 01:49:27,392 LT1-thread root DEBUG iutctl_common.py          162   send                      : send, 14 3 0 'bytearray(b\'\\x00\\xdf(\\x1c\\xe8\\x07\\xc0\\x00)\\x00\\x01\\x02\\x03\\x04\\x05\\x06\\x07\\x08\\t\\n\\x0b\\x0c\\r\\x0e\\x0f\\x10\\x11\\x12\\x13\\x14\\x15\\x16\\x17\\x18\\x19\\x1a\\x1b\\x1c\\x1d\\x1e\\x1f !"#$%&\\\'(\')'
2025-05-18 01:49:27,393 LT1-thread root DEBUG iutctl_common.py          167   send                      : sending frame '0e0300320000df281ce807c00029000102030405060708090a0b0c0d0e0f101112131415161718191a1b1c1d1e1f202122232425262728'
2025-05-18 01:49:27,393 LT1-thread root DEBUG bap.py                    83    bap_command_rsp_succ      : bap_command_rsp_succ
2025-05-18 01:49:27,393 LT1-thread root DEBUG iutctl_common.py          326   read                      : read
2025-05-18 01:49:27,419 BTPWorkerThread-21293 (_rx_task) root DEBUG iutctl_common.py          124   read                      : Read 5 bytes
2025-05-18 01:49:27,424 BTPWorkerThread-21293 (_rx_task) root DEBUG iutctl_common.py          132   read                      : Received: hdr: Header(svc_id=0x0e, op=0x03, ctrl_index=0x00, data_len=0x01) bytearray(b'\x0e\x03\x00\x01\x00')
2025-05-18 01:49:27,440 BTPWorkerThread-21293 (_rx_task) root DEBUG iutctl_common.py          140   read                      : Read 1 bytes data
2025-05-18 01:49:27,460 BTPWorkerThread-21293 (_rx_task) root DEBUG iutctl_common.py          155   read                      : Received data: {'29'}, bytearray(b')')
2025-05-18 01:49:27,492 LT1-thread root DEBUG bap.py                    88    bap_command_rsp_succ      : received Header(svc_id=14, op=3, ctrl_index=0, data_len=1) (b')',)
2025-05-18 01:49:27,492 LT1-thread root DEBUG bap.py                    116   bap_send                  : bap_send
2025-05-18 01:49:27,492 LT1-thread root DEBUG iutctl_common.py          162   send                      : send, 14 3 0 'bytearray(b\'\\x00\\xdf(\\x1c\\xe8\\x07\\xc0\\x00)\\x00\\x01\\x02\\x03\\x04\\x05\\x06\\x07\\x08\\t\\n\\x0b\\x0c\\r\\x0e\\x0f\\x10\\x11\\x12\\x13\\x14\\x15\\x16\\x17\\x18\\x19\\x1a\\x1b\\x1c\\x1d\\x1e\\x1f !"#$%&\\\'(\')'
2025-05-18 01:49:27,492 LT1-thread root DEBUG iutctl_common.py          167   send                      : sending frame '0e0300320000df281ce807c00029000102030405060708090a0b0c0d0e0f101112131415161718191a1b1c1d1e1f202122232425262728'
2025-05-18 01:49:27,492 LT1-thread root DEBUG bap.py                    83    bap_command_rsp_succ      : bap_command_rsp_succ
2025-05-18 01:49:27,492 LT1-thread root DEBUG iutctl_common.py          326   read                      : read
2025-05-18 01:49:27,523 BTPWorkerThread-21293 (_rx_task) root DEBUG iutctl_common.py          124   read                      : Read 5 bytes
2025-05-18 01:49:27,524 BTPWorkerThread-21293 (_rx_task) root DEBUG iutctl_common.py          132   read                      : Received: hdr: Header(svc_id=0x0e, op=0x03, ctrl_index=0x00, data_len=0x01) bytearray(b'\x0e\x03\x00\x01\x00')
2025-05-18 01:49:27,534 BTPWorkerThread-21293 (_rx_task) root DEBUG iutctl_common.py          140   read                      : Read 1 bytes data
2025-05-18 01:49:27,539 BTPWorkerThread-21293 (_rx_task) root DEBUG iutctl_common.py          155   read                      : Received data: {'29'}, bytearray(b')')
2025-05-18 01:49:27,539 LT1-thread root DEBUG bap.py                    88    bap_command_rsp_succ      : received Header(svc_id=14, op=3, ctrl_index=0, data_len=1) (b')',)
2025-05-18 01:49:27,540 LT1-thread root DEBUG bap.py                    116   bap_send                  : bap_send
2025-05-18 01:49:27,540 LT1-thread root DEBUG iutctl_common.py          162   send                      : send, 14 3 0 'bytearray(b\'\\x00\\xdf(\\x1c\\xe8\\x07\\xc0\\x00)\\x00\\x01\\x02\\x03\\x04\\x05\\x06\\x07\\x08\\t\\n\\x0b\\x0c\\r\\x0e\\x0f\\x10\\x11\\x12\\x13\\x14\\x15\\x16\\x17\\x18\\x19\\x1a\\x1b\\x1c\\x1d\\x1e\\x1f !"#$%&\\\'(\')'
2025-05-18 01:49:27,540 LT1-thread root DEBUG iutctl_common.py          167   send                      : sending frame '0e0300320000df281ce807c00029000102030405060708090a0b0c0d0e0f101112131415161718191a1b1c1d1e1f202122232425262728'
2025-05-18 01:49:27,540 LT1-thread root DEBUG bap.py                    83    bap_command_rsp_succ      : bap_command_rsp_succ
2025-05-18 01:49:27,540 LT1-thread root DEBUG iutctl_common.py          326   read                      : read
2025-05-18 01:49:27,571 BTPWorkerThread-21293 (_rx_task) root DEBUG iutctl_common.py          124   read                      : Read 5 bytes
2025-05-18 01:49:27,572 BTPWorkerThread-21293 (_rx_task) root DEBUG iutctl_common.py          132   read                      : Received: hdr: Header(svc_id=0x0e, op=0x03, ctrl_index=0x00, data_len=0x01) bytearray(b'\x0e\x03\x00\x01\x00')
2025-05-18 01:49:27,572 BTPWorkerThread-21293 (_rx_task) root DEBUG iutctl_common.py          140   read                      : Read 1 bytes data
2025-05-18 01:49:27,572 BTPWorkerThread-21293 (_rx_task) root DEBUG iutctl_common.py          155   read                      : Received data: {'29'}, bytearray(b')')
2025-05-18 01:49:27,577 LT1-thread root DEBUG bap.py                    88    bap_command_rsp_succ      : received Header(svc_id=14, op=3, ctrl_index=0, data_len=1) (b')',)
2025-05-18 01:49:27,577 LT1-thread root DEBUG bap.py                    116   bap_send                  : bap_send
2025-05-18 01:49:27,577 LT1-thread root DEBUG iutctl_common.py          162   send                      : send, 14 3 0 'bytearray(b\'\\x00\\xdf(\\x1c\\xe8\\x07\\xc0\\x00)\\x00\\x01\\x02\\x03\\x04\\x05\\x06\\x07\\x08\\t\\n\\x0b\\x0c\\r\\x0e\\x0f\\x10\\x11\\x12\\x13\\x14\\x15\\x16\\x17\\x18\\x19\\x1a\\x1b\\x1c\\x1d\\x1e\\x1f !"#$%&\\\'(\')'
2025-05-18 01:49:27,577 LT1-thread root DEBUG iutctl_common.py          167   send                      : sending frame '0e0300320000df281ce807c00029000102030405060708090a0b0c0d0e0f101112131415161718191a1b1c1d1e1f202122232425262728'
2025-05-18 01:49:27,578 LT1-thread root DEBUG bap.py                    83    bap_command_rsp_succ      : bap_command_rsp_succ
2025-05-18 01:49:27,578 LT1-thread root DEBUG iutctl_common.py          326   read                      : read
2025-05-18 01:49:27,593 BTPWorkerThread-21293 (_rx_task) root DEBUG iutctl_common.py          124   read                      : Read 5 bytes
2025-05-18 01:49:27,609 BTPWorkerThread-21293 (_rx_task) root DEBUG iutctl_common.py          132   read                      : Received: hdr: Header(svc_id=0x0e, op=0x03, ctrl_index=0x00, data_len=0x01) bytearray(b'\x0e\x03\x00\x01\x00')
2025-05-18 01:49:27,655 BTPWorkerThread-21293 (_rx_task) root DEBUG iutctl_common.py          140   read                      : Read 1 bytes data
2025-05-18 01:49:27,661 BTPWorkerThread-21293 (_rx_task) root DEBUG iutctl_common.py          155   read                      : Received data: {'29'}, bytearray(b')')
2025-05-18 01:49:27,683 LT1-thread root DEBUG bap.py                    88    bap_command_rsp_succ      : received Header(svc_id=14, op=3, ctrl_index=0, data_len=1) (b')',)
2025-05-18 01:49:27,683 LT1-thread root DEBUG bap.py                    116   bap_send                  : bap_send
2025-05-18 01:49:27,683 LT1-thread root DEBUG iutctl_common.py          162   send                      : send, 14 3 0 'bytearray(b\'\\x00\\xdf(\\x1c\\xe8\\x07\\xc0\\x00)\\x00\\x01\\x02\\x03\\x04\\x05\\x06\\x07\\x08\\t\\n\\x0b\\x0c\\r\\x0e\\x0f\\x10\\x11\\x12\\x13\\x14\\x15\\x16\\x17\\x18\\x19\\x1a\\x1b\\x1c\\x1d\\x1e\\x1f !"#$%&\\\'(\')'
2025-05-18 01:49:27,683 LT1-thread root DEBUG iutctl_common.py          167   send                      : sending frame '0e0300320000df281ce807c00029000102030405060708090a0b0c0d0e0f101112131415161718191a1b1c1d1e1f202122232425262728'
2025-05-18 01:49:27,684 LT1-thread root DEBUG bap.py                    83    bap_command_rsp_succ      : bap_command_rsp_succ
2025-05-18 01:49:27,684 LT1-thread root DEBUG iutctl_common.py          326   read                      : read
2025-05-18 01:49:27,710 BTPWorkerThread-21293 (_rx_task) root DEBUG iutctl_common.py          124   read                      : Read 5 bytes
2025-05-18 01:49:27,720 BTPWorkerThread-21293 (_rx_task) root DEBUG iutctl_common.py          132   read                      : Received: hdr: Header(svc_id=0x0e, op=0x03, ctrl_index=0x00, data_len=0x01) bytearray(b'\x0e\x03\x00\x01\x00')
2025-05-18 01:49:27,736 BTPWorkerThread-21293 (_rx_task) root DEBUG iutctl_common.py          140   read                      : Read 1 bytes data
2025-05-18 01:49:27,736 BTPWorkerThread-21293 (_rx_task) root DEBUG iutctl_common.py          155   read                      : Received data: {'29'}, bytearray(b')')
2025-05-18 01:49:27,736 LT1-thread root DEBUG bap.py                    88    bap_command_rsp_succ      : received Header(svc_id=14, op=3, ctrl_index=0, data_len=1) (b')',)
2025-05-18 01:49:27,736 LT1-thread root DEBUG bap.py                    116   bap_send                  : bap_send
2025-05-18 01:49:27,737 LT1-thread root DEBUG iutctl_common.py          162   send                      : send, 14 3 0 'bytearray(b\'\\x00\\xdf(\\x1c\\xe8\\x07\\xc0\\x00)\\x00\\x01\\x02\\x03\\x04\\x05\\x06\\x07\\x08\\t\\n\\x0b\\x0c\\r\\x0e\\x0f\\x10\\x11\\x12\\x13\\x14\\x15\\x16\\x17\\x18\\x19\\x1a\\x1b\\x1c\\x1d\\x1e\\x1f !"#$%&\\\'(\')'
2025-05-18 01:49:27,737 LT1-thread root DEBUG iutctl_common.py          167   send                      : sending frame '0e0300320000df281ce807c00029000102030405060708090a0b0c0d0e0f101112131415161718191a1b1c1d1e1f202122232425262728'
2025-05-18 01:49:27,737 LT1-thread root DEBUG bap.py                    83    bap_command_rsp_succ      : bap_command_rsp_succ
2025-05-18 01:49:27,737 LT1-thread root DEBUG iutctl_common.py          326   read                      : read
2025-05-18 01:49:27,768 BTPWorkerThread-21293 (_rx_task) root DEBUG iutctl_common.py          124   read                      : Read 5 bytes
2025-05-18 01:49:27,773 BTPWorkerThread-21293 (_rx_task) root DEBUG iutctl_common.py          132   read                      : Received: hdr: Header(svc_id=0x0e, op=0x03, ctrl_index=0x00, data_len=0x01) bytearray(b'\x0e\x03\x00\x01\x00')
2025-05-18 01:49:27,799 BTPWorkerThread-21293 (_rx_task) root DEBUG iutctl_common.py          140   read                      : Read 1 bytes data
2025-05-18 01:49:27,805 BTPWorkerThread-21293 (_rx_task) root DEBUG iutctl_common.py          155   read                      : Received data: {'29'}, bytearray(b')')
2025-05-18 01:49:27,810 LT1-thread root DEBUG bap.py                    88    bap_command_rsp_succ      : received Header(svc_id=14, op=3, ctrl_index=0, data_len=1) (b')',)
2025-05-18 01:49:27,810 LT1-thread root DEBUG bap.py                    116   bap_send                  : bap_send
2025-05-18 01:49:27,810 LT1-thread root DEBUG iutctl_common.py          162   send                      : send, 14 3 0 'bytearray(b\'\\x00\\xdf(\\x1c\\xe8\\x07\\xc0\\x00)\\x00\\x01\\x02\\x03\\x04\\x05\\x06\\x07\\x08\\t\\n\\x0b\\x0c\\r\\x0e\\x0f\\x10\\x11\\x12\\x13\\x14\\x15\\x16\\x17\\x18\\x19\\x1a\\x1b\\x1c\\x1d\\x1e\\x1f !"#$%&\\\'(\')'
2025-05-18 01:49:27,810 LT1-thread root DEBUG iutctl_common.py          167   send                      : sending frame '0e0300320000df281ce807c00029000102030405060708090a0b0c0d0e0f101112131415161718191a1b1c1d1e1f202122232425262728'
2025-05-18 01:49:27,811 LT1-thread root DEBUG bap.py                    83    bap_command_rsp_succ      : bap_command_rsp_succ
2025-05-18 01:49:27,811 LT1-thread root DEBUG iutctl_common.py          326   read                      : read
2025-05-18 01:49:27,821 BTPWorkerThread-21293 (_rx_task) root DEBUG iutctl_common.py          124   read                      : Read 5 bytes
2025-05-18 01:49:27,822 BTPWorkerThread-21293 (_rx_task) root DEBUG iutctl_common.py          132   read                      : Received: hdr: Header(svc_id=0x0e, op=0x03, ctrl_index=0x00, data_len=0x01) bytearray(b'\x0e\x03\x00\x01\x00')
2025-05-18 01:49:27,822 BTPWorkerThread-21293 (_rx_task) root DEBUG iutctl_common.py          140   read                      : Read 1 bytes data
2025-05-18 01:49:27,822 BTPWorkerThread-21293 (_rx_task) root DEBUG iutctl_common.py          155   read                      : Received data: {'29'}, bytearray(b')')
2025-05-18 01:49:27,822 LT1-thread root DEBUG bap.py                    88    bap_command_rsp_succ      : received Header(svc_id=14, op=3, ctrl_index=0, data_len=1) (b')',)
2025-05-18 01:49:27,822 LT1-thread root DEBUG testcase.py               707   run_wid                   : Sending response 'Ok' to wid 114 test case BAP/BSRC/STR/BV-15-C
2025-05-18 01:49:27,823 LT1-thread root DEBUG client.py                 309   get_result                : ClientCallback.get_result run_test_case
2025-05-18 01:49:27,826 LT1-callback ClientCallback.on_implicit_send INFO client.py                 256   on_implicit_send          : 
    ********************
    BEGIN OnImplicitSend:
    project_name: BAP
    wid: 104
    test_case_name: BAP/BSRC/STR/BV-15-C
    description: Please send non connectable advertise with periodic info.
    style: MMI_Style_Ok 0x11040
2025-05-18 01:49:27,826 LT1-callback ClientCallback.on_implicit_send INFO client.py                 269   on_implicit_send          : Calling test cases on_implicit_send
2025-05-18 01:49:27,826 LT1-callback ClientCallback.on_implicit_send INFO client.py                 282   on_implicit_send          : 
    on_implicit_send returned response: WAIT
    END OnImplicitSend
    ********************
2025-05-18 01:49:28,824 LT1-thread root DEBUG testcase.py               671   run_wid                   : BAP BAP/BSRC/STR/BV-15-C on_implicit_send
2025-05-18 01:49:28,824 LT1-thread root DEBUG bap_wid.py                25    bap_wid_hdl               : bap_wid_hdl, 104, Please send non connectable advertise with periodic info., BAP/BSRC/STR/BV-15-C
2025-05-18 01:49:28,824 LT1-thread root DEBUG testcase.py               707   run_wid                   : Sending response 'Ok' to wid 104 test case BAP/BSRC/STR/BV-15-C
2025-05-18 01:49:28,825 LT1-thread root DEBUG client.py                 309   get_result                : ClientCallback.get_result run_test_case
2025-05-18 01:49:28,827 LT1-callback ClientCallback.on_implicit_send INFO client.py                 256   on_implicit_send          : 
    ********************
    BEGIN OnImplicitSend:
    project_name: BAP
    wid: 353
    test_case_name: BAP/BSRC/STR/BV-15-C
    description: Wait for Broadcast ISO request.
    style: MMI_Style_Ok_Cancel2 0x11141
2025-05-18 01:49:28,827 LT1-callback ClientCallback.on_implicit_send INFO client.py                 269   on_implicit_send          : Calling test cases on_implicit_send
2025-05-18 01:49:28,827 LT1-callback ClientCallback.on_implicit_send INFO client.py                 282   on_implicit_send          : 
    on_implicit_send returned response: WAIT
    END OnImplicitSend
    ********************
2025-05-18 01:49:29,825 LT1-thread root DEBUG testcase.py               671   run_wid                   : BAP BAP/BSRC/STR/BV-15-C on_implicit_send
2025-05-18 01:49:29,825 LT1-thread root DEBUG bap_wid.py                25    bap_wid_hdl               : bap_wid_hdl, 353, Wait for Broadcast ISO request., BAP/BSRC/STR/BV-15-C
2025-05-18 01:49:29,826 LT1-thread root DEBUG testcase.py               707   run_wid                   : Sending response 'OK' to wid 353 test case BAP/BSRC/STR/BV-15-C
2025-05-18 01:49:29,827 LT1-thread root DEBUG client.py                 309   get_result                : ClientCallback.get_result run_test_case
2025-05-18 01:49:29,829 LT1-callback ClientCallback.on_implicit_send INFO client.py                 256   on_implicit_send          : 
    ********************
    BEGIN OnImplicitSend:
    project_name: BAP
    wid: 377
    test_case_name: BAP/BSRC/STR/BV-15-C
    description: Please confirm sent streaming data...
    style: MMI_Style_Yes_No1 0x11044
2025-05-18 01:49:29,829 LT1-callback ClientCallback.on_implicit_send INFO client.py                 269   on_implicit_send          : Calling test cases on_implicit_send
2025-05-18 01:49:29,829 LT1-callback ClientCallback.on_implicit_send INFO client.py                 282   on_implicit_send          : 
    on_implicit_send returned response: WAIT
    END OnImplicitSend
    ********************
2025-05-18 01:49:30,827 LT1-thread root DEBUG testcase.py               671   run_wid                   : BAP BAP/BSRC/STR/BV-15-C on_implicit_send
2025-05-18 01:49:30,827 LT1-thread root DEBUG bap_wid.py                25    bap_wid_hdl               : bap_wid_hdl, 377, Please confirm sent streaming data..., BAP/BSRC/STR/BV-15-C
2025-05-18 01:49:30,827 LT1-thread root DEBUG testcase.py               707   run_wid                   : Sending response 'Yes' to wid 377 test case BAP/BSRC/STR/BV-15-C
2025-05-18 01:49:30,828 LT1-thread root DEBUG client.py                 309   get_result                : ClientCallback.get_result run_test_case
2025-05-18 01:49:34,440 LT1-callback ClientCallback.log INFO client.py                 232   log                       : PTS_LOGTYPE_START_TEST Start Test Case 

+109 ms
 BAP/BSRC/STR/BV-15-C BAP/BSRC/STR/BV-15-C

2025-05-18 01:49:49,399 LT1-callback ClientCallback.log INFO client.py                 232   log                       : PTS_LOGTYPE_FINAL_VERDICT Final Verdict 

+17797 ms
 BAP/BSRC/STR/BV-15-C PASS

2025-05-18 01:49:49,404 LT1-callback ClientCallback.log INFO client.py                 232   log                       : PTS_LOGTYPE_FINAL_VERDICT Encrypted Verdict 

+17797 ms
 BAP/BSRC/STR/BV-15-C A1#ZWY4MzQ5MDg3MmQwNTIxOGQzMzQ5YjY2ODA5M2MzNjQ5ZDY4NmY0Yjc2MzIzM2VkNTUyNTFhNGU4Mjg1MjI0NA==#Uz15U1UAqI0jQg4FY0X6FsZbRIz/5owzd/MWlxLTp+PcP49vqRfmV2BuvqLVc5Se

2025-05-18 01:49:49,410 LT1-callback ClientCallback.log INFO client.py                 232   log                       : PTS_LOGTYPE_END_TEST Test Case Ended 

+17797 ms
 BAP/BSRC/STR/BV-15-C BAP/BSRC/STR/BV-15-C

2025-05-18 01:49:49,474 LT1-callback root DEBUG client.py                 294   set_result                : ClientCallback, set_result, run_test_case, PASS
2025-05-18 01:49:49,474 LT1-thread root DEBUG client.py                 1066  _run_test_case            : After run_test_case error_code=0 status='PASS'
2025-05-18 01:49:49,475 LT1-thread root DEBUG testcase.py               752   post_run                  : post_run BAP BAP/BSRC/STR/BV-15-C 0
2025-05-18 01:49:49,475 LT1-thread root DEBUG testcase.py               253   start                     : Starting test function: class=<class 'autopts.ptsprojects.testcase.TestFuncCleanUp'>, func=<bound method Stack.cleanup of <autopts.ptsprojects.stack.stack.Stack object at 0x7fa2dd9d3280>> start_wid=None stop_wid=None post_wid=None skip_call=None call_count=1 args=() kwds={}
2025-05-18 01:49:49,475 LT1-thread root DEBUG testcase.py               265   start                     : Test function parameters: args=(), kwds={}
2025-05-18 01:49:49,475 LT1-thread root DEBUG testcase.py               253   start                     : Starting test function: class=<class 'autopts.ptsprojects.testcase.TestFuncCleanUp'>, func=<bound method ZephyrCtl.stop of <autopts.ptsprojects.zephyr.iutctl.ZephyrCtl object at 0x7fa2dd99f8e0>> start_wid=None stop_wid=None post_wid=None skip_call=None call_count=1 args=() kwds={}
2025-05-18 01:49:49,475 LT1-thread root DEBUG testcase.py               265   start                     : Test function parameters: args=(), kwds={}
2025-05-18 01:49:49,475 LT1-thread root DEBUG iutctl.py                 250   stop                      : <class 'autopts.ptsprojects.zephyr.iutctl.ZephyrCtl'>.stop
2025-05-18 01:49:49,575 LT1-thread root DEBUG rtt.py                    243   stop                      : <class 'autopts.rtt.RTTLogger'>.stop
2025-05-18 01:49:49,575 LT1-thread root DEBUG rtt.py                    107   stop                      : <class 'autopts.rtt.RTT'>.stop
2025-05-18 01:49:49,603 LT1-thread root DEBUG __init__.py               49    reset                     : About to reset DUT: nrfjprog -r -s 1050060770
2025-05-18 01:49:51,918 BTPWorkerThread-21293 (_rx_task) root DEBUG iutctl_common.py          124   read                      : Read 5 bytes
2025-05-18 01:49:51,919 BTPWorkerThread-21293 (_rx_task) root DEBUG iutctl_common.py          132   read                      : Received: hdr: Header(svc_id=0x00, op=0x80, ctrl_index=0xff, data_len=0x00) bytearray(b'\x00\x80\xff\x00\x00')
2025-05-18 01:49:51,919 BTPWorkerThread-21293 (_rx_task) root DEBUG iutctl_common.py          155   read                      : Received data: {''}, bytearray(b'')
2025-05-18 01:49:51,919 BTPWorkerThread-21293 (_rx_task) root DEBUG btp.py                    718   event_handler             : event_handler Header(svc_id=0, op=128, ctrl_index=255, data_len=0) (b'',)
2025-05-18 01:49:51,929 BTPWorkerThread-21293 (_rx_task) root DEBUG core.py                   28    core_iut_ready_ev         : core_iut_ready_ev
2025-05-18 01:49:51,939 LT1-thread root DEBUG iutctl.py                 268   stop                      : IUT ready event received OK
2025-05-18 01:49:51,939 LT1-thread root DEBUG iutctl_common.py          403   close                     : Waiting for _rx_worker to finish ...
2025-05-18 01:49:52,940 LT1-thread root DEBUG iutctl_common.py          403   close                     : Waiting for _rx_worker to finish ...
2025-05-18 01:49:52,940 BTPWorkerThread-21293 (_rx_task) root DEBUG iutctl_common.py          319   _rx_task                  : BTPWorkerThread-21293 (_rx_task) finishing...
2025-05-18 01:49:55,975 LT1-thread root DEBUG testcase.py               781   post_run                  : post_run, cleanup running post test case script
2025-05-18 01:49:55,976 LT1-thread root DEBUG testcase.py               791   post_run                  : post_run, run post test case script
2025-05-18 01:49:55,998 LT1-thread root DEBUG client.py                 1096  _run_test_case            : Done TestCase _run_test_case BAP BAP/BSRC/STR/BV-15-C
