< 2024/07/14 02:14:14.937242  length=6 from=0 to=5
 00 03 ff 01 00 01                                ......
--
> 2024/07/14 02:14:14.978476  length=1 from=0 to=0
 00                                               .
--
> 2024/07/14 02:14:14.978651  length=1 from=1 to=1
 03                                               .
--
> 2024/07/14 02:14:14.978703  length=1 from=2 to=2
 ff                                               .
--
> 2024/07/14 02:14:14.978746  length=1 from=3 to=3
 00                                               .
--
> 2024/07/14 02:14:14.978851  length=1 from=4 to=4
 00                                               .
--
< 2024/07/14 02:14:15.020186  length=5 from=6 to=10
 01 03 00 00 00                                   .....
--
> 2024/07/14 02:14:15.211429  length=1 from=5 to=5
 01                                               .
--
> 2024/07/14 02:14:15.211485  length=1 from=6 to=6
 03                                               .
--
> 2024/07/14 02:14:15.211655  length=1 from=7 to=7
 00                                               .
--
> 2024/07/14 02:14:15.211708  length=1 from=8 to=8
 15                                               .
--
> 2024/07/14 02:14:15.211759  length=1 from=9 to=9
 01                                               .
--
> 2024/07/14 02:14:15.211802  length=1 from=10 to=10
 c3                                               .
--
> 2024/07/14 02:14:15.211945  length=2 from=11 to=12
 51 0b                                            Q.
--
> 2024/07/14 02:14:15.212143  length=1 from=13 to=13
 1b                                               .
--
> 2024/07/14 02:14:15.212195  length=2 from=14 to=15
 b8 d7                                            ..
--
> 2024/07/14 02:14:15.212419  length=1 from=16 to=16
 13                                               .
--
> 2024/07/14 02:14:15.212471  length=1 from=17 to=17
 06                                               .
--
> 2024/07/14 02:14:15.212514  length=1 from=18 to=18
 02                                               .
--
> 2024/07/14 02:14:15.212567  length=1 from=19 to=19
 00                                               .
--
> 2024/07/14 02:14:15.212610  length=1 from=20 to=20
 13                                               .
--
> 2024/07/14 02:14:15.212784  length=1 from=21 to=21
 82                                               .
--
> 2024/07/14 02:14:15.212836  length=1 from=22 to=22
 00                                               .
--
> 2024/07/14 02:14:15.212879  length=1 from=23 to=23
 00                                               .
--
> 2024/07/14 02:14:15.213019  length=1 from=24 to=24
 00                                               .
--
> 2024/07/14 02:14:15.213168  length=1 from=25 to=25
 00                                               .
--
> 2024/07/14 02:14:15.213274  length=1 from=26 to=26
 00                                               .
--
> 2024/07/14 02:14:15.213326  length=1 from=27 to=27
 62                                               b
--
> 2024/07/14 02:14:15.213385  length=1 from=28 to=28
 74                                               t
--
> 2024/07/14 02:14:15.213520  length=1 from=29 to=29
 70                                               p
--
> 2024/07/14 02:14:15.213563  length=1 from=30 to=30
 5f                                               _
--
> 2024/07/14 02:14:15.213609  length=1 from=31 to=31
 74                                               t
--
> 2024/07/14 02:14:15.213677  length=1 from=32 to=32
 65                                               e
--
> 2024/07/14 02:14:15.213881  length=1 from=33 to=33
 73                                               s
--
> 2024/07/14 02:14:15.213924  length=1 from=34 to=34
 74                                               t
--
> 2024/07/14 02:14:15.213966  length=1 from=35 to=35
 65                                               e
--
> 2024/07/14 02:14:15.214039  length=1 from=36 to=36
 72                                               r
--
> 2024/07/14 02:14:15.214178  length=1 from=37 to=37
 00                                               .
--
> 2024/07/14 02:14:15.214248  length=1 from=38 to=38
 00                                               .
--
> 2024/07/14 02:14:15.214297  length=1 from=39 to=39
 00                                               .
--
> 2024/07/14 02:14:15.214385  length=1 from=40 to=40
 00                                               .
--
> 2024/07/14 02:14:15.214531  length=1 from=41 to=41
 00                                               .
--
> 2024/07/14 02:14:15.214574  length=1 from=42 to=42
 00                                               .
--
> 2024/07/14 02:14:15.214785  length=1 from=43 to=43
 00                                               .
--
> 2024/07/14 02:14:15.214836  length=1 from=44 to=44
 00                                               .
--
> 2024/07/14 02:14:15.214933  length=1 from=45 to=45
 00                                               .
--
> 2024/07/14 02:14:15.214984  length=1 from=46 to=46
 00                                               .
--
> 2024/07/14 02:14:15.215099  length=1 from=47 to=47
 00                                               .
--
> 2024/07/14 02:14:15.215151  length=1 from=48 to=48
 00                                               .
--
> 2024/07/14 02:14:15.215195  length=1 from=49 to=49
 00                                               .
--
> 2024/07/14 02:14:15.215249  length=1 from=50 to=50
 00                                               .
--
> 2024/07/14 02:14:15.215350  length=1 from=51 to=51
 00                                               .
--
> 2024/07/14 02:14:15.215517  length=1 from=52 to=52
 00                                               .
--
> 2024/07/14 02:14:15.215654  length=2 from=53 to=54
 00 00                                            ..
--
> 2024/07/14 02:14:15.215768  length=2 from=55 to=56
 00 00                                            ..
--
> 2024/07/14 02:14:15.215880  length=1 from=57 to=57
 00                                               .
--
> 2024/07/14 02:14:15.215999  length=1 from=58 to=58
 00                                               .
--
> 2024/07/14 02:14:15.216073  length=1 from=59 to=59
 00                                               .
--
> 2024/07/14 02:14:15.216116  length=1 from=60 to=60
 00                                               .
--
> 2024/07/14 02:14:15.216179  length=1 from=61 to=61
 00                                               .
--
> 2024/07/14 02:14:15.216317  length=1 from=62 to=62
 00                                               .
--
> 2024/07/14 02:14:15.216386  length=1 from=63 to=63
 00                                               .
--
> 2024/07/14 02:14:15.216429  length=1 from=64 to=64
 00                                               .
--
> 2024/07/14 02:14:15.216599  length=1 from=65 to=65
 00                                               .
--
> 2024/07/14 02:14:15.216657  length=1 from=66 to=66
 00                                               .
--
> 2024/07/14 02:14:15.216728  length=1 from=67 to=67
 00                                               .
--
> 2024/07/14 02:14:15.216899  length=1 from=68 to=68
 00                                               .
--
> 2024/07/14 02:14:15.217004  length=1 from=69 to=69
 00                                               .
--
> 2024/07/14 02:14:15.217056  length=1 from=70 to=70
 00                                               .
--
> 2024/07/14 02:14:15.217100  length=1 from=71 to=71
 00                                               .
--
> 2024/07/14 02:14:15.217149  length=1 from=72 to=72
 00                                               .
--
> 2024/07/14 02:14:15.217287  length=1 from=73 to=73
 00                                               .
--
> 2024/07/14 02:14:15.217397  length=1 from=74 to=74
 00                                               .
--
> 2024/07/14 02:14:15.217463  length=1 from=75 to=75
 00                                               .
--
> 2024/07/14 02:14:15.217509  length=1 from=76 to=76
 00                                               .
--
> 2024/07/14 02:14:15.217591  length=1 from=77 to=77
 00                                               .
--
> 2024/07/14 02:14:15.217727  length=1 from=78 to=78
 00                                               .
--
> 2024/07/14 02:14:15.217790  length=1 from=79 to=79
 00                                               .
--
> 2024/07/14 02:14:15.217909  length=1 from=80 to=80
 00                                               .
--
> 2024/07/14 02:14:15.217988  length=1 from=81 to=81
 00                                               .
--
> 2024/07/14 02:14:15.218061  length=1 from=82 to=82
 00                                               .
--
> 2024/07/14 02:14:15.218104  length=1 from=83 to=83
 00                                               .
--
> 2024/07/14 02:14:15.242389  length=203 from=84 to=286
 00 00 00 00 00 00 00 00 00 00 00 00 00 00 00 00  ................
 00 00 00 00 00 00 00 00 00 00 00 00 00 00 00 00  ................
 00 00 00 00 00 00 00 00 00 00 00 00 00 00 00 00  ................
 00 00 00 00 00 00 00 00 00 00 00 00 00 00 00 00  ................
 00 00 00 00 00 00 00 00 00 00 00 00 00 00 00 00  ................
 00 00 00 00 00 00 00 00 00 00 00 00 00 00 00 00  ................
 00 00 00 00 00 00 00 00 00 00 00 00 00 00 00 00  ................
 00 00 00 00 00 00 00 00 00 00 00 00 00 00 00 00  ................
 00 00 00 00 00 00 00 00 00 00 00 00 00 00 00 00  ................
 00 00 00 00 00 00 00 00 00 00 00 00 00 00 00 00  ................
 00 00 00 00 00 00 00 00 00 00 00 00 00 00 00 00  ................
 00 00 00 00 00 00 00 00 00 00 00 00 00 00 00 00  ................
 00 00 00 00 00 00 00 00 00 00 00                 ...........
--
< 2024/07/14 02:14:15.294510  length=6 from=11 to=16
 00 03 ff 01 00 02                                ......
--
> 2024/07/14 02:14:15.295465  length=2 from=287 to=288
 00 03                                            ..
--
> 2024/07/14 02:14:15.295544  length=1 from=289 to=289
 ff                                               .
--
> 2024/07/14 02:14:15.295776  length=1 from=290 to=290
 00                                               .
--
> 2024/07/14 02:14:15.295858  length=1 from=291 to=291
 00                                               .
--
< 2024/07/14 02:14:15.306892  length=6 from=17 to=22
 01 08 00 01 00 01                                ......
--
> 2024/07/14 02:14:15.307848  length=1 from=292 to=292
 01                                               .
--
> 2024/07/14 02:14:15.307932  length=1 from=293 to=293
 08                                               .
--
> 2024/07/14 02:14:15.307991  length=1 from=294 to=294
 00                                               .
--
> 2024/07/14 02:14:15.308061  length=1 from=295 to=295
 04                                               .
--
> 2024/07/14 02:14:15.308133  length=1 from=296 to=296
 00                                               .
--
> 2024/07/14 02:14:15.308204  length=1 from=297 to=297
 1b                                               .
--
> 2024/07/14 02:14:15.308399  length=1 from=298 to=298
 82                                               .
--
> 2024/07/14 02:14:15.308453  length=1 from=299 to=299
 00                                               .
--
> 2024/07/14 02:14:15.308497  length=1 from=300 to=300
 00                                               .
--
< 2024/07/14 02:14:15.365140  length=6 from=23 to=28
 00 03 ff 01 00 0c                                ......
--
> 2024/07/14 02:14:15.366757  length=1 from=301 to=301
 00                                               .
--
> 2024/07/14 02:14:15.366825  length=1 from=302 to=302
 03                                               .
--
> 2024/07/14 02:14:15.366892  length=1 from=303 to=303
 ff                                               .
--
> 2024/07/14 02:14:15.366966  length=1 from=304 to=304
 00                                               .
--
> 2024/07/14 02:14:15.367101  length=1 from=305 to=305
 00                                               .
--
< 2024/07/14 02:14:15.403299  length=6 from=29 to=34
 00 03 ff 01 00 0d                                ......
--
> 2024/07/14 02:14:15.404318  length=1 from=306 to=306
 00                                               .
--
> 2024/07/14 02:14:15.404426  length=3 from=307 to=309
 03 ff 00                                         ...
--
> 2024/07/14 02:14:15.404611  length=1 from=310 to=310
 00                                               .
--
< 2024/07/14 02:14:15.445985  length=6 from=35 to=40
 00 03 ff 01 00 0e                                ......
--
> 2024/07/14 02:14:15.447129  length=1 from=311 to=311
 00                                               .
--
> 2024/07/14 02:14:15.447184  length=1 from=312 to=312
 03                                               .
--
> 2024/07/14 02:14:15.447228  length=1 from=313 to=313
 ff                                               .
--
> 2024/07/14 02:14:15.447332  length=1 from=314 to=314
 00                                               .
--
> 2024/07/14 02:14:15.447386  length=1 from=315 to=315
 00                                               .
--
< 2024/07/14 02:14:32.492950  length=13 from=41 to=53
 01 0e 00 08 00 00 df 28 1c e8 07 c0 00           .......(.....
--
> 2024/07/14 02:14:32.495487  length=2 from=316 to=317
 01 0e                                            ..
--
> 2024/07/14 02:14:32.495669  length=3 from=318 to=320
 00 00 00                                         ...
--
> 2024/07/14 02:14:32.507099  length=1 from=321 to=321
 01                                               .
--
> 2024/07/14 02:14:32.507217  length=1 from=322 to=322
 82                                               .
--
> 2024/07/14 02:14:32.507262  length=2 from=323 to=324
 00 0d                                            ..
--
> 2024/07/14 02:14:32.507407  length=1 from=325 to=325
 00                                               .
--
> 2024/07/14 02:14:32.507468  length=1 from=326 to=326
 00                                               .
--
> 2024/07/14 02:14:32.507616  length=1 from=327 to=327
 df                                               .
--
> 2024/07/14 02:14:32.507672  length=1 from=328 to=328
 28                                               (
--
> 2024/07/14 02:14:32.507717  length=1 from=329 to=329
 1c                                               .
--
> 2024/07/14 02:14:32.507823  length=1 from=330 to=330
 e8                                               .
--
> 2024/07/14 02:14:32.507931  length=1 from=331 to=331
 07                                               .
--
> 2024/07/14 02:14:32.507984  length=1 from=332 to=332
 c0                                               .
--
> 2024/07/14 02:14:32.508084  length=1 from=333 to=333
 28                                               (
--
> 2024/07/14 02:14:32.508179  length=1 from=334 to=334
 00                                               .
--
> 2024/07/14 02:14:32.508247  length=1 from=335 to=335
 00                                               .
--
> 2024/07/14 02:14:32.508363  length=1 from=336 to=336
 00                                               .
--
> 2024/07/14 02:14:32.508470  length=1 from=337 to=337
 90                                               .
--
> 2024/07/14 02:14:32.508513  length=1 from=338 to=338
 01                                               .
--
> 2024/07/14 02:14:34.259134  length=2 from=339 to=340
 01 89                                            ..
--
> 2024/07/14 02:14:34.259224  length=1 from=341 to=341
 00                                               .
--
> 2024/07/14 02:14:34.259347  length=1 from=342 to=342
 08                                               .
--
> 2024/07/14 02:14:34.259399  length=1 from=343 to=343
 00                                               .
--
> 2024/07/14 02:14:34.259442  length=1 from=344 to=344
 00                                               .
--
> 2024/07/14 02:14:34.259533  length=1 from=345 to=345
 df                                               .
--
> 2024/07/14 02:14:34.259583  length=1 from=346 to=346
 28                                               (
--
> 2024/07/14 02:14:34.259661  length=1 from=347 to=347
 1c                                               .
--
> 2024/07/14 02:14:34.259794  length=1 from=348 to=348
 e8                                               .
--
> 2024/07/14 02:14:34.259956  length=1 from=349 to=349
 07                                               .
--
> 2024/07/14 02:14:34.260039  length=1 from=350 to=350
 c0                                               .
--
> 2024/07/14 02:14:34.260113  length=1 from=351 to=351
 02                                               .
--
< 2024/07/14 02:14:34.336842  length=12 from=54 to=65
 0e 02 00 07 00 00 df 28 1c e8 07 c0              .......(....
--
> 2024/07/14 02:14:34.338450  length=2 from=352 to=353
 0e 02                                            ..
--
> 2024/07/14 02:14:34.338653  length=1 from=354 to=354
 00                                               .
--
> 2024/07/14 02:14:34.338713  length=2 from=355 to=356
 00 00                                            ..
--
> 2024/07/14 02:14:34.709725  length=1 from=357 to=357
 0e                                               .
--
> 2024/07/14 02:14:34.709798  length=1 from=358 to=358
 81                                               .
--
> 2024/07/14 02:14:34.709892  length=2 from=359 to=360
 00 11                                            ..
--
> 2024/07/14 02:14:34.710069  length=2 from=361 to=362
 00 00                                            ..
--
> 2024/07/14 02:14:34.710132  length=1 from=363 to=363
 df                                               .
--
> 2024/07/14 02:14:34.710281  length=1 from=364 to=364
 28                                               (
--
> 2024/07/14 02:14:34.710349  length=2 from=365 to=366
 1c e8                                            ..
--
> 2024/07/14 02:14:34.710499  length=1 from=367 to=367
 07                                               .
--
> 2024/07/14 02:14:34.710638  length=1 from=368 to=368
 c0                                               .
--
> 2024/07/14 02:14:34.710700  length=1 from=369 to=369
 01                                               .
--
> 2024/07/14 02:14:34.710751  length=1 from=370 to=370
 06                                               .
--
> 2024/07/14 02:14:34.710802  length=1 from=371 to=371
 f5                                               .
--
> 2024/07/14 02:14:34.710925  length=1 from=372 to=372
 00                                               .
--
> 2024/07/14 02:14:34.710993  length=1 from=373 to=373
 03                                               .
--
> 2024/07/14 02:14:34.711060  length=1 from=374 to=374
 1a                                               .
--
> 2024/07/14 02:14:34.711129  length=1 from=375 to=375
 00                                               .
--
> 2024/07/14 02:14:34.711272  length=1 from=376 to=376
 c8                                               .
--
> 2024/07/14 02:14:34.711402  length=1 from=377 to=377
 00                                               .
--
> 2024/07/14 02:14:34.711450  length=1 from=378 to=378
 01                                               .
--
> 2024/07/14 02:14:36.809022  length=1 from=379 to=379
 0e                                               .
--
> 2024/07/14 02:14:36.809087  length=1 from=380 to=380
 82                                               .
--
> 2024/07/14 02:14:36.809131  length=2 from=381 to=382
 00 09                                            ..
--
> 2024/07/14 02:14:36.809385  length=1 from=383 to=383
 00                                               .
--
> 2024/07/14 02:14:36.809437  length=2 from=384 to=385
 00 df                                            ..
--
> 2024/07/14 02:14:36.809608  length=1 from=386 to=386
 28                                               (
--
> 2024/07/14 02:14:36.809661  length=1 from=387 to=387
 1c                                               .
--
> 2024/07/14 02:14:36.809720  length=1 from=388 to=388
 e8                                               .
--
> 2024/07/14 02:14:36.809808  length=1 from=389 to=389
 07                                               .
--
> 2024/07/14 02:14:36.809881  length=1 from=390 to=390
 c0                                               .
--
> 2024/07/14 02:14:36.810092  length=1 from=391 to=391
 01                                               .
--
> 2024/07/14 02:14:36.810178  length=1 from=392 to=392
 01                                               .
--
> 2024/07/14 02:14:38.308843  length=1 from=393 to=393
 0e                                               .
--
> 2024/07/14 02:14:38.308956  length=1 from=394 to=394
 80                                               .
--
> 2024/07/14 02:14:38.309013  length=1 from=395 to=395
 00                                               .
--
> 2024/07/14 02:14:38.309085  length=1 from=396 to=396
 08                                               .
--
> 2024/07/14 02:14:38.309226  length=1 from=397 to=397
 00                                               .
--
> 2024/07/14 02:14:38.309309  length=2 from=398 to=399
 00 df                                            ..
--
> 2024/07/14 02:14:38.309473  length=1 from=400 to=400
 28                                               (
--
> 2024/07/14 02:14:38.309526  length=1 from=401 to=401
 1c                                               .
--
> 2024/07/14 02:14:38.309569  length=1 from=402 to=402
 e8                                               .
--
> 2024/07/14 02:14:38.309611  length=1 from=403 to=403
 07                                               .
--
> 2024/07/14 02:14:38.309714  length=1 from=404 to=404
 c0                                               .
--
> 2024/07/14 02:14:38.309871  length=1 from=405 to=405
 00                                               .
--
< 2024/07/14 02:14:38.406805  length=12 from=66 to=77
 0e 11 00 07 00 00 df 28 1c e8 07 c0              .......(....
--
> 2024/07/14 02:14:38.408421  length=1 from=406 to=406
 0e                                               .
--
> 2024/07/14 02:14:38.408493  length=1 from=407 to=407
 11                                               .
--
> 2024/07/14 02:14:38.408559  length=1 from=408 to=408
 00                                               .
--
> 2024/07/14 02:14:38.408712  length=2 from=409 to=410
 00 00                                            ..
--
< 2024/07/14 02:14:38.451501  length=5 from=78 to=82
 0e 0a                                            ..
 00 00 00                                         ...
--
> 2024/07/14 02:14:38.452512  length=1 from=411 to=411
 0e                                               .
--
> 2024/07/14 02:14:38.452699  length=2 from=412 to=413
 0a                                               .
 00                                               .
--
> 2024/07/14 02:14:38.452799  length=1 from=414 to=414
 00                                               .
--
> 2024/07/14 02:14:38.452844  length=1 from=415 to=415
 00                                               .
--
< 2024/07/14 02:14:38.484639  length=5 from=83 to=87
 0e 0c 00 00 00                                   .....
--
> 2024/07/14 02:14:38.488337  length=1 from=416 to=416
 0e                                               .
--
> 2024/07/14 02:14:38.488491  length=2 from=417 to=418
 0c 00                                            ..
--
> 2024/07/14 02:14:38.488585  length=1 from=419 to=419
 00                                               .
--
> 2024/07/14 02:14:38.488675  length=1 from=420 to=420
 00                                               .
--
> 2024/07/14 02:14:39.208820  length=2 from=421 to=422
 0e 88                                            ..
--
> 2024/07/14 02:14:39.209003  length=1 from=423 to=423
 00                                               .
--
> 2024/07/14 02:14:39.209073  length=1 from=424 to=424
 07                                               .
--
> 2024/07/14 02:14:39.209176  length=1 from=425 to=425
 00                                               .
--
> 2024/07/14 02:14:39.209239  length=2 from=426 to=427
 00 df                                            ..
--
> 2024/07/14 02:14:39.209283  length=1 from=428 to=428
 28                                               (
--
> 2024/07/14 02:14:39.209445  length=1 from=429 to=429
 1c                                               .
--
> 2024/07/14 02:14:39.209542  length=1 from=430 to=430
 e8                                               .
--
> 2024/07/14 02:14:39.209688  length=1 from=431 to=431
 07                                               .
--
> 2024/07/14 02:14:39.209776  length=1 from=432 to=432
 c0                                               .
--
> 2024/07/14 02:14:47.540473  length=1 from=433 to=433
 0e                                               .
--
> 2024/07/14 02:14:47.540621  length=1 from=434 to=434
 84                                               .
--
> 2024/07/14 02:14:47.540673  length=1 from=435 to=435
 00                                               .
--
> 2024/07/14 02:14:47.540716  length=1 from=436 to=436
 0d                                               .
--
> 2024/07/14 02:14:47.540813  length=1 from=437 to=437
 00                                               .
--
> 2024/07/14 02:14:47.540994  length=1 from=438 to=438
 00                                               .
--
> 2024/07/14 02:14:47.541047  length=1 from=439 to=439
 b9                                               .
--
> 2024/07/14 02:14:47.541090  length=1 from=440 to=440
 15                                               .
--
> 2024/07/14 02:14:47.541132  length=1 from=441 to=441
 60                                               `
--
> 2024/07/14 02:14:47.541231  length=1 from=442 to=442
 e8                                               .
--
> 2024/07/14 02:14:47.541365  length=1 from=443 to=443
 07                                               .
--
> 2024/07/14 02:14:47.541418  length=1 from=444 to=444
 c0                                               .
--
> 2024/07/14 02:14:47.541548  length=1 from=445 to=445
 46                                               F
--
> 2024/07/14 02:14:47.541614  length=1 from=446 to=446
 2c                                               ,
--
> 2024/07/14 02:14:47.541659  length=1 from=447 to=447
 6b                                               k
--
> 2024/07/14 02:14:47.541719  length=1 from=448 to=448
 00                                               .
--
> 2024/07/14 02:14:47.541787  length=1 from=449 to=449
 58                                               X
--
> 2024/07/14 02:14:47.541925  length=1 from=450 to=450
 02                                               .
--
< 2024/07/14 02:14:47.628221  length=5 from=88 to=92
 0e 0d 00 00 00                                   .....
--
> 2024/07/14 02:14:47.629695  length=1 from=451 to=451
 0e                                               .
--
> 2024/07/14 02:14:47.629778  length=3 from=452 to=454
 0d 00 00                                         ...
--
> 2024/07/14 02:14:47.630005  length=1 from=455 to=455
 00                                               .
--
< 2024/07/14 02:14:47.671203  length=22 from=93 to=114
 0e 0e 00 11 00 00 b9 15 60 e8 07 c0 46 2c 6b 00  ........`...F,k.
 05 00 64 00 00 00                                ..d...
--
> 2024/07/14 02:14:47.676900  length=1 from=456 to=456
 0e                                               .
--
> 2024/07/14 02:14:47.676982  length=1 from=457 to=457
 0e                                               .
--
> 2024/07/14 02:14:47.677160  length=1 from=458 to=458
 00                                               .
--
> 2024/07/14 02:14:47.677212  length=1 from=459 to=459
 00                                               .
--
> 2024/07/14 02:14:47.677266  length=1 from=460 to=460
 00                                               .
--
> 2024/07/14 02:14:49.043204  length=1 from=461 to=461
 0e                                               .
--
> 2024/07/14 02:14:49.043299  length=2 from=462 to=463
 84 00                                            ..
--
> 2024/07/14 02:14:49.043485  length=2 from=464 to=465
 0d 00                                            ..
--
> 2024/07/14 02:14:49.043540  length=1 from=466 to=466
 00                                               .
--
> 2024/07/14 02:14:49.043715  length=2 from=467 to=468
 b9 15                                            ..
--
> 2024/07/14 02:14:49.043814  length=1 from=469 to=469
 60                                               `
--
> 2024/07/14 02:14:49.043964  length=1 from=470 to=470
 e8                                               .
--
> 2024/07/14 02:14:49.044070  length=2 from=471 to=472
 07 c0                                            ..
--
> 2024/07/14 02:14:49.044128  length=1 from=473 to=473
 46                                               F
--
> 2024/07/14 02:14:49.044281  length=2 from=474 to=475
 2c 6b                                            ,k
--
> 2024/07/14 02:14:49.044450  length=1 from=476 to=476
 00                                               .
--
> 2024/07/14 02:14:49.044517  length=2 from=477 to=478
 58 02                                            X.
--
> 2024/07/14 02:14:49.403983  length=1 from=479 to=479
 01                                               .
--
> 2024/07/14 02:14:49.404178  length=1 from=480 to=480
 8d                                               .
--
> 2024/07/14 02:14:49.404308  length=3 from=481 to=483
 00 0a                                            ..
 00                                               .
--
> 2024/07/14 02:14:49.404412  length=2 from=484 to=485
 00 b9                                            ..
--
> 2024/07/14 02:14:49.404657  length=1 from=486 to=486
 15                                               .
--
> 2024/07/14 02:14:49.404723  length=1 from=487 to=487
 60                                               `
--
> 2024/07/14 02:14:49.404798  length=2 from=488 to=489
 e8 07                                            ..
--
> 2024/07/14 02:14:49.405012  length=2 from=490 to=491
 c0 00                                            ..
--
> 2024/07/14 02:14:49.405095  length=1 from=492 to=492
 00                                               .
--
> 2024/07/14 02:14:49.405228  length=1 from=493 to=493
 00                                               .
--
> 2024/07/14 02:14:49.405294  length=1 from=494 to=494
 0e                                               .
--
> 2024/07/14 02:14:49.405441  length=1 from=495 to=495
 89                                               .
--
> 2024/07/14 02:14:49.405566  length=3 from=496 to=498
 00 16 00                                         ...
--
> 2024/07/14 02:14:49.405771  length=1 from=499 to=499
 00                                               .
--
> 2024/07/14 02:14:49.405824  length=1 from=500 to=500
 00                                               .
--
> 2024/07/14 02:14:49.405868  length=1 from=501 to=501
 00                                               .
--
> 2024/07/14 02:14:49.405924  length=1 from=502 to=502
 00                                               .
--
> 2024/07/14 02:14:49.405989  length=1 from=503 to=503
 00                                               .
--
> 2024/07/14 02:14:49.406270  length=1 from=504 to=504
 00                                               .
--
> 2024/07/14 02:14:49.406348  length=2 from=505 to=506
 00 00                                            ..
--
> 2024/07/14 02:14:49.406426  length=1 from=507 to=507
 00                                               .
--
> 2024/07/14 02:14:49.406500  length=1 from=508 to=508
 b9                                               .
--
> 2024/07/14 02:14:49.406577  length=1 from=509 to=509
 15                                               .
--
> 2024/07/14 02:14:49.406651  length=1 from=510 to=510
 60                                               `
--
> 2024/07/14 02:14:49.406881  length=1 from=511 to=511
 e8                                               .
--
> 2024/07/14 02:14:49.406980  length=2 from=512 to=513
 07 c0                                            ..
--
> 2024/07/14 02:14:49.407027  length=1 from=514 to=514
 00                                               .
--
> 2024/07/14 02:14:49.407089  length=1 from=515 to=515
 46                                               F
--
> 2024/07/14 02:14:49.407206  length=1 from=516 to=516
 2c                                               ,
--
> 2024/07/14 02:14:49.407260  length=1 from=517 to=517
 6b                                               k
--
> 2024/07/14 02:14:49.407307  length=1 from=518 to=518
 02                                               .
--
> 2024/07/14 02:14:49.407358  length=1 from=519 to=519
 00                                               .
--
> 2024/07/14 02:14:49.407532  length=1 from=520 to=520
 00                                               .
--
> 2024/07/14 02:14:49.407979  length=1 from=521 to=521
 0e                                               .
--
> 2024/07/14 02:14:49.408082  length=1 from=522 to=522
 89                                               .
--
> 2024/07/14 02:14:49.408134  length=2 from=523 to=524
 00 1f                                            ..
--
> 2024/07/14 02:14:49.408306  length=1 from=525 to=525
 00                                               .
--
> 2024/07/14 02:14:49.408358  length=1 from=526 to=526
 00                                               .
--
> 2024/07/14 02:14:49.408545  length=2 from=527 to=528
 00 00                                            ..
--
> 2024/07/14 02:14:49.408780  length=1 from=529 to=529
 00                                               .
--
> 2024/07/14 02:14:49.408832  length=2 from=530 to=531
 00 00                                            ..
--
> 2024/07/14 02:14:49.408877  length=1 from=532 to=532
 00                                               .
--
> 2024/07/14 02:14:49.408983  length=1 from=533 to=533
 00                                               .
--
> 2024/07/14 02:14:49.409035  length=1 from=534 to=534
 00                                               .
--
> 2024/07/14 02:14:49.409236  length=1 from=535 to=535
 b9                                               .
--
> 2024/07/14 02:14:49.409384  length=2 from=536 to=537
 15 60                                            .`
--
> 2024/07/14 02:14:49.409437  length=1 from=538 to=538
 e8                                               .
--
> 2024/07/14 02:14:49.409480  length=1 from=539 to=539
 07                                               .
--
> 2024/07/14 02:14:49.409541  length=1 from=540 to=540
 c0                                               .
--
> 2024/07/14 02:14:49.409642  length=1 from=541 to=541
 00                                               .
--
> 2024/07/14 02:14:49.409695  length=1 from=542 to=542
 46                                               F
--
> 2024/07/14 02:14:49.409853  length=1 from=543 to=543
 2c                                               ,
--
> 2024/07/14 02:14:49.409905  length=1 from=544 to=544
 6b                                               k
--
> 2024/07/14 02:14:49.410007  length=1 from=545 to=545
 02                                               .
--
> 2024/07/14 02:14:49.410059  length=1 from=546 to=546
 00                                               .
--
> 2024/07/14 02:14:49.410216  length=1 from=547 to=547
 01                                               .
--
> 2024/07/14 02:14:49.410261  length=1 from=548 to=548
 00                                               .
--
> 2024/07/14 02:14:49.410396  length=1 from=549 to=549
 00                                               .
--
> 2024/07/14 02:14:49.410569  length=1 from=550 to=550
 00                                               .
--
> 2024/07/14 02:14:49.410621  length=2 from=551 to=552
 00 04                                            ..
--
> 2024/07/14 02:14:49.410695  length=1 from=553 to=553
 03                                               .
--
> 2024/07/14 02:14:49.410766  length=1 from=554 to=554
 02                                               .
--
> 2024/07/14 02:14:49.410809  length=1 from=555 to=555
 04                                               .
--
> 2024/07/14 02:14:49.410922  length=1 from=556 to=556
 00                                               .
--
> 2024/07/14 02:14:49.411131  length=1 from=557 to=557
 0e                                               .
--
> 2024/07/14 02:14:49.411198  length=1 from=558 to=558
 85                                               .
--
> 2024/07/14 02:14:49.411245  length=1 from=559 to=559
 00                                               .
--
> 2024/07/14 02:14:49.411343  length=1 from=560 to=560
 1f                                               .
--
> 2024/07/14 02:14:49.411462  length=1 from=561 to=561
 00                                               .
--
> 2024/07/14 02:14:49.411528  length=1 from=562 to=562
 00                                               .
--
> 2024/07/14 02:14:49.411586  length=1 from=563 to=563
 b9                                               .
--
> 2024/07/14 02:14:49.411765  length=1 from=564 to=564
 15                                               .
--
> 2024/07/14 02:14:49.411808  length=1 from=565 to=565
 60                                               `
--
> 2024/07/14 02:14:49.445207  length=27 from=566 to=592
 e8 07 c0 46 2c 6b 40 9c 00 00 01 06 00 00 00 00  ...F,k@.........
 0a                                               .
 02 01 03 02 02 01 03 04 28 00                    ........(.
--
> 2024/07/14 02:14:50.153760  length=1 from=593 to=593
 0e                                               .
--
> 2024/07/14 02:14:50.153826  length=1 from=594 to=594
 85                                               .
--
> 2024/07/14 02:14:50.153921  length=1 from=595 to=595
 00                                               .
--
> 2024/07/14 02:14:50.153978  length=2 from=596 to=597
 1f 00                                            ..
--
> 2024/07/14 02:14:50.154163  length=2 from=598 to=599
 00 b9                                            ..
--
> 2024/07/14 02:14:50.154335  length=1 from=600 to=600
 15                                               .
--
> 2024/07/14 02:14:50.154388  length=1 from=601 to=601
 60                                               `
--
> 2024/07/14 02:14:50.154521  length=1 from=602 to=602
 e8                                               .
--
> 2024/07/14 02:14:50.154603  length=1 from=603 to=603
 07                                               .
--
> 2024/07/14 02:14:50.154660  length=2 from=604 to=605
 c0 46                                            .F
--
> 2024/07/14 02:14:50.154804  length=1 from=606 to=606
 2c                                               ,
--
> 2024/07/14 02:14:50.154946  length=1 from=607 to=607
 6b                                               k
--
> 2024/07/14 02:14:50.155012  length=1 from=608 to=608
 40                                               @
--
> 2024/07/14 02:14:50.155154  length=1 from=609 to=609
 9c                                               .
--
> 2024/07/14 02:14:50.155252  length=3 from=610 to=612
 00 00 01                                         ...
--
> 2024/07/14 02:14:50.155399  length=1 from=613 to=613
 06                                               .
--
> 2024/07/14 02:14:50.155458  length=1 from=614 to=614
 00                                               .
--
> 2024/07/14 02:14:50.155502  length=1 from=615 to=615
 00                                               .
--
> 2024/07/14 02:14:50.155600  length=1 from=616 to=616
 00                                               .
--
> 2024/07/14 02:14:50.155737  length=1 from=617 to=617
 00                                               .
--
> 2024/07/14 02:14:50.155797  length=1 from=618 to=618
 0a                                               .
--
> 2024/07/14 02:14:50.155953  length=1 from=619 to=619
 02                                               .
--
> 2024/07/14 02:14:50.156041  length=1 from=620 to=620
 01                                               .
--
> 2024/07/14 02:14:50.156113  length=1 from=621 to=621
 03                                               .
--
> 2024/07/14 02:14:50.156196  length=1 from=622 to=622
 02                                               .
--
> 2024/07/14 02:14:50.156253  length=1 from=623 to=623
 02                                               .
--
> 2024/07/14 02:14:50.156302  length=1 from=624 to=624
 01                                               .
--
> 2024/07/14 02:14:50.156396  length=1 from=625 to=625
 03                                               .
--
> 2024/07/14 02:14:50.156441  length=1 from=626 to=626
 04                                               .
--
> 2024/07/14 02:14:50.156563  length=1 from=627 to=627
 28                                               (
--
> 2024/07/14 02:14:50.156655  length=1 from=628 to=628
 00                                               .
--
> 2024/07/14 02:14:50.903647  length=1 from=629 to=629
 0e                                               .
--
> 2024/07/14 02:14:50.903774  length=1 from=630 to=630
 85                                               .
--
> 2024/07/14 02:14:50.903826  length=2 from=631 to=632
 00 1f                                            ..
--
> 2024/07/14 02:14:50.904009  length=2 from=633 to=634
 00 00                                            ..
--
> 2024/07/14 02:14:50.904140  length=1 from=635 to=635
 b9                                               .
--
> 2024/07/14 02:14:50.904310  length=1 from=636 to=636
 15                                               .
--
> 2024/07/14 02:14:50.904362  length=2 from=637 to=638
 60 e8                                            `.
--
> 2024/07/14 02:14:50.904556  length=1 from=639 to=639
 07                                               .
--
> 2024/07/14 02:14:50.904608  length=1 from=640 to=640
 c0                                               .
--
> 2024/07/14 02:14:50.904729  length=1 from=641 to=641
 46                                               F
--
> 2024/07/14 02:14:50.904782  length=1 from=642 to=642
 2c                                               ,
--
> 2024/07/14 02:14:50.904826  length=1 from=643 to=643
 6b                                               k
--
> 2024/07/14 02:14:50.904868  length=1 from=644 to=644
 40                                               @
--
> 2024/07/14 02:14:50.904938  length=1 from=645 to=645
 9c                                               .
--
> 2024/07/14 02:14:50.905095  length=1 from=646 to=646
 00                                               .
--
> 2024/07/14 02:14:50.905162  length=1 from=647 to=647
 00                                               .
--
> 2024/07/14 02:14:50.905231  length=1 from=648 to=648
 01                                               .
--
> 2024/07/14 02:14:50.905368  length=1 from=649 to=649
 06                                               .
--
> 2024/07/14 02:14:50.905476  length=1 from=650 to=650
 00                                               .
--
> 2024/07/14 02:14:50.905529  length=1 from=651 to=651
 00                                               .
--
> 2024/07/14 02:14:50.905572  length=1 from=652 to=652
 00                                               .
--
> 2024/07/14 02:14:50.905675  length=1 from=653 to=653
 00                                               .
--
> 2024/07/14 02:14:50.905826  length=1 from=654 to=654
 0a                                               .
--
> 2024/07/14 02:14:50.905901  length=1 from=655 to=655
 02                                               .
--
> 2024/07/14 02:14:50.905986  length=1 from=656 to=656
 01                                               .
--
> 2024/07/14 02:14:50.906163  length=1 from=657 to=657
 03                                               .
--
> 2024/07/14 02:14:50.906260  length=1 from=658 to=658
 02                                               .
--
> 2024/07/14 02:14:50.906334  length=3 from=659 to=661
 02 01 03                                         ...
--
> 2024/07/14 02:14:50.906566  length=1 from=662 to=662
 04                                               .
--
> 2024/07/14 02:14:50.906620  length=1 from=663 to=663
 28                                               (
--
> 2024/07/14 02:14:50.906677  length=1 from=664 to=664
 00                                               .
--
> 2024/07/14 02:14:51.653746  length=1 from=665 to=665
 0e                                               .
--
> 2024/07/14 02:14:51.653813  length=1 from=666 to=666
 85                                               .
--
> 2024/07/14 02:14:51.653857  length=1 from=667 to=667
 00                                               .
--
> 2024/07/14 02:14:51.653916  length=1 from=668 to=668
 1f                                               .
--
> 2024/07/14 02:14:51.654014  length=1 from=669 to=669
 00                                               .
--
> 2024/07/14 02:14:51.654066  length=1 from=670 to=670
 00                                               .
--
> 2024/07/14 02:14:51.654213  length=1 from=671 to=671
 b9                                               .
--
> 2024/07/14 02:14:51.654265  length=1 from=672 to=672
 15                                               .
--
> 2024/07/14 02:14:51.654308  length=1 from=673 to=673
 60                                               `
--
> 2024/07/14 02:14:51.654452  length=1 from=674 to=674
 e8                                               .
--
> 2024/07/14 02:14:51.654505  length=1 from=675 to=675
 07                                               .
--
> 2024/07/14 02:14:51.654549  length=1 from=676 to=676
 c0                                               .
--
> 2024/07/14 02:14:51.654718  length=1 from=677 to=677
 46                                               F
--
> 2024/07/14 02:14:51.654762  length=1 from=678 to=678
 2c                                               ,
--
> 2024/07/14 02:14:51.654812  length=1 from=679 to=679
 6b                                               k
--
> 2024/07/14 02:14:51.655002  length=1 from=680 to=680
 40                                               @
--
> 2024/07/14 02:14:51.655123  length=1 from=681 to=681
 9c                                               .
--
> 2024/07/14 02:14:51.655177  length=2 from=682 to=683
 00 00                                            ..
--
> 2024/07/14 02:14:51.655260  length=1 from=684 to=684
 01                                               .
--
> 2024/07/14 02:14:51.655381  length=1 from=685 to=685
 06                                               .
--
> 2024/07/14 02:14:51.655512  length=1 from=686 to=686
 00                                               .
--
> 2024/07/14 02:14:51.655556  length=1 from=687 to=687
 00                                               .
--
> 2024/07/14 02:14:51.655675  length=2 from=688 to=689
 00 00                                            ..
--
> 2024/07/14 02:14:51.655822  length=1 from=690 to=690
 0a                                               .
--
> 2024/07/14 02:14:51.655895  length=1 from=691 to=691
 02                                               .
--
> 2024/07/14 02:14:51.655974  length=1 from=692 to=692
 01                                               .
--
> 2024/07/14 02:14:51.656032  length=1 from=693 to=693
 03                                               .
--
> 2024/07/14 02:14:51.656160  length=1 from=694 to=694
 02                                               .
--
> 2024/07/14 02:14:51.656236  length=1 from=695 to=695
 02                                               .
--
> 2024/07/14 02:14:51.656424  length=1 from=696 to=696
 01                                               .
--
> 2024/07/14 02:14:51.656534  length=1 from=697 to=697
 03                                               .
--
> 2024/07/14 02:14:51.656587  length=2 from=698 to=699
 04 28                                            .(
--
> 2024/07/14 02:14:51.656788  length=1 from=700 to=700
 00                                               .
--
> 2024/07/14 02:14:52.403655  length=1 from=701 to=701
 0e                                               .
--
> 2024/07/14 02:14:52.403798  length=2 from=702 to=703
 85 00                                            ..
--
> 2024/07/14 02:14:52.403940  length=2 from=704 to=705
 1f 00                                            ..
--
> 2024/07/14 02:14:52.404071  length=1 from=706 to=706
 00                                               .
--
> 2024/07/14 02:14:52.404178  length=1 from=707 to=707
 b9                                               .
--
> 2024/07/14 02:14:52.404333  length=1 from=708 to=708
 15                                               .
--
> 2024/07/14 02:14:52.404387  length=1 from=709 to=709
 60                                               `
--
> 2024/07/14 02:14:52.404430  length=1 from=710 to=710
 e8                                               .
--
> 2024/07/14 02:14:52.404498  length=1 from=711 to=711
 07                                               .
--
> 2024/07/14 02:14:52.404596  length=1 from=712 to=712
 c0                                               .
--
> 2024/07/14 02:14:52.404645  length=1 from=713 to=713
 46                                               F
--
> 2024/07/14 02:14:52.404703  length=1 from=714 to=714
 2c                                               ,
--
> 2024/07/14 02:14:52.404850  length=1 from=715 to=715
 6b                                               k
--
> 2024/07/14 02:14:52.404919  length=1 from=716 to=716
 40                                               @
--
> 2024/07/14 02:14:52.404996  length=1 from=717 to=717
 9c                                               .
--
> 2024/07/14 02:14:52.405066  length=1 from=718 to=718
 00                                               .
--
> 2024/07/14 02:14:52.405135  length=1 from=719 to=719
 00                                               .
--
> 2024/07/14 02:14:52.405272  length=1 from=720 to=720
 01                                               .
--
> 2024/07/14 02:14:52.405351  length=1 from=721 to=721
 06                                               .
--
> 2024/07/14 02:14:52.405420  length=1 from=722 to=722
 00                                               .
--
> 2024/07/14 02:14:52.405489  length=1 from=723 to=723
 00                                               .
--
> 2024/07/14 02:14:52.405630  length=1 from=724 to=724
 00                                               .
--
> 2024/07/14 02:14:52.405699  length=1 from=725 to=725
 00                                               .
--
> 2024/07/14 02:14:52.405799  length=1 from=726 to=726
 0a                                               .
--
> 2024/07/14 02:14:52.405856  length=1 from=727 to=727
 02                                               .
--
> 2024/07/14 02:14:52.405904  length=1 from=728 to=728
 01                                               .
--
> 2024/07/14 02:14:52.406066  length=1 from=729 to=729
 03                                               .
--
> 2024/07/14 02:14:52.406131  length=1 from=730 to=730
 02                                               .
--
> 2024/07/14 02:14:52.406182  length=1 from=731 to=731
 02                                               .
--
> 2024/07/14 02:14:52.406272  length=1 from=732 to=732
 01                                               .
--
> 2024/07/14 02:14:52.406362  length=1 from=733 to=733
 03                                               .
--
> 2024/07/14 02:14:52.406501  length=1 from=734 to=734
 04                                               .
--
> 2024/07/14 02:14:52.406569  length=1 from=735 to=735
 28                                               (
--
> 2024/07/14 02:14:52.406622  length=1 from=736 to=736
 00                                               .
--
> 2024/07/14 02:14:53.153699  length=1 from=737 to=737
 0e                                               .
--
> 2024/07/14 02:14:53.153795  length=1 from=738 to=738
 85                                               .
--
> 2024/07/14 02:14:53.153883  length=1 from=739 to=739
 00                                               .
--
> 2024/07/14 02:14:53.154017  length=2 from=740 to=741
 1f 00                                            ..
--
> 2024/07/14 02:14:53.154173  length=1 from=742 to=742
 00                                               .
--
> 2024/07/14 02:14:53.154225  length=1 from=743 to=743
 b9                                               .
--
> 2024/07/14 02:14:53.154322  length=2 from=744 to=745
 15 60                                            .`
--
> 2024/07/14 02:14:53.154537  length=1 from=746 to=746
 e8                                               .
--
> 2024/07/14 02:14:53.154642  length=2 from=747 to=748
 07 c0                                            ..
--
> 2024/07/14 02:14:53.154696  length=1 from=749 to=749
 46                                               F
--
> 2024/07/14 02:14:53.154815  length=1 from=750 to=750
 2c                                               ,
--
> 2024/07/14 02:14:53.154866  length=1 from=751 to=751
 6b                                               k
--
> 2024/07/14 02:14:53.154956  length=1 from=752 to=752
 40                                               @
--
> 2024/07/14 02:14:53.155015  length=1 from=753 to=753
 9c                                               .
--
> 2024/07/14 02:14:53.155130  length=1 from=754 to=754
 00                                               .
--
> 2024/07/14 02:14:53.155198  length=1 from=755 to=755
 00                                               .
--
> 2024/07/14 02:14:53.155298  length=1 from=756 to=756
 01                                               .
--
> 2024/07/14 02:14:53.155399  length=1 from=757 to=757
 06                                               .
--
> 2024/07/14 02:14:53.155442  length=1 from=758 to=758
 00                                               .
--
> 2024/07/14 02:14:53.155524  length=1 from=759 to=759
 00                                               .
--
> 2024/07/14 02:14:53.155671  length=1 from=760 to=760
 00                                               .
--
> 2024/07/14 02:14:53.155800  length=1 from=761 to=761
 00                                               .
--
> 2024/07/14 02:14:53.155843  length=1 from=762 to=762
 0a                                               .
--
> 2024/07/14 02:14:53.156041  length=1 from=763 to=763
 02                                               .
--
> 2024/07/14 02:14:53.156141  length=1 from=764 to=764
 01                                               .
--
> 2024/07/14 02:14:53.156192  length=2 from=765 to=766
 03 02                                            ..
--
> 2024/07/14 02:14:53.156314  length=1 from=767 to=767
 02                                               .
--
> 2024/07/14 02:14:53.156387  length=2 from=768 to=769
 01 03                                            ..
--
> 2024/07/14 02:14:53.156575  length=1 from=770 to=770
 04                                               .
--
> 2024/07/14 02:14:53.156683  length=2 from=771 to=772
 28 00                                            (.
--
> 2024/07/14 02:14:53.903731  length=1 from=773 to=773
 0e                                               .
--
> 2024/07/14 02:14:53.903794  length=1 from=774 to=774
 85                                               .
--
> 2024/07/14 02:14:53.903837  length=1 from=775 to=775
 00                                               .
--
> 2024/07/14 02:14:53.904014  length=1 from=776 to=776
 1f                                               .
--
> 2024/07/14 02:14:53.904080  length=1 from=777 to=777
 00                                               .
--
> 2024/07/14 02:14:53.904123  length=1 from=778 to=778
 00                                               .
--
> 2024/07/14 02:14:53.904311  length=3 from=779 to=781
 b9 15 60                                         ..`
--
> 2024/07/14 02:14:53.904406  length=1 from=782 to=782
 e8                                               .
--
> 2024/07/14 02:14:53.904635  length=1 from=783 to=783
 07                                               .
--
> 2024/07/14 02:14:53.904701  length=2 from=784 to=785
 c0 46                                            .F
--
> 2024/07/14 02:14:53.904845  length=1 from=786 to=786
 2c                                               ,
--
> 2024/07/14 02:14:53.904899  length=1 from=787 to=787
 6b                                               k
--
> 2024/07/14 02:14:53.905031  length=1 from=788 to=788
 40                                               @
--
> 2024/07/14 02:14:53.905102  length=1 from=789 to=789
 9c                                               .
--
> 2024/07/14 02:14:53.905146  length=1 from=790 to=790
 00                                               .
--
> 2024/07/14 02:14:53.905293  length=1 from=791 to=791
 00                                               .
--
> 2024/07/14 02:14:53.905347  length=1 from=792 to=792
 01                                               .
--
> 2024/07/14 02:14:53.905392  length=1 from=793 to=793
 06                                               .
--
> 2024/07/14 02:14:53.905435  length=1 from=794 to=794
 00                                               .
--
> 2024/07/14 02:14:53.905508  length=1 from=795 to=795
 00                                               .
--
> 2024/07/14 02:14:53.905657  length=1 from=796 to=796
 00                                               .
--
> 2024/07/14 02:14:53.905772  length=1 from=797 to=797
 00                                               .
--
> 2024/07/14 02:14:53.905818  length=1 from=798 to=798
 0a                                               .
--
> 2024/07/14 02:14:53.905909  length=1 from=799 to=799
 02                                               .
--
> 2024/07/14 02:14:53.906049  length=1 from=800 to=800
 01                                               .
--
> 2024/07/14 02:14:53.906135  length=2 from=801 to=802
 03 02                                            ..
--
> 2024/07/14 02:14:53.906294  length=1 from=803 to=803
 02                                               .
--
> 2024/07/14 02:14:53.906369  length=1 from=804 to=804
 01                                               .
--
> 2024/07/14 02:14:53.906444  length=1 from=805 to=805
 03                                               .
--
> 2024/07/14 02:14:53.906546  length=1 from=806 to=806
 04                                               .
--
> 2024/07/14 02:14:53.906620  length=1 from=807 to=807
 28                                               (
--
> 2024/07/14 02:14:53.906663  length=1 from=808 to=808
 00                                               .
--
> 2024/07/14 02:14:54.653710  length=1 from=809 to=809
 0e                                               .
--
> 2024/07/14 02:14:54.653852  length=1 from=810 to=810
 85                                               .
--
> 2024/07/14 02:14:54.653976  length=2 from=811 to=812
 00 1f                                            ..
--
> 2024/07/14 02:14:54.654151  length=2 from=813 to=814
 00 00                                            ..
--
> 2024/07/14 02:14:54.654206  length=1 from=815 to=815
 b9                                               .
--
> 2024/07/14 02:14:54.654404  length=1 from=816 to=816
 15                                               .
--
> 2024/07/14 02:14:54.654499  length=2 from=817 to=818
 60 e8                                            `.
--
> 2024/07/14 02:14:54.654576  length=1 from=819 to=819
 07                                               .
--
> 2024/07/14 02:14:54.654723  length=2 from=820 to=821
 c0 46                                            .F
--
> 2024/07/14 02:14:54.654932  length=1 from=822 to=822
 2c                                               ,
--
> 2024/07/14 02:14:54.654985  length=1 from=823 to=823
 6b                                               k
--
> 2024/07/14 02:14:54.655042  length=1 from=824 to=824
 40                                               @
--
> 2024/07/14 02:14:54.655085  length=1 from=825 to=825
 9c                                               .
--
> 2024/07/14 02:14:54.655128  length=1 from=826 to=826
 00                                               .
--
> 2024/07/14 02:14:54.655288  length=1 from=827 to=827
 00                                               .
--
> 2024/07/14 02:14:54.655387  length=1 from=828 to=828
 01                                               .
--
> 2024/07/14 02:14:54.655432  length=1 from=829 to=829
 06                                               .
--
> 2024/07/14 02:14:54.655514  length=1 from=830 to=830
 00                                               .
--
> 2024/07/14 02:14:54.655560  length=1 from=831 to=831
 00                                               .
--
> 2024/07/14 02:14:54.655673  length=1 from=832 to=832
 00                                               .
--
> 2024/07/14 02:14:54.655816  length=1 from=833 to=833
 00                                               .
--
> 2024/07/14 02:14:54.655892  length=1 from=834 to=834
 0a                                               .
--
> 2024/07/14 02:14:54.655935  length=1 from=835 to=835
 02                                               .
--
> 2024/07/14 02:14:54.656007  length=1 from=836 to=836
 01                                               .
--
> 2024/07/14 02:14:54.656067  length=1 from=837 to=837
 03                                               .
--
> 2024/07/14 02:14:54.656145  length=1 from=838 to=838
 02                                               .
--
> 2024/07/14 02:14:54.656272  length=1 from=839 to=839
 02                                               .
--
> 2024/07/14 02:14:54.656317  length=1 from=840 to=840
 01                                               .
--
> 2024/07/14 02:14:54.656408  length=1 from=841 to=841
 03                                               .
--
> 2024/07/14 02:14:54.656519  length=1 from=842 to=842
 04                                               .
--
> 2024/07/14 02:14:54.656678  length=1 from=843 to=843
 28                                               (
--
> 2024/07/14 02:14:54.656736  length=1 from=844 to=844
 00                                               .
--
< 2024/07/14 02:14:54.748731  length=32 from=115 to=146
 0e 14 00 1b 00 00 df 28 1c e8 07 c0 00 b9 15 60  .......(.......`
 e8 07 c0 00 46 2c 6b 02 58 02 01 01 00 00 00 00  ....F,k.X.......
--
> 2024/07/14 02:14:54.752159  length=1 from=845 to=845
 0e                                               .
--
> 2024/07/14 02:14:54.752214  length=1 from=846 to=846
 14                                               .
--
> 2024/07/14 02:14:54.752327  length=1 from=847 to=847
 00                                               .
--
> 2024/07/14 02:14:54.752379  length=1 from=848 to=848
 00                                               .
--
> 2024/07/14 02:14:54.752542  length=1 from=849 to=849
 00                                               .
--
> 2024/07/14 02:14:55.403742  length=1 from=850 to=850
 0e                                               .
--
> 2024/07/14 02:14:55.403819  length=2 from=851 to=852
 85 00                                            ..
--
> 2024/07/14 02:14:55.404003  length=1 from=853 to=853
 1f                                               .
--
> 2024/07/14 02:14:55.404074  length=2 from=854 to=855
 00 00                                            ..
--
> 2024/07/14 02:14:55.404258  length=1 from=856 to=856
 b9                                               .
--
> 2024/07/14 02:14:55.404401  length=1 from=857 to=857
 15                                               .
--
> 2024/07/14 02:14:55.404483  length=1 from=858 to=858
 60                                               `
--
> 2024/07/14 02:14:55.404556  length=1 from=859 to=859
 e8                                               .
--
> 2024/07/14 02:14:55.404628  length=1 from=860 to=860
 07                                               .
--
> 2024/07/14 02:14:55.404700  length=1 from=861 to=861
 c0                                               .
--
> 2024/07/14 02:14:55.404744  length=2 from=862 to=863
 46 2c                                            F,
--
> 2024/07/14 02:14:55.404990  length=1 from=864 to=864
 6b                                               k
--
> 2024/07/14 02:14:55.405108  length=2 from=865 to=866
 40 9c                                            @.
--
> 2024/07/14 02:14:55.405191  length=2 from=867 to=868
 00 00                                            ..
--
> 2024/07/14 02:14:55.405325  length=1 from=869 to=869
 01                                               .
--
> 2024/07/14 02:14:55.405399  length=1 from=870 to=870
 06                                               .
--
> 2024/07/14 02:14:55.405523  length=1 from=871 to=871
 00                                               .
--
> 2024/07/14 02:14:55.405657  length=2 from=872 to=873
 00 00                                            ..
--
> 2024/07/14 02:14:55.405768  length=1 from=874 to=874
 00                                               .
--
> 2024/07/14 02:14:55.405858  length=1 from=875 to=875
 0a                                               .
--
> 2024/07/14 02:14:55.405932  length=1 from=876 to=876
 02                                               .
--
> 2024/07/14 02:14:55.406003  length=1 from=877 to=877
 01                                               .
--
> 2024/07/14 02:14:55.406046  length=1 from=878 to=878
 03                                               .
--
> 2024/07/14 02:14:55.406175  length=1 from=879 to=879
 02                                               .
--
> 2024/07/14 02:14:55.406292  length=1 from=880 to=880
 02                                               .
--
> 2024/07/14 02:14:55.406344  length=1 from=881 to=881
 01                                               .
--
> 2024/07/14 02:14:55.406392  length=1 from=882 to=882
 03                                               .
--
> 2024/07/14 02:14:55.406530  length=1 from=883 to=883
 04                                               .
--
> 2024/07/14 02:14:55.406589  length=1 from=884 to=884
 28                                               (
--
> 2024/07/14 02:14:55.406704  length=1 from=885 to=885
 00                                               .
--
> 2024/07/14 02:14:56.153724  length=1 from=886 to=886
 0e                                               .
--
> 2024/07/14 02:14:56.153871  length=1 from=887 to=887
 85                                               .
--
> 2024/07/14 02:14:56.153924  length=1 from=888 to=888
 00                                               .
--
> 2024/07/14 02:14:56.153968  length=1 from=889 to=889
 1f                                               .
--
> 2024/07/14 02:14:56.154064  length=1 from=890 to=890
 00                                               .
--
> 2024/07/14 02:14:56.154212  length=1 from=891 to=891
 00                                               .
--
> 2024/07/14 02:14:56.154264  length=1 from=892 to=892
 b9                                               .
--
> 2024/07/14 02:14:56.154317  length=1 from=893 to=893
 15                                               .
--
> 2024/07/14 02:14:56.154363  length=1 from=894 to=894
 60                                               `
--
> 2024/07/14 02:14:56.154569  length=1 from=895 to=895
 e8                                               .
--
> 2024/07/14 02:14:56.154622  length=1 from=896 to=896
 07                                               .
--
> 2024/07/14 02:14:56.154666  length=1 from=897 to=897
 c0                                               .
--
> 2024/07/14 02:14:56.154725  length=1 from=898 to=898
 46                                               F
--
> 2024/07/14 02:14:56.154848  length=1 from=899 to=899
 2c                                               ,
--
> 2024/07/14 02:14:56.154901  length=1 from=900 to=900
 6b                                               k
--
> 2024/07/14 02:14:56.154989  length=1 from=901 to=901
 40                                               @
--
> 2024/07/14 02:14:56.155067  length=1 from=902 to=902
 9c                                               .
--
> 2024/07/14 02:14:56.155114  length=1 from=903 to=903
 00                                               .
--
> 2024/07/14 02:14:56.155286  length=1 from=904 to=904
 00                                               .
--
> 2024/07/14 02:14:56.155330  length=1 from=905 to=905
 01                                               .
--
> 2024/07/14 02:14:56.155465  length=1 from=906 to=906
 06                                               .
--
> 2024/07/14 02:14:56.155668  length=3 from=907 to=909
 00 00 00                                         ...
--
> 2024/07/14 02:14:56.155837  length=1 from=910 to=910
 00                                               .
--
> 2024/07/14 02:14:56.155905  length=1 from=911 to=911
 0a                                               .
--
> 2024/07/14 02:14:56.155992  length=1 from=912 to=912
 02                                               .
--
> 2024/07/14 02:14:56.156081  length=1 from=913 to=913
 01                                               .
--
> 2024/07/14 02:14:56.156126  length=1 from=914 to=914
 03                                               .
--
> 2024/07/14 02:14:56.156183  length=1 from=915 to=915
 02                                               .
--
> 2024/07/14 02:14:56.156307  length=1 from=916 to=916
 02                                               .
--
> 2024/07/14 02:14:56.156351  length=1 from=917 to=917
 01                                               .
--
> 2024/07/14 02:14:56.156463  length=1 from=918 to=918
 03                                               .
--
> 2024/07/14 02:14:56.156509  length=1 from=919 to=919
 04                                               .
--
> 2024/07/14 02:14:56.156647  length=1 from=920 to=920
 28                                               (
--
> 2024/07/14 02:14:56.156746  length=1 from=921 to=921
 00                                               .
--
> 2024/07/14 02:14:56.903708  length=1 from=922 to=922
 0e                                               .
--
> 2024/07/14 02:14:56.903830  length=2 from=923 to=924
 85 00                                            ..
--
> 2024/07/14 02:14:56.903905  length=1 from=925 to=925
 1f                                               .
--
> 2024/07/14 02:14:56.904071  length=1 from=926 to=926
 00                                               .
--
> 2024/07/14 02:14:56.904170  length=2 from=927 to=928
 00 b9                                            ..
--
> 2024/07/14 02:14:56.904348  length=1 from=929 to=929
 15                                               .
--
> 2024/07/14 02:14:56.904401  length=1 from=930 to=930
 60                                               `
--
> 2024/07/14 02:14:56.904444  length=1 from=931 to=931
 e8                                               .
--
> 2024/07/14 02:14:56.904562  length=1 from=932 to=932
 07                                               .
--
> 2024/07/14 02:14:56.904615  length=1 from=933 to=933
 c0                                               .
--
> 2024/07/14 02:14:56.904659  length=1 from=934 to=934
 46                                               F
--
> 2024/07/14 02:14:56.904787  length=1 from=935 to=935
 2c                                               ,
--
> 2024/07/14 02:14:56.904924  length=2 from=936 to=937
 6b 40                                            k@
--
> 2024/07/14 02:14:56.905071  length=1 from=938 to=938
 9c                                               .
--
> 2024/07/14 02:14:56.905180  length=1 from=939 to=939
 00                                               .
--
> 2024/07/14 02:14:56.905322  length=1 from=940 to=940
 00                                               .
--
> 2024/07/14 02:14:56.905392  length=1 from=941 to=941
 01                                               .
--
> 2024/07/14 02:14:56.905446  length=2 from=942 to=943
 06 00                                            ..
--
> 2024/07/14 02:14:56.905631  length=1 from=944 to=944
 00                                               .
--
> 2024/07/14 02:14:56.905681  length=1 from=945 to=945
 00                                               .
--
> 2024/07/14 02:14:56.905767  length=1 from=946 to=946
 00                                               .
--
> 2024/07/14 02:14:56.905854  length=1 from=947 to=947
 0a                                               .
--
> 2024/07/14 02:14:56.905900  length=1 from=948 to=948
 02                                               .
--
> 2024/07/14 02:14:56.906020  length=1 from=949 to=949
 01                                               .
--
> 2024/07/14 02:14:56.906094  length=1 from=950 to=950
 03                                               .
--
> 2024/07/14 02:14:56.906157  length=1 from=951 to=951
 02                                               .
--
> 2024/07/14 02:14:56.906226  length=1 from=952 to=952
 02                                               .
--
> 2024/07/14 02:14:56.906295  length=1 from=953 to=953
 01                                               .
--
> 2024/07/14 02:14:56.906419  length=1 from=954 to=954
 03                                               .
--
> 2024/07/14 02:14:56.906567  length=1 from=955 to=955
 04                                               .
--
> 2024/07/14 02:14:56.906704  length=1 from=956 to=956
 28                                               (
--
> 2024/07/14 02:14:56.906757  length=1 from=957 to=957
 00                                               .
--
> 2024/07/14 02:14:57.653792  length=1 from=958 to=958
 0e                                               .
--
> 2024/07/14 02:14:57.653861  length=2 from=959 to=960
 85 00                                            ..
--
> 2024/07/14 02:14:57.654098  length=1 from=961 to=961
 1f                                               .
--
> 2024/07/14 02:14:57.654196  length=1 from=962 to=962
 00                                               .
--
> 2024/07/14 02:14:57.654271  length=2 from=963 to=964
 00 b9                                            ..
--
> 2024/07/14 02:14:57.654346  length=1 from=965 to=965
 15                                               .
--
> 2024/07/14 02:14:57.654480  length=1 from=966 to=966
 60                                               `
--
> 2024/07/14 02:14:57.654550  length=1 from=967 to=967
 e8                                               .
--
> 2024/07/14 02:14:57.654595  length=1 from=968 to=968
 07                                               .
--
> 2024/07/14 02:14:57.654639  length=1 from=969 to=969
 c0                                               .
--
> 2024/07/14 02:14:57.654690  length=1 from=970 to=970
 46                                               F
--
> 2024/07/14 02:14:57.654816  length=1 from=971 to=971
 2c                                               ,
--
> 2024/07/14 02:14:57.654978  length=2 from=972 to=973
 6b 40                                            k@
--
> 2024/07/14 02:14:57.655067  length=1 from=974 to=974
 9c                                               .
--
> 2024/07/14 02:14:57.655170  length=1 from=975 to=975
 00                                               .
--
> 2024/07/14 02:14:57.655343  length=1 from=976 to=976
 00                                               .
--
> 2024/07/14 02:14:57.655453  length=2 from=977 to=978
 01 06                                            ..
--
> 2024/07/14 02:14:57.655502  length=1 from=979 to=979
 00                                               .
--
> 2024/07/14 02:14:57.655615  length=1 from=980 to=980
 00                                               .
--
> 2024/07/14 02:14:57.655715  length=1 from=981 to=981
 00                                               .
--
> 2024/07/14 02:14:57.655760  length=1 from=982 to=982
 00                                               .
--
> 2024/07/14 02:14:57.655890  length=1 from=983 to=983
 0a                                               .
--
> 2024/07/14 02:14:57.655964  length=1 from=984 to=984
 02                                               .
--
> 2024/07/14 02:14:57.656080  length=1 from=985 to=985
 01                                               .
--
> 2024/07/14 02:14:57.656125  length=1 from=986 to=986
 03                                               .
--
> 2024/07/14 02:14:57.656168  length=1 from=987 to=987
 02                                               .
--
> 2024/07/14 02:14:57.656348  length=1 from=988 to=988
 02                                               .
--
> 2024/07/14 02:14:57.656423  length=1 from=989 to=989
 01                                               .
--
> 2024/07/14 02:14:57.656474  length=1 from=990 to=990
 03                                               .
--
> 2024/07/14 02:14:57.656553  length=1 from=991 to=991
 04                                               .
--
> 2024/07/14 02:14:57.656658  length=1 from=992 to=992
 28                                               (
--
> 2024/07/14 02:14:57.656709  length=1 from=993 to=993
 00                                               .
--
> 2024/07/14 02:14:57.708861  length=1 from=994 to=994
 0e                                               .
--
> 2024/07/14 02:14:57.708925  length=1 from=995 to=995
 89                                               .
--
> 2024/07/14 02:14:57.708977  length=1 from=996 to=996
 00                                               .
--
> 2024/07/14 02:14:57.709103  length=1 from=997 to=997
 1b                                               .
--
> 2024/07/14 02:14:57.709268  length=1 from=998 to=998
 00                                               .
--
> 2024/07/14 02:14:57.709321  length=1 from=999 to=999
 00                                               .
--
> 2024/07/14 02:14:57.709387  length=1 from=1000 to=1000
 df                                               .
--
> 2024/07/14 02:14:57.709461  length=1 from=1001 to=1001
 28                                               (
--
> 2024/07/14 02:14:57.709551  length=1 from=1002 to=1002
 1c                                               .
--
> 2024/07/14 02:14:57.709623  length=1 from=1003 to=1003
 e8                                               .
--
> 2024/07/14 02:14:57.709712  length=1 from=1004 to=1004
 07                                               .
--
> 2024/07/14 02:14:57.709784  length=1 from=1005 to=1005
 c0                                               .
--
> 2024/07/14 02:14:57.709856  length=1 from=1006 to=1006
 01                                               .
--
> 2024/07/14 02:14:57.709899  length=1 from=1007 to=1007
 00                                               .
--
> 2024/07/14 02:14:57.710103  length=1 from=1008 to=1008
 b9                                               .
--
> 2024/07/14 02:14:57.710184  length=2 from=1009 to=1010
 15 60                                            .`
--
> 2024/07/14 02:14:57.710230  length=1 from=1011 to=1011
 e8                                               .
--
> 2024/07/14 02:14:57.710323  length=1 from=1012 to=1012
 07                                               .
--
> 2024/07/14 02:14:57.710431  length=1 from=1013 to=1013
 c0                                               .
--
> 2024/07/14 02:14:57.710607  length=1 from=1014 to=1014
 00                                               .
--
> 2024/07/14 02:14:57.710672  length=1 from=1015 to=1015
 46                                               F
--
> 2024/07/14 02:14:57.710745  length=1 from=1016 to=1016
 2c                                               ,
--
> 2024/07/14 02:14:57.710830  length=1 from=1017 to=1017
 6b                                               k
--
> 2024/07/14 02:14:57.710901  length=1 from=1018 to=1018
 02                                               .
--
> 2024/07/14 02:14:57.711030  length=1 from=1019 to=1019
 00                                               .
--
> 2024/07/14 02:14:57.711175  length=2 from=1020 to=1021
 01 00                                            ..
--
> 2024/07/14 02:14:57.711231  length=1 from=1022 to=1022
 00                                               .
--
> 2024/07/14 02:14:57.711353  length=1 from=1023 to=1023
 00                                               .
--
> 2024/07/14 02:14:57.711408  length=1 from=1024 to=1024
 00                                               .
--
> 2024/07/14 02:14:57.711481  length=1 from=1025 to=1025
 00                                               .
--
> 2024/07/14 02:14:58.403760  length=1 from=1026 to=1026
 0e                                               .
--
> 2024/07/14 02:14:58.403879  length=2 from=1027 to=1028
 85 00                                            ..
--
> 2024/07/14 02:14:58.403925  length=1 from=1029 to=1029
 1f                                               .
--
> 2024/07/14 02:14:58.404022  length=1 from=1030 to=1030
 00                                               .
--
> 2024/07/14 02:14:58.404103  length=1 from=1031 to=1031
 00                                               .
--
> 2024/07/14 02:14:58.404146  length=1 from=1032 to=1032
 b9                                               .
--
> 2024/07/14 02:14:58.404263  length=1 from=1033 to=1033
 15                                               .
--
> 2024/07/14 02:14:58.404307  length=1 from=1034 to=1034
 60                                               `
--
> 2024/07/14 02:14:58.404462  length=1 from=1035 to=1035
 e8                                               .
--
> 2024/07/14 02:14:58.404552  length=1 from=1036 to=1036
 07                                               .
--
> 2024/07/14 02:14:58.404597  length=1 from=1037 to=1037
 c0                                               .
--
> 2024/07/14 02:14:58.404723  length=1 from=1038 to=1038
 46                                               F
--
> 2024/07/14 02:14:58.404812  length=1 from=1039 to=1039
 2c                                               ,
--
> 2024/07/14 02:14:58.404915  length=1 from=1040 to=1040
 6b                                               k
--
> 2024/07/14 02:14:58.404979  length=1 from=1041 to=1041
 40                                               @
--
> 2024/07/14 02:14:58.405118  length=1 from=1042 to=1042
 9c                                               .
--
> 2024/07/14 02:14:58.405162  length=1 from=1043 to=1043
 00                                               .
--
> 2024/07/14 02:14:58.405287  length=1 from=1044 to=1044
 00                                               .
--
> 2024/07/14 02:14:58.405351  length=1 from=1045 to=1045
 01                                               .
--
> 2024/07/14 02:14:58.405398  length=1 from=1046 to=1046
 06                                               .
--
> 2024/07/14 02:14:58.405546  length=1 from=1047 to=1047
 00                                               .
--
> 2024/07/14 02:14:58.405602  length=1 from=1048 to=1048
 00                                               .
--
> 2024/07/14 02:14:58.405704  length=1 from=1049 to=1049
 00                                               .
--
> 2024/07/14 02:14:58.405757  length=1 from=1050 to=1050
 00                                               .
--
> 2024/07/14 02:14:58.405839  length=1 from=1051 to=1051
 0a                                               .
--
> 2024/07/14 02:14:58.405935  length=1 from=1052 to=1052
 02                                               .
--
> 2024/07/14 02:14:58.406024  length=1 from=1053 to=1053
 01                                               .
--
> 2024/07/14 02:14:58.406111  length=1 from=1054 to=1054
 03                                               .
--
> 2024/07/14 02:14:58.406182  length=1 from=1055 to=1055
 02                                               .
--
> 2024/07/14 02:14:58.406322  length=1 from=1056 to=1056
 02                                               .
--
> 2024/07/14 02:14:58.406367  length=1 from=1057 to=1057
 01                                               .
--
> 2024/07/14 02:14:58.406435  length=1 from=1058 to=1058
 03                                               .
--
> 2024/07/14 02:14:58.406522  length=1 from=1059 to=1059
 04                                               .
--
> 2024/07/14 02:14:58.406640  length=1 from=1060 to=1060
 28                                               (
--
> 2024/07/14 02:14:58.406723  length=1 from=1061 to=1061
 00                                               .
--
> 2024/07/14 02:14:58.458856  length=1 from=1062 to=1062
 0e                                               .
--
> 2024/07/14 02:14:58.458934  length=1 from=1063 to=1063
 89                                               .
--
> 2024/07/14 02:14:58.459097  length=1 from=1064 to=1064
 00                                               .
--
> 2024/07/14 02:14:58.459180  length=1 from=1065 to=1065
 1b                                               .
--
> 2024/07/14 02:14:58.459239  length=2 from=1066 to=1067
 00 00                                            ..
--
> 2024/07/14 02:14:58.459380  length=1 from=1068 to=1068
 df                                               .
--
> 2024/07/14 02:14:58.459463  length=1 from=1069 to=1069
 28                                               (
--
> 2024/07/14 02:14:58.459507  length=1 from=1070 to=1070
 1c                                               .
--
> 2024/07/14 02:14:58.459718  length=1 from=1071 to=1071
 e8                                               .
--
> 2024/07/14 02:14:58.459787  length=1 from=1072 to=1072
 07                                               .
--
> 2024/07/14 02:14:58.459832  length=1 from=1073 to=1073
 c0                                               .
--
> 2024/07/14 02:14:58.459875  length=1 from=1074 to=1074
 01                                               .
--
> 2024/07/14 02:14:58.459926  length=1 from=1075 to=1075
 00                                               .
--
> 2024/07/14 02:14:58.460088  length=2 from=1076 to=1077
 b9 15                                            ..
--
> 2024/07/14 02:14:58.460253  length=1 from=1078 to=1078
 60                                               `
--
> 2024/07/14 02:14:58.460322  length=1 from=1079 to=1079
 e8                                               .
--
> 2024/07/14 02:14:58.460387  length=1 from=1080 to=1080
 07                                               .
--
> 2024/07/14 02:14:58.460467  length=1 from=1081 to=1081
 c0                                               .
--
> 2024/07/14 02:14:58.460565  length=1 from=1082 to=1082
 00                                               .
--
> 2024/07/14 02:14:58.460684  length=2 from=1083 to=1084
 46 2c                                            F,
--
> 2024/07/14 02:14:58.460837  length=1 from=1085 to=1085
 6b                                               k
--
> 2024/07/14 02:14:58.460930  length=1 from=1086 to=1086
 02                                               .
--
> 2024/07/14 02:14:58.460974  length=1 from=1087 to=1087
 00                                               .
--
> 2024/07/14 02:14:58.461017  length=1 from=1088 to=1088
 01                                               .
--
> 2024/07/14 02:14:58.461185  length=1 from=1089 to=1089
 00                                               .
--
> 2024/07/14 02:14:58.461261  length=1 from=1090 to=1090
 00                                               .
--
> 2024/07/14 02:14:58.461306  length=1 from=1091 to=1091
 00                                               .
--
> 2024/07/14 02:14:58.461444  length=1 from=1092 to=1092
 00                                               .
--
> 2024/07/14 02:14:58.461585  length=1 from=1093 to=1093
 00                                               .
--
> 2024/07/14 02:14:59.153732  length=1 from=1094 to=1094
 0e                                               .
--
> 2024/07/14 02:14:59.153799  length=1 from=1095 to=1095
 85                                               .
--
> 2024/07/14 02:14:59.153947  length=1 from=1096 to=1096
 00                                               .
--
> 2024/07/14 02:14:59.154058  length=1 from=1097 to=1097
 1f                                               .
--
> 2024/07/14 02:14:59.154111  length=2 from=1098 to=1099
 00 00                                            ..
--
> 2024/07/14 02:14:59.154291  length=1 from=1100 to=1100
 b9                                               .
--
> 2024/07/14 02:14:59.154366  length=1 from=1101 to=1101
 15                                               .
--
> 2024/07/14 02:14:59.154440  length=1 from=1102 to=1102
 60                                               `
--
> 2024/07/14 02:14:59.154496  length=1 from=1103 to=1103
 e8                                               .
--
> 2024/07/14 02:14:59.154555  length=1 from=1104 to=1104
 07                                               .
--
> 2024/07/14 02:14:59.154739  length=2 from=1105 to=1106
 c0 46                                            .F
--
> 2024/07/14 02:14:59.154872  length=1 from=1107 to=1107
 2c                                               ,
--
> 2024/07/14 02:14:59.155002  length=1 from=1108 to=1108
 6b                                               k
--
> 2024/07/14 02:14:59.155055  length=1 from=1109 to=1109
 40                                               @
--
> 2024/07/14 02:14:59.155108  length=1 from=1110 to=1110
 9c                                               .
--
> 2024/07/14 02:14:59.155152  length=1 from=1111 to=1111
 00                                               .
--
> 2024/07/14 02:14:59.155267  length=1 from=1112 to=1112
 00                                               .
--
> 2024/07/14 02:14:59.155351  length=1 from=1113 to=1113
 01                                               .
--
> 2024/07/14 02:14:59.155436  length=1 from=1114 to=1114
 06                                               .
--
> 2024/07/14 02:14:59.155509  length=1 from=1115 to=1115
 00                                               .
--
> 2024/07/14 02:14:59.155643  length=1 from=1116 to=1116
 00                                               .
--
> 2024/07/14 02:14:59.155716  length=1 from=1117 to=1117
 00                                               .
--
> 2024/07/14 02:14:59.155767  length=1 from=1118 to=1118
 00                                               .
--
> 2024/07/14 02:14:59.155839  length=1 from=1119 to=1119
 0a                                               .
--
> 2024/07/14 02:14:59.155909  length=1 from=1120 to=1120
 02                                               .
--
> 2024/07/14 02:14:59.156045  length=1 from=1121 to=1121
 01                                               .
--
> 2024/07/14 02:14:59.156132  length=1 from=1122 to=1122
 03                                               .
--
> 2024/07/14 02:14:59.156221  length=1 from=1123 to=1123
 02                                               .
--
> 2024/07/14 02:14:59.156316  length=1 from=1124 to=1124
 02                                               .
--
> 2024/07/14 02:14:59.156405  length=1 from=1125 to=1125
 01                                               .
--
> 2024/07/14 02:14:59.156494  length=1 from=1126 to=1126
 03                                               .
--
> 2024/07/14 02:14:59.156567  length=1 from=1127 to=1127
 04                                               .
--
> 2024/07/14 02:14:59.156637  length=1 from=1128 to=1128
 28                                               (
--
> 2024/07/14 02:14:59.156725  length=1 from=1129 to=1129
 00                                               .
--
> 2024/07/14 02:14:59.903733  length=1 from=1130 to=1130
 0e                                               .
--
> 2024/07/14 02:14:59.903829  length=1 from=1131 to=1131
 85                                               .
--
> 2024/07/14 02:14:59.903987  length=2 from=1132 to=1133
 00 1f                                            ..
--
> 2024/07/14 02:14:59.904071  length=1 from=1134 to=1134
 00                                               .
--
> 2024/07/14 02:14:59.904130  length=1 from=1135 to=1135
 00                                               .
--
> 2024/07/14 02:14:59.904173  length=1 from=1136 to=1136
 b9                                               .
--
> 2024/07/14 02:14:59.904290  length=1 from=1137 to=1137
 15                                               .
--
> 2024/07/14 02:14:59.904363  length=1 from=1138 to=1138
 60                                               `
--
> 2024/07/14 02:14:59.904536  length=1 from=1139 to=1139
 e8                                               .
--
> 2024/07/14 02:14:59.904589  length=1 from=1140 to=1140
 07                                               .
--
> 2024/07/14 02:14:59.904707  length=1 from=1141 to=1141
 c0                                               .
--
> 2024/07/14 02:14:59.904759  length=1 from=1142 to=1142
 46                                               F
--
> 2024/07/14 02:14:59.904803  length=1 from=1143 to=1143
 2c                                               ,
--
> 2024/07/14 02:14:59.904923  length=1 from=1144 to=1144
 6b                                               k
--
> 2024/07/14 02:14:59.905000  length=1 from=1145 to=1145
 40                                               @
--
> 2024/07/14 02:14:59.905103  length=1 from=1146 to=1146
 9c                                               .
--
> 2024/07/14 02:14:59.905148  length=1 from=1147 to=1147
 00                                               .
--
> 2024/07/14 02:14:59.905229  length=1 from=1148 to=1148
 00                                               .
--
> 2024/07/14 02:14:59.905322  length=1 from=1149 to=1149
 01                                               .
--
> 2024/07/14 02:14:59.905437  length=1 from=1150 to=1150
 06                                               .
--
> 2024/07/14 02:14:59.905508  length=1 from=1151 to=1151
 00                                               .
--
> 2024/07/14 02:14:59.905599  length=1 from=1152 to=1152
 00                                               .
--
> 2024/07/14 02:14:59.905688  length=1 from=1153 to=1153
 00                                               .
--
> 2024/07/14 02:14:59.905752  length=1 from=1154 to=1154
 00                                               .
--
> 2024/07/14 02:14:59.905824  length=1 from=1155 to=1155
 0a                                               .
--
> 2024/07/14 02:14:59.905893  length=1 from=1156 to=1156
 02                                               .
--
> 2024/07/14 02:14:59.905981  length=1 from=1157 to=1157
 01                                               .
--
> 2024/07/14 02:14:59.906075  length=1 from=1158 to=1158
 03                                               .
--
> 2024/07/14 02:14:59.906164  length=1 from=1159 to=1159
 02                                               .
--
> 2024/07/14 02:14:59.906253  length=1 from=1160 to=1160
 02                                               .
--
> 2024/07/14 02:14:59.906325  length=1 from=1161 to=1161
 01                                               .
--
> 2024/07/14 02:14:59.906414  length=1 from=1162 to=1162
 03                                               .
--
> 2024/07/14 02:14:59.906498  length=1 from=1163 to=1163
 04                                               .
--
> 2024/07/14 02:14:59.906574  length=1 from=1164 to=1164
 28                                               (
--
> 2024/07/14 02:14:59.906687  length=1 from=1165 to=1165
 00                                               .
--
> 2024/07/14 02:15:00.653809  length=1 from=1166 to=1166
 0e                                               .
--
> 2024/07/14 02:15:00.653938  length=2 from=1167 to=1168
 85 00                                            ..
--
> 2024/07/14 02:15:00.654054  length=1 from=1169 to=1169
 1f                                               .
--
> 2024/07/14 02:15:00.654108  length=1 from=1170 to=1170
 00                                               .
--
> 2024/07/14 02:15:00.654226  length=1 from=1171 to=1171
 00                                               .
--
> 2024/07/14 02:15:00.654279  length=1 from=1172 to=1172
 b9                                               .
--
> 2024/07/14 02:15:00.654429  length=2 from=1173 to=1174
 15 60                                            .`
--
> 2024/07/14 02:15:00.654514  length=1 from=1175 to=1175
 e8                                               .
--
> 2024/07/14 02:15:00.654664  length=1 from=1176 to=1176
 07                                               .
--
> 2024/07/14 02:15:00.654718  length=1 from=1177 to=1177
 c0                                               .
--
> 2024/07/14 02:15:00.654762  length=1 from=1178 to=1178
 46                                               F
--
> 2024/07/14 02:15:00.654859  length=1 from=1179 to=1179
 2c                                               ,
--
> 2024/07/14 02:15:00.654914  length=1 from=1180 to=1180
 6b                                               k
--
> 2024/07/14 02:15:00.655056  length=1 from=1181 to=1181
 40                                               @
--
> 2024/07/14 02:15:00.655128  length=1 from=1182 to=1182
 9c                                               .
--
> 2024/07/14 02:15:00.655190  length=1 from=1183 to=1183
 00                                               .
--
> 2024/07/14 02:15:00.655242  length=1 from=1184 to=1184
 00                                               .
--
> 2024/07/14 02:15:00.655332  length=1 from=1185 to=1185
 01                                               .
--
> 2024/07/14 02:15:00.655440  length=1 from=1186 to=1186
 06                                               .
--
> 2024/07/14 02:15:00.655514  length=1 from=1187 to=1187
 00                                               .
--
> 2024/07/14 02:15:00.655584  length=1 from=1188 to=1188
 00                                               .
--
> 2024/07/14 02:15:00.655732  length=1 from=1189 to=1189
 00                                               .
--
> 2024/07/14 02:15:00.655815  length=1 from=1190 to=1190
 00                                               .
--
> 2024/07/14 02:15:00.655860  length=1 from=1191 to=1191
 0a                                               .
--
> 2024/07/14 02:15:00.655934  length=1 from=1192 to=1192
 02                                               .
--
> 2024/07/14 02:15:00.656013  length=1 from=1193 to=1193
 01                                               .
--
> 2024/07/14 02:15:00.656126  length=1 from=1194 to=1194
 03                                               .
--
> 2024/07/14 02:15:00.656196  length=1 from=1195 to=1195
 02                                               .
--
> 2024/07/14 02:15:00.656334  length=1 from=1196 to=1196
 02                                               .
--
> 2024/07/14 02:15:00.656418  length=1 from=1197 to=1197
 01                                               .
--
> 2024/07/14 02:15:00.656511  length=1 from=1198 to=1198
 03                                               .
--
> 2024/07/14 02:15:00.656555  length=1 from=1199 to=1199
 04                                               .
--
> 2024/07/14 02:15:00.656651  length=1 from=1200 to=1200
 28                                               (
--
> 2024/07/14 02:15:00.656743  length=1 from=1201 to=1201
 00                                               .
--
> 2024/07/14 02:15:01.403754  length=1 from=1202 to=1202
 0e                                               .
--
> 2024/07/14 02:15:01.404069  length=4 from=1203 to=1206
 85 00 1f 00                                      ....
--
> 2024/07/14 02:15:01.404160  length=1 from=1207 to=1207
 00                                               .
--
> 2024/07/14 02:15:01.404206  length=1 from=1208 to=1208
 b9                                               .
--
> 2024/07/14 02:15:01.404399  length=1 from=1209 to=1209
 15                                               .
--
> 2024/07/14 02:15:01.404453  length=1 from=1210 to=1210
 60                                               `
--
> 2024/07/14 02:15:01.404562  length=1 from=1211 to=1211
 e8                                               .
--
> 2024/07/14 02:15:01.404616  length=1 from=1212 to=1212
 07                                               .
--
> 2024/07/14 02:15:01.404661  length=1 from=1213 to=1213
 c0                                               .
--
> 2024/07/14 02:15:01.404771  length=1 from=1214 to=1214
 46                                               F
--
> 2024/07/14 02:15:01.404825  length=1 from=1215 to=1215
 2c                                               ,
--
> 2024/07/14 02:15:01.404946  length=1 from=1216 to=1216
 6b                                               k
--
> 2024/07/14 02:15:01.405013  length=1 from=1217 to=1217
 40                                               @
--
> 2024/07/14 02:15:01.405108  length=1 from=1218 to=1218
 9c                                               .
--
> 2024/07/14 02:15:01.405158  length=1 from=1219 to=1219
 00                                               .
--
> 2024/07/14 02:15:01.405315  length=1 from=1220 to=1220
 00                                               .
--
> 2024/07/14 02:15:01.405371  length=1 from=1221 to=1221
 01                                               .
--
> 2024/07/14 02:15:01.405484  length=1 from=1222 to=1222
 06                                               .
--
> 2024/07/14 02:15:01.405539  length=1 from=1223 to=1223
 00                                               .
--
> 2024/07/14 02:15:01.405613  length=1 from=1224 to=1224
 00                                               .
--
> 2024/07/14 02:15:01.405659  length=1 from=1225 to=1225
 00                                               .
--
> 2024/07/14 02:15:01.405769  length=1 from=1226 to=1226
 00                                               .
--
> 2024/07/14 02:15:01.405929  length=1 from=1227 to=1227
 0a                                               .
--
> 2024/07/14 02:15:01.405973  length=1 from=1228 to=1228
 02                                               .
--
> 2024/07/14 02:15:01.406017  length=1 from=1229 to=1229
 01                                               .
--
> 2024/07/14 02:15:01.406113  length=1 from=1230 to=1230
 03                                               .
--
> 2024/07/14 02:15:01.406223  length=1 from=1231 to=1231
 02                                               .
--
> 2024/07/14 02:15:01.406389  length=1 from=1232 to=1232
 02                                               .
--
> 2024/07/14 02:15:01.406449  length=1 from=1233 to=1233
 01                                               .
--
> 2024/07/14 02:15:01.406551  length=1 from=1234 to=1234
 03                                               .
--
> 2024/07/14 02:15:01.406600  length=1 from=1235 to=1235
 04                                               .
--
> 2024/07/14 02:15:01.406644  length=1 from=1236 to=1236
 28                                               (
--
> 2024/07/14 02:15:01.406751  length=1 from=1237 to=1237
 00                                               .
--
> 2024/07/14 02:15:02.153803  length=1 from=1238 to=1238
 0e                                               .
--
> 2024/07/14 02:15:02.153911  length=2 from=1239 to=1240
 85 00                                            ..
--
> 2024/07/14 02:15:02.154069  length=1 from=1241 to=1241
 1f                                               .
--
> 2024/07/14 02:15:02.154122  length=1 from=1242 to=1242
 00                                               .
--
> 2024/07/14 02:15:02.154237  length=1 from=1243 to=1243
 00                                               .
--
> 2024/07/14 02:15:02.154291  length=1 from=1244 to=1244
 b9                                               .
--
> 2024/07/14 02:15:02.154393  length=1 from=1245 to=1245
 15                                               .
--
> 2024/07/14 02:15:02.154448  length=1 from=1246 to=1246
 60                                               `
--
> 2024/07/14 02:15:02.154556  length=1 from=1247 to=1247
 e8                                               .
--
> 2024/07/14 02:15:02.154686  length=1 from=1248 to=1248
 07                                               .
--
> 2024/07/14 02:15:02.154756  length=2 from=1249 to=1250
 c0 46                                            .F
--
> 2024/07/14 02:15:02.154849  length=1 from=1251 to=1251
 2c                                               ,
--
> 2024/07/14 02:15:02.154937  length=1 from=1252 to=1252
 6b                                               k
--
> 2024/07/14 02:15:02.155027  length=1 from=1253 to=1253
 40                                               @
--
> 2024/07/14 02:15:02.155125  length=1 from=1254 to=1254
 9c                                               .
--
> 2024/07/14 02:15:02.155206  length=1 from=1255 to=1255
 00                                               .
--
> 2024/07/14 02:15:02.155284  length=1 from=1256 to=1256
 00                                               .
--
> 2024/07/14 02:15:02.155379  length=1 from=1257 to=1257
 01                                               .
--
> 2024/07/14 02:15:02.155455  length=1 from=1258 to=1258
 06                                               .
--
> 2024/07/14 02:15:02.155527  length=1 from=1259 to=1259
 00                                               .
--
> 2024/07/14 02:15:02.155600  length=1 from=1260 to=1260
 00                                               .
--
> 2024/07/14 02:15:02.155715  length=1 from=1261 to=1261
 00                                               .
--
> 2024/07/14 02:15:02.155800  length=1 from=1262 to=1262
 00                                               .
--
> 2024/07/14 02:15:02.155872  length=1 from=1263 to=1263
 0a                                               .
--
> 2024/07/14 02:15:02.155950  length=1 from=1264 to=1264
 02                                               .
--
> 2024/07/14 02:15:02.156028  length=1 from=1265 to=1265
 01                                               .
--
> 2024/07/14 02:15:02.156139  length=1 from=1266 to=1266
 03                                               .
--
> 2024/07/14 02:15:02.156240  length=1 from=1267 to=1267
 02                                               .
--
> 2024/07/14 02:15:02.156379  length=1 from=1268 to=1268
 02                                               .
--
> 2024/07/14 02:15:02.156438  length=1 from=1269 to=1269
 01                                               .
--
> 2024/07/14 02:15:02.156525  length=1 from=1270 to=1270
 03                                               .
--
> 2024/07/14 02:15:02.156596  length=1 from=1271 to=1271
 04                                               .
--
> 2024/07/14 02:15:02.156673  length=1 from=1272 to=1272
 28                                               (
--
> 2024/07/14 02:15:02.156754  length=1 from=1273 to=1273
 00                                               .
--
> 2024/07/14 02:15:02.903793  length=1 from=1274 to=1274
 0e                                               .
--
> 2024/07/14 02:15:02.903901  length=2 from=1275 to=1276
 85 00                                            ..
--
> 2024/07/14 02:15:02.903957  length=1 from=1277 to=1277
 1f                                               .
--
> 2024/07/14 02:15:02.904014  length=1 from=1278 to=1278
 00                                               .
--
> 2024/07/14 02:15:02.904141  length=1 from=1279 to=1279
 00                                               .
--
> 2024/07/14 02:15:02.904194  length=1 from=1280 to=1280
 b9                                               .
--
> 2024/07/14 02:15:02.904315  length=1 from=1281 to=1281
 15                                               .
--
> 2024/07/14 02:15:02.904370  length=1 from=1282 to=1282
 60                                               `
--
> 2024/07/14 02:15:02.904523  length=1 from=1283 to=1283
 e8                                               .
--
> 2024/07/14 02:15:02.904606  length=1 from=1284 to=1284
 07                                               .
--
> 2024/07/14 02:15:02.904757  length=1 from=1285 to=1285
 c0                                               .
--
> 2024/07/14 02:15:02.904811  length=1 from=1286 to=1286
 46                                               F
--
> 2024/07/14 02:15:02.904940  length=2 from=1287 to=1288
 2c 6b                                            ,k
--
> 2024/07/14 02:15:02.905004  length=1 from=1289 to=1289
 40                                               @
--
> 2024/07/14 02:15:02.905091  length=1 from=1290 to=1290
 9c                                               .
--
> 2024/07/14 02:15:02.905209  length=1 from=1291 to=1291
 00                                               .
--
> 2024/07/14 02:15:02.905254  length=1 from=1292 to=1292
 00                                               .
--
> 2024/07/14 02:15:02.905354  length=1 from=1293 to=1293
 01                                               .
--
> 2024/07/14 02:15:02.905431  length=1 from=1294 to=1294
 06                                               .
--
> 2024/07/14 02:15:02.905506  length=1 from=1295 to=1295
 00                                               .
--
> 2024/07/14 02:15:02.905629  length=1 from=1296 to=1296
 00                                               .
--
> 2024/07/14 02:15:02.905748  length=1 from=1297 to=1297
 00                                               .
--
> 2024/07/14 02:15:02.905832  length=1 from=1298 to=1298
 00                                               .
--
> 2024/07/14 02:15:02.905902  length=1 from=1299 to=1299
 0a                                               .
--
> 2024/07/14 02:15:02.905969  length=1 from=1300 to=1300
 02                                               .
--
> 2024/07/14 02:15:02.906032  length=1 from=1301 to=1301
 01                                               .
--
> 2024/07/14 02:15:02.906107  length=1 from=1302 to=1302
 03                                               .
--
> 2024/07/14 02:15:02.906228  length=1 from=1303 to=1303
 02                                               .
--
> 2024/07/14 02:15:02.906353  length=1 from=1304 to=1304
 02                                               .
--
> 2024/07/14 02:15:02.906398  length=1 from=1305 to=1305
 01                                               .
--
> 2024/07/14 02:15:02.906457  length=1 from=1306 to=1306
 03                                               .
--
> 2024/07/14 02:15:02.906545  length=1 from=1307 to=1307
 04                                               .
--
> 2024/07/14 02:15:02.906636  length=1 from=1308 to=1308
 28                                               (
--
> 2024/07/14 02:15:02.906765  length=1 from=1309 to=1309
 00                                               .
--
> 2024/07/14 02:15:03.653863  length=1 from=1310 to=1310
 0e                                               .
--
> 2024/07/14 02:15:03.653956  length=2 from=1311 to=1312
 85 00                                            ..
--
> 2024/07/14 02:15:03.654021  length=1 from=1313 to=1313
 1f                                               .
--
> 2024/07/14 02:15:03.654108  length=1 from=1314 to=1314
 00                                               .
--
> 2024/07/14 02:15:03.654262  length=1 from=1315 to=1315
 00                                               .
--
> 2024/07/14 02:15:03.654339  length=1 from=1316 to=1316
 b9                                               .
--
> 2024/07/14 02:15:03.654427  length=1 from=1317 to=1317
 15                                               .
--
> 2024/07/14 02:15:03.654501  length=1 from=1318 to=1318
 60                                               `
--
> 2024/07/14 02:15:03.654545  length=1 from=1319 to=1319
 e8                                               .
--
> 2024/07/14 02:15:03.654603  length=1 from=1320 to=1320
 07                                               .
--
> 2024/07/14 02:15:03.654697  length=1 from=1321 to=1321
 c0                                               .
--
> 2024/07/14 02:15:03.654746  length=1 from=1322 to=1322
 46                                               F
--
> 2024/07/14 02:15:03.654857  length=1 from=1323 to=1323
 2c                                               ,
--
> 2024/07/14 02:15:03.654953  length=1 from=1324 to=1324
 6b                                               k
--
> 2024/07/14 02:15:03.655063  length=1 from=1325 to=1325
 40                                               @
--
> 2024/07/14 02:15:03.655144  length=1 from=1326 to=1326
 9c                                               .
--
> 2024/07/14 02:15:03.655246  length=1 from=1327 to=1327
 00                                               .
--
> 2024/07/14 02:15:03.655397  length=2 from=1328 to=1329
 00 01                                            ..
--
> 2024/07/14 02:15:03.655498  length=1 from=1330 to=1330
 06                                               .
--
> 2024/07/14 02:15:03.655591  length=1 from=1331 to=1331
 00                                               .
--
> 2024/07/14 02:15:03.655638  length=1 from=1332 to=1332
 00                                               .
--
> 2024/07/14 02:15:03.655721  length=1 from=1333 to=1333
 00                                               .
--
> 2024/07/14 02:15:03.655839  length=1 from=1334 to=1334
 00                                               .
--
> 2024/07/14 02:15:03.655908  length=1 from=1335 to=1335
 0a                                               .
--
> 2024/07/14 02:15:03.655991  length=1 from=1336 to=1336
 02                                               .
--
> 2024/07/14 02:15:03.656138  length=1 from=1337 to=1337
 01                                               .
--
> 2024/07/14 02:15:03.656183  length=1 from=1338 to=1338
 03                                               .
--
> 2024/07/14 02:15:03.656244  length=1 from=1339 to=1339
 02                                               .
--
> 2024/07/14 02:15:03.656355  length=1 from=1340 to=1340
 02                                               .
--
> 2024/07/14 02:15:03.656484  length=1 from=1341 to=1341
 01                                               .
--
> 2024/07/14 02:15:03.656596  length=1 from=1342 to=1342
 03                                               .
--
> 2024/07/14 02:15:03.656651  length=1 from=1343 to=1343
 04                                               .
--
> 2024/07/14 02:15:03.656699  length=1 from=1344 to=1344
 28                                               (
--
> 2024/07/14 02:15:03.656855  length=1 from=1345 to=1345
 00                                               .
--
> 2024/07/14 02:15:04.403755  length=1 from=1346 to=1346
 0e                                               .
--
> 2024/07/14 02:15:04.403828  length=1 from=1347 to=1347
 85                                               .
--
> 2024/07/14 02:15:04.403980  length=1 from=1348 to=1348
 00                                               .
--
> 2024/07/14 02:15:04.404034  length=1 from=1349 to=1349
 1f                                               .
--
> 2024/07/14 02:15:04.404079  length=1 from=1350 to=1350
 00                                               .
--
> 2024/07/14 02:15:04.404195  length=1 from=1351 to=1351
 00                                               .
--
> 2024/07/14 02:15:04.404267  length=1 from=1352 to=1352
 b9                                               .
--
> 2024/07/14 02:15:04.404426  length=1 from=1353 to=1353
 15                                               .
--
> 2024/07/14 02:15:04.404508  length=1 from=1354 to=1354
 60                                               `
--
> 2024/07/14 02:15:04.404553  length=1 from=1355 to=1355
 e8                                               .
--
> 2024/07/14 02:15:04.404596  length=1 from=1356 to=1356
 07                                               .
--
> 2024/07/14 02:15:04.404646  length=1 from=1357 to=1357
 c0                                               .
--
> 2024/07/14 02:15:04.404779  length=1 from=1358 to=1358
 46                                               F
--
> 2024/07/14 02:15:04.404843  length=1 from=1359 to=1359
 2c                                               ,
--
> 2024/07/14 02:15:04.405002  length=1 from=1360 to=1360
 6b                                               k
--
> 2024/07/14 02:15:04.405056  length=1 from=1361 to=1361
 40                                               @
--
> 2024/07/14 02:15:04.405159  length=1 from=1362 to=1362
 9c                                               .
--
> 2024/07/14 02:15:04.405256  length=1 from=1363 to=1363
 00                                               .
--
> 2024/07/14 02:15:04.405301  length=1 from=1364 to=1364
 00                                               .
--
> 2024/07/14 02:15:04.405368  length=1 from=1365 to=1365
 01                                               .
--
> 2024/07/14 02:15:04.405504  length=1 from=1366 to=1366
 06                                               .
--
> 2024/07/14 02:15:04.405575  length=1 from=1367 to=1367
 00                                               .
--
> 2024/07/14 02:15:04.405685  length=1 from=1368 to=1368
 00                                               .
--
> 2024/07/14 02:15:04.405730  length=1 from=1369 to=1369
 00                                               .
--
> 2024/07/14 02:15:04.405808  length=1 from=1370 to=1370
 00                                               .
--
> 2024/07/14 02:15:04.405915  length=1 from=1371 to=1371
 0a                                               .
--
> 2024/07/14 02:15:04.405976  length=1 from=1372 to=1372
 02                                               .
--
> 2024/07/14 02:15:04.406158  length=2 from=1373 to=1374
 01 03                                            ..
--
> 2024/07/14 02:15:04.406277  length=1 from=1375 to=1375
 02                                               .
--
> 2024/07/14 02:15:04.406379  length=1 from=1376 to=1376
 02                                               .
--
> 2024/07/14 02:15:04.406426  length=1 from=1377 to=1377
 01                                               .
--
> 2024/07/14 02:15:04.406493  length=1 from=1378 to=1378
 03                                               .
--
> 2024/07/14 02:15:04.406609  length=1 from=1379 to=1379
 04                                               .
--
> 2024/07/14 02:15:04.406756  length=1 from=1380 to=1380
 28                                               (
--
> 2024/07/14 02:15:04.406801  length=1 from=1381 to=1381
 00                                               .
--
> 2024/07/14 02:15:05.153848  length=1 from=1382 to=1382
 0e                                               .
--
> 2024/07/14 02:15:05.153953  length=1 from=1383 to=1383
 85                                               .
--
> 2024/07/14 02:15:05.153999  length=1 from=1384 to=1384
 00                                               .
--
> 2024/07/14 02:15:05.154098  length=1 from=1385 to=1385
 1f                                               .
--
> 2024/07/14 02:15:05.154157  length=1 from=1386 to=1386
 00                                               .
--
> 2024/07/14 02:15:05.154283  length=1 from=1387 to=1387
 00                                               .
--
> 2024/07/14 02:15:05.154393  length=2 from=1388 to=1389
 b9 15                                            ..
--
> 2024/07/14 02:15:05.154489  length=1 from=1390 to=1390
 60                                               `
--
> 2024/07/14 02:15:05.154553  length=1 from=1391 to=1391
 e8                                               .
--
> 2024/07/14 02:15:05.154630  length=1 from=1392 to=1392
 07                                               .
--
> 2024/07/14 02:15:05.154693  length=1 from=1393 to=1393
 c0                                               .
--
> 2024/07/14 02:15:05.154787  length=1 from=1394 to=1394
 46                                               F
--
> 2024/07/14 02:15:05.154880  length=1 from=1395 to=1395
 2c                                               ,
--
> 2024/07/14 02:15:05.155000  length=1 from=1396 to=1396
 6b                                               k
--
> 2024/07/14 02:15:05.155084  length=1 from=1397 to=1397
 40                                               @
--
> 2024/07/14 02:15:05.155129  length=1 from=1398 to=1398
 9c                                               .
--
> 2024/07/14 02:15:05.155201  length=1 from=1399 to=1399
 00                                               .
--
> 2024/07/14 02:15:05.155288  length=1 from=1400 to=1400
 00                                               .
--
> 2024/07/14 02:15:05.155375  length=1 from=1401 to=1401
 01                                               .
--
> 2024/07/14 02:15:05.155465  length=1 from=1402 to=1402
 06                                               .
--
> 2024/07/14 02:15:05.155555  length=1 from=1403 to=1403
 00                                               .
--
> 2024/07/14 02:15:05.155628  length=1 from=1404 to=1404
 00                                               .
--
> 2024/07/14 02:15:05.155740  length=1 from=1405 to=1405
 00                                               .
--
> 2024/07/14 02:15:05.155839  length=1 from=1406 to=1406
 00                                               .
--
> 2024/07/14 02:15:05.155909  length=1 from=1407 to=1407
 0a                                               .
--
> 2024/07/14 02:15:05.156022  length=1 from=1408 to=1408
 02                                               .
--
> 2024/07/14 02:15:05.156145  length=1 from=1409 to=1409
 01                                               .
--
> 2024/07/14 02:15:05.156199  length=1 from=1410 to=1410
 03                                               .
--
> 2024/07/14 02:15:05.156304  length=1 from=1411 to=1411
 02                                               .
--
> 2024/07/14 02:15:05.156423  length=1 from=1412 to=1412
 02                                               .
--
> 2024/07/14 02:15:05.156468  length=1 from=1413 to=1413
 01                                               .
--
> 2024/07/14 02:15:05.156526  length=1 from=1414 to=1414
 03                                               .
--
> 2024/07/14 02:15:05.156603  length=1 from=1415 to=1415
 04                                               .
--
> 2024/07/14 02:15:05.156680  length=1 from=1416 to=1416
 28                                               (
--
> 2024/07/14 02:15:05.156796  length=1 from=1417 to=1417
 00                                               .
--
> 2024/07/14 02:15:05.903828  length=1 from=1418 to=1418
 0e                                               .
--
> 2024/07/14 02:15:05.903990  length=2 from=1419 to=1420
 85 00                                            ..
--
> 2024/07/14 02:15:05.904045  length=1 from=1421 to=1421
 1f                                               .
--
> 2024/07/14 02:15:05.904208  length=2 from=1422 to=1423
 00 00                                            ..
--
> 2024/07/14 02:15:05.904292  length=1 from=1424 to=1424
 b9                                               .
--
> 2024/07/14 02:15:05.904462  length=1 from=1425 to=1425
 15                                               .
--
> 2024/07/14 02:15:05.904516  length=1 from=1426 to=1426
 60                                               `
--
> 2024/07/14 02:15:05.904629  length=1 from=1427 to=1427
 e8                                               .
--
> 2024/07/14 02:15:05.904689  length=2 from=1428 to=1429
 07 c0                                            ..
--
> 2024/07/14 02:15:05.904806  length=1 from=1430 to=1430
 46                                               F
--
> 2024/07/14 02:15:05.904920  length=1 from=1431 to=1431
 2c                                               ,
--
> 2024/07/14 02:15:05.904980  length=1 from=1432 to=1432
 6b                                               k
--
> 2024/07/14 02:15:05.905120  length=1 from=1433 to=1433
 40                                               @
--
> 2024/07/14 02:15:05.905166  length=1 from=1434 to=1434
 9c                                               .
--
> 2024/07/14 02:15:05.905257  length=1 from=1435 to=1435
 00                                               .
--
> 2024/07/14 02:15:05.905411  length=1 from=1436 to=1436
 00                                               .
--
> 2024/07/14 02:15:05.905461  length=1 from=1437 to=1437
 01                                               .
--
> 2024/07/14 02:15:05.905505  length=1 from=1438 to=1438
 06                                               .
--
> 2024/07/14 02:15:05.905602  length=1 from=1439 to=1439
 00                                               .
--
> 2024/07/14 02:15:05.905688  length=1 from=1440 to=1440
 00                                               .
--
> 2024/07/14 02:15:05.905751  length=1 from=1441 to=1441
 00                                               .
--
> 2024/07/14 02:15:05.905796  length=1 from=1442 to=1442
 00                                               .
--
> 2024/07/14 02:15:05.905869  length=1 from=1443 to=1443
 0a                                               .
--
> 2024/07/14 02:15:05.905977  length=1 from=1444 to=1444
 02                                               .
--
> 2024/07/14 02:15:05.906100  length=1 from=1445 to=1445
 01                                               .
--
> 2024/07/14 02:15:05.906145  length=1 from=1446 to=1446
 03                                               .
--
> 2024/07/14 02:15:05.906283  length=1 from=1447 to=1447
 02                                               .
--
> 2024/07/14 02:15:05.906398  length=1 from=1448 to=1448
 02                                               .
--
> 2024/07/14 02:15:05.906442  length=1 from=1449 to=1449
 01                                               .
--
> 2024/07/14 02:15:05.906512  length=1 from=1450 to=1450
 03                                               .
--
> 2024/07/14 02:15:05.906622  length=1 from=1451 to=1451
 04                                               .
--
> 2024/07/14 02:15:05.906722  length=1 from=1452 to=1452
 28                                               (
--
> 2024/07/14 02:15:05.906804  length=1 from=1453 to=1453
 00                                               .
--
> 2024/07/14 02:15:06.653852  length=1 from=1454 to=1454
 0e                                               .
--
> 2024/07/14 02:15:06.653963  length=2 from=1455 to=1456
 85 00                                            ..
--
> 2024/07/14 02:15:06.654057  length=1 from=1457 to=1457
 1f                                               .
--
> 2024/07/14 02:15:06.654117  length=1 from=1458 to=1458
 00                                               .
--
> 2024/07/14 02:15:06.654216  length=1 from=1459 to=1459
 00                                               .
--
> 2024/07/14 02:15:06.654329  length=1 from=1460 to=1460
 b9                                               .
--
> 2024/07/14 02:15:06.654499  length=1 from=1461 to=1461
 15                                               .
--
> 2024/07/14 02:15:06.654570  length=1 from=1462 to=1462
 60                                               `
--
> 2024/07/14 02:15:06.654615  length=1 from=1463 to=1463
 e8                                               .
--
> 2024/07/14 02:15:06.654717  length=1 from=1464 to=1464
 07                                               .
--
> 2024/07/14 02:15:06.654771  length=1 from=1465 to=1465
 c0                                               .
--
> 2024/07/14 02:15:06.654866  length=1 from=1466 to=1466
 46                                               F
--
> 2024/07/14 02:15:06.654951  length=1 from=1467 to=1467
 2c                                               ,
--
> 2024/07/14 02:15:06.655009  length=1 from=1468 to=1468
 6b                                               k
--
> 2024/07/14 02:15:06.655091  length=1 from=1469 to=1469
 40                                               @
--
> 2024/07/14 02:15:06.655169  length=1 from=1470 to=1470
 9c                                               .
--
> 2024/07/14 02:15:06.655265  length=1 from=1471 to=1471
 00                                               .
--
> 2024/07/14 02:15:06.655390  length=1 from=1472 to=1472
 00                                               .
--
> 2024/07/14 02:15:06.655435  length=1 from=1473 to=1473
 01                                               .
--
> 2024/07/14 02:15:06.655500  length=1 from=1474 to=1474
 06                                               .
--
> 2024/07/14 02:15:06.655594  length=1 from=1475 to=1475
 00                                               .
--
> 2024/07/14 02:15:06.655706  length=1 from=1476 to=1476
 00                                               .
--
> 2024/07/14 02:15:06.655793  length=1 from=1477 to=1477
 00                                               .
--
> 2024/07/14 02:15:06.655857  length=1 from=1478 to=1478
 00                                               .
--
> 2024/07/14 02:15:06.655949  length=1 from=1479 to=1479
 0a                                               .
--
> 2024/07/14 02:15:06.656020  length=1 from=1480 to=1480
 02                                               .
--
> 2024/07/14 02:15:06.656085  length=1 from=1481 to=1481
 01                                               .
--
> 2024/07/14 02:15:06.656174  length=1 from=1482 to=1482
 03                                               .
--
> 2024/07/14 02:15:06.656271  length=1 from=1483 to=1483
 02                                               .
--
> 2024/07/14 02:15:06.656403  length=1 from=1484 to=1484
 02                                               .
--
> 2024/07/14 02:15:06.656506  length=1 from=1485 to=1485
 01                                               .
--
> 2024/07/14 02:15:06.656570  length=1 from=1486 to=1486
 03                                               .
--
> 2024/07/14 02:15:06.656615  length=1 from=1487 to=1487
 04                                               .
--
> 2024/07/14 02:15:06.656700  length=1 from=1488 to=1488
 28                                               (
--
> 2024/07/14 02:15:06.656815  length=1 from=1489 to=1489
 00                                               .
--
> 2024/07/14 02:15:07.403827  length=1 from=1490 to=1490
 0e                                               .
--
> 2024/07/14 02:15:07.403940  length=2 from=1491 to=1492
 85 00                                            ..
--
> 2024/07/14 02:15:07.404057  length=1 from=1493 to=1493
 1f                                               .
--
> 2024/07/14 02:15:07.404111  length=1 from=1494 to=1494
 00                                               .
--
> 2024/07/14 02:15:07.404225  length=1 from=1495 to=1495
 00                                               .
--
> 2024/07/14 02:15:07.404336  length=1 from=1496 to=1496
 b9                                               .
--
> 2024/07/14 02:15:07.404408  length=1 from=1497 to=1497
 15                                               .
--
> 2024/07/14 02:15:07.404456  length=1 from=1498 to=1498
 60                                               `
--
> 2024/07/14 02:15:07.404610  length=1 from=1499 to=1499
 e8                                               .
--
> 2024/07/14 02:15:07.404665  length=1 from=1500 to=1500
 07                                               .
--
> 2024/07/14 02:15:07.404790  length=1 from=1501 to=1501
 c0                                               .
--
> 2024/07/14 02:15:07.404859  length=1 from=1502 to=1502
 46                                               F
--
> 2024/07/14 02:15:07.404906  length=1 from=1503 to=1503
 2c                                               ,
--
> 2024/07/14 02:15:07.404993  length=1 from=1504 to=1504
 6b                                               k
--
> 2024/07/14 02:15:07.405056  length=1 from=1505 to=1505
 40                                               @
--
> 2024/07/14 02:15:07.405171  length=1 from=1506 to=1506
 9c                                               .
--
> 2024/07/14 02:15:07.405280  length=1 from=1507 to=1507
 00                                               .
--
> 2024/07/14 02:15:07.405326  length=1 from=1508 to=1508
 00                                               .
--
> 2024/07/14 02:15:07.405398  length=1 from=1509 to=1509
 01                                               .
--
> 2024/07/14 02:15:07.405513  length=1 from=1510 to=1510
 06                                               .
--
> 2024/07/14 02:15:07.405582  length=1 from=1511 to=1511
 00                                               .
--
> 2024/07/14 02:15:07.405729  length=1 from=1512 to=1512
 00                                               .
--
> 2024/07/14 02:15:07.405879  length=1 from=1513 to=1513
 00                                               .
--
> 2024/07/14 02:15:07.405933  length=2 from=1514 to=1515
 00 0a                                            ..
--
> 2024/07/14 02:15:07.406099  length=1 from=1516 to=1516
 02                                               .
--
> 2024/07/14 02:15:07.406161  length=1 from=1517 to=1517
 01                                               .
--
> 2024/07/14 02:15:07.406204  length=1 from=1518 to=1518
 03                                               .
--
> 2024/07/14 02:15:07.406305  length=1 from=1519 to=1519
 02                                               .
--
> 2024/07/14 02:15:07.406400  length=1 from=1520 to=1520
 02                                               .
--
> 2024/07/14 02:15:07.406445  length=1 from=1521 to=1521
 01                                               .
--
> 2024/07/14 02:15:07.406577  length=1 from=1522 to=1522
 03                                               .
--
> 2024/07/14 02:15:07.406649  length=1 from=1523 to=1523
 04                                               .
--
> 2024/07/14 02:15:07.406722  length=1 from=1524 to=1524
 28                                               (
--
> 2024/07/14 02:15:07.406784  length=1 from=1525 to=1525
 00                                               .
--
> 2024/07/14 02:15:08.153862  length=1 from=1526 to=1526
 0e                                               .
--
> 2024/07/14 02:15:08.153968  length=2 from=1527 to=1528
 85 00                                            ..
--
> 2024/07/14 02:15:08.154092  length=1 from=1529 to=1529
 1f                                               .
--
> 2024/07/14 02:15:08.154213  length=1 from=1530 to=1530
 00                                               .
--
> 2024/07/14 02:15:08.154323  length=1 from=1531 to=1531
 00                                               .
--
> 2024/07/14 02:15:08.154368  length=1 from=1532 to=1532
 b9                                               .
--
> 2024/07/14 02:15:08.154421  length=1 from=1533 to=1533
 15                                               .
--
> 2024/07/14 02:15:08.154466  length=1 from=1534 to=1534
 60                                               `
--
> 2024/07/14 02:15:08.154616  length=1 from=1535 to=1535
 e8                                               .
--
> 2024/07/14 02:15:08.154670  length=1 from=1536 to=1536
 07                                               .
--
> 2024/07/14 02:15:08.154794  length=1 from=1537 to=1537
 c0                                               .
--
> 2024/07/14 02:15:08.154855  length=1 from=1538 to=1538
 46                                               F
--
> 2024/07/14 02:15:08.154935  length=1 from=1539 to=1539
 2c                                               ,
--
> 2024/07/14 02:15:08.155032  length=1 from=1540 to=1540
 6b                                               k
--
> 2024/07/14 02:15:08.155124  length=1 from=1541 to=1541
 40                                               @
--
> 2024/07/14 02:15:08.155242  length=1 from=1542 to=1542
 9c                                               .
--
> 2024/07/14 02:15:08.155319  length=1 from=1543 to=1543
 00                                               .
--
> 2024/07/14 02:15:08.155440  length=2 from=1544 to=1545
 00 01                                            ..
--
> 2024/07/14 02:15:08.155498  length=1 from=1546 to=1546
 06                                               .
--
> 2024/07/14 02:15:08.155627  length=1 from=1547 to=1547
 00                                               .
--
> 2024/07/14 02:15:08.155701  length=1 from=1548 to=1548
 00                                               .
--
> 2024/07/14 02:15:08.155795  length=1 from=1549 to=1549
 00                                               .
--
> 2024/07/14 02:15:08.155862  length=1 from=1550 to=1550
 00                                               .
--
> 2024/07/14 02:15:08.155927  length=1 from=1551 to=1551
 0a                                               .
--
> 2024/07/14 02:15:08.156059  length=1 from=1552 to=1552
 02                                               .
--
> 2024/07/14 02:15:08.156143  length=1 from=1553 to=1553
 01                                               .
--
> 2024/07/14 02:15:08.156234  length=1 from=1554 to=1554
 03                                               .
--
> 2024/07/14 02:15:08.156310  length=1 from=1555 to=1555
 02                                               .
--
> 2024/07/14 02:15:08.156422  length=1 from=1556 to=1556
 02                                               .
--
> 2024/07/14 02:15:08.156491  length=1 from=1557 to=1557
 01                                               .
--
> 2024/07/14 02:15:08.156581  length=1 from=1558 to=1558
 03                                               .
--
> 2024/07/14 02:15:08.156665  length=1 from=1559 to=1559
 04                                               .
--
> 2024/07/14 02:15:08.156763  length=1 from=1560 to=1560
 28                                               (
--
> 2024/07/14 02:15:08.156845  length=1 from=1561 to=1561
 00                                               .
--
> 2024/07/14 02:15:08.903887  length=1 from=1562 to=1562
 0e                                               .
--
> 2024/07/14 02:15:08.903998  length=2 from=1563 to=1564
 85 00                                            ..
--
> 2024/07/14 02:15:08.904073  length=1 from=1565 to=1565
 1f                                               .
--
> 2024/07/14 02:15:08.904181  length=1 from=1566 to=1566
 00                                               .
--
> 2024/07/14 02:15:08.904237  length=1 from=1567 to=1567
 00                                               .
--
> 2024/07/14 02:15:08.904387  length=1 from=1568 to=1568
 b9                                               .
--
> 2024/07/14 02:15:08.904446  length=1 from=1569 to=1569
 15                                               .
--
> 2024/07/14 02:15:08.904492  length=1 from=1570 to=1570
 60                                               `
--
> 2024/07/14 02:15:08.904671  length=1 from=1571 to=1571
 e8                                               .
--
> 2024/07/14 02:15:08.904741  length=2 from=1572 to=1573
 07 c0                                            ..
--
> 2024/07/14 02:15:08.904823  length=1 from=1574 to=1574
 46                                               F
--
> 2024/07/14 02:15:08.904957  length=1 from=1575 to=1575
 2c                                               ,
--
> 2024/07/14 02:15:08.905008  length=1 from=1576 to=1576
 6b                                               k
--
> 2024/07/14 02:15:08.905116  length=1 from=1577 to=1577
 40                                               @
--
> 2024/07/14 02:15:08.905167  length=1 from=1578 to=1578
 9c                                               .
--
> 2024/07/14 02:15:08.905212  length=1 from=1579 to=1579
 00                                               .
--
> 2024/07/14 02:15:08.905368  length=1 from=1580 to=1580
 00                                               .
--
> 2024/07/14 02:15:08.905442  length=1 from=1581 to=1581
 01                                               .
--
> 2024/07/14 02:15:08.905545  length=1 from=1582 to=1582
 06                                               .
--
> 2024/07/14 02:15:08.905613  length=1 from=1583 to=1583
 00                                               .
--
> 2024/07/14 02:15:08.905661  length=1 from=1584 to=1584
 00                                               .
--
> 2024/07/14 02:15:08.905789  length=1 from=1585 to=1585
 00                                               .
--
> 2024/07/14 02:15:08.905868  length=1 from=1586 to=1586
 00                                               .
--
> 2024/07/14 02:15:08.905914  length=1 from=1587 to=1587
 0a                                               .
--
> 2024/07/14 02:15:08.906008  length=1 from=1588 to=1588
 02                                               .
--
> 2024/07/14 02:15:08.906117  length=1 from=1589 to=1589
 01                                               .
--
> 2024/07/14 02:15:08.906167  length=1 from=1590 to=1590
 03                                               .
--
> 2024/07/14 02:15:08.906281  length=1 from=1591 to=1591
 02                                               .
--
> 2024/07/14 02:15:08.906446  length=1 from=1592 to=1592
 02                                               .
--
> 2024/07/14 02:15:08.906496  length=1 from=1593 to=1593
 01                                               .
--
> 2024/07/14 02:15:08.906604  length=1 from=1594 to=1594
 03                                               .
--
> 2024/07/14 02:15:08.906693  length=1 from=1595 to=1595
 04                                               .
--
> 2024/07/14 02:15:08.906778  length=1 from=1596 to=1596
 28                                               (
--
> 2024/07/14 02:15:08.906823  length=1 from=1597 to=1597
 00                                               .
--
> 2024/07/14 02:15:09.653894  length=1 from=1598 to=1598
 0e                                               .
--
> 2024/07/14 02:15:09.653974  length=1 from=1599 to=1599
 85                                               .
--
> 2024/07/14 02:15:09.654019  length=1 from=1600 to=1600
 00                                               .
--
> 2024/07/14 02:15:09.654119  length=1 from=1601 to=1601
 1f                                               .
--
> 2024/07/14 02:15:09.654230  length=1 from=1602 to=1602
 00                                               .
--
> 2024/07/14 02:15:09.654344  length=2 from=1603 to=1604
 00 b9                                            ..
--
> 2024/07/14 02:15:09.654460  length=1 from=1605 to=1605
 15                                               .
--
> 2024/07/14 02:15:09.654570  length=1 from=1606 to=1606
 60                                               `
--
> 2024/07/14 02:15:09.654624  length=1 from=1607 to=1607
 e8                                               .
--
> 2024/07/14 02:15:09.654668  length=1 from=1608 to=1608
 07                                               .
--
> 2024/07/14 02:15:09.654808  length=1 from=1609 to=1609
 c0                                               .
--
> 2024/07/14 02:15:09.654896  length=1 from=1610 to=1610
 46                                               F
--
> 2024/07/14 02:15:09.654984  length=1 from=1611 to=1611
 2c                                               ,
--
> 2024/07/14 02:15:09.655033  length=1 from=1612 to=1612
 6b                                               k
--
> 2024/07/14 02:15:09.655140  length=1 from=1613 to=1613
 40                                               @
--
> 2024/07/14 02:15:09.655195  length=1 from=1614 to=1614
 9c                                               .
--
> 2024/07/14 02:15:09.655355  length=1 from=1615 to=1615
 00                                               .
--
> 2024/07/14 02:15:09.655399  length=1 from=1616 to=1616
 00                                               .
--
> 2024/07/14 02:15:09.655442  length=1 from=1617 to=1617
 01                                               .
--
> 2024/07/14 02:15:09.655559  length=1 from=1618 to=1618
 06                                               .
--
> 2024/07/14 02:15:09.655672  length=1 from=1619 to=1619
 00                                               .
--
> 2024/07/14 02:15:09.655733  length=1 from=1620 to=1620
 00                                               .
--
> 2024/07/14 02:15:09.655849  length=1 from=1621 to=1621
 00                                               .
--
> 2024/07/14 02:15:09.655899  length=1 from=1622 to=1622
 00                                               .
--
> 2024/07/14 02:15:09.656007  length=1 from=1623 to=1623
 0a                                               .
--
> 2024/07/14 02:15:09.656081  length=1 from=1624 to=1624
 02                                               .
--
> 2024/07/14 02:15:09.656207  length=1 from=1625 to=1625
 01                                               .
--
> 2024/07/14 02:15:09.656286  length=1 from=1626 to=1626
 03                                               .
--
> 2024/07/14 02:15:09.656331  length=1 from=1627 to=1627
 02                                               .
--
> 2024/07/14 02:15:09.656431  length=1 from=1628 to=1628
 02                                               .
--
> 2024/07/14 02:15:09.656571  length=1 from=1629 to=1629
 01                                               .
--
> 2024/07/14 02:15:09.656618  length=1 from=1630 to=1630
 03                                               .
--
> 2024/07/14 02:15:09.656661  length=1 from=1631 to=1631
 04                                               .
--
> 2024/07/14 02:15:09.656762  length=1 from=1632 to=1632
 28                                               (
--
> 2024/07/14 02:15:09.656871  length=1 from=1633 to=1633
 00                                               .
--
> 2024/07/14 02:15:10.403893  length=1 from=1634 to=1634
 0e                                               .
--
> 2024/07/14 02:15:10.403961  length=2 from=1635 to=1636
 85 00                                            ..
--
> 2024/07/14 02:15:10.404173  length=1 from=1637 to=1637
 1f                                               .
--
> 2024/07/14 02:15:10.404226  length=1 from=1638 to=1638
 00                                               .
--
> 2024/07/14 02:15:10.404332  length=1 from=1639 to=1639
 00                                               .
--
> 2024/07/14 02:15:10.404385  length=1 from=1640 to=1640
 b9                                               .
--
> 2024/07/14 02:15:10.404501  length=1 from=1641 to=1641
 15                                               .
--
> 2024/07/14 02:15:10.404553  length=1 from=1642 to=1642
 60                                               `
--
> 2024/07/14 02:15:10.404597  length=1 from=1643 to=1643
 e8                                               .
--
> 2024/07/14 02:15:10.404729  length=1 from=1644 to=1644
 07                                               .
--
> 2024/07/14 02:15:10.404844  length=1 from=1645 to=1645
 c0                                               .
--
> 2024/07/14 02:15:10.404901  length=1 from=1646 to=1646
 46                                               F
--
> 2024/07/14 02:15:10.404963  length=1 from=1647 to=1647
 2c                                               ,
--
> 2024/07/14 02:15:10.405008  length=1 from=1648 to=1648
 6b                                               k
--
> 2024/07/14 02:15:10.405137  length=1 from=1649 to=1649
 40                                               @
--
> 2024/07/14 02:15:10.405190  length=1 from=1650 to=1650
 9c                                               .
--
> 2024/07/14 02:15:10.405294  length=1 from=1651 to=1651
 00                                               .
--
> 2024/07/14 02:15:10.405375  length=1 from=1652 to=1652
 00                                               .
--
> 2024/07/14 02:15:10.405464  length=1 from=1653 to=1653
 01                                               .
--
> 2024/07/14 02:15:10.405574  length=1 from=1654 to=1654
 06                                               .
--
> 2024/07/14 02:15:10.405631  length=1 from=1655 to=1655
 00                                               .
--
> 2024/07/14 02:15:10.405704  length=1 from=1656 to=1656
 00                                               .
--
> 2024/07/14 02:15:10.405774  length=1 from=1657 to=1657
 00                                               .
--
> 2024/07/14 02:15:10.405863  length=1 from=1658 to=1658
 00                                               .
--
> 2024/07/14 02:15:10.405932  length=1 from=1659 to=1659
 0a                                               .
--
> 2024/07/14 02:15:10.406046  length=1 from=1660 to=1660
 02                                               .
--
> 2024/07/14 02:15:10.406136  length=1 from=1661 to=1661
 01                                               .
--
> 2024/07/14 02:15:10.406206  length=1 from=1662 to=1662
 03                                               .
--
> 2024/07/14 02:15:10.406284  length=1 from=1663 to=1663
 02                                               .
--
> 2024/07/14 02:15:10.406433  length=1 from=1664 to=1664
 02                                               .
--
> 2024/07/14 02:15:10.406520  length=1 from=1665 to=1665
 01                                               .
--
> 2024/07/14 02:15:10.406564  length=1 from=1666 to=1666
 03                                               .
--
> 2024/07/14 02:15:10.406615  length=1 from=1667 to=1667
 04                                               .
--
> 2024/07/14 02:15:10.406750  length=1 from=1668 to=1668
 28                                               (
--
> 2024/07/14 02:15:10.406839  length=1 from=1669 to=1669
 00                                               .
--
> 2024/07/14 02:15:10.659088  length=1 from=1670 to=1670
 01                                               .
--
> 2024/07/14 02:15:10.659161  length=1 from=1671 to=1671
 83                                               .
--
> 2024/07/14 02:15:10.659244  length=1 from=1672 to=1672
 00                                               .
--
> 2024/07/14 02:15:10.659372  length=1 from=1673 to=1673
 07                                               .
--
> 2024/07/14 02:15:10.659471  length=2 from=1674 to=1675
 00 00                                            ..
--
> 2024/07/14 02:15:10.659622  length=2 from=1676 to=1677
 df 28                                            .(
--
> 2024/07/14 02:15:10.659762  length=1 from=1678 to=1678
 1c                                               .
--
> 2024/07/14 02:15:10.659841  length=1 from=1679 to=1679
 e8                                               .
--
> 2024/07/14 02:15:10.659888  length=1 from=1680 to=1680
 07                                               .
--
> 2024/07/14 02:15:10.660057  length=1 from=1681 to=1681
 c0                                               .
--
> 2024/07/14 02:15:11.153896  length=1 from=1682 to=1682
 0e                                               .
--
> 2024/07/14 02:15:11.154024  length=1 from=1683 to=1683
 85                                               .
--
> 2024/07/14 02:15:11.154192  length=1 from=1684 to=1684
 00                                               .
--
> 2024/07/14 02:15:11.154259  length=1 from=1685 to=1685
 1f                                               .
--
> 2024/07/14 02:15:11.154339  length=1 from=1686 to=1686
 00                                               .
--
> 2024/07/14 02:15:11.154410  length=1 from=1687 to=1687
 00                                               .
--
> 2024/07/14 02:15:11.154540  length=3 from=1688 to=1690
 b9 15 60                                         ..`
--
> 2024/07/14 02:15:11.154597  length=1 from=1691 to=1691
 e8                                               .
--
> 2024/07/14 02:15:11.154736  length=1 from=1692 to=1692
 07                                               .
--
> 2024/07/14 02:15:11.154790  length=1 from=1693 to=1693
 c0                                               .
--
> 2024/07/14 02:15:11.154835  length=1 from=1694 to=1694
 46                                               F
--
> 2024/07/14 02:15:11.154982  length=1 from=1695 to=1695
 2c                                               ,
--
> 2024/07/14 02:15:11.155149  length=2 from=1696 to=1697
 6b 40                                            k@
--
> 2024/07/14 02:15:11.155361  length=1 from=1698 to=1698
 9c                                               .
--
> 2024/07/14 02:15:11.155431  length=1 from=1699 to=1699
 00                                               .
--
> 2024/07/14 02:15:11.155497  length=2 from=1700 to=1701
 00 01                                            ..
--
> 2024/07/14 02:15:11.155684  length=2 from=1702 to=1703
 06 00                                            ..
--
> 2024/07/14 02:15:11.155760  length=1 from=1704 to=1704
 00                                               .
--
> 2024/07/14 02:15:11.155810  length=1 from=1705 to=1705
 00                                               .
--
> 2024/07/14 02:15:11.155920  length=1 from=1706 to=1706
 00                                               .
--
> 2024/07/14 02:15:11.155965  length=1 from=1707 to=1707
 0a                                               .
--
> 2024/07/14 02:15:11.156042  length=1 from=1708 to=1708
 02                                               .
--
> 2024/07/14 02:15:11.156151  length=1 from=1709 to=1709
 01                                               .
--
> 2024/07/14 02:15:11.156303  length=1 from=1710 to=1710
 03                                               .
--
> 2024/07/14 02:15:11.156439  length=1 from=1711 to=1711
 02                                               .
--
> 2024/07/14 02:15:11.156564  length=1 from=1712 to=1712
 02                                               .
--
> 2024/07/14 02:15:11.156608  length=1 from=1713 to=1713
 01                                               .
--
> 2024/07/14 02:15:11.156650  length=1 from=1714 to=1714
 03                                               .
--
> 2024/07/14 02:15:11.156718  length=1 from=1715 to=1715
 04                                               .
--
> 2024/07/14 02:15:11.156823  length=1 from=1716 to=1716
 28                                               (
--
> 2024/07/14 02:15:11.156941  length=1 from=1717 to=1717
 00                                               .
--
> 2024/07/14 02:15:11.903964  length=1 from=1718 to=1718
 0e                                               .
--
> 2024/07/14 02:15:11.904096  length=2 from=1719 to=1720
 85 00                                            ..
--
> 2024/07/14 02:15:11.904179  length=1 from=1721 to=1721
 1f                                               .
--
> 2024/07/14 02:15:11.904318  length=1 from=1722 to=1722
 00                                               .
--
> 2024/07/14 02:15:11.904401  length=2 from=1723 to=1724
 00 b9                                            ..
--
> 2024/07/14 02:15:11.904635  length=1 from=1725 to=1725
 15                                               .
--
> 2024/07/14 02:15:11.904716  length=2 from=1726 to=1727
 60 e8                                            `.
--
> 2024/07/14 02:15:11.904830  length=2 from=1728 to=1729
 07 c0                                            ..
--
> 2024/07/14 02:15:11.904949  length=1 from=1730 to=1730
 46                                               F
--
> 2024/07/14 02:15:11.905002  length=1 from=1731 to=1731
 2c                                               ,
--
> 2024/07/14 02:15:11.905209  length=1 from=1732 to=1732
 6b                                               k
--
> 2024/07/14 02:15:11.905262  length=1 from=1733 to=1733
 40                                               @
--
> 2024/07/14 02:15:11.905312  length=1 from=1734 to=1734
 9c                                               .
--
> 2024/07/14 02:15:11.905355  length=1 from=1735 to=1735
 00                                               .
--
> 2024/07/14 02:15:11.905505  length=1 from=1736 to=1736
 00                                               .
--
> 2024/07/14 02:15:11.905558  length=1 from=1737 to=1737
 01                                               .
--
> 2024/07/14 02:15:11.905635  length=1 from=1738 to=1738
 06                                               .
--
> 2024/07/14 02:15:11.905681  length=1 from=1739 to=1739
 00                                               .
--
> 2024/07/14 02:15:11.905737  length=1 from=1740 to=1740
 00                                               .
--
> 2024/07/14 02:15:11.905850  length=1 from=1741 to=1741
 00                                               .
--
> 2024/07/14 02:15:11.905939  length=1 from=1742 to=1742
 00                                               .
--
> 2024/07/14 02:15:11.906094  length=1 from=1743 to=1743
 0a                                               .
--
> 2024/07/14 02:15:11.906161  length=1 from=1744 to=1744
 02                                               .
--
> 2024/07/14 02:15:11.906240  length=1 from=1745 to=1745
 01                                               .
--
> 2024/07/14 02:15:11.906299  length=1 from=1746 to=1746
 03                                               .
--
> 2024/07/14 02:15:11.906431  length=1 from=1747 to=1747
 02                                               .
--
> 2024/07/14 02:15:11.906513  length=1 from=1748 to=1748
 02                                               .
--
> 2024/07/14 02:15:11.906572  length=1 from=1749 to=1749
 01                                               .
--
> 2024/07/14 02:15:11.906647  length=1 from=1750 to=1750
 03                                               .
--
> 2024/07/14 02:15:11.906721  length=1 from=1751 to=1751
 04                                               .
--
> 2024/07/14 02:15:11.906804  length=1 from=1752 to=1752
 28                                               (
--
> 2024/07/14 02:15:11.906939  length=1 from=1753 to=1753
 00                                               .
--
> 2024/07/14 02:15:12.653924  length=1 from=1754 to=1754
 0e                                               .
--
> 2024/07/14 02:15:12.654098  length=2 from=1755 to=1756
 85 00                                            ..
--
> 2024/07/14 02:15:12.654154  length=1 from=1757 to=1757
 1f                                               .
--
> 2024/07/14 02:15:12.654200  length=1 from=1758 to=1758
 00                                               .
--
> 2024/07/14 02:15:12.654385  length=1 from=1759 to=1759
 00                                               .
--
> 2024/07/14 02:15:12.654483  length=2 from=1760 to=1761
 b9 15                                            ..
--
> 2024/07/14 02:15:12.654691  length=2 from=1762 to=1763
 60 e8                                            `.
--
> 2024/07/14 02:15:12.654746  length=1 from=1764 to=1764
 07                                               .
--
> 2024/07/14 02:15:12.654882  length=1 from=1765 to=1765
 c0                                               .
--
> 2024/07/14 02:15:12.654949  length=1 from=1766 to=1766
 46                                               F
--
> 2024/07/14 02:15:12.655009  length=1 from=1767 to=1767
 2c                                               ,
--
> 2024/07/14 02:15:12.655072  length=1 from=1768 to=1768
 6b                                               k
--
> 2024/07/14 02:15:12.655218  length=2 from=1769 to=1770
 40 9c                                            @.
--
> 2024/07/14 02:15:12.655354  length=1 from=1771 to=1771
 00                                               .
--
> 2024/07/14 02:15:12.655447  length=1 from=1772 to=1772
 00                                               .
--
> 2024/07/14 02:15:12.655564  length=1 from=1773 to=1773
 01                                               .
--
> 2024/07/14 02:15:12.655663  length=1 from=1774 to=1774
 06                                               .
--
> 2024/07/14 02:15:12.655733  length=2 from=1775 to=1776
 00 00                                            ..
--
> 2024/07/14 02:15:12.655805  length=1 from=1777 to=1777
 00                                               .
--
> 2024/07/14 02:15:12.655914  length=1 from=1778 to=1778
 00                                               .
--
> 2024/07/14 02:15:12.656053  length=1 from=1779 to=1779
 0a                                               .
--
> 2024/07/14 02:15:12.656159  length=1 from=1780 to=1780
 02                                               .
--
> 2024/07/14 02:15:12.656232  length=1 from=1781 to=1781
 01                                               .
--
> 2024/07/14 02:15:12.656280  length=1 from=1782 to=1782
 03                                               .
--
> 2024/07/14 02:15:12.656360  length=1 from=1783 to=1783
 02                                               .
--
> 2024/07/14 02:15:12.656477  length=1 from=1784 to=1784
 02                                               .
--
> 2024/07/14 02:15:12.656550  length=1 from=1785 to=1785
 01                                               .
--
> 2024/07/14 02:15:12.656660  length=1 from=1786 to=1786
 03                                               .
--
> 2024/07/14 02:15:12.656719  length=1 from=1787 to=1787
 04                                               .
--
> 2024/07/14 02:15:12.656817  length=1 from=1788 to=1788
 28                                               (
--
> 2024/07/14 02:15:12.656861  length=1 from=1789 to=1789
 00                                               .
--
> 2024/07/14 02:15:13.403967  length=1 from=1790 to=1790
 0e                                               .
--
> 2024/07/14 02:15:13.404121  length=1 from=1791 to=1791
 85                                               .
--
> 2024/07/14 02:15:13.404194  length=2 from=1792 to=1793
 00 1f                                            ..
--
> 2024/07/14 02:15:13.404390  length=1 from=1794 to=1794
 00                                               .
--
> 2024/07/14 02:15:13.404442  length=1 from=1795 to=1795
 00                                               .
--
> 2024/07/14 02:15:13.404531  length=1 from=1796 to=1796
 b9                                               .
--
> 2024/07/14 02:15:13.404625  length=2 from=1797 to=1798
 15 60                                            .`
--
> 2024/07/14 02:15:13.404759  length=1 from=1799 to=1799
 e8                                               .
--
> 2024/07/14 02:15:13.404813  length=1 from=1800 to=1800
 07                                               .
--
> 2024/07/14 02:15:13.404858  length=1 from=1801 to=1801
 c0                                               .
--
> 2024/07/14 02:15:13.404986  length=2 from=1802 to=1803
 46 2c                                            F,
--
> 2024/07/14 02:15:13.405220  length=1 from=1804 to=1804
 6b                                               k
--
> 2024/07/14 02:15:13.405292  length=1 from=1805 to=1805
 40                                               @
--
> 2024/07/14 02:15:13.405355  length=1 from=1806 to=1806
 9c                                               .
--
> 2024/07/14 02:15:13.405398  length=1 from=1807 to=1807
 00                                               .
--
> 2024/07/14 02:15:13.405522  length=2 from=1808 to=1809
 00 01                                            ..
--
> 2024/07/14 02:15:13.405619  length=1 from=1810 to=1810
 06                                               .
--
> 2024/07/14 02:15:13.405711  length=1 from=1811 to=1811
 00                                               .
--
> 2024/07/14 02:15:13.405822  length=1 from=1812 to=1812
 00                                               .
--
> 2024/07/14 02:15:13.405866  length=1 from=1813 to=1813
 00                                               .
--
> 2024/07/14 02:15:13.405941  length=1 from=1814 to=1814
 00                                               .
--
> 2024/07/14 02:15:13.406051  length=1 from=1815 to=1815
 0a                                               .
--
> 2024/07/14 02:15:13.406188  length=1 from=1816 to=1816
 02                                               .
--
> 2024/07/14 02:15:13.406284  length=1 from=1817 to=1817
 01                                               .
--
> 2024/07/14 02:15:13.406343  length=1 from=1818 to=1818
 03                                               .
--
> 2024/07/14 02:15:13.406391  length=1 from=1819 to=1819
 02                                               .
--
> 2024/07/14 02:15:13.406484  length=1 from=1820 to=1820
 02                                               .
--
> 2024/07/14 02:15:13.406532  length=1 from=1821 to=1821
 01                                               .
--
> 2024/07/14 02:15:13.406643  length=1 from=1822 to=1822
 03                                               .
--
> 2024/07/14 02:15:13.406715  length=1 from=1823 to=1823
 04                                               .
--
> 2024/07/14 02:15:13.406825  length=1 from=1824 to=1824
 28                                               (
--
> 2024/07/14 02:15:13.406954  length=1 from=1825 to=1825
 00                                               .
--
> 2024/07/14 02:15:14.153911  length=1 from=1826 to=1826
 0e                                               .
--
> 2024/07/14 02:15:14.154072  length=1 from=1827 to=1827
 85                                               .
--
> 2024/07/14 02:15:14.154166  length=2 from=1828 to=1829
 00 1f                                            ..
--
> 2024/07/14 02:15:14.154212  length=1 from=1830 to=1830
 00                                               .
--
> 2024/07/14 02:15:14.154407  length=1 from=1831 to=1831
 00                                               .
--
> 2024/07/14 02:15:14.154506  length=2 from=1832 to=1833
 b9 15                                            ..
--
> 2024/07/14 02:15:14.154678  length=1 from=1834 to=1834
 60                                               `
--
> 2024/07/14 02:15:14.154775  length=2 from=1835 to=1836
 e8 07                                            ..
--
> 2024/07/14 02:15:14.154822  length=1 from=1837 to=1837
 c0                                               .
--
> 2024/07/14 02:15:14.154865  length=1 from=1838 to=1838
 46                                               F
--
> 2024/07/14 02:15:14.155030  length=1 from=1839 to=1839
 2c                                               ,
--
> 2024/07/14 02:15:14.155099  length=1 from=1840 to=1840
 6b                                               k
--
> 2024/07/14 02:15:14.155143  length=1 from=1841 to=1841
 40                                               @
--
> 2024/07/14 02:15:14.155259  length=1 from=1842 to=1842
 9c                                               .
--
> 2024/07/14 02:15:14.155420  length=1 from=1843 to=1843
 00                                               .
--
> 2024/07/14 02:15:14.155474  length=1 from=1844 to=1844
 00                                               .
--
> 2024/07/14 02:15:14.155518  length=1 from=1845 to=1845
 01                                               .
--
> 2024/07/14 02:15:14.155681  length=1 from=1846 to=1846
 06                                               .
--
> 2024/07/14 02:15:14.155764  length=1 from=1847 to=1847
 00                                               .
--
> 2024/07/14 02:15:14.155808  length=2 from=1848 to=1849
 00 00                                            ..
--
> 2024/07/14 02:15:14.155913  length=1 from=1850 to=1850
 00                                               .
--
> 2024/07/14 02:15:14.156025  length=1 from=1851 to=1851
 0a                                               .
--
> 2024/07/14 02:15:14.156178  length=1 from=1852 to=1852
 02                                               .
--
> 2024/07/14 02:15:14.156247  length=1 from=1853 to=1853
 01                                               .
--
> 2024/07/14 02:15:14.156299  length=1 from=1854 to=1854
 03                                               .
--
> 2024/07/14 02:15:14.156483  length=1 from=1855 to=1855
 02                                               .
--
> 2024/07/14 02:15:14.156529  length=2 from=1856 to=1857
 02 01                                            ..
--
> 2024/07/14 02:15:14.156651  length=1 from=1858 to=1858
 03                                               .
--
> 2024/07/14 02:15:14.156745  length=1 from=1859 to=1859
 04                                               .
--
> 2024/07/14 02:15:14.156823  length=1 from=1860 to=1860
 28                                               (
--
> 2024/07/14 02:15:14.156892  length=1 from=1861 to=1861
 00                                               .
--
> 2024/07/14 02:15:14.904016  length=1 from=1862 to=1862
 0e                                               .
--
> 2024/07/14 02:15:14.904101  length=1 from=1863 to=1863
 85                                               .
--
> 2024/07/14 02:15:14.904169  length=2 from=1864 to=1865
 00 1f                                            ..
--
> 2024/07/14 02:15:14.904390  length=1 from=1866 to=1866
 00                                               .
--
> 2024/07/14 02:15:14.904444  length=2 from=1867 to=1868
 00 b9                                            ..
--
> 2024/07/14 02:15:14.904587  length=1 from=1869 to=1869
 15                                               .
--
> 2024/07/14 02:15:14.904656  length=1 from=1870 to=1870
 60                                               `
--
> 2024/07/14 02:15:14.904813  length=1 from=1871 to=1871
 e8                                               .
--
> 2024/07/14 02:15:14.904866  length=1 from=1872 to=1872
 07                                               .
--
> 2024/07/14 02:15:14.904947  length=1 from=1873 to=1873
 c0                                               .
--
> 2024/07/14 02:15:14.904993  length=1 from=1874 to=1874
 46                                               F
--
> 2024/07/14 02:15:14.905095  length=1 from=1875 to=1875
 2c                                               ,
--
> 2024/07/14 02:15:14.905178  length=1 from=1876 to=1876
 6b                                               k
--
> 2024/07/14 02:15:14.905222  length=1 from=1877 to=1877
 40                                               @
--
> 2024/07/14 02:15:14.905343  length=1 from=1878 to=1878
 9c                                               .
--
> 2024/07/14 02:15:14.905397  length=1 from=1879 to=1879
 00                                               .
--
> 2024/07/14 02:15:14.905496  length=1 from=1880 to=1880
 00                                               .
--
> 2024/07/14 02:15:14.905571  length=1 from=1881 to=1881
 01                                               .
--
> 2024/07/14 02:15:14.905689  length=1 from=1882 to=1882
 06                                               .
--
> 2024/07/14 02:15:14.905791  length=1 from=1883 to=1883
 00                                               .
--
> 2024/07/14 02:15:14.905836  length=1 from=1884 to=1884
 00                                               .
--
> 2024/07/14 02:15:14.905880  length=1 from=1885 to=1885
 00                                               .
--
> 2024/07/14 02:15:14.905944  length=1 from=1886 to=1886
 00                                               .
--
> 2024/07/14 02:15:14.906053  length=1 from=1887 to=1887
 0a                                               .
--
> 2024/07/14 02:15:14.906170  length=1 from=1888 to=1888
 02                                               .
--
> 2024/07/14 02:15:14.906216  length=1 from=1889 to=1889
 01                                               .
--
> 2024/07/14 02:15:14.906294  length=1 from=1890 to=1890
 03                                               .
--
> 2024/07/14 02:15:14.906429  length=1 from=1891 to=1891
 02                                               .
--
> 2024/07/14 02:15:14.906505  length=1 from=1892 to=1892
 02                                               .
--
> 2024/07/14 02:15:14.906594  length=1 from=1893 to=1893
 01                                               .
--
> 2024/07/14 02:15:14.906680  length=1 from=1894 to=1894
 03                                               .
--
> 2024/07/14 02:15:14.906751  length=1 from=1895 to=1895
 04                                               .
--
> 2024/07/14 02:15:14.906861  length=1 from=1896 to=1896
 28                                               (
--
> 2024/07/14 02:15:14.906971  length=1 from=1897 to=1897
 00                                               .
--
> 2024/07/14 02:15:15.653936  length=1 from=1898 to=1898
 0e                                               .
--
> 2024/07/14 02:15:15.654062  length=1 from=1899 to=1899
 85                                               .
--
> 2024/07/14 02:15:15.654189  length=2 from=1900 to=1901
 00 1f                                            ..
--
> 2024/07/14 02:15:15.654381  length=2 from=1902 to=1903
 00 00                                            ..
--
> 2024/07/14 02:15:15.654579  length=2 from=1904 to=1905
 b9 15                                            ..
--
> 2024/07/14 02:15:15.654666  length=1 from=1906 to=1906
 60                                               `
--
> 2024/07/14 02:15:15.654853  length=1 from=1907 to=1907
 e8                                               .
--
> 2024/07/14 02:15:15.654951  length=2 from=1908 to=1909
 07 c0                                            ..
--
> 2024/07/14 02:15:15.655027  length=1 from=1910 to=1910
 46                                               F
--
> 2024/07/14 02:15:15.655098  length=2 from=1911 to=1912
 2c 6b                                            ,k
--
> 2024/07/14 02:15:15.655172  length=1 from=1913 to=1913
 40                                               @
--
> 2024/07/14 02:15:15.655428  length=1 from=1914 to=1914
 9c                                               .
--
> 2024/07/14 02:15:15.655510  length=3 from=1915 to=1917
 00 00 01                                         ...
--
> 2024/07/14 02:15:15.655688  length=1 from=1918 to=1918
 06                                               .
--
> 2024/07/14 02:15:15.655780  length=1 from=1919 to=1919
 00                                               .
--
> 2024/07/14 02:15:15.655853  length=1 from=1920 to=1920
 00                                               .
--
> 2024/07/14 02:15:15.655896  length=1 from=1921 to=1921
 00                                               .
--
> 2024/07/14 02:15:15.655939  length=1 from=1922 to=1922
 00                                               .
--
> 2024/07/14 02:15:15.656174  length=1 from=1923 to=1923
 0a                                               .
--
> 2024/07/14 02:15:15.656243  length=1 from=1924 to=1924
 02                                               .
--
> 2024/07/14 02:15:15.656288  length=1 from=1925 to=1925
 01                                               .
--
> 2024/07/14 02:15:15.656405  length=2 from=1926 to=1927
 03 02                                            ..
--
> 2024/07/14 02:15:15.656558  length=1 from=1928 to=1928
 02                                               .
--
> 2024/07/14 02:15:15.656612  length=1 from=1929 to=1929
 01                                               .
--
> 2024/07/14 02:15:15.656662  length=1 from=1930 to=1930
 03                                               .
--
> 2024/07/14 02:15:15.656778  length=1 from=1931 to=1931
 04                                               .
--
> 2024/07/14 02:15:15.656860  length=1 from=1932 to=1932
 28                                               (
--
> 2024/07/14 02:15:15.656905  length=1 from=1933 to=1933
 00                                               .
--
> 2024/07/14 02:15:17.153011  length=1 from=1934 to=1934
 0e                                               .
--
> 2024/07/14 02:15:17.153140  length=1 from=1935 to=1935
 89                                               .
--
> 2024/07/14 02:15:17.153301  length=1 from=1936 to=1936
 00                                               .
--
> 2024/07/14 02:15:17.153353  length=1 from=1937 to=1937
 1f                                               .
--
> 2024/07/14 02:15:17.153454  length=2 from=1938 to=1939
 00 00                                            ..
--
> 2024/07/14 02:15:17.153586  length=1 from=1940 to=1940
 00                                               .
--
> 2024/07/14 02:15:17.153658  length=1 from=1941 to=1941
 00                                               .
--
> 2024/07/14 02:15:17.153703  length=1 from=1942 to=1942
 00                                               .
--
> 2024/07/14 02:15:17.153758  length=1 from=1943 to=1943
 00                                               .
--
> 2024/07/14 02:15:17.153860  length=1 from=1944 to=1944
 00                                               .
--
> 2024/07/14 02:15:17.153991  length=1 from=1945 to=1945
 00                                               .
--
> 2024/07/14 02:15:17.154044  length=1 from=1946 to=1946
 00                                               .
--
> 2024/07/14 02:15:17.154141  length=1 from=1947 to=1947
 00                                               .
--
> 2024/07/14 02:15:17.154185  length=1 from=1948 to=1948
 b9                                               .
--
> 2024/07/14 02:15:17.154337  length=1 from=1949 to=1949
 15                                               .
--
> 2024/07/14 02:15:17.154416  length=1 from=1950 to=1950
 60                                               `
--
> 2024/07/14 02:15:17.154531  length=1 from=1951 to=1951
 e8                                               .
--
> 2024/07/14 02:15:17.154602  length=1 from=1952 to=1952
 07                                               .
--
> 2024/07/14 02:15:17.154676  length=1 from=1953 to=1953
 c0                                               .
--
> 2024/07/14 02:15:17.154776  length=1 from=1954 to=1954
 00                                               .
--
> 2024/07/14 02:15:17.154833  length=1 from=1955 to=1955
 46                                               F
--
> 2024/07/14 02:15:17.154875  length=1 from=1956 to=1956
 2c                                               ,
--
> 2024/07/14 02:15:17.155027  length=1 from=1957 to=1957
 6b                                               k
--
> 2024/07/14 02:15:17.155102  length=1 from=1958 to=1958
 00                                               .
--
> 2024/07/14 02:15:17.155171  length=1 from=1959 to=1959
 00                                               .
--
> 2024/07/14 02:15:17.155247  length=1 from=1960 to=1960
 01                                               .
--
> 2024/07/14 02:15:17.155314  length=1 from=1961 to=1961
 00                                               .
--
> 2024/07/14 02:15:17.155382  length=1 from=1962 to=1962
 00                                               .
--
> 2024/07/14 02:15:17.155494  length=1 from=1963 to=1963
 00                                               .
--
> 2024/07/14 02:15:17.155612  length=1 from=1964 to=1964
 00                                               .
--
> 2024/07/14 02:15:17.155696  length=1 from=1965 to=1965
 04                                               .
--
> 2024/07/14 02:15:17.155784  length=1 from=1966 to=1966
 03                                               .
--
> 2024/07/14 02:15:17.155827  length=1 from=1967 to=1967
 02                                               .
--
> 2024/07/14 02:15:17.155963  length=1 from=1968 to=1968
 04                                               .
--
> 2024/07/14 02:15:17.156073  length=1 from=1969 to=1969
 00                                               .
--
> 2024/07/14 02:15:17.156145  length=1 from=1970 to=1970
 01                                               .
--
> 2024/07/14 02:15:17.156274  length=1 from=1971 to=1971
 8e                                               .
--
> 2024/07/14 02:15:17.156347  length=1 from=1972 to=1972
 00                                               .
--
> 2024/07/14 02:15:17.156424  length=1 from=1973 to=1973
 03                                               .
--
> 2024/07/14 02:15:17.156537  length=1 from=1974 to=1974
 00                                               .
--
> 2024/07/14 02:15:17.156647  length=2 from=1975 to=1976
 00 00                                            ..
--
> 2024/07/14 02:15:17.156835  length=1 from=1977 to=1977
 1f                                               .
--
> 2024/07/14 02:15:23.255998  length=1 from=1978 to=1978
 00                                               .
--
> 2024/07/14 02:15:23.256151  length=2 from=1979 to=1980
 80 ff                                            ..
--
> 2024/07/14 02:15:23.256272  length=1 from=1981 to=1981
 00                                               .
--
> 2024/07/14 02:15:23.256404  length=1 from=1982 to=1982
 00                                               .
--
