2025-11-28 20:22:07,153 LT1-thread root DEBUG client.py                 82    logger_log                : Starting TestCase _run_test_case GAP GAP/PADV/PAST/BV-01-C
2025-11-28 20:22:07,153 LT1-thread root DEBUG client.py                 82    logger_log                : pre_run GAP GAP/PADV/PAST/BV-01-C
2025-11-28 20:22:07,153 LT1-thread root DEBUG client.py                 82    logger_log                : About to run test case GAP GAP/PADV/PAST/BV-01-C with commands:
2025-11-28 20:22:07,153 LT1-thread root DEBUG client.py                 82    logger_log                : 0) class=<class 'autopts.ptsprojects.testcase.TestFunc'>, func=<bound method ZephyrCtl.remove_flash_bin of <autopts.ptsprojects.zephyr.iutctl.ZephyrCtl object at 0x72a099ceafc0>> start_wid=None stop_wid=None post_wid=None skip_call=None call_count=0 args=() kwds={}
2025-11-28 20:22:07,153 LT1-thread root DEBUG client.py                 82    logger_log                : 1) class=<class 'autopts.ptsprojects.testcase.TestFunc'>, func=<bound method Stack.core_init of <autopts.ptsprojects.stack.stack.Stack object at 0x72a096870ad0>> start_wid=None stop_wid=None post_wid=None skip_call=None call_count=0 args=() kwds={}
2025-11-28 20:22:07,153 LT1-thread root DEBUG client.py                 82    logger_log                : 2) class=<class 'autopts.ptsprojects.testcase.TestFunc'>, func=<bound method IutCtl.start of <autopts.ptsprojects.zephyr.iutctl.ZephyrCtl object at 0x72a099ceafc0>> start_wid=None stop_wid=None post_wid=None skip_call=None call_count=0 args=(<autopts.ptsprojects.zephyr.ztestcase.ZTestCase object at 0x72a094a7d2b0>,) kwds={}
2025-11-28 20:22:07,153 LT1-thread root DEBUG client.py                 82    logger_log                : 3) class=<class 'autopts.ptsprojects.testcase.TestFunc'>, func=<bound method IutCtl.wait_iut_ready_event of <autopts.ptsprojects.zephyr.iutctl.ZephyrCtl object at 0x72a099ceafc0>> start_wid=None stop_wid=None post_wid=None skip_call=None call_count=0 args=(False,) kwds={}
2025-11-28 20:22:07,153 LT1-thread root DEBUG client.py                 82    logger_log                : 4) class=<class 'autopts.ptsprojects.testcase.TestFunc'>, func=<function core_reg_svc_gap at 0x72a0993c0220> start_wid=None stop_wid=None post_wid=None skip_call=None call_count=109 args=() kwds={}
2025-11-28 20:22:07,153 LT1-thread root DEBUG client.py                 82    logger_log                : 5) class=<class 'autopts.ptsprojects.testcase.TestFunc'>, func=<bound method Stack.gap_init of <autopts.ptsprojects.stack.stack.Stack object at 0x72a096870ad0>> start_wid=None stop_wid=None post_wid=None skip_call=None call_count=109 args=(b'Tester_F6B11A', 'ABCD', '1111', '1111', '11', '1111', b'\x17github.com/auto-pts', (8, 'PADV_Tester'), 'FF') kwds={}
2025-11-28 20:22:07,153 LT1-thread root DEBUG client.py                 82    logger_log                : 6) class=<class 'autopts.ptsprojects.testcase.TestFunc'>, func=<function gap_read_ctrl_info at 0x72a098beb060> start_wid=None stop_wid=None post_wid=None skip_call=None call_count=109 args=() kwds={}
2025-11-28 20:22:07,153 LT1-thread root DEBUG client.py                 82    logger_log                : 7) class=<class 'autopts.ptsprojects.testcase.TestFunc'>, func=<function test_cases.<locals>.<lambda> at 0x72a094b63920> start_wid=None stop_wid=None post_wid=None skip_call=None call_count=109 args=() kwds={}
2025-11-28 20:22:07,153 LT1-thread root DEBUG client.py                 82    logger_log                : 8) class=<class 'autopts.ptsprojects.testcase.TestFunc'>, func=<function test_cases.<locals>.<lambda> at 0x72a094b639c0> start_wid=None stop_wid=None post_wid=None skip_call=None call_count=109 args=() kwds={}
2025-11-28 20:22:07,153 LT1-thread root DEBUG client.py                 82    logger_log                : 9) class=<class 'autopts.ptsprojects.testcase.TestFunc'>, func=<function test_cases.<locals>.<lambda> at 0x72a094b63a60> start_wid=None stop_wid=None post_wid=None skip_call=None call_count=109 args=() kwds={}
2025-11-28 20:22:07,153 LT1-thread root DEBUG client.py                 82    logger_log                : 10) class=<class 'autopts.ptsprojects.testcase.TestFunc'>, func=<function test_cases.<locals>.<lambda> at 0x72a094b63b00> start_wid=None stop_wid=None post_wid=None skip_call=None call_count=109 args=() kwds={}
2025-11-28 20:22:07,153 LT1-thread root DEBUG client.py                 82    logger_log                : 11) class=<class 'autopts.ptsprojects.testcase.TestFunc'>, func=<function test_cases.<locals>.<lambda> at 0x72a094b63ba0> start_wid=None stop_wid=None post_wid=None skip_call=None call_count=109 args=() kwds={}
2025-11-28 20:22:07,153 LT1-thread root DEBUG client.py                 82    logger_log                : 12) class=<class 'autopts.ptsprojects.testcase.TestFunc'>, func=<function test_cases.<locals>.<lambda> at 0x72a094b63c40> start_wid=None stop_wid=None post_wid=None skip_call=None call_count=109 args=() kwds={}
2025-11-28 20:22:07,154 LT1-thread root DEBUG client.py                 82    logger_log                : 13) class=<class 'autopts.ptsprojects.testcase.TestFunc'>, func=<function test_cases.<locals>.<lambda> at 0x72a094b63ce0> start_wid=None stop_wid=None post_wid=None skip_call=None call_count=109 args=() kwds={}
2025-11-28 20:22:07,154 LT1-thread root DEBUG client.py                 82    logger_log                : 14) class=<class 'autopts.ptsprojects.testcase.TestFunc'>, func=<function test_cases.<locals>.<lambda> at 0x72a094b63d80> start_wid=None stop_wid=None post_wid=None skip_call=None call_count=109 args=() kwds={}
2025-11-28 20:22:07,154 LT1-thread root DEBUG client.py                 82    logger_log                : 15) class=<class 'autopts.ptsprojects.testcase.TestFunc'>, func=<function test_cases.<locals>.<lambda> at 0x72a094b63e20> start_wid=None stop_wid=None post_wid=None skip_call=None call_count=109 args=() kwds={}
2025-11-28 20:22:07,154 LT1-thread root DEBUG client.py                 82    logger_log                : 16) class=<class 'autopts.ptsprojects.testcase.TestFunc'>, func=<function test_cases.<locals>.<lambda> at 0x72a094b63ec0> start_wid=None stop_wid=None post_wid=None skip_call=None call_count=109 args=() kwds={}
2025-11-28 20:22:07,154 LT1-thread root DEBUG client.py                 82    logger_log                : 17) class=<class 'autopts.ptsprojects.testcase.TestFunc'>, func=<function test_cases.<locals>.<lambda> at 0x72a094b63f60> start_wid=None stop_wid=None post_wid=None skip_call=None call_count=109 args=() kwds={}
2025-11-28 20:22:07,154 LT1-thread root DEBUG client.py                 82    logger_log                : 18) class=<class 'autopts.ptsprojects.testcase.TestFunc'>, func=<function test_cases.<locals>.<lambda> at 0x72a094bf8040> start_wid=None stop_wid=None post_wid=None skip_call=None call_count=109 args=() kwds={}
2025-11-28 20:22:07,154 LT1-thread root DEBUG client.py                 82    logger_log                : 19) class=<class 'autopts.ptsprojects.testcase.TestFunc'>, func=<function core_reg_svc_gatt at 0x72a0993c0360> start_wid=None stop_wid=None post_wid=None skip_call=None call_count=109 args=() kwds={}
2025-11-28 20:22:07,154 LT1-thread root DEBUG client.py                 82    logger_log                : 20) class=<class 'autopts.ptsprojects.testcase.TestFunc'>, func=<bound method Stack.gatt_init of <autopts.ptsprojects.stack.stack.Stack object at 0x72a096870ad0>> start_wid=None stop_wid=None post_wid=None skip_call=None call_count=109 args=() kwds={}
2025-11-28 20:22:07,154 LT1-thread root DEBUG client.py                 82    logger_log                : 21) class=<class 'autopts.ptsprojects.testcase.TestFunc'>, func=<function gap_set_io_cap at 0x72a098bea520> start_wid=None stop_wid=None post_wid=None skip_call=None call_count=109 args=(4,) kwds={}
2025-11-28 20:22:07,154 LT1-thread root DEBUG client.py                 82    logger_log                : 22) class=<class 'autopts.ptsprojects.testcase.TestFunc'>, func=<function gap_set_broadcast_code at 0x72a098bf8400> start_wid=None stop_wid=None post_wid=None skip_call=None call_count=109 args=('0102680553F1415AA265BBAFC6EA03B8',) kwds={}
2025-11-28 20:22:07,154 LT1-thread root DEBUG client.py                 82    logger_log                : 23) class=<class 'autopts.ptsprojects.testcase.TestFunc'>, func=<function set_pts_addr at 0x72a0993dbd80> start_wid=None stop_wid=None post_wid=None skip_call=None call_count=109 args=('DF:A9:FF:F6:B1:1A', 0) kwds={}
2025-11-28 20:22:07,154 LT1-thread root DEBUG client.py                 82    logger_log                : 24) class=<class 'autopts.ptsprojects.testcase.TestFunc'>, func=<function gatts_add_svc at 0x72a098bd1da0> start_wid=None stop_wid=None post_wid=None skip_call=None call_count=109 args=(0, 'AA51') kwds={}
2025-11-28 20:22:07,154 LT1-thread root DEBUG client.py                 82    logger_log                : 25) class=<class 'autopts.ptsprojects.testcase.TestFunc'>, func=<function gatts_add_char at 0x72a098bd1ee0> start_wid=None stop_wid=None post_wid=None skip_call=None call_count=109 args=(0, 2, 17, 'AA52') kwds={}
2025-11-28 20:22:07,154 LT1-thread root DEBUG client.py                 82    logger_log                : 26) class=<class 'autopts.ptsprojects.testcase.TestFunc'>, func=<function gatts_set_val at 0x72a098bd1f80> start_wid=None stop_wid=None post_wid=None skip_call=None call_count=109 args=(0, '01') kwds={}
2025-11-28 20:22:07,154 LT1-thread root DEBUG client.py                 82    logger_log                : 27) class=<class 'autopts.ptsprojects.testcase.TestFunc'>, func=<function gatts_add_char at 0x72a098bd1ee0> start_wid=None stop_wid=None post_wid=None skip_call=None call_count=109 args=(0, 2, 5, 'AA53') kwds={}
2025-11-28 20:22:07,154 LT1-thread root DEBUG client.py                 82    logger_log                : 28) class=<class 'autopts.ptsprojects.testcase.TestFunc'>, func=<function gatts_set_val at 0x72a098bd1f80> start_wid=None stop_wid=None post_wid=None skip_call=None call_count=109 args=(0, '02') kwds={}
2025-11-28 20:22:07,154 LT1-thread root DEBUG client.py                 82    logger_log                : 29) class=<class 'autopts.ptsprojects.testcase.TestFunc'>, func=<function gatts_add_char at 0x72a098bd1ee0> start_wid=None stop_wid=None post_wid=None skip_call=None call_count=109 args=(0, 66, 3, 'AA54') kwds={}
2025-11-28 20:22:07,154 LT1-thread root DEBUG client.py                 82    logger_log                : 30) class=<class 'autopts.ptsprojects.testcase.TestFunc'>, func=<function gatts_set_val at 0x72a098bd1f80> start_wid=None stop_wid=None post_wid=None skip_call=None call_count=109 args=(0, '03') kwds={}
2025-11-28 20:22:07,154 LT1-thread root DEBUG client.py                 82    logger_log                : 31) class=<class 'autopts.ptsprojects.testcase.TestFunc'>, func=<function gatts_add_char at 0x72a098bd1ee0> start_wid=None stop_wid=None post_wid=None skip_call=None call_count=109 args=(0, 10, 48, 'AA55') kwds={}
2025-11-28 20:22:07,154 LT1-thread root DEBUG client.py                 82    logger_log                : 32) class=<class 'autopts.ptsprojects.testcase.TestFunc'>, func=<function gatts_set_val at 0x72a098bd1f80> start_wid=None stop_wid=None post_wid=None skip_call=None call_count=109 args=(0, '04') kwds={}
2025-11-28 20:22:07,154 LT1-thread root DEBUG client.py                 82    logger_log                : 33) class=<class 'autopts.ptsprojects.testcase.TestFunc'>, func=<function gatts_start_server at 0x72a098bd2200> start_wid=None stop_wid=None post_wid=None skip_call=None call_count=109 args=() kwds={}
2025-11-28 20:22:07,154 LT1-thread root DEBUG client.py                 82    logger_log                : 34) class=<class 'autopts.ptsprojects.testcase.TestFuncCleanUp'>, func=<bound method Stack.cleanup of <autopts.ptsprojects.stack.stack.Stack object at 0x72a096870ad0>> start_wid=None stop_wid=None post_wid=None skip_call=None call_count=0 args=() kwds={}
2025-11-28 20:22:07,154 LT1-thread root DEBUG client.py                 82    logger_log                : 35) class=<class 'autopts.ptsprojects.testcase.TestFuncCleanUp'>, func=<bound method ZephyrCtl.stop of <autopts.ptsprojects.zephyr.iutctl.ZephyrCtl object at 0x72a099ceafc0>> start_wid=None stop_wid=None post_wid=None skip_call=None call_count=0 args=() kwds={}
2025-11-28 20:22:07,154 LT1-thread root DEBUG client.py                 82    logger_log                : pre_run, run pre test case script
2025-11-28 20:22:07,155 LT1-thread root DEBUG client.py                 82    logger_log                : Starting test function: class=<class 'autopts.ptsprojects.testcase.TestFunc'>, func=<bound method ZephyrCtl.remove_flash_bin of <autopts.ptsprojects.zephyr.iutctl.ZephyrCtl object at 0x72a099ceafc0>> start_wid=None stop_wid=None post_wid=None skip_call=None call_count=1 args=() kwds={}
2025-11-28 20:22:07,155 LT1-thread root DEBUG client.py                 82    logger_log                : Test function parameters: args=(), kwds={}
2025-11-28 20:22:07,155 LT1-thread root DEBUG client.py                 82    logger_log                : Starting test function: class=<class 'autopts.ptsprojects.testcase.TestFunc'>, func=<bound method Stack.core_init of <autopts.ptsprojects.stack.stack.Stack object at 0x72a096870ad0>> start_wid=None stop_wid=None post_wid=None skip_call=None call_count=1 args=() kwds={}
2025-11-28 20:22:07,155 LT1-thread root DEBUG client.py                 82    logger_log                : Test function parameters: args=(), kwds={}
2025-11-28 20:22:07,155 LT1-thread root DEBUG client.py                 82    logger_log                : Starting test function: class=<class 'autopts.ptsprojects.testcase.TestFunc'>, func=<bound method IutCtl.start of <autopts.ptsprojects.zephyr.iutctl.ZephyrCtl object at 0x72a099ceafc0>> start_wid=None stop_wid=None post_wid=None skip_call=None call_count=1 args=(<autopts.ptsprojects.zephyr.ztestcase.ZTestCase object at 0x72a094a7d2b0>,) kwds={}
2025-11-28 20:22:07,155 LT1-thread root DEBUG client.py                 82    logger_log                : Test function parameters: args=(<autopts.ptsprojects.zephyr.ztestcase.ZTestCase object at 0x72a094a7d2b0>,), kwds={}
2025-11-28 20:22:07,155 LT1-thread root DEBUG client.py                 82    logger_log                : <class 'autopts.ptsprojects.zephyr.iutctl.ZephyrCtl'>.start
2025-11-28 20:22:07,155 LT1-thread root DEBUG client.py                 82    logger_log                : <class 'autopts.rtt.BTMON'>.start
2025-11-28 20:22:07,159 LT1-thread root DEBUG client.py                 82    logger_log                : Starting native process: /home/codecoup/workspace/zephyrproject/zephyr/tests/bluetooth/tester/build/zephyr/zephyr.exe --bt-dev=hci1 --attach_uart_cmd="socat %s,rawer,b1000000, UNIX-CONNECT:/tmp/bt-stack-tester1057789983 &"
2025-11-28 20:22:07,160 LT1-thread root DEBUG client.py                 82    logger_log                : Starting native process: /home/codecoup/workspace/zephyrproject/zephyr/tests/bluetooth/tester/build/zephyr/zephyr.exe --bt-dev=hci1 --attach_uart_cmd="socat %s,rawer,b1000000, UNIX-CONNECT:/tmp/bt-stack-tester1057789983 &"
2025-11-28 20:22:07,160 LT1-thread root DEBUG client.py                 82    logger_log                : accept
2025-11-28 20:22:07,167 BTPWorkerThread-2984 (_rx_task) root DEBUG client.py                 82    logger_log                : BTPWorkerThread-2984 (_rx_task) started
2025-11-28 20:22:07,167 LT1-thread root DEBUG client.py                 82    logger_log                : Starting test function: class=<class 'autopts.ptsprojects.testcase.TestFunc'>, func=<bound method IutCtl.wait_iut_ready_event of <autopts.ptsprojects.zephyr.iutctl.ZephyrCtl object at 0x72a099ceafc0>> start_wid=None stop_wid=None post_wid=None skip_call=None call_count=1 args=(False,) kwds={}
2025-11-28 20:22:07,167 LT1-thread root DEBUG client.py                 82    logger_log                : Test function parameters: args=(False,), kwds={}
2025-11-28 20:22:07,167 BTPWorkerThread-2984 (_rx_task) root DEBUG client.py                 82    logger_log                : Read 5 bytes
2025-11-28 20:22:07,168 BTPWorkerThread-2984 (_rx_task) root DEBUG client.py                 82    logger_log                : Received: hdr: Header(svc_id=0x00, op=0x80, ctrl_index=0xff, data_len=0x00) bytearray(b'\x00\x80\xff\x00\x00')
2025-11-28 20:22:07,168 BTPWorkerThread-2984 (_rx_task) root DEBUG client.py                 82    logger_log                : Received data: {''}, bytearray(b'')
2025-11-28 20:22:07,168 BTPWorkerThread-2984 (_rx_task) root DEBUG client.py                 82    logger_log                : event_handler Header(svc_id=0, op=128, ctrl_index=255, data_len=0) (b'',)
2025-11-28 20:22:07,168 BTPWorkerThread-2984 (_rx_task) root DEBUG client.py                 82    logger_log                : core_iut_ready_ev
2025-11-28 20:22:07,668 LT1-thread root DEBUG client.py                 82    logger_log                : IUT ready event received OK
2025-11-28 20:22:07,669 LT1-thread root DEBUG client.py                 82    logger_log                : Starting test function: class=<class 'autopts.ptsprojects.testcase.TestFunc'>, func=<function core_reg_svc_gap at 0x72a0993c0220> start_wid=None stop_wid=None post_wid=None skip_call=None call_count=110 args=() kwds={}
2025-11-28 20:22:07,669 LT1-thread root DEBUG client.py                 82    logger_log                : Test function parameters: args=(), kwds={}
2025-11-28 20:22:07,669 LT1-thread root DEBUG client.py                 82    logger_log                : core_reg_svc_univ: gap_reg (GAP)
2025-11-28 20:22:07,669 LT1-thread root DEBUG client.py                 82    logger_log                : send, 0 3 255 '1'
2025-11-28 20:22:07,669 LT1-thread root DEBUG client.py                 82    logger_log                : sending frame '0003ff010001'
2025-11-28 20:22:07,670 LT1-thread root DEBUG client.py                 82    logger_log                : core_reg_svc_rsp_succ
2025-11-28 20:22:07,670 LT1-thread root DEBUG client.py                 82    logger_log                : read
2025-11-28 20:22:08,044 BTPWorkerThread-2984 (_rx_task) root DEBUG client.py                 82    logger_log                : Read 5 bytes
2025-11-28 20:22:08,044 BTPWorkerThread-2984 (_rx_task) root DEBUG client.py                 82    logger_log                : Received: hdr: Header(svc_id=0x00, op=0x03, ctrl_index=0xff, data_len=0x00) bytearray(b'\x00\x03\xff\x00\x00')
2025-11-28 20:22:08,045 BTPWorkerThread-2984 (_rx_task) root DEBUG client.py                 82    logger_log                : Received data: {''}, bytearray(b'')
2025-11-28 20:22:08,045 LT1-thread root DEBUG client.py                 82    logger_log                : received Header(svc_id=0, op=3, ctrl_index=255, data_len=0) (b'',)
2025-11-28 20:22:08,045 LT1-thread root DEBUG client.py                 82    logger_log                : expected ((0, 3, 255, 0), (b'',))
2025-11-28 20:22:08,045 LT1-thread root DEBUG client.py                 82    logger_log                : response is valid
2025-11-28 20:22:08,045 LT1-thread root DEBUG client.py                 82    logger_log                : Reading supported commands for service: GAP
2025-11-28 20:22:08,045 LT1-thread root DEBUG client.py                 82    logger_log                : send, 1 1 255 ''
2025-11-28 20:22:08,045 LT1-thread root DEBUG client.py                 82    logger_log                : sending frame '0101ff0000'
2025-11-28 20:22:08,045 LT1-thread root DEBUG client.py                 82    logger_log                : read
2025-11-28 20:22:08,064 BTPWorkerThread-2984 (_rx_task) root DEBUG client.py                 82    logger_log                : Read 5 bytes
2025-11-28 20:22:08,074 BTPWorkerThread-2984 (_rx_task) root DEBUG client.py                 82    logger_log                : Received: hdr: Header(svc_id=0x01, op=0x01, ctrl_index=0xff, data_len=0x06) bytearray(b'\x01\x01\xff\x06\x00')
2025-11-28 20:22:08,090 BTPWorkerThread-2984 (_rx_task) root DEBUG client.py                 82    logger_log                : Read 6 bytes data
2025-11-28 20:22:08,095 BTPWorkerThread-2984 (_rx_task) root DEBUG client.py                 82    logger_log                : Received data: {'6e ff 7f 1f fe f7'}, bytearray(b'n\xff\x7f\x1f\xfe\xf7')
2025-11-28 20:22:08,110 LT1-thread root DEBUG client.py                 82    logger_log                : Starting test function: class=<class 'autopts.ptsprojects.testcase.TestFunc'>, func=<bound method Stack.gap_init of <autopts.ptsprojects.stack.stack.Stack object at 0x72a096870ad0>> start_wid=None stop_wid=None post_wid=None skip_call=None call_count=110 args=(b'Tester_F6B11A', 'ABCD', '1111', '1111', '11', '1111', b'\x17github.com/auto-pts', (8, 'PADV_Tester'), 'FF') kwds={}
2025-11-28 20:22:08,111 LT1-thread root DEBUG client.py                 82    logger_log                : Test function parameters: args=(b'Tester_F6B11A', 'ABCD', '1111', '1111', '11', '1111', b'\x17github.com/auto-pts', (8, 'PADV_Tester'), 'FF'), kwds={}
2025-11-28 20:22:08,111 LT1-thread root DEBUG client.py                 82    logger_log                : Starting test function: class=<class 'autopts.ptsprojects.testcase.TestFunc'>, func=<function gap_read_ctrl_info at 0x72a098beb060> start_wid=None stop_wid=None post_wid=None skip_call=None call_count=110 args=() kwds={}
2025-11-28 20:22:08,111 LT1-thread root DEBUG client.py                 82    logger_log                : Test function parameters: args=(), kwds={}
2025-11-28 20:22:08,111 LT1-thread root DEBUG client.py                 82    logger_log                : gap_read_ctrl_info
2025-11-28 20:22:08,111 LT1-thread root DEBUG client.py                 82    logger_log                : send, 1 3 0 ''
2025-11-28 20:22:08,111 LT1-thread root DEBUG client.py                 82    logger_log                : sending frame '0103000000'
2025-11-28 20:22:08,111 LT1-thread root DEBUG client.py                 82    logger_log                : read
2025-11-28 20:22:08,119 BTPWorkerThread-2984 (_rx_task) root DEBUG client.py                 82    logger_log                : Read 5 bytes
2025-11-28 20:22:08,130 BTPWorkerThread-2984 (_rx_task) root DEBUG client.py                 82    logger_log                : Received: hdr: Header(svc_id=0x01, op=0x03, ctrl_index=0x00, data_len=0x115) bytearray(b'\x01\x03\x00\x15\x01')
2025-11-28 20:22:08,150 BTPWorkerThread-2984 (_rx_task) root DEBUG client.py                 82    logger_log                : Read 274 bytes data
2025-11-28 20:22:08,170 BTPWorkerThread-2984 (_rx_task) root DEBUG client.py                 82    logger_log                : Read 3 bytes data
2025-11-28 20:22:08,181 BTPWorkerThread-2984 (_rx_task) root DEBUG client.py                 82    logger_log                : Received data: {'3b db 31 cc b6 d5 13 06 02 00 13 82 00 00 00 00 00 62 74 70 5f 74 65 73 74 65 72 00 00 00 00 00 00 00 00 00 00 00 00 00 00 00 00 00 00 00 00 00 00 00 00 00 00 00 00 00 00 00 00 00 00 00 00 00 00 00 00 00 00 00 00 00 00 00 00 00 00 00 00 00 00 00 00 00 00 00 00 00 00 00 00 00 00 00 00 00 00 00 00 00 00 00 00 00 00 00 00 00 00 00 00 00 00 00 00 00 00 00 00 00 00 00 00 00 00 00 00 00 00 00 00 00 00 00 00 00 00 00 00 00 00 00 00 00 00 00 00 00 00 00 00 00 00 00 00 00 00 00 00 00 00 00 00 00 00 00 00 00 00 00 00 00 00 00 00 00 00 00 00 00 00 00 00 00 00 00 00 00 00 00 00 00 00 00 00 00 00 00 00 00 00 00 00 00 00 00 00 00 00 00 00 00 00 00 00 00 00 00 00 00 00 00 00 00 00 00 00 00 00 00 00 00 00 00 00 00 00 00 00 00 00 00 00 00 00 00 00 00 00 00 00 00 00 00 00 00 00 00 00 00 00 00 00 00 00 00 00 00 00 00 00 00 00 00 00 00 00'}, bytearray(b';\xdb1\xcc\xb6\xd5\x13\x06\x02\x00\x13\x82\x00\x00\x00\x00\x00btp_tester\x00\x00\x00\x00\x00\x00\x00\x00\x00\x00\x00\x00\x00\x00\x00\x00\x00\x00\x00\x00\x00\x00\x00\x00\x00\x00\x00\x00\x00\x00\x00\x00\x00\x00\x00\x00\x00\x00\x00\x00\x00\x00\x00\x00\x00\x00\x00\x00\x00\x00\x00\x00\x00\x00\x00\x00\x00\x00\x00\x00\x00\x00\x00\x00\x00\x00\x00\x00\x00\x00\x00\x00\x00\x00\x00\x00\x00\x00\x00\x00\x00\x00\x00\x00\x00\x00\x00\x00\x00\x00\x00\x00\x00\x00\x00\x00\x00\x00\x00\x00\x00\x00\x00\x00\x00\x00\x00\x00\x00\x00\x00\x00\x00\x00\x00\x00\x00\x00\x00\x00\x00\x00\x00\x00\x00\x00\x00\x00\x00\x00\x00\x00\x00\x00\x00\x00\x00\x00\x00\x00\x00\x00\x00\x00\x00\x00\x00\x00\x00\x00\x00\x00\x00\x00\x00\x00\x00\x00\x00\x00\x00\x00\x00\x00\x00\x00\x00\x00\x00\x00\x00\x00\x00\x00\x00\x00\x00\x00\x00\x00\x00\x00\x00\x00\x00\x00\x00\x00\x00\x00\x00\x00\x00\x00\x00\x00\x00\x00\x00\x00\x00\x00\x00\x00\x00\x00\x00\x00\x00\x00\x00\x00\x00\x00\x00\x00\x00\x00\x00\x00\x00\x00\x00\x00\x00\x00\x00\x00\x00\x00\x00\x00\x00\x00\x00\x00\x00\x00\x00\x00\x00\x00\x00\x00\x00\x00\x00\x00\x00\x00')
2025-11-28 20:22:08,191 LT1-thread root DEBUG client.py                 82    logger_log                : received Header(svc_id=1, op=3, ctrl_index=0, data_len=277) (b';\xdb1\xcc\xb6\xd5\x13\x06\x02\x00\x13\x82\x00\x00\x00\x00\x00btp_tester\x00\x00\x00\x00\x00\x00\x00\x00\x00\x00\x00\x00\x00\x00\x00\x00\x00\x00\x00\x00\x00\x00\x00\x00\x00\x00\x00\x00\x00\x00\x00\x00\x00\x00\x00\x00\x00\x00\x00\x00\x00\x00\x00\x00\x00\x00\x00\x00\x00\x00\x00\x00\x00\x00\x00\x00\x00\x00\x00\x00\x00\x00\x00\x00\x00\x00\x00\x00\x00\x00\x00\x00\x00\x00\x00\x00\x00\x00\x00\x00\x00\x00\x00\x00\x00\x00\x00\x00\x00\x00\x00\x00\x00\x00\x00\x00\x00\x00\x00\x00\x00\x00\x00\x00\x00\x00\x00\x00\x00\x00\x00\x00\x00\x00\x00\x00\x00\x00\x00\x00\x00\x00\x00\x00\x00\x00\x00\x00\x00\x00\x00\x00\x00\x00\x00\x00\x00\x00\x00\x00\x00\x00\x00\x00\x00\x00\x00\x00\x00\x00\x00\x00\x00\x00\x00\x00\x00\x00\x00\x00\x00\x00\x00\x00\x00\x00\x00\x00\x00\x00\x00\x00\x00\x00\x00\x00\x00\x00\x00\x00\x00\x00\x00\x00\x00\x00\x00\x00\x00\x00\x00\x00\x00\x00\x00\x00\x00\x00\x00\x00\x00\x00\x00\x00\x00\x00\x00\x00\x00\x00\x00\x00\x00\x00\x00\x00\x00\x00\x00\x00\x00\x00\x00\x00\x00\x00\x00\x00\x00\x00\x00\x00\x00\x00\x00\x00\x00\x00\x00\x00\x00\x00\x00\x00\x00\x00\x00\x00\x00\x00',)
2025-11-28 20:22:08,191 LT1-thread root DEBUG client.py                 82    logger_log                : IUT address 'd5b6cc31db3b' 'random'
2025-11-28 20:22:08,191 LT1-thread root DEBUG client.py                 82    logger_log                : __gap_current_settings_update 33299
2025-11-28 20:22:08,191 LT1-thread root DEBUG client.py                 82    logger_log                : Starting test function: class=<class 'autopts.ptsprojects.testcase.TestFunc'>, func=<function test_cases.<locals>.<lambda> at 0x72a094b63920> start_wid=None stop_wid=None post_wid=None skip_call=None call_count=110 args=() kwds={}
2025-11-28 20:22:08,191 LT1-thread root DEBUG client.py                 82    logger_log                : Test function parameters: args=(), kwds={}
2025-11-28 20:22:08,206 LT1-thread root DEBUG client.py                 82    logger_log                : Starting test function: class=<class 'autopts.ptsprojects.testcase.TestFunc'>, func=<function test_cases.<locals>.<lambda> at 0x72a094b639c0> start_wid=None stop_wid=None post_wid=None skip_call=None call_count=110 args=() kwds={}
2025-11-28 20:22:08,207 LT1-thread root DEBUG client.py                 82    logger_log                : Test function parameters: args=(), kwds={}
2025-11-28 20:22:08,219 LT1-thread root DEBUG client.py                 82    logger_log                : Starting test function: class=<class 'autopts.ptsprojects.testcase.TestFunc'>, func=<function test_cases.<locals>.<lambda> at 0x72a094b63a60> start_wid=None stop_wid=None post_wid=None skip_call=None call_count=110 args=() kwds={}
2025-11-28 20:22:08,219 LT1-thread root DEBUG client.py                 82    logger_log                : Test function parameters: args=(), kwds={}
2025-11-28 20:22:08,232 LT1-thread root DEBUG client.py                 82    logger_log                : Starting test function: class=<class 'autopts.ptsprojects.testcase.TestFunc'>, func=<function test_cases.<locals>.<lambda> at 0x72a094b63b00> start_wid=None stop_wid=None post_wid=None skip_call=None call_count=110 args=() kwds={}
2025-11-28 20:22:08,232 LT1-thread root DEBUG client.py                 82    logger_log                : Test function parameters: args=(), kwds={}
2025-11-28 20:22:08,244 LT1-thread root DEBUG client.py                 82    logger_log                : Starting test function: class=<class 'autopts.ptsprojects.testcase.TestFunc'>, func=<function test_cases.<locals>.<lambda> at 0x72a094b63ba0> start_wid=None stop_wid=None post_wid=None skip_call=None call_count=110 args=() kwds={}
2025-11-28 20:22:08,244 LT1-thread root DEBUG client.py                 82    logger_log                : Test function parameters: args=(), kwds={}
2025-11-28 20:22:08,257 LT1-thread root DEBUG client.py                 82    logger_log                : Starting test function: class=<class 'autopts.ptsprojects.testcase.TestFunc'>, func=<function test_cases.<locals>.<lambda> at 0x72a094b63c40> start_wid=None stop_wid=None post_wid=None skip_call=None call_count=110 args=() kwds={}
2025-11-28 20:22:08,257 LT1-thread root DEBUG client.py                 82    logger_log                : Test function parameters: args=(), kwds={}
2025-11-28 20:22:08,270 LT1-thread root DEBUG client.py                 82    logger_log                : Starting test function: class=<class 'autopts.ptsprojects.testcase.TestFunc'>, func=<function test_cases.<locals>.<lambda> at 0x72a094b63ce0> start_wid=None stop_wid=None post_wid=None skip_call=None call_count=110 args=() kwds={}
2025-11-28 20:22:08,270 LT1-thread root DEBUG client.py                 82    logger_log                : Test function parameters: args=(), kwds={}
2025-11-28 20:22:08,283 LT1-thread root DEBUG client.py                 82    logger_log                : Starting test function: class=<class 'autopts.ptsprojects.testcase.TestFunc'>, func=<function test_cases.<locals>.<lambda> at 0x72a094b63d80> start_wid=None stop_wid=None post_wid=None skip_call=None call_count=110 args=() kwds={}
2025-11-28 20:22:08,283 LT1-thread root DEBUG client.py                 82    logger_log                : Test function parameters: args=(), kwds={}
2025-11-28 20:22:08,296 LT1-thread root DEBUG client.py                 82    logger_log                : Starting test function: class=<class 'autopts.ptsprojects.testcase.TestFunc'>, func=<function test_cases.<locals>.<lambda> at 0x72a094b63e20> start_wid=None stop_wid=None post_wid=None skip_call=None call_count=110 args=() kwds={}
2025-11-28 20:22:08,296 LT1-thread root DEBUG client.py                 82    logger_log                : Test function parameters: args=(), kwds={}
2025-11-28 20:22:08,309 LT1-thread root DEBUG client.py                 82    logger_log                : Starting test function: class=<class 'autopts.ptsprojects.testcase.TestFunc'>, func=<function test_cases.<locals>.<lambda> at 0x72a094b63ec0> start_wid=None stop_wid=None post_wid=None skip_call=None call_count=110 args=() kwds={}
2025-11-28 20:22:08,309 LT1-thread root DEBUG client.py                 82    logger_log                : Test function parameters: args=(), kwds={}
2025-11-28 20:22:08,322 LT1-thread root DEBUG client.py                 82    logger_log                : Starting test function: class=<class 'autopts.ptsprojects.testcase.TestFunc'>, func=<function test_cases.<locals>.<lambda> at 0x72a094b63f60> start_wid=None stop_wid=None post_wid=None skip_call=None call_count=110 args=() kwds={}
2025-11-28 20:22:08,322 LT1-thread root DEBUG client.py                 82    logger_log                : Test function parameters: args=(), kwds={}
2025-11-28 20:22:08,335 LT1-thread root DEBUG client.py                 82    logger_log                : Starting test function: class=<class 'autopts.ptsprojects.testcase.TestFunc'>, func=<function test_cases.<locals>.<lambda> at 0x72a094bf8040> start_wid=None stop_wid=None post_wid=None skip_call=None call_count=110 args=() kwds={}
2025-11-28 20:22:08,335 LT1-thread root DEBUG client.py                 82    logger_log                : Test function parameters: args=(), kwds={}
2025-11-28 20:22:08,348 LT1-thread root DEBUG client.py                 82    logger_log                : Starting test function: class=<class 'autopts.ptsprojects.testcase.TestFunc'>, func=<function core_reg_svc_gatt at 0x72a0993c0360> start_wid=None stop_wid=None post_wid=None skip_call=None call_count=110 args=() kwds={}
2025-11-28 20:22:08,348 LT1-thread root DEBUG client.py                 82    logger_log                : Test function parameters: args=(), kwds={}
2025-11-28 20:22:08,348 LT1-thread root DEBUG client.py                 82    logger_log                : core_reg_svc_univ: gatt_reg (GATT)
2025-11-28 20:22:08,348 LT1-thread root DEBUG client.py                 82    logger_log                : send, 0 3 255 '2'
2025-11-28 20:22:08,348 LT1-thread root DEBUG client.py                 82    logger_log                : sending frame '0003ff010002'
2025-11-28 20:22:08,348 LT1-thread root DEBUG client.py                 82    logger_log                : core_reg_svc_rsp_succ
2025-11-28 20:22:08,348 LT1-thread root DEBUG client.py                 82    logger_log                : read
2025-11-28 20:22:08,364 BTPWorkerThread-2984 (_rx_task) root DEBUG client.py                 82    logger_log                : Read 5 bytes
2025-11-28 20:22:08,364 BTPWorkerThread-2984 (_rx_task) root DEBUG client.py                 82    logger_log                : Received: hdr: Header(svc_id=0x00, op=0x03, ctrl_index=0xff, data_len=0x00) bytearray(b'\x00\x03\xff\x00\x00')
2025-11-28 20:22:08,365 BTPWorkerThread-2984 (_rx_task) root DEBUG client.py                 82    logger_log                : Received data: {''}, bytearray(b'')
2025-11-28 20:22:08,365 LT1-thread root DEBUG client.py                 82    logger_log                : received Header(svc_id=0, op=3, ctrl_index=255, data_len=0) (b'',)
2025-11-28 20:22:08,365 LT1-thread root DEBUG client.py                 82    logger_log                : expected ((0, 3, 255, 0), (b'',))
2025-11-28 20:22:08,365 LT1-thread root DEBUG client.py                 82    logger_log                : response is valid
2025-11-28 20:22:08,365 LT1-thread root DEBUG client.py                 82    logger_log                : Reading supported commands for service: GATT
2025-11-28 20:22:08,365 LT1-thread root DEBUG client.py                 82    logger_log                : send, 2 1 255 ''
2025-11-28 20:22:08,365 LT1-thread root DEBUG client.py                 82    logger_log                : sending frame '0201ff0000'
2025-11-28 20:22:08,365 LT1-thread root DEBUG client.py                 82    logger_log                : read
2025-11-28 20:22:08,384 BTPWorkerThread-2984 (_rx_task) root DEBUG client.py                 82    logger_log                : Read 5 bytes
2025-11-28 20:22:08,394 BTPWorkerThread-2984 (_rx_task) root DEBUG client.py                 82    logger_log                : Received: hdr: Header(svc_id=0x02, op=0x01, ctrl_index=0xff, data_len=0x05) bytearray(b'\x02\x01\xff\x05\x00')
2025-11-28 20:22:08,410 BTPWorkerThread-2984 (_rx_task) root DEBUG client.py                 82    logger_log                : Read 5 bytes data
2025-11-28 20:22:08,420 BTPWorkerThread-2984 (_rx_task) root DEBUG client.py                 82    logger_log                : Received data: {'fe fe bf fd 03'}, bytearray(b'\xfe\xfe\xbf\xfd\x03')
2025-11-28 20:22:08,430 LT1-thread root DEBUG client.py                 82    logger_log                : Starting test function: class=<class 'autopts.ptsprojects.testcase.TestFunc'>, func=<bound method Stack.gatt_init of <autopts.ptsprojects.stack.stack.Stack object at 0x72a096870ad0>> start_wid=None stop_wid=None post_wid=None skip_call=None call_count=110 args=() kwds={}
2025-11-28 20:22:08,430 LT1-thread root DEBUG client.py                 82    logger_log                : Test function parameters: args=(), kwds={}
2025-11-28 20:22:08,431 LT1-thread root DEBUG client.py                 82    logger_log                : Starting test function: class=<class 'autopts.ptsprojects.testcase.TestFunc'>, func=<function gap_set_io_cap at 0x72a098bea520> start_wid=None stop_wid=None post_wid=None skip_call=None call_count=110 args=(4,) kwds={}
2025-11-28 20:22:08,431 LT1-thread root DEBUG client.py                 82    logger_log                : Test function parameters: args=(4,), kwds={}
2025-11-28 20:22:08,431 LT1-thread root DEBUG client.py                 82    logger_log                : gap_set_io_cap 4
2025-11-28 20:22:08,431 LT1-thread root DEBUG client.py                 82    logger_log                : send, 1 16 0 '\x04'
2025-11-28 20:22:08,431 LT1-thread root DEBUG client.py                 82    logger_log                : sending frame '011000010004'
2025-11-28 20:22:08,431 LT1-thread root DEBUG client.py                 82    logger_log                : gap_command_rsp_succ
2025-11-28 20:22:08,431 LT1-thread root DEBUG client.py                 82    logger_log                : read
2025-11-28 20:22:08,439 BTPWorkerThread-2984 (_rx_task) root DEBUG client.py                 82    logger_log                : Read 5 bytes
2025-11-28 20:22:08,449 BTPWorkerThread-2984 (_rx_task) root DEBUG client.py                 82    logger_log                : Received: hdr: Header(svc_id=0x01, op=0x10, ctrl_index=0x00, data_len=0x00) bytearray(b'\x01\x10\x00\x00\x00')
2025-11-28 20:22:08,460 BTPWorkerThread-2984 (_rx_task) root DEBUG client.py                 82    logger_log                : Received data: {''}, bytearray(b'')
2025-11-28 20:22:08,470 LT1-thread root DEBUG client.py                 82    logger_log                : received Header(svc_id=1, op=16, ctrl_index=0, data_len=0) (b'',)
2025-11-28 20:22:08,470 LT1-thread root DEBUG client.py                 82    logger_log                : Starting test function: class=<class 'autopts.ptsprojects.testcase.TestFunc'>, func=<function gap_set_broadcast_code at 0x72a098bf8400> start_wid=None stop_wid=None post_wid=None skip_call=None call_count=110 args=('0102680553F1415AA265BBAFC6EA03B8',) kwds={}
2025-11-28 20:22:08,470 LT1-thread root DEBUG client.py                 82    logger_log                : Test function parameters: args=('0102680553F1415AA265BBAFC6EA03B8',), kwds={}
2025-11-28 20:22:08,470 LT1-thread root DEBUG client.py                 82    logger_log                : gap_set_broadcast_code '0102680553F1415AA265BBAFC6EA03B8'
2025-11-28 20:22:08,470 LT1-thread root DEBUG client.py                 82    logger_log                : Starting test function: class=<class 'autopts.ptsprojects.testcase.TestFunc'>, func=<function set_pts_addr at 0x72a0993dbd80> start_wid=None stop_wid=None post_wid=None skip_call=None call_count=110 args=('DF:A9:FF:F6:B1:1A', 0) kwds={}
2025-11-28 20:22:08,470 LT1-thread root DEBUG client.py                 82    logger_log                : Test function parameters: args=('DF:A9:FF:F6:B1:1A', 0), kwds={}
2025-11-28 20:22:08,470 LT1-thread root DEBUG client.py                 82    logger_log                : Starting test function: class=<class 'autopts.ptsprojects.testcase.TestFunc'>, func=<function gatts_add_svc at 0x72a098bd1da0> start_wid=None stop_wid=None post_wid=None skip_call=None call_count=110 args=(0, 'AA51') kwds={}
2025-11-28 20:22:08,470 LT1-thread root DEBUG client.py                 82    logger_log                : Test function parameters: args=(0, 'AA51'), kwds={}
2025-11-28 20:22:08,470 LT1-thread root DEBUG client.py                 82    logger_log                : gatts_add_svc 0 'AA51'
2025-11-28 20:22:08,470 LT1-thread root DEBUG client.py                 82    logger_log                : send, 2 2 0 "bytearray(b'\\x00\\x02\\xaaQ')"
2025-11-28 20:22:08,470 LT1-thread root DEBUG client.py                 82    logger_log                : sending frame '02020004000002aa51'
2025-11-28 20:22:08,471 LT1-thread root DEBUG client.py                 82    logger_log                : gatt_command_rsp_succ
2025-11-28 20:22:08,471 LT1-thread root DEBUG client.py                 82    logger_log                : read
2025-11-28 20:22:08,479 BTPWorkerThread-2984 (_rx_task) root DEBUG client.py                 82    logger_log                : Read 5 bytes
2025-11-28 20:22:08,489 BTPWorkerThread-2984 (_rx_task) root DEBUG client.py                 82    logger_log                : Received: hdr: Header(svc_id=0x02, op=0x02, ctrl_index=0x00, data_len=0x02) bytearray(b'\x02\x02\x00\x02\x00')
2025-11-28 20:22:08,505 BTPWorkerThread-2984 (_rx_task) root DEBUG client.py                 82    logger_log                : Read 2 bytes data
2025-11-28 20:22:08,515 BTPWorkerThread-2984 (_rx_task) root DEBUG client.py                 82    logger_log                : Received data: {'00 00'}, bytearray(b'\x00\x00')
2025-11-28 20:22:08,525 LT1-thread root DEBUG client.py                 82    logger_log                : received Header(svc_id=2, op=2, ctrl_index=0, data_len=2) (b'\x00\x00',)
2025-11-28 20:22:08,526 LT1-thread root DEBUG client.py                 82    logger_log                : Starting test function: class=<class 'autopts.ptsprojects.testcase.TestFunc'>, func=<function gatts_add_char at 0x72a098bd1ee0> start_wid=None stop_wid=None post_wid=None skip_call=None call_count=110 args=(0, 2, 17, 'AA52') kwds={}
2025-11-28 20:22:08,526 LT1-thread root DEBUG client.py                 82    logger_log                : Test function parameters: args=(0, 2, 17, 'AA52'), kwds={}
2025-11-28 20:22:08,526 LT1-thread root DEBUG client.py                 82    logger_log                : gatts_add_char 0 2 17 'AA52'
2025-11-28 20:22:08,526 LT1-thread root DEBUG client.py                 82    logger_log                : send, 2 3 0 "bytearray(b'\\x00\\x00\\x02\\x11\\x02\\xaaR')"
2025-11-28 20:22:08,526 LT1-thread root DEBUG client.py                 82    logger_log                : sending frame '02030007000000021102aa52'
2025-11-28 20:22:08,526 LT1-thread root DEBUG client.py                 82    logger_log                : gatt_command_rsp_succ
2025-11-28 20:22:08,526 LT1-thread root DEBUG client.py                 82    logger_log                : read
2025-11-28 20:22:08,539 BTPWorkerThread-2984 (_rx_task) root DEBUG client.py                 82    logger_log                : Read 5 bytes
2025-11-28 20:22:08,549 BTPWorkerThread-2984 (_rx_task) root DEBUG client.py                 82    logger_log                : Received: hdr: Header(svc_id=0x02, op=0x03, ctrl_index=0x00, data_len=0x02) bytearray(b'\x02\x03\x00\x02\x00')
2025-11-28 20:22:08,565 BTPWorkerThread-2984 (_rx_task) root DEBUG client.py                 82    logger_log                : Read 2 bytes data
2025-11-28 20:22:08,575 BTPWorkerThread-2984 (_rx_task) root DEBUG client.py                 82    logger_log                : Received data: {'00 00'}, bytearray(b'\x00\x00')
2025-11-28 20:22:08,585 LT1-thread root DEBUG client.py                 82    logger_log                : received Header(svc_id=2, op=3, ctrl_index=0, data_len=2) (b'\x00\x00',)
2025-11-28 20:22:08,585 LT1-thread root DEBUG client.py                 82    logger_log                : Starting test function: class=<class 'autopts.ptsprojects.testcase.TestFunc'>, func=<function gatts_set_val at 0x72a098bd1f80> start_wid=None stop_wid=None post_wid=None skip_call=None call_count=110 args=(0, '01') kwds={}
2025-11-28 20:22:08,586 LT1-thread root DEBUG client.py                 82    logger_log                : Test function parameters: args=(0, '01'), kwds={}
2025-11-28 20:22:08,586 LT1-thread root DEBUG client.py                 82    logger_log                : gatts_set_val 0 '01' 
2025-11-28 20:22:08,586 LT1-thread root DEBUG client.py                 82    logger_log                : send, 2 6 0 "bytearray(b'\\x00\\x00\\x01\\x00\\x01')"
2025-11-28 20:22:08,586 LT1-thread root DEBUG client.py                 82    logger_log                : sending frame '02060005000000010001'
2025-11-28 20:22:08,586 LT1-thread root DEBUG client.py                 82    logger_log                : gatt_command_rsp_succ
2025-11-28 20:22:08,586 LT1-thread root DEBUG client.py                 82    logger_log                : read
2025-11-28 20:22:08,604 BTPWorkerThread-2984 (_rx_task) root DEBUG client.py                 82    logger_log                : Read 5 bytes
2025-11-28 20:22:08,615 BTPWorkerThread-2984 (_rx_task) root DEBUG client.py                 82    logger_log                : Received: hdr: Header(svc_id=0x02, op=0x06, ctrl_index=0x00, data_len=0x00) bytearray(b'\x02\x06\x00\x00\x00')
2025-11-28 20:22:08,625 BTPWorkerThread-2984 (_rx_task) root DEBUG client.py                 82    logger_log                : Received data: {''}, bytearray(b'')
2025-11-28 20:22:08,635 LT1-thread root DEBUG client.py                 82    logger_log                : received Header(svc_id=2, op=6, ctrl_index=0, data_len=0) (b'',)
2025-11-28 20:22:08,635 LT1-thread root DEBUG client.py                 82    logger_log                : Starting test function: class=<class 'autopts.ptsprojects.testcase.TestFunc'>, func=<function gatts_add_char at 0x72a098bd1ee0> start_wid=None stop_wid=None post_wid=None skip_call=None call_count=110 args=(0, 2, 5, 'AA53') kwds={}
2025-11-28 20:22:08,635 LT1-thread root DEBUG client.py                 82    logger_log                : Test function parameters: args=(0, 2, 5, 'AA53'), kwds={}
2025-11-28 20:22:08,635 LT1-thread root DEBUG client.py                 82    logger_log                : gatts_add_char 0 2 5 'AA53'
2025-11-28 20:22:08,635 LT1-thread root DEBUG client.py                 82    logger_log                : send, 2 3 0 "bytearray(b'\\x00\\x00\\x02\\x05\\x02\\xaaS')"
2025-11-28 20:22:08,635 LT1-thread root DEBUG client.py                 82    logger_log                : sending frame '02030007000000020502aa53'
2025-11-28 20:22:08,636 LT1-thread root DEBUG client.py                 82    logger_log                : gatt_command_rsp_succ
2025-11-28 20:22:08,636 LT1-thread root DEBUG client.py                 82    logger_log                : read
2025-11-28 20:22:08,649 BTPWorkerThread-2984 (_rx_task) root DEBUG client.py                 82    logger_log                : Read 5 bytes
2025-11-28 20:22:08,659 BTPWorkerThread-2984 (_rx_task) root DEBUG client.py                 82    logger_log                : Received: hdr: Header(svc_id=0x02, op=0x03, ctrl_index=0x00, data_len=0x02) bytearray(b'\x02\x03\x00\x02\x00')
2025-11-28 20:22:08,675 BTPWorkerThread-2984 (_rx_task) root DEBUG client.py                 82    logger_log                : Read 2 bytes data
2025-11-28 20:22:08,685 BTPWorkerThread-2984 (_rx_task) root DEBUG client.py                 82    logger_log                : Received data: {'00 00'}, bytearray(b'\x00\x00')
2025-11-28 20:22:08,695 LT1-thread root DEBUG client.py                 82    logger_log                : received Header(svc_id=2, op=3, ctrl_index=0, data_len=2) (b'\x00\x00',)
2025-11-28 20:22:08,695 LT1-thread root DEBUG client.py                 82    logger_log                : Starting test function: class=<class 'autopts.ptsprojects.testcase.TestFunc'>, func=<function gatts_set_val at 0x72a098bd1f80> start_wid=None stop_wid=None post_wid=None skip_call=None call_count=110 args=(0, '02') kwds={}
2025-11-28 20:22:08,695 LT1-thread root DEBUG client.py                 82    logger_log                : Test function parameters: args=(0, '02'), kwds={}
2025-11-28 20:22:08,696 LT1-thread root DEBUG client.py                 82    logger_log                : gatts_set_val 0 '02' 
2025-11-28 20:22:08,696 LT1-thread root DEBUG client.py                 82    logger_log                : send, 2 6 0 "bytearray(b'\\x00\\x00\\x01\\x00\\x02')"
2025-11-28 20:22:08,696 LT1-thread root DEBUG client.py                 82    logger_log                : sending frame '02060005000000010002'
2025-11-28 20:22:08,696 LT1-thread root DEBUG client.py                 82    logger_log                : gatt_command_rsp_succ
2025-11-28 20:22:08,696 LT1-thread root DEBUG client.py                 82    logger_log                : read
2025-11-28 20:22:08,714 BTPWorkerThread-2984 (_rx_task) root DEBUG client.py                 82    logger_log                : Read 5 bytes
2025-11-28 20:22:08,724 BTPWorkerThread-2984 (_rx_task) root DEBUG client.py                 82    logger_log                : Received: hdr: Header(svc_id=0x02, op=0x06, ctrl_index=0x00, data_len=0x00) bytearray(b'\x02\x06\x00\x00\x00')
2025-11-28 20:22:08,735 BTPWorkerThread-2984 (_rx_task) root DEBUG client.py                 82    logger_log                : Received data: {''}, bytearray(b'')
2025-11-28 20:22:08,745 LT1-thread root DEBUG client.py                 82    logger_log                : received Header(svc_id=2, op=6, ctrl_index=0, data_len=0) (b'',)
2025-11-28 20:22:08,745 LT1-thread root DEBUG client.py                 82    logger_log                : Starting test function: class=<class 'autopts.ptsprojects.testcase.TestFunc'>, func=<function gatts_add_char at 0x72a098bd1ee0> start_wid=None stop_wid=None post_wid=None skip_call=None call_count=110 args=(0, 66, 3, 'AA54') kwds={}
2025-11-28 20:22:08,745 LT1-thread root DEBUG client.py                 82    logger_log                : Test function parameters: args=(0, 66, 3, 'AA54'), kwds={}
2025-11-28 20:22:08,745 LT1-thread root DEBUG client.py                 82    logger_log                : gatts_add_char 0 66 3 'AA54'
2025-11-28 20:22:08,745 LT1-thread root DEBUG client.py                 82    logger_log                : send, 2 3 0 "bytearray(b'\\x00\\x00B\\x03\\x02\\xaaT')"
2025-11-28 20:22:08,745 LT1-thread root DEBUG client.py                 82    logger_log                : sending frame '02030007000000420302aa54'
2025-11-28 20:22:08,745 LT1-thread root DEBUG client.py                 82    logger_log                : gatt_command_rsp_succ
2025-11-28 20:22:08,745 LT1-thread root DEBUG client.py                 82    logger_log                : read
2025-11-28 20:22:08,759 BTPWorkerThread-2984 (_rx_task) root DEBUG client.py                 82    logger_log                : Read 5 bytes
2025-11-28 20:22:08,770 BTPWorkerThread-2984 (_rx_task) root DEBUG client.py                 82    logger_log                : Received: hdr: Header(svc_id=0x02, op=0x03, ctrl_index=0x00, data_len=0x02) bytearray(b'\x02\x03\x00\x02\x00')
2025-11-28 20:22:08,785 BTPWorkerThread-2984 (_rx_task) root DEBUG client.py                 82    logger_log                : Read 2 bytes data
2025-11-28 20:22:08,795 BTPWorkerThread-2984 (_rx_task) root DEBUG client.py                 82    logger_log                : Received data: {'00 00'}, bytearray(b'\x00\x00')
2025-11-28 20:22:08,805 LT1-thread root DEBUG client.py                 82    logger_log                : received Header(svc_id=2, op=3, ctrl_index=0, data_len=2) (b'\x00\x00',)
2025-11-28 20:22:08,806 LT1-thread root DEBUG client.py                 82    logger_log                : Starting test function: class=<class 'autopts.ptsprojects.testcase.TestFunc'>, func=<function gatts_set_val at 0x72a098bd1f80> start_wid=None stop_wid=None post_wid=None skip_call=None call_count=110 args=(0, '03') kwds={}
2025-11-28 20:22:08,806 LT1-thread root DEBUG client.py                 82    logger_log                : Test function parameters: args=(0, '03'), kwds={}
2025-11-28 20:22:08,806 LT1-thread root DEBUG client.py                 82    logger_log                : gatts_set_val 0 '03' 
2025-11-28 20:22:08,806 LT1-thread root DEBUG client.py                 82    logger_log                : send, 2 6 0 "bytearray(b'\\x00\\x00\\x01\\x00\\x03')"
2025-11-28 20:22:08,806 LT1-thread root DEBUG client.py                 82    logger_log                : sending frame '02060005000000010003'
2025-11-28 20:22:08,806 LT1-thread root DEBUG client.py                 82    logger_log                : gatt_command_rsp_succ
2025-11-28 20:22:08,806 LT1-thread root DEBUG client.py                 82    logger_log                : read
2025-11-28 20:22:08,824 BTPWorkerThread-2984 (_rx_task) root DEBUG client.py                 82    logger_log                : Read 5 bytes
2025-11-28 20:22:08,834 BTPWorkerThread-2984 (_rx_task) root DEBUG client.py                 82    logger_log                : Received: hdr: Header(svc_id=0x02, op=0x06, ctrl_index=0x00, data_len=0x00) bytearray(b'\x02\x06\x00\x00\x00')
2025-11-28 20:22:08,845 BTPWorkerThread-2984 (_rx_task) root DEBUG client.py                 82    logger_log                : Received data: {''}, bytearray(b'')
2025-11-28 20:22:08,855 LT1-thread root DEBUG client.py                 82    logger_log                : received Header(svc_id=2, op=6, ctrl_index=0, data_len=0) (b'',)
2025-11-28 20:22:08,855 LT1-thread root DEBUG client.py                 82    logger_log                : Starting test function: class=<class 'autopts.ptsprojects.testcase.TestFunc'>, func=<function gatts_add_char at 0x72a098bd1ee0> start_wid=None stop_wid=None post_wid=None skip_call=None call_count=110 args=(0, 10, 48, 'AA55') kwds={}
2025-11-28 20:22:08,855 LT1-thread root DEBUG client.py                 82    logger_log                : Test function parameters: args=(0, 10, 48, 'AA55'), kwds={}
2025-11-28 20:22:08,855 LT1-thread root DEBUG client.py                 82    logger_log                : gatts_add_char 0 10 48 'AA55'
2025-11-28 20:22:08,855 LT1-thread root DEBUG client.py                 82    logger_log                : send, 2 3 0 "bytearray(b'\\x00\\x00\\n0\\x02\\xaaU')"
2025-11-28 20:22:08,855 LT1-thread root DEBUG client.py                 82    logger_log                : sending frame '020300070000000a3002aa55'
2025-11-28 20:22:08,855 LT1-thread root DEBUG client.py                 82    logger_log                : gatt_command_rsp_succ
2025-11-28 20:22:08,856 LT1-thread root DEBUG client.py                 82    logger_log                : read
2025-11-28 20:22:08,869 BTPWorkerThread-2984 (_rx_task) root DEBUG client.py                 82    logger_log                : Read 5 bytes
2025-11-28 20:22:08,879 BTPWorkerThread-2984 (_rx_task) root DEBUG client.py                 82    logger_log                : Received: hdr: Header(svc_id=0x02, op=0x03, ctrl_index=0x00, data_len=0x02) bytearray(b'\x02\x03\x00\x02\x00')
2025-11-28 20:22:08,895 BTPWorkerThread-2984 (_rx_task) root DEBUG client.py                 82    logger_log                : Read 2 bytes data
2025-11-28 20:22:08,905 BTPWorkerThread-2984 (_rx_task) root DEBUG client.py                 82    logger_log                : Received data: {'00 00'}, bytearray(b'\x00\x00')
2025-11-28 20:22:08,910 LT1-thread root DEBUG client.py                 82    logger_log                : received Header(svc_id=2, op=3, ctrl_index=0, data_len=2) (b'\x00\x00',)
2025-11-28 20:22:08,910 LT1-thread root DEBUG client.py                 82    logger_log                : Starting test function: class=<class 'autopts.ptsprojects.testcase.TestFunc'>, func=<function gatts_set_val at 0x72a098bd1f80> start_wid=None stop_wid=None post_wid=None skip_call=None call_count=110 args=(0, '04') kwds={}
2025-11-28 20:22:08,910 LT1-thread root DEBUG client.py                 82    logger_log                : Test function parameters: args=(0, '04'), kwds={}
2025-11-28 20:22:08,910 LT1-thread root DEBUG client.py                 82    logger_log                : gatts_set_val 0 '04' 
2025-11-28 20:22:08,910 LT1-thread root DEBUG client.py                 82    logger_log                : send, 2 6 0 "bytearray(b'\\x00\\x00\\x01\\x00\\x04')"
2025-11-28 20:22:08,910 LT1-thread root DEBUG client.py                 82    logger_log                : sending frame '02060005000000010004'
2025-11-28 20:22:08,911 LT1-thread root DEBUG client.py                 82    logger_log                : gatt_command_rsp_succ
2025-11-28 20:22:08,911 LT1-thread root DEBUG client.py                 82    logger_log                : read
2025-11-28 20:22:08,924 BTPWorkerThread-2984 (_rx_task) root DEBUG client.py                 82    logger_log                : Read 5 bytes
2025-11-28 20:22:08,935 BTPWorkerThread-2984 (_rx_task) root DEBUG client.py                 82    logger_log                : Received: hdr: Header(svc_id=0x02, op=0x06, ctrl_index=0x00, data_len=0x00) bytearray(b'\x02\x06\x00\x00\x00')
2025-11-28 20:22:08,945 BTPWorkerThread-2984 (_rx_task) root DEBUG client.py                 82    logger_log                : Received data: {''}, bytearray(b'')
2025-11-28 20:22:08,955 LT1-thread root DEBUG client.py                 82    logger_log                : received Header(svc_id=2, op=6, ctrl_index=0, data_len=0) (b'',)
2025-11-28 20:22:08,955 LT1-thread root DEBUG client.py                 82    logger_log                : Starting test function: class=<class 'autopts.ptsprojects.testcase.TestFunc'>, func=<function gatts_start_server at 0x72a098bd2200> start_wid=None stop_wid=None post_wid=None skip_call=None call_count=110 args=() kwds={}
2025-11-28 20:22:08,955 LT1-thread root DEBUG client.py                 82    logger_log                : Test function parameters: args=(), kwds={}
2025-11-28 20:22:08,955 LT1-thread root DEBUG client.py                 82    logger_log                : gatts_start_server
2025-11-28 20:22:08,956 LT1-thread root DEBUG client.py                 82    logger_log                : send, 2 7 0 ''
2025-11-28 20:22:08,956 LT1-thread root DEBUG client.py                 82    logger_log                : sending frame '0207000000'
2025-11-28 20:22:08,956 LT1-thread root DEBUG client.py                 82    logger_log                : gatt_command_rsp_succ
2025-11-28 20:22:08,956 LT1-thread root DEBUG client.py                 82    logger_log                : read
2025-11-28 20:22:08,974 BTPWorkerThread-2984 (_rx_task) root DEBUG client.py                 82    logger_log                : Read 5 bytes
2025-11-28 20:22:08,990 BTPWorkerThread-2984 (_rx_task) root DEBUG client.py                 82    logger_log                : Received: hdr: Header(svc_id=0x02, op=0x07, ctrl_index=0x00, data_len=0x03) bytearray(b'\x02\x07\x00\x03\x00')
2025-11-28 20:22:09,005 BTPWorkerThread-2984 (_rx_task) root DEBUG client.py                 82    logger_log                : Read 3 bytes data
2025-11-28 20:22:09,015 BTPWorkerThread-2984 (_rx_task) root DEBUG client.py                 82    logger_log                : Received data: {'00 00 00'}, bytearray(b'\x00\x00\x00')
2025-11-28 20:22:09,025 LT1-thread root DEBUG client.py                 82    logger_log                : received Header(svc_id=2, op=7, ctrl_index=0, data_len=3) (b'\x00\x00\x00',)
2025-11-28 20:22:09,027 LT1-thread root DEBUG client.py                 82    logger_log                : ClientCallback.get_result run_test_case
2025-11-28 20:22:11,153 LT1-callback ClientCallback.on_implicit_send INFO client.py                 82    logger_log                : 
    ********************
    BEGIN OnImplicitSend:
    project_name: GAP
    wid: 20001
    test_case_name: GAP/PADV/PAST/BV-01-C
    description: Please prepare IUT into a connectable mode.

Description: Verify that the Implementation Under Test (IUT) can accept GATT connect request from PTS.
    style: MMI_Style_Ok_Cancel2 0x11141
2025-11-28 20:22:11,153 LT1-callback ClientCallback.on_implicit_send INFO client.py                 82    logger_log                : Calling test cases on_implicit_send
2025-11-28 20:22:11,153 LT1-callback ClientCallback.on_implicit_send INFO client.py                 82    logger_log                : 
    on_implicit_send returned response: WAIT
    END OnImplicitSend
    ********************
2025-11-28 20:22:12,028 LT1-thread root DEBUG client.py                 82    logger_log                : GAP GAP/PADV/PAST/BV-01-C on_implicit_send
2025-11-28 20:22:12,028 LT1-thread root DEBUG client.py                 82    logger_log                : gap_wid_hdl, 20001, Please prepare IUT into a connectable mode.

Description: Verify that the Implementation Under Test (IUT) can accept GATT connect request from PTS., GAP/PADV/PAST/BV-01-C
2025-11-28 20:22:12,028 LT1-thread root DEBUG client.py                 82    logger_log                : gap_set_conn
2025-11-28 20:22:12,029 LT1-thread root DEBUG client.py                 82    logger_log                : gap_adv_ind_on {9: b'Tester_F6B11A'} None
2025-11-28 20:22:12,029 LT1-thread root DEBUG client.py                 82    logger_log                : send, 1 10 0 "bytearray(b'\\x0f\\x00\\t\\rTester_F6B11A\\xff\\xff\\xff\\xff\\x00')"
2025-11-28 20:22:12,029 LT1-thread root DEBUG client.py                 82    logger_log                : sending frame '010a0016000f00090d5465737465725f463642313141ffffffff00'
2025-11-28 20:22:12,030 LT1-thread root DEBUG client.py                 82    logger_log                : gap_command_rsp_succ
2025-11-28 20:22:12,030 LT1-thread root DEBUG client.py                 82    logger_log                : read
2025-11-28 20:22:12,139 BTPWorkerThread-2984 (_rx_task) root DEBUG client.py                 82    logger_log                : Read 5 bytes
2025-11-28 20:22:12,140 BTPWorkerThread-2984 (_rx_task) root DEBUG client.py                 82    logger_log                : Received: hdr: Header(svc_id=0x01, op=0x0a, ctrl_index=0x00, data_len=0x04) bytearray(b'\x01\n\x00\x04\x00')
2025-11-28 20:22:12,145 BTPWorkerThread-2984 (_rx_task) root DEBUG client.py                 82    logger_log                : Read 4 bytes data
2025-11-28 20:22:12,150 BTPWorkerThread-2984 (_rx_task) root DEBUG client.py                 82    logger_log                : Received data: {'13 86 00 00'}, bytearray(b'\x13\x86\x00\x00')
2025-11-28 20:22:12,164 LT1-thread root DEBUG client.py                 82    logger_log                : received Header(svc_id=1, op=10, ctrl_index=0, data_len=4) (b'\x13\x86\x00\x00',)
2025-11-28 20:22:12,164 LT1-thread root DEBUG client.py                 82    logger_log                : __gap_current_settings_update (b'\x13\x86\x00\x00',)
2025-11-28 20:22:12,164 LT1-thread root DEBUG client.py                 82    logger_log                : Sending response 'OK' to wid 20001 test case GAP/PADV/PAST/BV-01-C
2025-11-28 20:22:12,166 LT1-thread root DEBUG client.py                 82    logger_log                : ClientCallback.get_result run_test_case
2025-11-28 20:22:12,167 LT1-callback ClientCallback.log INFO client.py                 82    logger_log                : PTS_LOGTYPE_IMPLICIT_SEND PTS ControlServer  GAP/PADV/PAST/BV-01-C Server: SUCCESS with response=OK
2025-11-28 20:22:12,334 BTPWorkerThread-2984 (_rx_task) root DEBUG client.py                 82    logger_log                : Read 5 bytes
2025-11-28 20:22:12,335 BTPWorkerThread-2984 (_rx_task) root DEBUG client.py                 82    logger_log                : Received: hdr: Header(svc_id=0x01, op=0x82, ctrl_index=0x00, data_len=0x0d) bytearray(b'\x01\x82\x00\r\x00')
2025-11-28 20:22:12,335 BTPWorkerThread-2984 (_rx_task) root DEBUG client.py                 82    logger_log                : Read 13 bytes data
2025-11-28 20:22:12,335 BTPWorkerThread-2984 (_rx_task) root DEBUG client.py                 82    logger_log                : Received data: {'00 1a b1 f6 ff a9 df 46 00 00 00 d0 09'}, bytearray(b'\x00\x1a\xb1\xf6\xff\xa9\xdfF\x00\x00\x00\xd0\t')
2025-11-28 20:22:12,335 BTPWorkerThread-2984 (_rx_task) root DEBUG client.py                 82    logger_log                : event_handler Header(svc_id=1, op=130, ctrl_index=0, data_len=13) (b'\x00\x1a\xb1\xf6\xff\xa9\xdfF\x00\x00\x00\xd0\t',)
2025-11-28 20:22:12,335 BTPWorkerThread-2984 (_rx_task) root DEBUG client.py                 82    logger_log                : gap_connected_ev_ b'\x00\x1a\xb1\xf6\xff\xa9\xdfF\x00\x00\x00\xd0\t'
2025-11-28 20:22:12,335 BTPWorkerThread-2984 (_rx_task) root DEBUG client.py                 82    logger_log                : Read 5 bytes
2025-11-28 20:22:12,335 BTPWorkerThread-2984 (_rx_task) root DEBUG client.py                 82    logger_log                : Received: hdr: Header(svc_id=0x01, op=0x80, ctrl_index=0x00, data_len=0x04) bytearray(b'\x01\x80\x00\x04\x00')
2025-11-28 20:22:12,335 BTPWorkerThread-2984 (_rx_task) root DEBUG client.py                 82    logger_log                : Read 4 bytes data
2025-11-28 20:22:12,336 BTPWorkerThread-2984 (_rx_task) root DEBUG client.py                 82    logger_log                : Received data: {'13 82 00 00'}, bytearray(b'\x13\x82\x00\x00')
2025-11-28 20:22:12,336 BTPWorkerThread-2984 (_rx_task) root DEBUG client.py                 82    logger_log                : event_handler Header(svc_id=1, op=128, ctrl_index=0, data_len=4) (b'\x13\x82\x00\x00',)
2025-11-28 20:22:12,336 BTPWorkerThread-2984 (_rx_task) root DEBUG client.py                 82    logger_log                : gap_new_settings_ev_ b'\x13\x82\x00\x00'
2025-11-28 20:22:12,336 BTPWorkerThread-2984 (_rx_task) root DEBUG client.py                 82    logger_log                : __gap_current_settings_update 33299
2025-11-28 20:22:15,239 LT1-callback ClientCallback.on_implicit_send INFO client.py                 82    logger_log                : 
    ********************
    BEGIN OnImplicitSend:
    project_name: GAP
    wid: 305
    test_case_name: GAP/PADV/PAST/BV-01-C
    description: Please enter Periodic Advertising Synchronizability mode, and then perform Periodic Advertising Synchronization Transfer Procedure
    style: MMI_Style_Ok 0x11040
2025-11-28 20:22:15,239 LT1-callback ClientCallback.on_implicit_send INFO client.py                 82    logger_log                : Calling test cases on_implicit_send
2025-11-28 20:22:15,239 LT1-callback ClientCallback.on_implicit_send INFO client.py                 82    logger_log                : 
    on_implicit_send returned response: WAIT
    END OnImplicitSend
    ********************
2025-11-28 20:22:16,167 LT1-thread root DEBUG client.py                 82    logger_log                : GAP GAP/PADV/PAST/BV-01-C on_implicit_send
2025-11-28 20:22:16,167 LT1-thread root DEBUG client.py                 82    logger_log                : gap_wid_hdl, 305, Please enter Periodic Advertising Synchronizability mode, and then perform Periodic Advertising Synchronization Transfer Procedure, GAP/PADV/PAST/BV-01-C
2025-11-28 20:22:16,167 LT1-thread root DEBUG client.py                 82    logger_log                : gap_padv_configure
2025-11-28 20:22:16,168 LT1-thread root DEBUG client.py                 82    logger_log                : send, 1 34 0 "bytearray(b'\\x00\\x96\\x00\\xc8\\x00')"
2025-11-28 20:22:16,168 LT1-thread root DEBUG client.py                 82    logger_log                : sending frame '0122000500009600c800'
2025-11-28 20:22:16,168 LT1-thread root DEBUG client.py                 82    logger_log                : gap_command_rsp_succ
2025-11-28 20:22:16,169 LT1-thread root DEBUG client.py                 82    logger_log                : read
2025-11-28 20:22:16,264 BTPWorkerThread-2984 (_rx_task) root DEBUG client.py                 82    logger_log                : Read 5 bytes
2025-11-28 20:22:16,264 BTPWorkerThread-2984 (_rx_task) root DEBUG client.py                 82    logger_log                : Received: hdr: Header(svc_id=0x01, op=0x22, ctrl_index=0x00, data_len=0x04) bytearray(b'\x01"\x00\x04\x00')
2025-11-28 20:22:16,264 BTPWorkerThread-2984 (_rx_task) root DEBUG client.py                 82    logger_log                : Read 4 bytes data
2025-11-28 20:22:16,264 BTPWorkerThread-2984 (_rx_task) root DEBUG client.py                 82    logger_log                : Received data: {'08 00 02 00'}, bytearray(b'\x08\x00\x02\x00')
2025-11-28 20:22:16,265 LT1-thread root DEBUG client.py                 82    logger_log                : received Header(svc_id=1, op=34, ctrl_index=0, data_len=4) (b'\x08\x00\x02\x00',)
2025-11-28 20:22:16,265 LT1-thread root DEBUG client.py                 82    logger_log                : __gap_current_settings_update (b'\x08\x00\x02\x00',)
2025-11-28 20:22:16,265 LT1-thread root DEBUG client.py                 82    logger_log                : gap_padv_set_data
2025-11-28 20:22:16,265 LT1-thread root DEBUG client.py                 82    logger_log                : send, 1 37 0 "bytearray(b'\\r\\x00\\x0c\\x08PADV_Tester')"
2025-11-28 20:22:16,265 LT1-thread root DEBUG client.py                 82    logger_log                : sending frame '0125000f000d000c08504144565f546573746572'
2025-11-28 20:22:16,265 LT1-thread root DEBUG client.py                 82    logger_log                : gap_command_rsp_succ
2025-11-28 20:22:16,265 LT1-thread root DEBUG client.py                 82    logger_log                : read
2025-11-28 20:22:16,304 BTPWorkerThread-2984 (_rx_task) root DEBUG client.py                 82    logger_log                : Read 5 bytes
2025-11-28 20:22:16,315 BTPWorkerThread-2984 (_rx_task) root DEBUG client.py                 82    logger_log                : Received: hdr: Header(svc_id=0x01, op=0x25, ctrl_index=0x00, data_len=0x00) bytearray(b'\x01%\x00\x00\x00')
2025-11-28 20:22:16,325 BTPWorkerThread-2984 (_rx_task) root DEBUG client.py                 82    logger_log                : Received data: {''}, bytearray(b'')
2025-11-28 20:22:16,330 LT1-thread root DEBUG client.py                 82    logger_log                : received Header(svc_id=1, op=37, ctrl_index=0, data_len=0) (b'',)
2025-11-28 20:22:16,330 LT1-thread root DEBUG client.py                 82    logger_log                : gap_padv_start
2025-11-28 20:22:16,330 LT1-thread root DEBUG client.py                 82    logger_log                : send, 1 35 0 "bytearray(b'\\x00')"
2025-11-28 20:22:16,330 LT1-thread root DEBUG client.py                 82    logger_log                : sending frame '012300010000'
2025-11-28 20:22:16,330 LT1-thread root DEBUG client.py                 82    logger_log                : gap_command_rsp_succ
2025-11-28 20:22:16,331 LT1-thread root DEBUG client.py                 82    logger_log                : read
2025-11-28 20:22:16,379 BTPWorkerThread-2984 (_rx_task) root DEBUG client.py                 82    logger_log                : Read 5 bytes
2025-11-28 20:22:16,379 BTPWorkerThread-2984 (_rx_task) root DEBUG client.py                 82    logger_log                : Received: hdr: Header(svc_id=0x01, op=0x23, ctrl_index=0x00, data_len=0x04) bytearray(b'\x01#\x00\x04\x00')
2025-11-28 20:22:16,385 BTPWorkerThread-2984 (_rx_task) root DEBUG client.py                 82    logger_log                : Read 4 bytes data
2025-11-28 20:22:16,395 BTPWorkerThread-2984 (_rx_task) root DEBUG client.py                 82    logger_log                : Received data: {'08 04 02 00'}, bytearray(b'\x08\x04\x02\x00')
2025-11-28 20:22:16,405 LT1-thread root DEBUG client.py                 82    logger_log                : received Header(svc_id=1, op=35, ctrl_index=0, data_len=4) (b'\x08\x04\x02\x00',)
2025-11-28 20:22:16,405 LT1-thread root DEBUG client.py                 82    logger_log                : __gap_current_settings_update (b'\x08\x04\x02\x00',)
2025-11-28 20:22:16,405 LT1-thread root DEBUG client.py                 82    logger_log                : gap_padv_sync_transfer_set_info
2025-11-28 20:22:16,405 LT1-thread root DEBUG client.py                 82    logger_log                : send, 1 39 0 "bytearray(b'\\x00\\x1a\\xb1\\xf6\\xff\\xa9\\xdf\\x00\\x00')"
2025-11-28 20:22:16,405 LT1-thread root DEBUG client.py                 82    logger_log                : sending frame '0127000900001ab1f6ffa9df0000'
2025-11-28 20:22:16,406 LT1-thread root DEBUG client.py                 82    logger_log                : gap_command_rsp_succ
2025-11-28 20:22:16,406 LT1-thread root DEBUG client.py                 82    logger_log                : read
2025-11-28 20:22:16,439 BTPWorkerThread-2984 (_rx_task) root DEBUG client.py                 82    logger_log                : Read 5 bytes
2025-11-28 20:22:16,450 BTPWorkerThread-2984 (_rx_task) root DEBUG client.py                 82    logger_log                : Received: hdr: Header(svc_id=0x01, op=0x27, ctrl_index=0x00, data_len=0x00) bytearray(b"\x01\'\x00\x00\x00")
2025-11-28 20:22:16,460 BTPWorkerThread-2984 (_rx_task) root DEBUG client.py                 82    logger_log                : Received data: {''}, bytearray(b'')
2025-11-28 20:22:16,470 LT1-thread root DEBUG client.py                 82    logger_log                : received Header(svc_id=1, op=39, ctrl_index=0, data_len=0) (b'',)
2025-11-28 20:22:16,470 LT1-thread root DEBUG client.py                 82    logger_log                : Sending response 'Ok' to wid 305 test case GAP/PADV/PAST/BV-01-C
2025-11-28 20:22:16,472 LT1-thread root DEBUG client.py                 82    logger_log                : ClientCallback.get_result run_test_case
2025-11-28 20:22:16,473 LT1-callback ClientCallback.log INFO client.py                 82    logger_log                : PTS_LOGTYPE_IMPLICIT_SEND PTS ControlServer  GAP/PADV/PAST/BV-01-C Server: SUCCESS with response=Ok
2025-11-28 20:22:16,795 BTPWorkerThread-2984 (_rx_task) root DEBUG client.py                 82    logger_log                : Read 5 bytes
2025-11-28 20:22:16,796 BTPWorkerThread-2984 (_rx_task) root DEBUG client.py                 82    logger_log                : Received: hdr: Header(svc_id=0x01, op=0x83, ctrl_index=0x00, data_len=0x07) bytearray(b'\x01\x83\x00\x07\x00')
2025-11-28 20:22:16,796 BTPWorkerThread-2984 (_rx_task) root DEBUG client.py                 82    logger_log                : Read 7 bytes data
2025-11-28 20:22:16,797 BTPWorkerThread-2984 (_rx_task) root DEBUG client.py                 82    logger_log                : Received data: {'00 1a b1 f6 ff a9 df'}, bytearray(b'\x00\x1a\xb1\xf6\xff\xa9\xdf')
2025-11-28 20:22:16,797 BTPWorkerThread-2984 (_rx_task) root DEBUG client.py                 82    logger_log                : event_handler Header(svc_id=1, op=131, ctrl_index=0, data_len=7) (b'\x00\x1a\xb1\xf6\xff\xa9\xdf',)
2025-11-28 20:22:16,798 BTPWorkerThread-2984 (_rx_task) root DEBUG client.py                 82    logger_log                : gap_disconnected_ev_ b'\x00\x1a\xb1\xf6\xff\xa9\xdf'
2025-11-28 20:22:19,693 LT1-callback ClientCallback.log INFO client.py                 82    logger_log                : PTS_LOGTYPE_MESSAGE Message 

+63 ms
 GAP/PADV/PAST/BV-01-C MindTree Stack Version - 026.000.000

2025-11-28 20:22:19,701 LT1-callback ClientCallback.log INFO client.py                 82    logger_log                : PTS_LOGTYPE_PRELIMINARY_VERDICT Initialize Test Case 

+63 ms
 GAP/PADV/PAST/BV-01-C Build date: Oct 27 2025, 12:06:26

2025-11-28 20:22:19,706 LT1-callback ClientCallback.log INFO client.py                 82    logger_log                : PTS_LOGTYPE_START_TEST Start Test Case 

+63 ms
 GAP/PADV/PAST/BV-01-C GAP/PADV/PAST/BV-01-C

2025-11-28 20:22:19,713 LT1-callback ClientCallback.log INFO client.py                 82    logger_log                : PTS_LOGTYPE_SEND_EVENT Send Event 

+1063 ms
 GAP/PADV/PAST/BV-01-C HCI!HCI_RESET
2025-11-28 20:22:19,717 LT1-callback ClientCallback.log INFO client.py                 82    logger_log                : PTS_LOGTYPE_RECEIVE_EVENT Receive Event 

+1063 ms
 GAP/PADV/PAST/BV-01-C HCI?HCI_RESET_COMPLETE_EVENT{
                           status=HCI_OK
                         }
2025-11-28 20:22:19,720 LT1-callback ClientCallback.log INFO client.py                 82    logger_log                : PTS_LOGTYPE_PRELIMINARY_VERDICT Preliminary Verdict 

+1063 ms
 GAP/PADV/PAST/BV-01-C PASS

2025-11-28 20:22:19,724 LT1-callback ClientCallback.log INFO client.py                 82    logger_log                : PTS_LOGTYPE_SEND_EVENT Send Event 

+1063 ms
 GAP/PADV/PAST/BV-01-C HCI!HCI_READ_LOCAL_VERSION_INFORMATION
2025-11-28 20:22:19,729 LT1-callback ClientCallback.log INFO client.py                 82    logger_log                : PTS_LOGTYPE_RECEIVE_EVENT Receive Event 

+1078 ms
 GAP/PADV/PAST/BV-01-C HCI?HCI_READ_LOCAL_VERSION_INFORMATION_COMPLETE_EVENT{
                           status=HCI_OK,
                           hciVersion=0x0E,
                           hciRevision=0x304E,
                           lmpVersion=0x0E,
                           manufacturerName=0x0059,
                           lmpSubversion=0x304E
                         }
2025-11-28 20:22:19,733 LT1-callback ClientCallback.log INFO client.py                 82    logger_log                : PTS_LOGTYPE_PRELIMINARY_VERDICT Preliminary Verdict 

+1078 ms
 GAP/PADV/PAST/BV-01-C PASS

2025-11-28 20:22:19,737 LT1-callback ClientCallback.log INFO client.py                 82    logger_log                : PTS_LOGTYPE_SEND_EVENT Send Event 

+1078 ms
 GAP/PADV/PAST/BV-01-C HCI!HCI_LE_SET_EVENT_MASK{
                           leEventMask=0x0007FCFE7F8FFFFF
                         }
2025-11-28 20:22:19,740 LT1-callback ClientCallback.log INFO client.py                 82    logger_log                : PTS_LOGTYPE_RECEIVE_EVENT Receive Event 

+1094 ms
 GAP/PADV/PAST/BV-01-C HCI?HCI_LE_SET_EVENT_MASK_COMPLETE_EVENT{
                           status=HCI_OK
                         }
2025-11-28 20:22:19,744 LT1-callback ClientCallback.log INFO client.py                 82    logger_log                : PTS_LOGTYPE_SEND_EVENT Send Event 

+1094 ms
 GAP/PADV/PAST/BV-01-C HCI!HCI_SET_EVENT_MASK{
                           eventMask=0x3FFFFFFFFFFFFFFF
                         }
2025-11-28 20:22:19,747 LT1-callback ClientCallback.log INFO client.py                 82    logger_log                : PTS_LOGTYPE_RECEIVE_EVENT Receive Event 

+1094 ms
 GAP/PADV/PAST/BV-01-C HCI?HCI_SET_EVENT_MASK_COMPLETE_EVENT{
                           status=HCI_OK
                         }
2025-11-28 20:22:19,750 LT1-callback ClientCallback.log INFO client.py                 82    logger_log                : PTS_LOGTYPE_PRELIMINARY_VERDICT Preliminary Verdict 

+1094 ms
 GAP/PADV/PAST/BV-01-C PASS

2025-11-28 20:22:19,753 LT1-callback ClientCallback.log INFO client.py                 82    logger_log                : PTS_LOGTYPE_SEND_EVENT Send Event 

+1094 ms
 GAP/PADV/PAST/BV-01-C HCI!HCI_READ_LOCAL_SUPPORTED_FEATURES
2025-11-28 20:22:19,755 LT1-callback ClientCallback.log INFO client.py                 82    logger_log                : PTS_LOGTYPE_RECEIVE_EVENT Receive Event 

+1094 ms
 GAP/PADV/PAST/BV-01-C HCI?HCI_READ_LOCAL_SUPPORTED_FEATURES_COMPLETE_EVENT{
                           status=HCI_OK,
                           lmpFeatures=0x0000006000000000
                         }
2025-11-28 20:22:19,758 LT1-callback ClientCallback.log INFO client.py                 82    logger_log                : PTS_LOGTYPE_PRELIMINARY_VERDICT Preliminary Verdict 

+1094 ms
 GAP/PADV/PAST/BV-01-C PASS

2025-11-28 20:22:19,761 LT1-callback ClientCallback.log INFO client.py                 82    logger_log                : PTS_LOGTYPE_SEND_EVENT Send Event 

+1094 ms
 GAP/PADV/PAST/BV-01-C HCI!HCI_READ_LOCAL_SUPPORTED_COMMANDS
2025-11-28 20:22:19,763 LT1-callback ClientCallback.log INFO client.py                 82    logger_log                : PTS_LOGTYPE_RECEIVE_EVENT Receive Event 

+1109 ms
 GAP/PADV/PAST/BV-01-C HCI?HCI_READ_LOCAL_SUPPORTED_COMMANDS_COMPLETE_EVENT{
                           status=HCI_OK,
                           supported_commands=0x0000000000000000000000000000000003E3419FFFFFE7E007FFFFFFFE7FC0300000077FFFFFF782180400E0000000C02228000C00E400000C00C00000800020
                         }
2025-11-28 20:22:19,836 LT1-callback ClientCallback.log INFO client.py                 82    logger_log                : PTS_LOGTYPE_PRELIMINARY_VERDICT Preliminary Verdict 

+1109 ms
 GAP/PADV/PAST/BV-01-C PASS

2025-11-28 20:22:19,839 LT1-callback ClientCallback.log INFO client.py                 82    logger_log                : PTS_LOGTYPE_SEND_EVENT Send Event 

+1109 ms
 GAP/PADV/PAST/BV-01-C HCI!HCI_READ_BD_ADDR
2025-11-28 20:22:19,841 LT1-callback ClientCallback.log INFO client.py                 82    logger_log                : PTS_LOGTYPE_RECEIVE_EVENT Receive Event 

+1109 ms
 GAP/PADV/PAST/BV-01-C HCI?HCI_READ_BD_ADDR_COMPLETE_EVENT{
                           status=HCI_OK,
                           bdAddress=0xDFA9FFF6B11A
                         }
2025-11-28 20:22:19,844 LT1-callback ClientCallback.log INFO client.py                 82    logger_log                : PTS_LOGTYPE_PRELIMINARY_VERDICT Preliminary Verdict 

+1109 ms
 GAP/PADV/PAST/BV-01-C PASS

2025-11-28 20:22:19,847 LT1-callback ClientCallback.log INFO client.py                 82    logger_log                : PTS_LOGTYPE_SEND_EVENT Send Event 

+1109 ms
 GAP/PADV/PAST/BV-01-C HCI!HCI_LE_LOCAL_SUPPORTED_FEATURES
2025-11-28 20:22:19,849 LT1-callback ClientCallback.log INFO client.py                 82    logger_log                : PTS_LOGTYPE_RECEIVE_EVENT Receive Event 

+1125 ms
 GAP/PADV/PAST/BV-01-C HCI?HCI_LE_READ_LOCAL_SUPPORTED_FEATURES_COMPLETE_EVENT{
                           status=HCI_OK,
                           leFeatures=0x00015836F70079FD
                         }
2025-11-28 20:22:19,852 LT1-callback ClientCallback.log INFO client.py                 82    logger_log                : PTS_LOGTYPE_PRELIMINARY_VERDICT Preliminary Verdict 

+1125 ms
 GAP/PADV/PAST/BV-01-C PASS

2025-11-28 20:22:19,855 LT1-callback ClientCallback.log INFO client.py                 82    logger_log                : PTS_LOGTYPE_PRELIMINARY_VERDICT Preliminary Verdict 

+1125 ms
 GAP/PADV/PAST/BV-01-C PASS

2025-11-28 20:22:19,858 LT1-callback ClientCallback.log INFO client.py                 82    logger_log                : PTS_LOGTYPE_SEND_EVENT Send Event 

+1125 ms
 GAP/PADV/PAST/BV-01-C HCI!HCI_LE_SET_EVENT_MASK{
                           leEventMask=0x0007FCFE7F8FFFFF
                         }
2025-11-28 20:22:19,860 LT1-callback ClientCallback.log INFO client.py                 82    logger_log                : PTS_LOGTYPE_RECEIVE_EVENT Receive Event 

+1125 ms
 GAP/PADV/PAST/BV-01-C HCI?HCI_LE_SET_EVENT_MASK_COMPLETE_EVENT{
                           status=HCI_OK
                         }
2025-11-28 20:22:19,863 LT1-callback ClientCallback.log INFO client.py                 82    logger_log                : PTS_LOGTYPE_SEND_EVENT Send Event 

+1125 ms
 GAP/PADV/PAST/BV-01-C HCI!HCI_SET_EVENT_MASK{
                           eventMask=0x3FFFFFFFFFFFFFFF
                         }
2025-11-28 20:22:19,866 LT1-callback ClientCallback.log INFO client.py                 82    logger_log                : PTS_LOGTYPE_RECEIVE_EVENT Receive Event 

+1125 ms
 GAP/PADV/PAST/BV-01-C HCI?HCI_SET_EVENT_MASK_COMPLETE_EVENT{
                           status=HCI_OK
                         }
2025-11-28 20:22:19,869 LT1-callback ClientCallback.log INFO client.py                 82    logger_log                : PTS_LOGTYPE_PRELIMINARY_VERDICT Preliminary Verdict 

+1125 ms
 GAP/PADV/PAST/BV-01-C PASS

2025-11-28 20:22:19,871 LT1-callback ClientCallback.log INFO client.py                 82    logger_log                : PTS_LOGTYPE_SEND_EVENT Send Event 

+1125 ms
 GAP/PADV/PAST/BV-01-C HCI!HCI_LE_SET_HOST_FEATURE{
                           bit_number=0x20,
                           bit_value=0x01
                         }
2025-11-28 20:22:19,874 LT1-callback ClientCallback.log INFO client.py                 82    logger_log                : PTS_LOGTYPE_RECEIVE_EVENT Receive Event 

+1125 ms
 GAP/PADV/PAST/BV-01-C HCI?HCI_LE_SET_HOST_FEATURE_COMPLETE_EVENT{
                           status=HCI_OK
                         }
2025-11-28 20:22:19,881 LT1-callback ClientCallback.log INFO client.py                 82    logger_log                : PTS_LOGTYPE_PRELIMINARY_VERDICT Preliminary Verdict 

+1125 ms
 GAP/PADV/PAST/BV-01-C PASS

2025-11-28 20:22:19,946 LT1-callback ClientCallback.log INFO client.py                 82    logger_log                : PTS_LOGTYPE_SEND_EVENT Send Event 

+1125 ms
 GAP/PADV/PAST/BV-01-C HCI!HCI_LE_SET_HOST_FEATURE{
                           bit_number=0x26,
                           bit_value=0x01
                         }
2025-11-28 20:22:19,951 LT1-callback ClientCallback.log INFO client.py                 82    logger_log                : PTS_LOGTYPE_RECEIVE_EVENT Receive Event 

+1141 ms
 GAP/PADV/PAST/BV-01-C HCI?HCI_LE_SET_HOST_FEATURE_COMPLETE_EVENT{
                           status=HCI_OK
                         }
2025-11-28 20:22:19,956 LT1-callback ClientCallback.log INFO client.py                 82    logger_log                : PTS_LOGTYPE_PRELIMINARY_VERDICT Preliminary Verdict 

+1141 ms
 GAP/PADV/PAST/BV-01-C PASS

2025-11-28 20:22:19,961 LT1-callback ClientCallback.log INFO client.py                 82    logger_log                : PTS_LOGTYPE_SEND_EVENT Send Event 

+1141 ms
 GAP/PADV/PAST/BV-01-C HCI!HCI_LE_SET_HOST_FEATURE{
                           bit_number=0x2F,
                           bit_value=0x01
                         }
2025-11-28 20:22:19,966 LT1-callback ClientCallback.log INFO client.py                 82    logger_log                : PTS_LOGTYPE_RECEIVE_EVENT Receive Event 

+1141 ms
 GAP/PADV/PAST/BV-01-C HCI?HCI_LE_SET_HOST_FEATURE_COMPLETE_EVENT{
                           status=HCI_OK
                         }
2025-11-28 20:22:19,971 LT1-callback ClientCallback.log INFO client.py                 82    logger_log                : PTS_LOGTYPE_PRELIMINARY_VERDICT Preliminary Verdict 

+1141 ms
 GAP/PADV/PAST/BV-01-C PASS

2025-11-28 20:22:19,976 LT1-callback ClientCallback.log INFO client.py                 82    logger_log                : PTS_LOGTYPE_SEND_EVENT Send Event 

+1141 ms
 GAP/PADV/PAST/BV-01-C HCI!HCI_LE_READ_BUFFER_V2
2025-11-28 20:22:19,980 LT1-callback ClientCallback.log INFO client.py                 82    logger_log                : PTS_LOGTYPE_SEND_EVENT Send Event 

+1141 ms
 GAP/PADV/PAST/BV-01-C HCI!HCI_LE_READ_RESOLVING_LIST_SIZE
2025-11-28 20:22:19,983 LT1-callback ClientCallback.log INFO client.py                 82    logger_log                : PTS_LOGTYPE_RECEIVE_EVENT Receive Event 

+1141 ms
 GAP/PADV/PAST/BV-01-C HCI?HCI_LE_READ_BUFFER_SIZE_V2_COMPLETE_EVENT{
                           status=HCI_OK,
                           HC_LE_Data_Packet_Length=0x00FB,
                           HC_Total_Num_LE_Data_Packets=0x03,
                           HC_LE_ISO_Packet_Length=0x00FF,
                           HC_Total_Num_LE_ISO_Packets=0x03
                         }
2025-11-28 20:22:19,987 LT1-callback ClientCallback.log INFO client.py                 82    logger_log                : PTS_LOGTYPE_RECEIVE_EVENT Receive Event 

+1156 ms
 GAP/PADV/PAST/BV-01-C HCI?HCI_LE_READ_RESOLVING_LIST_SIZE_COMPLETE_EVENT{
                           status=HCI_OK,
                           res_list_size=0x08
                         }
2025-11-28 20:22:19,991 LT1-callback ClientCallback.log INFO client.py                 82    logger_log                : PTS_LOGTYPE_SEND_EVENT Send Event 

+1156 ms
 GAP/PADV/PAST/BV-01-C HCI!HCI_LE_ADD_DEVICE_TO_FILTER_ACCEPT_LIST{
                           addressType=HCI_LE_PUBLIC_DEVICE_ADDRESS,
                           address=0xD5B6CC31DB3B
                         }
2025-11-28 20:22:19,994 LT1-callback ClientCallback.log INFO client.py                 82    logger_log                : PTS_LOGTYPE_RECEIVE_EVENT Receive Event 

+1156 ms
 GAP/PADV/PAST/BV-01-C HCI?HCI_LE_ADD_DEVICE_TO_FILTER_ACCEPT_LIST_COMPLETE_EVENT{
                           status=HCI_OK
                         }
2025-11-28 20:22:19,996 LT1-callback ClientCallback.log INFO client.py                 82    logger_log                : PTS_LOGTYPE_SEND_EVENT Send Event 

+1156 ms
 GAP/PADV/PAST/BV-01-C HCI!HCI_LE_ADD_DEVICE_TO_FILTER_ACCEPT_LIST{
                           addressType=HCI_LE_RANDOM_DEVICE_ADDRESS,
                           address=0xD5B6CC31DB3B
                         }
2025-11-28 20:22:19,999 LT1-callback ClientCallback.log INFO client.py                 82    logger_log                : PTS_LOGTYPE_RECEIVE_EVENT Receive Event 

+1156 ms
 GAP/PADV/PAST/BV-01-C HCI?HCI_LE_ADD_DEVICE_TO_FILTER_ACCEPT_LIST_COMPLETE_EVENT{
                           status=HCI_OK
                         }
2025-11-28 20:22:20,002 LT1-callback ClientCallback.log INFO client.py                 82    logger_log                : PTS_LOGTYPE_PRELIMINARY_VERDICT Preliminary Verdict 

+1156 ms
 GAP/PADV/PAST/BV-01-C PASS

2025-11-28 20:22:20,005 LT1-callback ClientCallback.log INFO client.py                 82    logger_log                : PTS_LOGTYPE_SEND_EVENT Send Event 

+1156 ms
 GAP/PADV/PAST/BV-01-C HCI!HCI_LE_SET_EXTENDED_SCAN_PARAMETERS{
                           own_addr_type=0x00,
                           scan_filter_policy=0x00,
                           scan_phy=0x01,
                           {
                             scan_type=0x01,
                             scan_interval=0x001E,
                             scan_window=0x001E
                           },
                           
                         }
2025-11-28 20:22:20,008 LT1-callback ClientCallback.log INFO client.py                 82    logger_log                : PTS_LOGTYPE_RECEIVE_EVENT Receive Event 

+1156 ms
 GAP/PADV/PAST/BV-01-C HCI?HCI_LE_SET_EXTENDED_SCAN_PARAMETERS_COMPLETE_EVENT{
                           status=HCI_OK
                         }
2025-11-28 20:22:20,011 LT1-callback ClientCallback.log INFO client.py                 82    logger_log                : PTS_LOGTYPE_PRELIMINARY_VERDICT Preliminary Verdict 

+1156 ms
 GAP/PADV/PAST/BV-01-C PASS

2025-11-28 20:22:20,014 LT1-callback ClientCallback.log INFO client.py                 82    logger_log                : PTS_LOGTYPE_PRELIMINARY_VERDICT Preliminary Verdict 

+1156 ms
 GAP/PADV/PAST/BV-01-C PASS

2025-11-28 20:22:20,016 LT1-callback ClientCallback.log INFO client.py                 82    logger_log                : PTS_LOGTYPE_MESSAGE User Action Required 

+1172 ms
 GAP/PADV/PAST/BV-01-C MMI_20001 (MMI_Style_Ok_Cancel2=0x00011141): Please prepare IUT into a connectable mode.

Description: Verify that the Implementation Under Test (IUT) can accept GATT connect request from PTS.

2025-11-28 20:22:20,019 LT1-callback ClientCallback.log INFO client.py                 82    logger_log                : PTS_LOGTYPE_SEND_EVENT Send Event 

+1172 ms
 GAP/PADV/PAST/BV-01-C HCI!HCI_LE_SET_EXTENDED_SCAN_ENABLE{
                           enable=0x01,
                           filter_duplicate=0x00,
                           duration=0x0000,
                           period=0x0000
                         }
2025-11-28 20:22:20,025 LT1-callback ClientCallback.log INFO client.py                 82    logger_log                : PTS_LOGTYPE_RECEIVE_EVENT Receive Event 

+1172 ms
 GAP/PADV/PAST/BV-01-C HCI?HCI_LE_SET_EXTENDED_SCAN_ENABLE_COMPLETE_EVENT{
                           status=HCI_OK
                         }
2025-11-28 20:22:20,028 LT1-callback ClientCallback.log INFO client.py                 82    logger_log                : PTS_LOGTYPE_PRELIMINARY_VERDICT Preliminary Verdict 

+1172 ms
 GAP/PADV/PAST/BV-01-C PASS

2025-11-28 20:22:20,031 LT1-callback ClientCallback.log INFO client.py                 82    logger_log                : PTS_LOGTYPE_PRELIMINARY_VERDICT Preliminary Verdict 

+1172 ms
 GAP/PADV/PAST/BV-01-C PASS

2025-11-28 20:22:20,034 LT1-callback ClientCallback.log INFO client.py                 82    logger_log                : PTS_LOGTYPE_RECEIVE_EVENT Receive Event 

+1203 ms
 GAP/PADV/PAST/BV-01-C HCI?HCI_LE_EXTENDED_ADVERTISING_REPORT_EVENT{
                           {
                             eventtype=0x0010,
                             addrType=0x01,
                             bd_addr=295F4D0A9F35,
                             prim_phy=0x01,
                             sec_phy=0x00,
                             advSID=0xFF,
                             periodic_int=0x0000,
                             direc_addr_type=0xFF,
                             direc_addr=000000000000,
                             data_length=0x1F,
                             data=1EFF060001092022FB91D40F8A7052156B3418CCA5514D54745BFA3225BFE0
                           }

                         }
2025-11-28 20:22:20,037 LT1-callback ClientCallback.log INFO client.py                 82    logger_log                : PTS_LOGTYPE_RECEIVE_EVENT Receive Event 

+1219 ms
 GAP/PADV/PAST/BV-01-C HCI?HCI_LE_EXTENDED_ADVERTISING_REPORT_EVENT{
                           {
                             eventtype=0x0013,
                             addrType=0x00,
                             bd_addr=F01898960494,
                             prim_phy=0x01,
                             sec_phy=0x00,
                             advSID=0xFF,
                             periodic_int=0x0000,
                             direc_addr_type=0xFF,
                             direc_addr=000000000000,
                             data_length=0x19,
                             data=02010611070000000000000000000000000001315A03097A6D
                           }

                         }
2025-11-28 20:22:20,041 LT1-callback ClientCallback.log INFO client.py                 82    logger_log                : PTS_LOGTYPE_RECEIVE_EVENT Receive Event 

+1219 ms
 GAP/PADV/PAST/BV-01-C HCI?HCI_LE_EXTENDED_ADVERTISING_REPORT_EVENT{
                           {
                             eventtype=0x001B,
                             addrType=0x00,
                             bd_addr=F01898960494,
                             prim_phy=0x01,
                             sec_phy=0x00,
                             advSID=0xFF,
                             periodic_int=0x0000,
                             direc_addr_type=0xFF,
                             direc_addr=000000000000,
                             data_length=0x00,
                             data=
                           }

                         }
2025-11-28 20:22:20,045 LT1-callback ClientCallback.log INFO client.py                 82    logger_log                : PTS_LOGTYPE_RECEIVE_EVENT Receive Event 

+1266 ms
 GAP/PADV/PAST/BV-01-C HCI?HCI_LE_EXTENDED_ADVERTISING_REPORT_EVENT{
                           {
                             eventtype=0x0010,
                             addrType=0x01,
                             bd_addr=339BEAE24540,
                             prim_phy=0x01,
                             sec_phy=0x00,
                             advSID=0xFF,
                             periodic_int=0x0000,
                             direc_addr_type=0xFF,
                             direc_addr=000000000000,
                             data_length=0x1D,
                             data=1CFF06000109210A4DE08A52D2D44C4150544F502D453532454F443249
                           }

                         }
2025-11-28 20:22:20,048 LT1-callback ClientCallback.log INFO client.py                 82    logger_log                : PTS_LOGTYPE_RECEIVE_EVENT Receive Event 

+1281 ms
 GAP/PADV/PAST/BV-01-C HCI?HCI_LE_EXTENDED_ADVERTISING_REPORT_EVENT{
                           {
                             eventtype=0x0010,
                             addrType=0x01,
                             bd_addr=05CBB0936EF1,
                             prim_phy=0x01,
                             sec_phy=0x00,
                             advSID=0xFF,
                             periodic_int=0x0000,
                             direc_addr_type=0xFF,
                             direc_addr=000000000000,
                             data_length=0x1F,
                             data=1EFF0600010F2022664F3BCFB7E352BEEC42826CE2D8E293AEDC7415D78D35
                           }

                         }
2025-11-28 20:22:20,055 LT1-callback ClientCallback.log INFO client.py                 82    logger_log                : PTS_LOGTYPE_RECEIVE_EVENT Receive Event 

+1281 ms
 GAP/PADV/PAST/BV-01-C HCI?HCI_LE_EXTENDED_ADVERTISING_REPORT_EVENT{
                           {
                             eventtype=0x0012,
                             addrType=0x01,
                             bd_addr=4EFAE042431B,
                             prim_phy=0x01,
                             sec_phy=0x00,
                             advSID=0xFF,
                             periodic_int=0x0000,
                             direc_addr_type=0xFF,
                             direc_addr=000000000000,
                             data_length=0x0C,
                             data=0BFF4C00090603000A030711
                           }

                         }
2025-11-28 20:22:20,060 LT1-callback ClientCallback.log INFO client.py                 82    logger_log                : PTS_LOGTYPE_RECEIVE_EVENT Receive Event 

+1281 ms
 GAP/PADV/PAST/BV-01-C HCI?HCI_LE_EXTENDED_ADVERTISING_REPORT_EVENT{
                           {
                             eventtype=0x001A,
                             addrType=0x01,
                             bd_addr=4EFAE042431B,
                             prim_phy=0x01,
                             sec_phy=0x00,
                             advSID=0xFF,
                             periodic_int=0x0000,
                             direc_addr_type=0xFF,
                             direc_addr=000000000000,
                             data_length=0x00,
                             data=
                           }

                         }
2025-11-28 20:22:20,064 LT1-callback ClientCallback.log INFO client.py                 82    logger_log                : PTS_LOGTYPE_RECEIVE_EVENT Receive Event 

+1313 ms
 GAP/PADV/PAST/BV-01-C HCI?HCI_LE_EXTENDED_ADVERTISING_REPORT_EVENT{
                           {
                             eventtype=0x0010,
                             addrType=0x01,
                             bd_addr=295F4D0A9F35,
                             prim_phy=0x01,
                             sec_phy=0x00,
                             advSID=0xFF,
                             periodic_int=0x0000,
                             direc_addr_type=0xFF,
                             direc_addr=000000000000,
                             data_length=0x1F,
                             data=1EFF060001092022FB91D40F8A7052156B3418CCA5514D54745BFA3225BFE0
                           }

                         }
2025-11-28 20:22:20,068 LT1-callback ClientCallback.log INFO client.py                 82    logger_log                : PTS_LOGTYPE_RECEIVE_EVENT Receive Event 

+1313 ms
 GAP/PADV/PAST/BV-01-C HCI?HCI_LE_EXTENDED_ADVERTISING_REPORT_EVENT{
                           {
                             eventtype=0x0013,
                             addrType=0x00,
                             bd_addr=FCECDAD75C52,
                             prim_phy=0x01,
                             sec_phy=0x00,
                             advSID=0xFF,
                             periodic_int=0x0000,
                             direc_addr_type=0xFF,
                             direc_addr=000000000000,
                             data_length=0x1A,
                             data=0201061106E568F2C45FE5DEA0104CD81AC81A4E05040855434B
                           }

                         }
2025-11-28 20:22:20,071 LT1-callback ClientCallback.log INFO client.py                 82    logger_log                : PTS_LOGTYPE_RECEIVE_EVENT Receive Event 

+1313 ms
 GAP/PADV/PAST/BV-01-C HCI?HCI_LE_EXTENDED_ADVERTISING_REPORT_EVENT{
                           {
                             eventtype=0x001B,
                             addrType=0x00,
                             bd_addr=FCECDAD75C52,
                             prim_phy=0x01,
                             sec_phy=0x00,
                             advSID=0xFF,
                             periodic_int=0x0000,
                             direc_addr_type=0xFF,
                             direc_addr=000000000000,
                             data_length=0x12,
                             data=09162A25FCECDAD75C51071618200A000532
                           }

                         }
2025-11-28 20:22:20,075 LT1-callback ClientCallback.log INFO client.py                 82    logger_log                : PTS_LOGTYPE_RECEIVE_EVENT Receive Event 

+1328 ms
 GAP/PADV/PAST/BV-01-C HCI?HCI_LE_EXTENDED_ADVERTISING_REPORT_EVENT{
                           {
                             eventtype=0x0010,
                             addrType=0x00,
                             bd_addr=A4307A9574FB,
                             prim_phy=0x01,
                             sec_phy=0x00,
                             advSID=0xFF,
                             periodic_int=0x0000,
                             direc_addr_type=0xFF,
                             direc_addr=000000000000,
                             data_length=0x1C,
                             data=1BFF7500420401806EA4307A9574FBA6307A9574FA01D841C5D90000
                           }

                         }
2025-11-28 20:22:20,078 LT1-callback ClientCallback.log INFO client.py                 82    logger_log                : PTS_LOGTYPE_RECEIVE_EVENT Receive Event 

+1359 ms
 GAP/PADV/PAST/BV-01-C HCI?HCI_LE_EXTENDED_ADVERTISING_REPORT_EVENT{
                           {
                             eventtype=0x0010,
                             addrType=0x01,
                             bd_addr=339BEAE24540,
                             prim_phy=0x01,
                             sec_phy=0x00,
                             advSID=0xFF,
                             periodic_int=0x0000,
                             direc_addr_type=0xFF,
                             direc_addr=000000000000,
                             data_length=0x1D,
                             data=1CFF06000109210A4DE08A52D2D44C4150544F502D453532454F443249
                           }

                         }
2025-11-28 20:22:20,083 LT1-callback ClientCallback.log INFO client.py                 82    logger_log                : PTS_LOGTYPE_RECEIVE_EVENT Receive Event 

+1375 ms
 GAP/PADV/PAST/BV-01-C HCI?HCI_LE_EXTENDED_ADVERTISING_REPORT_EVENT{
                           {
                             eventtype=0x0010,
                             addrType=0x01,
                             bd_addr=05CBB0936EF1,
                             prim_phy=0x01,
                             sec_phy=0x00,
                             advSID=0xFF,
                             periodic_int=0x0000,
                             direc_addr_type=0xFF,
                             direc_addr=000000000000,
                             data_length=0x1F,
                             data=1EFF0600010F2022664F3BCFB7E352BEEC42826CE2D8E293AEDC7415D78D35
                           }

                         }
2025-11-28 20:22:20,086 LT1-callback ClientCallback.log INFO client.py                 82    logger_log                : PTS_LOGTYPE_RECEIVE_EVENT Receive Event 

+1406 ms
 GAP/PADV/PAST/BV-01-C HCI?HCI_LE_EXTENDED_ADVERTISING_REPORT_EVENT{
                           {
                             eventtype=0x0013,
                             addrType=0x00,
                             bd_addr=F01898960494,
                             prim_phy=0x01,
                             sec_phy=0x00,
                             advSID=0xFF,
                             periodic_int=0x0000,
                             direc_addr_type=0xFF,
                             direc_addr=000000000000,
                             data_length=0x19,
                             data=02010611070000000000000000000000000001315A03097A6D
                           }

                         }
2025-11-28 20:22:20,090 LT1-callback ClientCallback.log INFO client.py                 82    logger_log                : PTS_LOGTYPE_RECEIVE_EVENT Receive Event 

+1406 ms
 GAP/PADV/PAST/BV-01-C HCI?HCI_LE_EXTENDED_ADVERTISING_REPORT_EVENT{
                           {
                             eventtype=0x001B,
                             addrType=0x00,
                             bd_addr=F01898960494,
                             prim_phy=0x01,
                             sec_phy=0x00,
                             advSID=0xFF,
                             periodic_int=0x0000,
                             direc_addr_type=0xFF,
                             direc_addr=000000000000,
                             data_length=0x00,
                             data=
                           }

                         }
2025-11-28 20:22:20,093 LT1-callback ClientCallback.log INFO client.py                 82    logger_log                : PTS_LOGTYPE_RECEIVE_EVENT Receive Event 

+1406 ms
 GAP/PADV/PAST/BV-01-C HCI?HCI_LE_EXTENDED_ADVERTISING_REPORT_EVENT{
                           {
                             eventtype=0x0012,
                             addrType=0x01,
                             bd_addr=4EFAE042431B,
                             prim_phy=0x01,
                             sec_phy=0x00,
                             advSID=0xFF,
                             periodic_int=0x0000,
                             direc_addr_type=0xFF,
                             direc_addr=000000000000,
                             data_length=0x0C,
                             data=0BFF4C00090603000A030711
                           }

                         }
2025-11-28 20:22:20,097 LT1-callback ClientCallback.log INFO client.py                 82    logger_log                : PTS_LOGTYPE_RECEIVE_EVENT Receive Event 

+1422 ms
 GAP/PADV/PAST/BV-01-C HCI?HCI_LE_EXTENDED_ADVERTISING_REPORT_EVENT{
                           {
                             eventtype=0x001A,
                             addrType=0x01,
                             bd_addr=4EFAE042431B,
                             prim_phy=0x01,
                             sec_phy=0x00,
                             advSID=0xFF,
                             periodic_int=0x0000,
                             direc_addr_type=0xFF,
                             direc_addr=000000000000,
                             data_length=0x00,
                             data=
                           }

                         }
2025-11-28 20:22:20,101 LT1-callback ClientCallback.log INFO client.py                 82    logger_log                : PTS_LOGTYPE_RECEIVE_EVENT Receive Event 

+1422 ms
 GAP/PADV/PAST/BV-01-C HCI?HCI_LE_EXTENDED_ADVERTISING_REPORT_EVENT{
                           {
                             eventtype=0x0010,
                             addrType=0x01,
                             bd_addr=295F4D0A9F35,
                             prim_phy=0x01,
                             sec_phy=0x00,
                             advSID=0xFF,
                             periodic_int=0x0000,
                             direc_addr_type=0xFF,
                             direc_addr=000000000000,
                             data_length=0x1F,
                             data=1EFF060001092022FB91D40F8A7052156B3418CCA5514D54745BFA3225BFE0
                           }

                         }
2025-11-28 20:22:20,105 LT1-callback ClientCallback.log INFO client.py                 82    logger_log                : PTS_LOGTYPE_RECEIVE_EVENT Receive Event 

+1453 ms
 GAP/PADV/PAST/BV-01-C HCI?HCI_LE_EXTENDED_ADVERTISING_REPORT_EVENT{
                           {
                             eventtype=0x0013,
                             addrType=0x00,
                             bd_addr=7C49EB2C13D2,
                             prim_phy=0x01,
                             sec_phy=0x00,
                             advSID=0xFF,
                             periodic_int=0x0000,
                             direc_addr_type=0xFF,
                             direc_addr=000000000000,
                             data_length=0x18,
                             data=020106141695FE71201301A1D2132CEB497C090510020015
                           }

                         }
2025-11-28 20:22:20,109 LT1-callback ClientCallback.log INFO client.py                 82    logger_log                : PTS_LOGTYPE_RECEIVE_EVENT Receive Event 

+1469 ms
 GAP/PADV/PAST/BV-01-C HCI?HCI_LE_EXTENDED_ADVERTISING_REPORT_EVENT{
                           {
                             eventtype=0x0010,
                             addrType=0x00,
                             bd_addr=A4307A9574FB,
                             prim_phy=0x01,
                             sec_phy=0x00,
                             advSID=0xFF,
                             periodic_int=0x0000,
                             direc_addr_type=0xFF,
                             direc_addr=000000000000,
                             data_length=0x1C,
                             data=1BFF7500420401806EA4307A9574FBA6307A9574FA01D841C5D90000
                           }

                         }
2025-11-28 20:22:20,113 LT1-callback ClientCallback.log INFO client.py                 82    logger_log                : PTS_LOGTYPE_RECEIVE_EVENT Receive Event 

+1469 ms
 GAP/PADV/PAST/BV-01-C HCI?HCI_LE_EXTENDED_ADVERTISING_REPORT_EVENT{
                           {
                             eventtype=0x0010,
                             addrType=0x01,
                             bd_addr=339BEAE24540,
                             prim_phy=0x01,
                             sec_phy=0x00,
                             advSID=0xFF,
                             periodic_int=0x0000,
                             direc_addr_type=0xFF,
                             direc_addr=000000000000,
                             data_length=0x1D,
                             data=1CFF06000109210A4DE08A52D2D44C4150544F502D453532454F443249
                           }

                         }
2025-11-28 20:22:20,117 LT1-callback ClientCallback.log INFO client.py                 82    logger_log                : PTS_LOGTYPE_RECEIVE_EVENT Receive Event 

+1484 ms
 GAP/PADV/PAST/BV-01-C HCI?HCI_LE_EXTENDED_ADVERTISING_REPORT_EVENT{
                           {
                             eventtype=0x0010,
                             addrType=0x01,
                             bd_addr=05CBB0936EF1,
                             prim_phy=0x01,
                             sec_phy=0x00,
                             advSID=0xFF,
                             periodic_int=0x0000,
                             direc_addr_type=0xFF,
                             direc_addr=000000000000,
                             data_length=0x1F,
                             data=1EFF0600010F2022664F3BCFB7E352BEEC42826CE2D8E293AEDC7415D78D35
                           }

                         }
2025-11-28 20:22:20,122 LT1-callback ClientCallback.log INFO client.py                 82    logger_log                : PTS_LOGTYPE_RECEIVE_EVENT Receive Event 

+1531 ms
 GAP/PADV/PAST/BV-01-C HCI?HCI_LE_EXTENDED_ADVERTISING_REPORT_EVENT{
                           {
                             eventtype=0x0010,
                             addrType=0x01,
                             bd_addr=295F4D0A9F35,
                             prim_phy=0x01,
                             sec_phy=0x00,
                             advSID=0xFF,
                             periodic_int=0x0000,
                             direc_addr_type=0xFF,
                             direc_addr=000000000000,
                             data_length=0x1F,
                             data=1EFF060001092022FB91D40F8A7052156B3418CCA5514D54745BFA3225BFE0
                           }

                         }
2025-11-28 20:22:20,184 LT1-callback ClientCallback.log INFO client.py                 82    logger_log                : PTS_LOGTYPE_RECEIVE_EVENT Receive Event 

+1563 ms
 GAP/PADV/PAST/BV-01-C HCI?HCI_LE_EXTENDED_ADVERTISING_REPORT_EVENT{
                           {
                             eventtype=0x0012,
                             addrType=0x01,
                             bd_addr=4EFAE042431B,
                             prim_phy=0x01,
                             sec_phy=0x00,
                             advSID=0xFF,
                             periodic_int=0x0000,
                             direc_addr_type=0xFF,
                             direc_addr=000000000000,
                             data_length=0x0C,
                             data=0BFF4C00090603000A030711
                           }

                         }
2025-11-28 20:22:20,189 LT1-callback ClientCallback.log INFO client.py                 82    logger_log                : PTS_LOGTYPE_RECEIVE_EVENT Receive Event 

+1563 ms
 GAP/PADV/PAST/BV-01-C HCI?HCI_LE_EXTENDED_ADVERTISING_REPORT_EVENT{
                           {
                             eventtype=0x001A,
                             addrType=0x01,
                             bd_addr=4EFAE042431B,
                             prim_phy=0x01,
                             sec_phy=0x00,
                             advSID=0xFF,
                             periodic_int=0x0000,
                             direc_addr_type=0xFF,
                             direc_addr=000000000000,
                             data_length=0x00,
                             data=
                           }

                         }
2025-11-28 20:22:20,194 LT1-callback ClientCallback.log INFO client.py                 82    logger_log                : PTS_LOGTYPE_RECEIVE_EVENT Receive Event 

+1578 ms
 GAP/PADV/PAST/BV-01-C HCI?HCI_LE_EXTENDED_ADVERTISING_REPORT_EVENT{
                           {
                             eventtype=0x0010,
                             addrType=0x01,
                             bd_addr=339BEAE24540,
                             prim_phy=0x01,
                             sec_phy=0x00,
                             advSID=0xFF,
                             periodic_int=0x0000,
                             direc_addr_type=0xFF,
                             direc_addr=000000000000,
                             data_length=0x1D,
                             data=1CFF06000109210A4DE08A52D2D44C4150544F502D453532454F443249
                           }

                         }
2025-11-28 20:22:20,200 LT1-callback ClientCallback.log INFO client.py                 82    logger_log                : PTS_LOGTYPE_RECEIVE_EVENT Receive Event 

+1578 ms
 GAP/PADV/PAST/BV-01-C HCI?HCI_LE_EXTENDED_ADVERTISING_REPORT_EVENT{
                           {
                             eventtype=0x0010,
                             addrType=0x01,
                             bd_addr=05CBB0936EF1,
                             prim_phy=0x01,
                             sec_phy=0x00,
                             advSID=0xFF,
                             periodic_int=0x0000,
                             direc_addr_type=0xFF,
                             direc_addr=000000000000,
                             data_length=0x1F,
                             data=1EFF0600010F2022664F3BCFB7E352BEEC42826CE2D8E293AEDC7415D78D35
                           }

                         }
2025-11-28 20:22:20,205 LT1-callback ClientCallback.log INFO client.py                 82    logger_log                : PTS_LOGTYPE_RECEIVE_EVENT Receive Event 

+1578 ms
 GAP/PADV/PAST/BV-01-C HCI?HCI_LE_EXTENDED_ADVERTISING_REPORT_EVENT{
                           {
                             eventtype=0x0013,
                             addrType=0x00,
                             bd_addr=F01898960494,
                             prim_phy=0x01,
                             sec_phy=0x00,
                             advSID=0xFF,
                             periodic_int=0x0000,
                             direc_addr_type=0xFF,
                             direc_addr=000000000000,
                             data_length=0x19,
                             data=02010611070000000000000000000000000001315A03097A6D
                           }

                         }
2025-11-28 20:22:20,210 LT1-callback ClientCallback.log INFO client.py                 82    logger_log                : PTS_LOGTYPE_RECEIVE_EVENT Receive Event 

+1656 ms
 GAP/PADV/PAST/BV-01-C HCI?HCI_LE_EXTENDED_ADVERTISING_REPORT_EVENT{
                           {
                             eventtype=0x0010,
                             addrType=0x00,
                             bd_addr=A4307A9574FB,
                             prim_phy=0x01,
                             sec_phy=0x00,
                             advSID=0xFF,
                             periodic_int=0x0000,
                             direc_addr_type=0xFF,
                             direc_addr=000000000000,
                             data_length=0x1C,
                             data=1BFF7500420401806EA4307A9574FBA6307A9574FA01D841C5D90000
                           }

                         }
2025-11-28 20:22:20,215 LT1-callback ClientCallback.log INFO client.py                 82    logger_log                : PTS_LOGTYPE_RECEIVE_EVENT Receive Event 

+1688 ms
 GAP/PADV/PAST/BV-01-C HCI?HCI_LE_EXTENDED_ADVERTISING_REPORT_EVENT{
                           {
                             eventtype=0x0010,
                             addrType=0x01,
                             bd_addr=339BEAE24540,
                             prim_phy=0x01,
                             sec_phy=0x00,
                             advSID=0xFF,
                             periodic_int=0x0000,
                             direc_addr_type=0xFF,
                             direc_addr=000000000000,
                             data_length=0x1D,
                             data=1CFF06000109210A4DE08A52D2D44C4150544F502D453532454F443249
                           }

                         }
2025-11-28 20:22:20,219 LT1-callback ClientCallback.log INFO client.py                 82    logger_log                : PTS_LOGTYPE_RECEIVE_EVENT Receive Event 

+1688 ms
 GAP/PADV/PAST/BV-01-C HCI?HCI_LE_EXTENDED_ADVERTISING_REPORT_EVENT{
                           {
                             eventtype=0x0012,
                             addrType=0x01,
                             bd_addr=4EFAE042431B,
                             prim_phy=0x01,
                             sec_phy=0x00,
                             advSID=0xFF,
                             periodic_int=0x0000,
                             direc_addr_type=0xFF,
                             direc_addr=000000000000,
                             data_length=0x0C,
                             data=0BFF4C00090603000A030711
                           }

                         }
2025-11-28 20:22:20,223 LT1-callback ClientCallback.log INFO client.py                 82    logger_log                : PTS_LOGTYPE_RECEIVE_EVENT Receive Event 

+1703 ms
 GAP/PADV/PAST/BV-01-C HCI?HCI_LE_EXTENDED_ADVERTISING_REPORT_EVENT{
                           {
                             eventtype=0x0013,
                             addrType=0x01,
                             bd_addr=49CC6F252CC1,
                             prim_phy=0x01,
                             sec_phy=0x00,
                             advSID=0xFF,
                             periodic_int=0x0000,
                             direc_addr_type=0xFF,
                             direc_addr=000000000000,
                             data_length=0x1E,
                             data=0201021AFF4C00021518A547935C7549AEAF6D3EDDA84DFFC34140C0E4C5
                           }

                         }
2025-11-28 20:22:20,227 LT1-callback ClientCallback.log INFO client.py                 82    logger_log                : PTS_LOGTYPE_RECEIVE_EVENT Receive Event 

+1719 ms
 GAP/PADV/PAST/BV-01-C HCI?HCI_LE_EXTENDED_ADVERTISING_REPORT_EVENT{
                           {
                             eventtype=0x001B,
                             addrType=0x01,
                             bd_addr=49CC6F252CC1,
                             prim_phy=0x01,
                             sec_phy=0x00,
                             advSID=0xFF,
                             periodic_int=0x0000,
                             direc_addr_type=0xFF,
                             direc_addr=000000000000,
                             data_length=0x0B,
                             data=0A0953747564696F583530
                           }

                         }
2025-11-28 20:22:20,231 LT1-callback ClientCallback.log INFO client.py                 82    logger_log                : PTS_LOGTYPE_RECEIVE_EVENT Receive Event 

+1734 ms
 GAP/PADV/PAST/BV-01-C HCI?HCI_LE_EXTENDED_ADVERTISING_REPORT_EVENT{
                           {
                             eventtype=0x0010,
                             addrType=0x01,
                             bd_addr=295F4D0A9F35,
                             prim_phy=0x01,
                             sec_phy=0x00,
                             advSID=0xFF,
                             periodic_int=0x0000,
                             direc_addr_type=0xFF,
                             direc_addr=000000000000,
                             data_length=0x1F,
                             data=1EFF060001092022FB91D40F8A7052156B3418CCA5514D54745BFA3225BFE0
                           }

                         }
2025-11-28 20:22:20,235 LT1-callback ClientCallback.log INFO client.py                 82    logger_log                : PTS_LOGTYPE_RECEIVE_EVENT Receive Event 

+1766 ms
 GAP/PADV/PAST/BV-01-C HCI?HCI_LE_EXTENDED_ADVERTISING_REPORT_EVENT{
                           {
                             eventtype=0x0013,
                             addrType=0x00,
                             bd_addr=F01898960494,
                             prim_phy=0x01,
                             sec_phy=0x00,
                             advSID=0xFF,
                             periodic_int=0x0000,
                             direc_addr_type=0xFF,
                             direc_addr=000000000000,
                             data_length=0x19,
                             data=02010611070000000000000000000000000001315A03097A6D
                           }

                         }
2025-11-28 20:22:20,240 LT1-callback ClientCallback.log INFO client.py                 82    logger_log                : PTS_LOGTYPE_RECEIVE_EVENT Receive Event 

+1766 ms
 GAP/PADV/PAST/BV-01-C HCI?HCI_LE_EXTENDED_ADVERTISING_REPORT_EVENT{
                           {
                             eventtype=0x001B,
                             addrType=0x00,
                             bd_addr=F01898960494,
                             prim_phy=0x01,
                             sec_phy=0x00,
                             advSID=0xFF,
                             periodic_int=0x0000,
                             direc_addr_type=0xFF,
                             direc_addr=000000000000,
                             data_length=0x00,
                             data=
                           }

                         }
2025-11-28 20:22:20,244 LT1-callback ClientCallback.log INFO client.py                 82    logger_log                : PTS_LOGTYPE_RECEIVE_EVENT Receive Event 

+1797 ms
 GAP/PADV/PAST/BV-01-C HCI?HCI_LE_EXTENDED_ADVERTISING_REPORT_EVENT{
                           {
                             eventtype=0x0010,
                             addrType=0x01,
                             bd_addr=339BEAE24540,
                             prim_phy=0x01,
                             sec_phy=0x00,
                             advSID=0xFF,
                             periodic_int=0x0000,
                             direc_addr_type=0xFF,
                             direc_addr=000000000000,
                             data_length=0x1D,
                             data=1CFF06000109210A4DE08A52D2D44C4150544F502D453532454F443249
                           }

                         }
2025-11-28 20:22:20,248 LT1-callback ClientCallback.log INFO client.py                 82    logger_log                : PTS_LOGTYPE_RECEIVE_EVENT Receive Event 

+1828 ms
 GAP/PADV/PAST/BV-01-C HCI?HCI_LE_EXTENDED_ADVERTISING_REPORT_EVENT{
                           {
                             eventtype=0x0012,
                             addrType=0x01,
                             bd_addr=4EFAE042431B,
                             prim_phy=0x01,
                             sec_phy=0x00,
                             advSID=0xFF,
                             periodic_int=0x0000,
                             direc_addr_type=0xFF,
                             direc_addr=000000000000,
                             data_length=0x0C,
                             data=0BFF4C00090603000A030711
                           }

                         }
2025-11-28 20:22:20,252 LT1-callback ClientCallback.log INFO client.py                 82    logger_log                : PTS_LOGTYPE_RECEIVE_EVENT Receive Event 

+1828 ms
 GAP/PADV/PAST/BV-01-C HCI?HCI_LE_EXTENDED_ADVERTISING_REPORT_EVENT{
                           {
                             eventtype=0x001A,
                             addrType=0x01,
                             bd_addr=4EFAE042431B,
                             prim_phy=0x01,
                             sec_phy=0x00,
                             advSID=0xFF,
                             periodic_int=0x0000,
                             direc_addr_type=0xFF,
                             direc_addr=000000000000,
                             data_length=0x00,
                             data=
                           }

                         }
2025-11-28 20:22:20,256 LT1-callback ClientCallback.log INFO client.py                 82    logger_log                : PTS_LOGTYPE_RECEIVE_EVENT Receive Event 

+1828 ms
 GAP/PADV/PAST/BV-01-C HCI?HCI_LE_EXTENDED_ADVERTISING_REPORT_EVENT{
                           {
                             eventtype=0x0010,
                             addrType=0x01,
                             bd_addr=295F4D0A9F35,
                             prim_phy=0x01,
                             sec_phy=0x00,
                             advSID=0xFF,
                             periodic_int=0x0000,
                             direc_addr_type=0xFF,
                             direc_addr=000000000000,
                             data_length=0x1F,
                             data=1EFF060001092022FB91D40F8A7052156B3418CCA5514D54745BFA3225BFE0
                           }

                         }
2025-11-28 20:22:20,260 LT1-callback ClientCallback.log INFO client.py                 82    logger_log                : PTS_LOGTYPE_RECEIVE_EVENT Receive Event 

+1906 ms
 GAP/PADV/PAST/BV-01-C HCI?HCI_LE_EXTENDED_ADVERTISING_REPORT_EVENT{
                           {
                             eventtype=0x0013,
                             addrType=0x00,
                             bd_addr=A4C1388F2FB5,
                             prim_phy=0x01,
                             sec_phy=0x00,
                             advSID=0xFF,
                             periodic_int=0x0000,
                             direc_addr_type=0xFF,
                             direc_addr=000000000000,
                             data_length=0x15,
                             data=020106111695FE30585B0501B52F8F38C1A4280100
                           }

                         }
2025-11-28 20:22:20,264 LT1-callback ClientCallback.log INFO client.py                 82    logger_log                : PTS_LOGTYPE_RECEIVE_EVENT Receive Event 

+1906 ms
 GAP/PADV/PAST/BV-01-C HCI?HCI_LE_EXTENDED_ADVERTISING_REPORT_EVENT{
                           {
                             eventtype=0x0013,
                             addrType=0x00,
                             bd_addr=7C49EB2C13D2,
                             prim_phy=0x01,
                             sec_phy=0x00,
                             advSID=0xFF,
                             periodic_int=0x0000,
                             direc_addr_type=0xFF,
                             direc_addr=000000000000,
                             data_length=0x18,
                             data=020106141695FE71201301A1D2132CEB497C090510020015
                           }

                         }
2025-11-28 20:22:20,268 LT1-callback ClientCallback.log INFO client.py                 82    logger_log                : PTS_LOGTYPE_RECEIVE_EVENT Receive Event 

+1953 ms
 GAP/PADV/PAST/BV-01-C HCI?HCI_LE_EXTENDED_ADVERTISING_REPORT_EVENT{
                           {
                             eventtype=0x0010,
                             addrType=0x01,
                             bd_addr=295F4D0A9F35,
                             prim_phy=0x01,
                             sec_phy=0x00,
                             advSID=0xFF,
                             periodic_int=0x0000,
                             direc_addr_type=0xFF,
                             direc_addr=000000000000,
                             data_length=0x1F,
                             data=1EFF060001092022FB91D40F8A7052156B3418CCA5514D54745BFA3225BFE0
                           }

                         }
2025-11-28 20:22:20,272 LT1-callback ClientCallback.log INFO client.py                 82    logger_log                : PTS_LOGTYPE_RECEIVE_EVENT Receive Event 

+1953 ms
 GAP/PADV/PAST/BV-01-C HCI?HCI_LE_EXTENDED_ADVERTISING_REPORT_EVENT{
                           {
                             eventtype=0x0013,
                             addrType=0x00,
                             bd_addr=FCECDAD75C52,
                             prim_phy=0x01,
                             sec_phy=0x00,
                             advSID=0xFF,
                             periodic_int=0x0000,
                             direc_addr_type=0xFF,
                             direc_addr=000000000000,
                             data_length=0x1A,
                             data=0201061106E568F2C45FE5DEA0104CD81AC81A4E05040855434B
                           }

                         }
2025-11-28 20:22:20,276 LT1-callback ClientCallback.log INFO client.py                 82    logger_log                : PTS_LOGTYPE_RECEIVE_EVENT Receive Event 

+1953 ms
 GAP/PADV/PAST/BV-01-C HCI?HCI_LE_EXTENDED_ADVERTISING_REPORT_EVENT{
                           {
                             eventtype=0x0013,
                             addrType=0x00,
                             bd_addr=F01898960494,
                             prim_phy=0x01,
                             sec_phy=0x00,
                             advSID=0xFF,
                             periodic_int=0x0000,
                             direc_addr_type=0xFF,
                             direc_addr=000000000000,
                             data_length=0x19,
                             data=02010611070000000000000000000000000001315A03097A6D
                           }

                         }
2025-11-28 20:22:20,280 LT1-callback ClientCallback.log INFO client.py                 82    logger_log                : PTS_LOGTYPE_RECEIVE_EVENT Receive Event 

+1953 ms
 GAP/PADV/PAST/BV-01-C HCI?HCI_LE_EXTENDED_ADVERTISING_REPORT_EVENT{
                           {
                             eventtype=0x001B,
                             addrType=0x00,
                             bd_addr=F01898960494,
                             prim_phy=0x01,
                             sec_phy=0x00,
                             advSID=0xFF,
                             periodic_int=0x0000,
                             direc_addr_type=0xFF,
                             direc_addr=000000000000,
                             data_length=0x00,
                             data=
                           }

                         }
2025-11-28 20:22:20,284 LT1-callback ClientCallback.log INFO client.py                 82    logger_log                : PTS_LOGTYPE_RECEIVE_EVENT Receive Event 

+1953 ms
 GAP/PADV/PAST/BV-01-C HCI?HCI_LE_EXTENDED_ADVERTISING_REPORT_EVENT{
                           {
                             eventtype=0x0012,
                             addrType=0x01,
                             bd_addr=4EFAE042431B,
                             prim_phy=0x01,
                             sec_phy=0x00,
                             advSID=0xFF,
                             periodic_int=0x0000,
                             direc_addr_type=0xFF,
                             direc_addr=000000000000,
                             data_length=0x0C,
                             data=0BFF4C00090603000A030711
                           }

                         }
2025-11-28 20:22:20,288 LT1-callback ClientCallback.log INFO client.py                 82    logger_log                : PTS_LOGTYPE_RECEIVE_EVENT Receive Event 

+1953 ms
 GAP/PADV/PAST/BV-01-C HCI?HCI_LE_EXTENDED_ADVERTISING_REPORT_EVENT{
                           {
                             eventtype=0x001A,
                             addrType=0x01,
                             bd_addr=4EFAE042431B,
                             prim_phy=0x01,
                             sec_phy=0x00,
                             advSID=0xFF,
                             periodic_int=0x0000,
                             direc_addr_type=0xFF,
                             direc_addr=000000000000,
                             data_length=0x00,
                             data=
                           }

                         }
2025-11-28 20:22:20,292 LT1-callback ClientCallback.log INFO client.py                 82    logger_log                : PTS_LOGTYPE_RECEIVE_EVENT Receive Event 

+1969 ms
 GAP/PADV/PAST/BV-01-C HCI?HCI_LE_EXTENDED_ADVERTISING_REPORT_EVENT{
                           {
                             eventtype=0x0010,
                             addrType=0x00,
                             bd_addr=A4307A9574FB,
                             prim_phy=0x01,
                             sec_phy=0x00,
                             advSID=0xFF,
                             periodic_int=0x0000,
                             direc_addr_type=0xFF,
                             direc_addr=000000000000,
                             data_length=0x1C,
                             data=1BFF7500420401806EA4307A9574FBA6307A9574FA01D841C5D90000
                           }

                         }
2025-11-28 20:22:20,296 LT1-callback ClientCallback.log INFO client.py                 82    logger_log                : PTS_LOGTYPE_RECEIVE_EVENT Receive Event 

+2000 ms
 GAP/PADV/PAST/BV-01-C HCI?HCI_LE_EXTENDED_ADVERTISING_REPORT_EVENT{
                           {
                             eventtype=0x0010,
                             addrType=0x01,
                             bd_addr=05CBB0936EF1,
                             prim_phy=0x01,
                             sec_phy=0x00,
                             advSID=0xFF,
                             periodic_int=0x0000,
                             direc_addr_type=0xFF,
                             direc_addr=000000000000,
                             data_length=0x1F,
                             data=1EFF0600010F2022664F3BCFB7E352BEEC42826CE2D8E293AEDC7415D78D35
                           }

                         }
2025-11-28 20:22:20,300 LT1-callback ClientCallback.log INFO client.py                 82    logger_log                : PTS_LOGTYPE_RECEIVE_EVENT Receive Event 

+2000 ms
 GAP/PADV/PAST/BV-01-C HCI?HCI_LE_EXTENDED_ADVERTISING_REPORT_EVENT{
                           {
                             eventtype=0x0010,
                             addrType=0x01,
                             bd_addr=339BEAE24540,
                             prim_phy=0x01,
                             sec_phy=0x00,
                             advSID=0xFF,
                             periodic_int=0x0000,
                             direc_addr_type=0xFF,
                             direc_addr=000000000000,
                             data_length=0x1D,
                             data=1CFF06000109210A4DE08A52D2D44C4150544F502D453532454F443249
                           }

                         }
2025-11-28 20:22:20,304 LT1-callback ClientCallback.log INFO client.py                 82    logger_log                : PTS_LOGTYPE_RECEIVE_EVENT Receive Event 

+2047 ms
 GAP/PADV/PAST/BV-01-C HCI?HCI_LE_EXTENDED_ADVERTISING_REPORT_EVENT{
                           {
                             eventtype=0x0010,
                             addrType=0x01,
                             bd_addr=295F4D0A9F35,
                             prim_phy=0x01,
                             sec_phy=0x00,
                             advSID=0xFF,
                             periodic_int=0x0000,
                             direc_addr_type=0xFF,
                             direc_addr=000000000000,
                             data_length=0x1F,
                             data=1EFF060001092022FB91D40F8A7052156B3418CCA5514D54745BFA3225BFE0
                           }

                         }
2025-11-28 20:22:20,309 LT1-callback ClientCallback.log INFO client.py                 82    logger_log                : PTS_LOGTYPE_RECEIVE_EVENT Receive Event 

+2094 ms
 GAP/PADV/PAST/BV-01-C HCI?HCI_LE_EXTENDED_ADVERTISING_REPORT_EVENT{
                           {
                             eventtype=0x0012,
                             addrType=0x01,
                             bd_addr=4EFAE042431B,
                             prim_phy=0x01,
                             sec_phy=0x00,
                             advSID=0xFF,
                             periodic_int=0x0000,
                             direc_addr_type=0xFF,
                             direc_addr=000000000000,
                             data_length=0x0C,
                             data=0BFF4C00090603000A030711
                           }

                         }
2025-11-28 20:22:20,313 LT1-callback ClientCallback.log INFO client.py                 82    logger_log                : PTS_LOGTYPE_RECEIVE_EVENT Receive Event 

+2094 ms
 GAP/PADV/PAST/BV-01-C HCI?HCI_LE_EXTENDED_ADVERTISING_REPORT_EVENT{
                           {
                             eventtype=0x001A,
                             addrType=0x01,
                             bd_addr=4EFAE042431B,
                             prim_phy=0x01,
                             sec_phy=0x00,
                             advSID=0xFF,
                             periodic_int=0x0000,
                             direc_addr_type=0xFF,
                             direc_addr=000000000000,
                             data_length=0x00,
                             data=
                           }

                         }
2025-11-28 20:22:20,316 LT1-callback ClientCallback.log INFO client.py                 82    logger_log                : PTS_LOGTYPE_RECEIVE_EVENT Receive Event 

+2094 ms
 GAP/PADV/PAST/BV-01-C HCI?HCI_LE_EXTENDED_ADVERTISING_REPORT_EVENT{
                           {
                             eventtype=0x0010,
                             addrType=0x01,
                             bd_addr=05CBB0936EF1,
                             prim_phy=0x01,
                             sec_phy=0x00,
                             advSID=0xFF,
                             periodic_int=0x0000,
                             direc_addr_type=0xFF,
                             direc_addr=000000000000,
                             data_length=0x1F,
                             data=1EFF0600010F2022664F3BCFB7E352BEEC42826CE2D8E293AEDC7415D78D35
                           }

                         }
2025-11-28 20:22:20,320 LT1-callback ClientCallback.log INFO client.py                 82    logger_log                : PTS_LOGTYPE_RECEIVE_EVENT Receive Event 

+2094 ms
 GAP/PADV/PAST/BV-01-C HCI?HCI_LE_EXTENDED_ADVERTISING_REPORT_EVENT{
                           {
                             eventtype=0x0010,
                             addrType=0x00,
                             bd_addr=A4307A9574FB,
                             prim_phy=0x01,
                             sec_phy=0x00,
                             advSID=0xFF,
                             periodic_int=0x0000,
                             direc_addr_type=0xFF,
                             direc_addr=000000000000,
                             data_length=0x1C,
                             data=1BFF7500420401806EA4307A9574FBA6307A9574FA01D841C5D90000
                           }

                         }
2025-11-28 20:22:20,325 LT1-callback ClientCallback.log INFO client.py                 82    logger_log                : PTS_LOGTYPE_RECEIVE_EVENT Receive Event 

+2109 ms
 GAP/PADV/PAST/BV-01-C HCI?HCI_LE_EXTENDED_ADVERTISING_REPORT_EVENT{
                           {
                             eventtype=0x0010,
                             addrType=0x01,
                             bd_addr=339BEAE24540,
                             prim_phy=0x01,
                             sec_phy=0x00,
                             advSID=0xFF,
                             periodic_int=0x0000,
                             direc_addr_type=0xFF,
                             direc_addr=000000000000,
                             data_length=0x1D,
                             data=1CFF06000109210A4DE08A52D2D44C4150544F502D453532454F443249
                           }

                         }
2025-11-28 20:22:20,328 LT1-callback ClientCallback.log INFO client.py                 82    logger_log                : PTS_LOGTYPE_RECEIVE_EVENT Receive Event 

+2141 ms
 GAP/PADV/PAST/BV-01-C HCI?HCI_LE_EXTENDED_ADVERTISING_REPORT_EVENT{
                           {
                             eventtype=0x0013,
                             addrType=0x00,
                             bd_addr=F01898960494,
                             prim_phy=0x01,
                             sec_phy=0x00,
                             advSID=0xFF,
                             periodic_int=0x0000,
                             direc_addr_type=0xFF,
                             direc_addr=000000000000,
                             data_length=0x19,
                             data=02010611070000000000000000000000000001315A03097A6D
                           }

                         }
2025-11-28 20:22:20,333 LT1-callback ClientCallback.log INFO client.py                 82    logger_log                : PTS_LOGTYPE_RECEIVE_EVENT Receive Event 

+2141 ms
 GAP/PADV/PAST/BV-01-C HCI?HCI_LE_EXTENDED_ADVERTISING_REPORT_EVENT{
                           {
                             eventtype=0x001B,
                             addrType=0x00,
                             bd_addr=F01898960494,
                             prim_phy=0x01,
                             sec_phy=0x00,
                             advSID=0xFF,
                             periodic_int=0x0000,
                             direc_addr_type=0xFF,
                             direc_addr=000000000000,
                             data_length=0x00,
                             data=
                           }

                         }
2025-11-28 20:22:20,337 LT1-callback ClientCallback.log INFO client.py                 82    logger_log                : PTS_LOGTYPE_RECEIVE_EVENT Receive Event 

+2141 ms
 GAP/PADV/PAST/BV-01-C HCI?HCI_LE_EXTENDED_ADVERTISING_REPORT_EVENT{
                           {
                             eventtype=0x0010,
                             addrType=0x01,
                             bd_addr=295F4D0A9F35,
                             prim_phy=0x01,
                             sec_phy=0x00,
                             advSID=0xFF,
                             periodic_int=0x0000,
                             direc_addr_type=0xFF,
                             direc_addr=000000000000,
                             data_length=0x1F,
                             data=1EFF060001092022FB91D40F8A7052156B3418CCA5514D54745BFA3225BFE0
                           }

                         }
2025-11-28 20:22:20,340 LT1-callback ClientCallback.log INFO client.py                 82    logger_log                : PTS_LOGTYPE_RECEIVE_EVENT Receive Event 

+2156 ms
 GAP/PADV/PAST/BV-01-C HCI?HCI_LE_EXTENDED_ADVERTISING_REPORT_EVENT{
                           {
                             eventtype=0x0013,
                             addrType=0x01,
                             bd_addr=D5B6CC31DB3B,
                             prim_phy=0x01,
                             sec_phy=0x00,
                             advSID=0xFF,
                             periodic_int=0x0000,
                             direc_addr_type=0xFF,
                             direc_addr=000000000000,
                             data_length=0x12,
                             data=0201040E095465737465725F463642313141
                           }

                         }
2025-11-28 20:22:20,344 LT1-callback ClientCallback.log INFO client.py                 82    logger_log                : PTS_LOGTYPE_RECEIVE_EVENT Receive Event 

+2156 ms
 GAP/PADV/PAST/BV-01-C HCI?HCI_LE_EXTENDED_ADVERTISING_REPORT_EVENT{
                           {
                             eventtype=0x001B,
                             addrType=0x01,
                             bd_addr=D5B6CC31DB3B,
                             prim_phy=0x01,
                             sec_phy=0x00,
                             advSID=0xFF,
                             periodic_int=0x0000,
                             direc_addr_type=0xFF,
                             direc_addr=000000000000,
                             data_length=0x00,
                             data=
                           }

                         }
2025-11-28 20:22:20,350 LT1-callback ClientCallback.log INFO client.py                 82    logger_log                : PTS_LOGTYPE_SEND_EVENT Send Event 

+2156 ms
 GAP/PADV/PAST/BV-01-C HCI!HCI_LE_SET_EXTENDED_SCAN_ENABLE{
                           enable=0x00,
                           filter_duplicate=0x00,
                           duration=0x0000,
                           period=0x0000
                         }
2025-11-28 20:22:20,354 LT1-callback ClientCallback.log INFO client.py                 82    logger_log                : PTS_LOGTYPE_RECEIVE_EVENT Receive Event 

+2156 ms
 GAP/PADV/PAST/BV-01-C HCI?HCI_LE_SET_EXTENDED_SCAN_ENABLE_COMPLETE_EVENT{
                           status=HCI_OK
                         }
2025-11-28 20:22:20,357 LT1-callback ClientCallback.log INFO client.py                 82    logger_log                : PTS_LOGTYPE_PRELIMINARY_VERDICT Preliminary Verdict 

+2156 ms
 GAP/PADV/PAST/BV-01-C PASS

2025-11-28 20:22:20,359 LT1-callback ClientCallback.log INFO client.py                 82    logger_log                : PTS_LOGTYPE_PRELIMINARY_VERDICT Preliminary Verdict 

+2156 ms
 GAP/PADV/PAST/BV-01-C PASS

2025-11-28 20:22:20,362 LT1-callback ClientCallback.log INFO client.py                 82    logger_log                : PTS_LOGTYPE_PRELIMINARY_VERDICT Preliminary Verdict 

+2156 ms
 GAP/PADV/PAST/BV-01-C PASS

2025-11-28 20:22:20,365 LT1-callback ClientCallback.log INFO client.py                 82    logger_log                : PTS_LOGTYPE_SEND_EVENT Send Event 

+2156 ms
 GAP/PADV/PAST/BV-01-C HCI!HCI_LE_EXTENDED_CREATE_CONNECTION{
                           initiator_filter_policy=0x00,
                           own_addr_type=0x00,
                           peer_addr_type=0x01,
                           peer_addr=0xD5B6CC31DB3B,
                           initiating_phys=0x01,
                           {
                             scan_interval=0x0020,
                             scan_window=0x0020,
                             conn_interval_min=0x0032,
                             conn_interval_max=0x0046,
                             conn_latency=0x0000,
                             supervision_timeout=0x09D0,
                             min_ce_length=0x0000,
                             max_ce_length=0x0000
                           },
                           
                         }
2025-11-28 20:22:20,368 LT1-callback ClientCallback.log INFO client.py                 82    logger_log                : PTS_LOGTYPE_RECEIVE_EVENT Receive Event 

+2156 ms
 GAP/PADV/PAST/BV-01-C HCI?HCI_LE_EXTENDED_CREATE_CONNECTION_STATUS_EVENT{
                           status=HCI_OK
                         }
2025-11-28 20:22:20,371 LT1-callback ClientCallback.log INFO client.py                 82    logger_log                : PTS_LOGTYPE_PRELIMINARY_VERDICT Preliminary Verdict 

+2156 ms
 GAP/PADV/PAST/BV-01-C PASS

2025-11-28 20:22:20,374 LT1-callback ClientCallback.log INFO client.py                 82    logger_log                : PTS_LOGTYPE_PRELIMINARY_VERDICT Preliminary Verdict 

+2156 ms
 GAP/PADV/PAST/BV-01-C PASS

2025-11-28 20:22:20,376 LT1-callback ClientCallback.log INFO client.py                 82    logger_log                : PTS_LOGTYPE_RECEIVE_EVENT Receive Event 

+2359 ms
 GAP/PADV/PAST/BV-01-C ATT?ATT_CONNECT_IND{
                           bdAddr=0xD5B6CC31DB3B,
                           peerAddrType=HCI_LE_RANDOM_DEVICE_ADDRESS,
                           lcid=0x1205,
                           status=0x0000
                         }
2025-11-28 20:22:20,380 LT1-callback ClientCallback.log INFO client.py                 82    logger_log                : PTS_LOGTYPE_RECEIVE_EVENT Receive Event 

+2359 ms
 GAP/PADV/PAST/BV-01-C HCI?HCI_LE_ENHANCED_CONNECTION_COMPLETE_EVENT{
                           status=HCI_OK,
                           conn_handle=0x0020,
                           role=0x00,
                           peerAddrType=0x01,
                           peer_addr=0xD5B6CC31DB3B,
                           local_rpa=0x000000000000,
                           peer_rpa=0x000000000000,
                           conn_interval=0x0046,
                           conn_latency=0x0000,
                           conn_timeout=0x09D0,
                           central_clock_accuracy=0x00
                         }
2025-11-28 20:22:20,383 LT1-callback ClientCallback.log INFO client.py                 82    logger_log                : PTS_LOGTYPE_SEND_EVENT Send Event 

+2359 ms
 GAP/PADV/PAST/BV-01-C HCI!GET_CONNECTION_HANDLE{
                           addr=0xD5B6CC31DB3B,
                           addr_type=0x01,
                           conn_handle=0xFFFF
                         }
2025-11-28 20:22:20,386 LT1-callback ClientCallback.log INFO client.py                 82    logger_log                : PTS_LOGTYPE_SEND_EVENT Send Event 

+2359 ms
 GAP/PADV/PAST/BV-01-C HCI!GET_CONNECTION_HANDLE{
                           addr=0xD5B6CC31DB3B,
                           addr_type=0x01,
                           conn_handle=0x0020
                         }
2025-11-28 20:22:20,389 LT1-callback ClientCallback.log INFO client.py                 82    logger_log                : PTS_LOGTYPE_PRELIMINARY_VERDICT Preliminary Verdict 

+2359 ms
 GAP/PADV/PAST/BV-01-C PASS

2025-11-28 20:22:20,392 LT1-callback ClientCallback.log INFO client.py                 82    logger_log                : PTS_LOGTYPE_MESSAGE Verdict Description 

+2359 ms
 GAP/PADV/PAST/BV-01-C Connection setup successfully.

2025-11-28 20:22:20,394 LT1-callback ClientCallback.log INFO client.py                 82    logger_log                : PTS_LOGTYPE_PRELIMINARY_VERDICT Preliminary Verdict 

+2359 ms
 GAP/PADV/PAST/BV-01-C PASS

2025-11-28 20:22:20,397 LT1-callback ClientCallback.log INFO client.py                 82    logger_log                : PTS_LOGTYPE_RECEIVE_EVENT Receive Event 

+2359 ms
 GAP/PADV/PAST/BV-01-C HCI?HCI_LE_CHANNEL_SELECTION_ALGORITHM_EVENT{
                           conn_handle=0x0020,
                           used_ch_algorithm=0x01
                         }.Thiseventwon'ttransfertoTestCaseHandler!
2025-11-28 20:22:20,400 LT1-callback ClientCallback.log INFO client.py                 82    logger_log                : PTS_LOGTYPE_PRELIMINARY_VERDICT Preliminary Verdict 

+3031 ms
 GAP/PADV/PAST/BV-01-C PASS

2025-11-28 20:22:20,402 LT1-callback ClientCallback.log INFO client.py                 82    logger_log                : PTS_LOGTYPE_MESSAGE Verdict Description 

+5047 ms
 GAP/PADV/PAST/BV-01-C LE Security not initiated due to TSPX_security_enabled value.

2025-11-28 20:22:20,405 LT1-callback ClientCallback.log INFO client.py                 82    logger_log                : PTS_LOGTYPE_SEND_EVENT Send Event 

+5047 ms
 GAP/PADV/PAST/BV-01-C HCI!HCI_LE_READ_REMOTED_USED_FEATURES{
                           connHandle=0x0020
                         }
2025-11-28 20:22:20,408 LT1-callback ClientCallback.log INFO client.py                 82    logger_log                : PTS_LOGTYPE_RECEIVE_EVENT Receive Event 

+5250 ms
 GAP/PADV/PAST/BV-01-C HCI?HCI_LE_READ_REMOTE_USED_FEATURES_COMPLETE_EVENT{
                           status=HCI_OKhandle=0x0020,
                           leFeatures=0x00000121F700492D
                         }
2025-11-28 20:22:20,413 LT1-callback ClientCallback.log INFO client.py                 82    logger_log                : PTS_LOGTYPE_SEND_EVENT Send Event 

+5250 ms
 GAP/PADV/PAST/BV-01-C HCI!HCI_LE_SET_PERIODIC_ADVERTISING_SYNC_TRANSFER_PARAMETERS{
                           conn_handle=0x0020,
                           mode=0x01,
                           skip=0x0000,
                           sync_timeout=0x0BB8,
                           cte_type=0x00
                         }
2025-11-28 20:22:20,419 LT1-callback ClientCallback.log INFO client.py                 82    logger_log                : PTS_LOGTYPE_RECEIVE_EVENT Receive Event 

+5250 ms
 GAP/PADV/PAST/BV-01-C HCI?HCI_LE_SET_PERIODIC_ADVERTISING_SYNC_TRANSFER_PARAMETERS_COMPLETE_EVENT{
                           status=HCI_OK,
                           conn_handle=0x0020
                         }
2025-11-28 20:22:20,424 LT1-callback ClientCallback.log INFO client.py                 82    logger_log                : PTS_LOGTYPE_PRELIMINARY_VERDICT Preliminary Verdict 

+5250 ms
 GAP/PADV/PAST/BV-01-C PASS

2025-11-28 20:22:20,429 LT1-callback ClientCallback.log INFO client.py                 82    logger_log                : PTS_LOGTYPE_MESSAGE User Action Required 

+5250 ms
 GAP/PADV/PAST/BV-01-C MMI_305 (MMI_Style_Ok1=0x00011040): Please enter Periodic Advertising Synchronizability mode, and then perform Periodic Advertising Synchronization Transfer Procedure

2025-11-28 20:22:20,432 LT1-callback ClientCallback.log INFO client.py                 82    logger_log                : PTS_LOGTYPE_RECEIVE_EVENT Receive Event 

+6625 ms
 GAP/PADV/PAST/BV-01-C HCI?HCI_LE_META_EVT_PERIODIC_ADVERTISING_SYNC_TRANSFER_RECEIVED_V2{
                           status=0x00,
                           conn_handle=0x0020,
                           service_data=0x0000,
                           sync_handle=0x0020,
                           adv_sid=0x00,
                           adv_addr_type=0x01,
                           adv_addr=D5B6CC31DB3B,
                           adv_phy=0x02,
                           periodic_adv_interval=0x00C8,
                           adv_clock_accuracy=0x05,
                           numSubevent=0x00,
                           subeventInterval=0x00,
                           responseSlotDelay=0x00,
                           responseSlotSpacing=0x00
                         }
2025-11-28 20:22:20,436 LT1-callback ClientCallback.log INFO client.py                 82    logger_log                : PTS_LOGTYPE_PRELIMINARY_VERDICT Pass 

+6641 ms
 GAP/PADV/PAST/BV-01-C Successfully received Periodic Advertising Synchronization Information

2025-11-28 20:22:20,439 LT1-callback ClientCallback.log INFO client.py                 82    logger_log                : PTS_LOGTYPE_MESSAGE Verdict Description 

+6641 ms
 GAP/PADV/PAST/BV-01-C Successfully received Periodic Advertising Synchronization Information

2025-11-28 20:22:20,442 LT1-callback ClientCallback.log INFO client.py                 82    logger_log                : PTS_LOGTYPE_SEND_EVENT Send Event 

+6641 ms
 GAP/PADV/PAST/BV-01-C HCI!HCI_DISCONNECT{
                           connectionHandle=0x0020,
                           reason=HCI_REMOTE_USER_TERMINATED_CONNECTION
                         }
2025-11-28 20:22:20,445 LT1-callback ClientCallback.log INFO client.py                 82    logger_log                : PTS_LOGTYPE_RECEIVE_EVENT Receive Event 

+6641 ms
 GAP/PADV/PAST/BV-01-C HCI?HCI_DISCONNECT_STATUS_EVENT{
                           status=HCI_OK
                         }
2025-11-28 20:22:20,448 LT1-callback ClientCallback.log INFO client.py                 82    logger_log                : PTS_LOGTYPE_RECEIVE_EVENT Receive Event 

+6813 ms
 GAP/PADV/PAST/BV-01-C ATT?ATT_DISCONNECT_IND{
                           lcid=0x1205
                         }
2025-11-28 20:22:20,451 LT1-callback ClientCallback.log INFO client.py                 82    logger_log                : PTS_LOGTYPE_RECEIVE_EVENT Receive Event 

+6813 ms
 GAP/PADV/PAST/BV-01-C HCI?HCI_DISCONNECTION_COMPLETE_EVENT{
                           status=HCI_OK,
                           connectionHandle=0x0020,
                           reason=HCI_CONNECTION_TERMINATED_BY_LOCAL_HOST
                         }
2025-11-28 20:22:20,453 LT1-callback ClientCallback.log INFO client.py                 82    logger_log                : PTS_LOGTYPE_MESSAGE Verdict Description 

+6813 ms
 GAP/PADV/PAST/BV-01-C Received HCI disconnection event. Handle = 0x0020

2025-11-28 20:22:20,456 LT1-callback ClientCallback.log INFO client.py                 82    logger_log                : PTS_LOGTYPE_PRELIMINARY_VERDICT Pass 

+6922 ms
 GAP/PADV/PAST/BV-01-C Connection is disconnected successfully.

2025-11-28 20:22:20,465 LT1-callback ClientCallback.log INFO client.py                 82    logger_log                : PTS_LOGTYPE_MESSAGE Verdict Description 

+6922 ms
 GAP/PADV/PAST/BV-01-C Connection is disconnected successfully.

2025-11-28 20:22:20,469 LT1-callback ClientCallback.log INFO client.py                 82    logger_log                : PTS_LOGTYPE_SEND_EVENT Send Event 

+7125 ms
 GAP/PADV/PAST/BV-01-C HCI!HCI_RESET
2025-11-28 20:22:20,473 LT1-callback ClientCallback.log INFO client.py                 82    logger_log                : PTS_LOGTYPE_RECEIVE_EVENT Receive Event 

+7125 ms
 GAP/PADV/PAST/BV-01-C HCI?HCI_RESET_COMPLETE_EVENT{
                           status=HCI_OK
                         }
2025-11-28 20:22:20,477 LT1-callback ClientCallback.log INFO client.py                 82    logger_log                : PTS_LOGTYPE_RECEIVE_EVENT Receive Event 

+8156 ms
 GAP/PADV/PAST/BV-01-C HCI?HCI_RESET_COMPLETE_EVENT{
                           status=HCI_OK
                         }
2025-11-28 20:22:20,480 LT1-callback ClientCallback.log INFO client.py                 82    logger_log                : PTS_LOGTYPE_FINAL_VERDICT Final Verdict 

+9703 ms
 GAP/PADV/PAST/BV-01-C PASS

2025-11-28 20:22:20,483 LT1-callback ClientCallback.log INFO client.py                 82    logger_log                : PTS_LOGTYPE_FINAL_VERDICT Encrypted Verdict 

+9703 ms
 GAP/PADV/PAST/BV-01-C A1#ZWY4MzQ5MDg3MmQwNTIxOGQzMzQ5YjY2ODA5M2MzNjQ5ZDY4NmY0Yjc2MzIzM2VkNTUyNTFhNGU4Mjg1MjI0NA==#Hc0oh2d5Jm9hwwKp/Ch07LKO5WG51Lgic6OCn0dY0PeMBeo0MlkWeSzmdluiOxz7

2025-11-28 20:22:20,486 LT1-callback ClientCallback.log INFO client.py                 82    logger_log                : PTS_LOGTYPE_END_TEST Test Case Ended 

+9703 ms
 GAP/PADV/PAST/BV-01-C GAP/PADV/PAST/BV-01-C

2025-11-28 20:22:21,690 LT1-callback root DEBUG client.py                 82    logger_log                : ClientCallback, set_result, run_test_case, PASS
2025-11-28 20:22:21,690 LT1-thread root DEBUG client.py                 82    logger_log                : After run_test_case error_code=0 status='PASS'
2025-11-28 20:22:21,690 LT1-thread root DEBUG client.py                 82    logger_log                : post_run GAP GAP/PADV/PAST/BV-01-C 0
2025-11-28 20:22:21,690 LT1-thread root DEBUG client.py                 82    logger_log                : Starting test function: class=<class 'autopts.ptsprojects.testcase.TestFuncCleanUp'>, func=<bound method Stack.cleanup of <autopts.ptsprojects.stack.stack.Stack object at 0x72a096870ad0>> start_wid=None stop_wid=None post_wid=None skip_call=None call_count=1 args=() kwds={}
2025-11-28 20:22:21,690 LT1-thread root DEBUG client.py                 82    logger_log                : Test function parameters: args=(), kwds={}
2025-11-28 20:22:21,690 LT1-thread root DEBUG client.py                 82    logger_log                : Starting test function: class=<class 'autopts.ptsprojects.testcase.TestFuncCleanUp'>, func=<bound method ZephyrCtl.stop of <autopts.ptsprojects.zephyr.iutctl.ZephyrCtl object at 0x72a099ceafc0>> start_wid=None stop_wid=None post_wid=None skip_call=None call_count=1 args=() kwds={}
2025-11-28 20:22:21,691 LT1-thread root DEBUG client.py                 82    logger_log                : Test function parameters: args=(), kwds={}
2025-11-28 20:22:21,691 LT1-thread root DEBUG client.py                 82    logger_log                : <class 'autopts.ptsprojects.zephyr.iutctl.ZephyrCtl'>.stop
2025-11-28 20:22:21,691 LT1-thread root DEBUG client.py                 82    logger_log                : gap_set_powered_off
2025-11-28 20:22:21,691 LT1-thread root DEBUG client.py                 82    logger_log                : send, 1 5 0 '0'
2025-11-28 20:22:21,691 LT1-thread root DEBUG client.py                 82    logger_log                : sending frame '010500010000'
2025-11-28 20:22:21,691 LT1-thread root DEBUG client.py                 82    logger_log                : gap_command_rsp_succ
2025-11-28 20:22:21,691 LT1-thread root DEBUG client.py                 82    logger_log                : read
2025-11-28 20:22:21,724 BTPWorkerThread-2984 (_rx_task) root DEBUG client.py                 82    logger_log                : Read 5 bytes
2025-11-28 20:22:21,725 BTPWorkerThread-2984 (_rx_task) root DEBUG client.py                 82    logger_log                : Received: hdr: Header(svc_id=0x01, op=0x05, ctrl_index=0x00, data_len=0x04) bytearray(b'\x01\x05\x00\x04\x00')
2025-11-28 20:22:21,725 BTPWorkerThread-2984 (_rx_task) root DEBUG client.py                 82    logger_log                : Read 4 bytes data
2025-11-28 20:22:21,725 BTPWorkerThread-2984 (_rx_task) root DEBUG client.py                 82    logger_log                : Received data: {'08 04 02 00'}, bytearray(b'\x08\x04\x02\x00')
2025-11-28 20:22:21,725 LT1-thread root DEBUG client.py                 82    logger_log                : received Header(svc_id=1, op=5, ctrl_index=0, data_len=4) (b'\x08\x04\x02\x00',)
2025-11-28 20:22:21,725 LT1-thread root DEBUG client.py                 82    logger_log                : __gap_current_settings_update (b'\x08\x04\x02\x00',)
2025-11-28 20:22:21,725 LT1-thread root DEBUG client.py                 82    logger_log                : Waiting for _rx_worker to finish ...
2025-11-28 20:22:22,725 LT1-thread root DEBUG client.py                 82    logger_log                : Waiting for _rx_worker to finish ...
2025-11-28 20:22:22,726 BTPWorkerThread-2984 (_rx_task) root DEBUG client.py                 82    logger_log                : BTPWorkerThread-2984 (_rx_task) finishing...
2025-11-28 20:22:22,728 LT1-thread root DEBUG client.py                 82    logger_log                : <class 'autopts.rtt.BTMON'>.stop
2025-11-28 20:22:22,728 LT1-thread root DEBUG client.py                 82    logger_log                : <class 'autopts.rtt.RTT'>.stop
2025-11-28 20:22:25,729 LT1-thread root DEBUG client.py                 82    logger_log                : post_run, cleanup running post test case script
2025-11-28 20:22:25,729 LT1-thread root DEBUG client.py                 82    logger_log                : post_run, run post test case script
2025-11-28 20:22:25,776 LT1-thread root DEBUG client.py                 82    logger_log                : Done TestCase _run_test_case GAP GAP/PADV/PAST/BV-01-C
