2025-12-20 23:48:50,037 LT1-thread root DEBUG client.py                 82    logger_log                : Starting TestCase _run_test_case HAP HAP/HAUC/SGGIT/SER/BV-01-C
2025-12-20 23:48:50,037 LT1-thread root DEBUG client.py                 82    logger_log                : pre_run HAP HAP/HAUC/SGGIT/SER/BV-01-C
2025-12-20 23:48:50,037 LT1-thread root DEBUG client.py                 82    logger_log                : About to run test case HAP HAP/HAUC/SGGIT/SER/BV-01-C with commands:
2025-12-20 23:48:50,037 LT1-thread root DEBUG client.py                 82    logger_log                : 0) class=<class 'autopts.ptsprojects.testcase.TestFunc'>, func=<bound method ZephyrCtl.remove_flash_bin of <autopts.ptsprojects.zephyr.iutctl.ZephyrCtl object at 0x7bd5cda922d0>> start_wid=None stop_wid=None post_wid=None skip_call=None call_count=0 args=() kwds={}
2025-12-20 23:48:50,037 LT1-thread root DEBUG client.py                 82    logger_log                : 1) class=<class 'autopts.ptsprojects.testcase.TestFunc'>, func=<bound method Stack.core_init of <autopts.ptsprojects.stack.stack.Stack object at 0x7bd5cda0abd0>> start_wid=None stop_wid=None post_wid=None skip_call=None call_count=0 args=() kwds={}
2025-12-20 23:48:50,037 LT1-thread root DEBUG client.py                 82    logger_log                : 2) class=<class 'autopts.ptsprojects.testcase.TestFunc'>, func=<bound method IutCtl.start of <autopts.ptsprojects.zephyr.iutctl.ZephyrCtl object at 0x7bd5cda922d0>> start_wid=None stop_wid=None post_wid=None skip_call=None call_count=0 args=(<autopts.ptsprojects.zephyr.ztestcase.ZTestCase object at 0x7bd5c7f92300>,) kwds={}
2025-12-20 23:48:50,037 LT1-thread root DEBUG client.py                 82    logger_log                : 3) class=<class 'autopts.ptsprojects.testcase.TestFunc'>, func=<bound method IutCtl.wait_iut_ready_event of <autopts.ptsprojects.zephyr.iutctl.ZephyrCtl object at 0x7bd5cda922d0>> start_wid=None stop_wid=None post_wid=None skip_call=None call_count=0 args=(False,) kwds={}
2025-12-20 23:48:50,037 LT1-thread root DEBUG client.py                 82    logger_log                : 4) class=<class 'autopts.ptsprojects.testcase.TestFunc'>, func=<function core_reg_svc_gap at 0x7bd5cfdbfe20> start_wid=None stop_wid=None post_wid=None skip_call=None call_count=0 args=() kwds={}
2025-12-20 23:48:50,037 LT1-thread root DEBUG client.py                 82    logger_log                : 5) class=<class 'autopts.ptsprojects.testcase.TestFunc'>, func=<bound method Stack.gap_init of <autopts.ptsprojects.stack.stack.Stack object at 0x7bd5cda0abd0>> start_wid=None stop_wid=None post_wid=None skip_call=None call_count=0 args=(b'Tester_F6B11A',) kwds={}
2025-12-20 23:48:50,037 LT1-thread root DEBUG client.py                 82    logger_log                : 6) class=<class 'autopts.ptsprojects.testcase.TestFunc'>, func=<function gap_read_ctrl_info at 0x7bd5cfdf2700> start_wid=None stop_wid=None post_wid=None skip_call=None call_count=0 args=() kwds={}
2025-12-20 23:48:50,037 LT1-thread root DEBUG client.py                 82    logger_log                : 7) class=<class 'autopts.ptsprojects.testcase.TestFunc'>, func=<function set_pts_addr at 0x7bd5cfdbf9c0> start_wid=None stop_wid=None post_wid=None skip_call=None call_count=0 args=('DF:A9:FF:F6:B1:1A', 0) kwds={}
2025-12-20 23:48:50,037 LT1-thread root DEBUG client.py                 82    logger_log                : 8) class=<class 'autopts.ptsprojects.testcase.TestFunc'>, func=<function core_reg_svc_pacs at 0x7bd5cfdd0860> start_wid=None stop_wid=None post_wid=None skip_call=None call_count=0 args=() kwds={}
2025-12-20 23:48:50,037 LT1-thread root DEBUG client.py                 82    logger_log                : 9) class=<class 'autopts.ptsprojects.testcase.TestFunc'>, func=<bound method Stack.pacs_init of <autopts.ptsprojects.stack.stack.Stack object at 0x7bd5cda0abd0>> start_wid=None stop_wid=None post_wid=None skip_call=None call_count=0 args=() kwds={}
2025-12-20 23:48:50,037 LT1-thread root DEBUG client.py                 82    logger_log                : 10) class=<class 'autopts.ptsprojects.testcase.TestFunc'>, func=<function core_reg_svc_ascs at 0x7bd5cfdd0900> start_wid=None stop_wid=None post_wid=None skip_call=None call_count=0 args=() kwds={}
2025-12-20 23:48:50,037 LT1-thread root DEBUG client.py                 82    logger_log                : 11) class=<class 'autopts.ptsprojects.testcase.TestFunc'>, func=<bound method Stack.ascs_init of <autopts.ptsprojects.stack.stack.Stack object at 0x7bd5cda0abd0>> start_wid=None stop_wid=None post_wid=None skip_call=None call_count=0 args=() kwds={}
2025-12-20 23:48:50,037 LT1-thread root DEBUG client.py                 82    logger_log                : 12) class=<class 'autopts.ptsprojects.testcase.TestFunc'>, func=<function core_reg_svc_bap at 0x7bd5cfdd0a40> start_wid=None stop_wid=None post_wid=None skip_call=None call_count=0 args=() kwds={}
2025-12-20 23:48:50,037 LT1-thread root DEBUG client.py                 82    logger_log                : 13) class=<class 'autopts.ptsprojects.testcase.TestFunc'>, func=<bound method Stack.bap_init of <autopts.ptsprojects.stack.stack.Stack object at 0x7bd5cda0abd0>> start_wid=None stop_wid=None post_wid=None skip_call=None call_count=0 args=() kwds={}
2025-12-20 23:48:50,037 LT1-thread root DEBUG client.py                 82    logger_log                : 14) class=<class 'autopts.ptsprojects.testcase.TestFunc'>, func=<function core_reg_svc_hap at 0x7bd5cfdd0fe0> start_wid=None stop_wid=None post_wid=None skip_call=None call_count=0 args=() kwds={}
2025-12-20 23:48:50,037 LT1-thread root DEBUG client.py                 82    logger_log                : 15) class=<class 'autopts.ptsprojects.testcase.TestFunc'>, func=<bound method Stack.hap_init of <autopts.ptsprojects.stack.stack.Stack object at 0x7bd5cda0abd0>> start_wid=None stop_wid=None post_wid=None skip_call=None call_count=0 args=() kwds={}
2025-12-20 23:48:50,037 LT1-thread root DEBUG client.py                 82    logger_log                : 16) class=<class 'autopts.ptsprojects.testcase.TestFunc'>, func=<function test_cases.<locals>.<lambda> at 0x7bd5c7f8c2c0> start_wid=None stop_wid=None post_wid=None skip_call=None call_count=0 args=() kwds={}
2025-12-20 23:48:50,037 LT1-thread root DEBUG client.py                 82    logger_log                : 17) class=<class 'autopts.ptsprojects.testcase.TestFunc'>, func=<function hap_hauc_init at 0x7bd5cf522a20> start_wid=None stop_wid=None post_wid=None skip_call=None call_count=0 args=() kwds={}
2025-12-20 23:48:50,037 LT1-thread root DEBUG client.py                 82    logger_log                : 18) class=<class 'autopts.ptsprojects.testcase.TestFunc'>, func=<bound method Stack.csip_init of <autopts.ptsprojects.stack.stack.Stack object at 0x7bd5cda0abd0>> start_wid=None stop_wid=None post_wid=None skip_call=None call_count=0 args=() kwds={}
2025-12-20 23:48:50,037 LT1-thread root DEBUG client.py                 82    logger_log                : 19) class=<class 'autopts.ptsprojects.testcase.TestFunc'>, func=<function core_reg_svc_csip at 0x7bd5cfdd1120> start_wid=None stop_wid=None post_wid=None skip_call=None call_count=0 args=() kwds={}
2025-12-20 23:48:50,038 LT1-thread root DEBUG client.py                 82    logger_log                : 20) class=<class 'autopts.ptsprojects.testcase.TestFunc'>, func=<function core_reg_svc_cap at 0x7bd5cfdd1080> start_wid=None stop_wid=None post_wid=None skip_call=None call_count=0 args=() kwds={}
2025-12-20 23:48:50,038 LT1-thread root DEBUG client.py                 82    logger_log                : 21) class=<class 'autopts.ptsprojects.testcase.TestFunc'>, func=<bound method Stack.cap_init of <autopts.ptsprojects.stack.stack.Stack object at 0x7bd5cda0abd0>> start_wid=None stop_wid=None post_wid=None skip_call=None call_count=0 args=() kwds={}
2025-12-20 23:48:50,038 LT1-thread root DEBUG client.py                 82    logger_log                : 22) class=<class 'autopts.ptsprojects.testcase.TestFuncCleanUp'>, func=<bound method Stack.cleanup of <autopts.ptsprojects.stack.stack.Stack object at 0x7bd5cda0abd0>> start_wid=None stop_wid=None post_wid=None skip_call=None call_count=0 args=() kwds={}
2025-12-20 23:48:50,038 LT1-thread root DEBUG client.py                 82    logger_log                : 23) class=<class 'autopts.ptsprojects.testcase.TestFuncCleanUp'>, func=<bound method ZephyrCtl.stop of <autopts.ptsprojects.zephyr.iutctl.ZephyrCtl object at 0x7bd5cda922d0>> start_wid=None stop_wid=None post_wid=None skip_call=None call_count=0 args=() kwds={}
2025-12-20 23:48:50,038 LT1-thread root DEBUG client.py                 82    logger_log                : pre_run, run pre test case script
2025-12-20 23:48:50,038 LT1-thread root DEBUG client.py                 82    logger_log                : Starting test function: class=<class 'autopts.ptsprojects.testcase.TestFunc'>, func=<bound method ZephyrCtl.remove_flash_bin of <autopts.ptsprojects.zephyr.iutctl.ZephyrCtl object at 0x7bd5cda922d0>> start_wid=None stop_wid=None post_wid=None skip_call=None call_count=1 args=() kwds={}
2025-12-20 23:48:50,038 LT1-thread root DEBUG client.py                 82    logger_log                : Test function parameters: args=(), kwds={}
2025-12-20 23:48:50,038 LT1-thread root DEBUG client.py                 82    logger_log                : Starting test function: class=<class 'autopts.ptsprojects.testcase.TestFunc'>, func=<bound method Stack.core_init of <autopts.ptsprojects.stack.stack.Stack object at 0x7bd5cda0abd0>> start_wid=None stop_wid=None post_wid=None skip_call=None call_count=1 args=() kwds={}
2025-12-20 23:48:50,038 LT1-thread root DEBUG client.py                 82    logger_log                : Test function parameters: args=(), kwds={}
2025-12-20 23:48:50,038 LT1-thread root DEBUG client.py                 82    logger_log                : Starting test function: class=<class 'autopts.ptsprojects.testcase.TestFunc'>, func=<bound method IutCtl.start of <autopts.ptsprojects.zephyr.iutctl.ZephyrCtl object at 0x7bd5cda922d0>> start_wid=None stop_wid=None post_wid=None skip_call=None call_count=1 args=(<autopts.ptsprojects.zephyr.ztestcase.ZTestCase object at 0x7bd5c7f92300>,) kwds={}
2025-12-20 23:48:50,038 LT1-thread root DEBUG client.py                 82    logger_log                : Test function parameters: args=(<autopts.ptsprojects.zephyr.ztestcase.ZTestCase object at 0x7bd5c7f92300>,), kwds={}
2025-12-20 23:48:50,038 LT1-thread root DEBUG client.py                 82    logger_log                : <class 'autopts.ptsprojects.zephyr.iutctl.ZephyrCtl'>.start
2025-12-20 23:48:50,039 LT1-thread root DEBUG client.py                 82    logger_log                : <class 'autopts.rtt.BTMON'>.start
2025-12-20 23:48:50,043 LT1-thread root DEBUG client.py                 82    logger_log                : Starting native process: /home/codecoup/workspace/zephyrproject/zephyr/tests/bluetooth/tester/build/zephyr/zephyr.exe --bt-dev=hci1 --attach_uart_cmd="socat %s,rawer,b1000000, UNIX-CONNECT:/tmp/bt-stack-tester1057789983 &"
2025-12-20 23:48:50,043 LT1-thread root DEBUG client.py                 82    logger_log                : Starting native process: /home/codecoup/workspace/zephyrproject/zephyr/tests/bluetooth/tester/build/zephyr/zephyr.exe --bt-dev=hci1 --attach_uart_cmd="socat %s,rawer,b1000000, UNIX-CONNECT:/tmp/bt-stack-tester1057789983 &"
2025-12-20 23:48:50,044 LT1-thread root DEBUG client.py                 82    logger_log                : accept
2025-12-20 23:48:50,051 BTPWorkerThread-33849 (_rx_task) root DEBUG client.py                 82    logger_log                : BTPWorkerThread-33849 (_rx_task) started
2025-12-20 23:48:50,051 LT1-thread root DEBUG client.py                 82    logger_log                : Starting test function: class=<class 'autopts.ptsprojects.testcase.TestFunc'>, func=<bound method IutCtl.wait_iut_ready_event of <autopts.ptsprojects.zephyr.iutctl.ZephyrCtl object at 0x7bd5cda922d0>> start_wid=None stop_wid=None post_wid=None skip_call=None call_count=1 args=(False,) kwds={}
2025-12-20 23:48:50,051 LT1-thread root DEBUG client.py                 82    logger_log                : Test function parameters: args=(False,), kwds={}
2025-12-20 23:48:50,052 BTPWorkerThread-33849 (_rx_task) root DEBUG client.py                 82    logger_log                : Read 5 bytes
2025-12-20 23:48:50,052 BTPWorkerThread-33849 (_rx_task) root DEBUG client.py                 82    logger_log                : Received: hdr: Header(svc_id=0x00, op=0x80, ctrl_index=0xff, data_len=0x00) bytearray(b'\x00\x80\xff\x00\x00')
2025-12-20 23:48:50,052 BTPWorkerThread-33849 (_rx_task) root DEBUG client.py                 82    logger_log                : Received data: {''}, bytearray(b'')
2025-12-20 23:48:50,052 BTPWorkerThread-33849 (_rx_task) root DEBUG client.py                 82    logger_log                : event_handler Header(svc_id=0, op=128, ctrl_index=255, data_len=0) (b'',)
2025-12-20 23:48:50,052 BTPWorkerThread-33849 (_rx_task) root DEBUG client.py                 82    logger_log                : core_iut_ready_ev
2025-12-20 23:48:50,552 LT1-thread root DEBUG client.py                 82    logger_log                : IUT ready event received OK
2025-12-20 23:48:50,552 LT1-thread root DEBUG client.py                 82    logger_log                : Starting test function: class=<class 'autopts.ptsprojects.testcase.TestFunc'>, func=<function core_reg_svc_gap at 0x7bd5cfdbfe20> start_wid=None stop_wid=None post_wid=None skip_call=None call_count=1 args=() kwds={}
2025-12-20 23:48:50,552 LT1-thread root DEBUG client.py                 82    logger_log                : Test function parameters: args=(), kwds={}
2025-12-20 23:48:50,552 LT1-thread root DEBUG client.py                 82    logger_log                : core_reg_svc_univ: gap_reg (GAP)
2025-12-20 23:48:50,553 LT1-thread root DEBUG client.py                 82    logger_log                : send, 0 3 255 '1'
2025-12-20 23:48:50,553 LT1-thread root DEBUG client.py                 82    logger_log                : sending frame '0003ff010001'
2025-12-20 23:48:50,554 LT1-thread root DEBUG client.py                 82    logger_log                : core_reg_svc_rsp_succ
2025-12-20 23:48:50,554 LT1-thread root DEBUG client.py                 82    logger_log                : read
2025-12-20 23:48:50,923 BTPWorkerThread-33849 (_rx_task) root DEBUG client.py                 82    logger_log                : Read 5 bytes
2025-12-20 23:48:50,923 BTPWorkerThread-33849 (_rx_task) root DEBUG client.py                 82    logger_log                : Received: hdr: Header(svc_id=0x00, op=0x03, ctrl_index=0xff, data_len=0x00) bytearray(b'\x00\x03\xff\x00\x00')
2025-12-20 23:48:50,923 BTPWorkerThread-33849 (_rx_task) root DEBUG client.py                 82    logger_log                : Received data: {''}, bytearray(b'')
2025-12-20 23:48:50,923 LT1-thread root DEBUG client.py                 82    logger_log                : received Header(svc_id=0, op=3, ctrl_index=255, data_len=0) (b'',)
2025-12-20 23:48:50,924 LT1-thread root DEBUG client.py                 82    logger_log                : expected ((0, 3, 255, 0), (b'',))
2025-12-20 23:48:50,924 LT1-thread root DEBUG client.py                 82    logger_log                : response is valid
2025-12-20 23:48:50,924 LT1-thread root DEBUG client.py                 82    logger_log                : Reading supported commands for service: GAP
2025-12-20 23:48:50,924 LT1-thread root DEBUG client.py                 82    logger_log                : send, 1 1 255 ''
2025-12-20 23:48:50,924 LT1-thread root DEBUG client.py                 82    logger_log                : sending frame '0101ff0000'
2025-12-20 23:48:50,924 LT1-thread root DEBUG client.py                 82    logger_log                : read
2025-12-20 23:48:50,934 BTPWorkerThread-33849 (_rx_task) root DEBUG client.py                 82    logger_log                : Read 5 bytes
2025-12-20 23:48:50,949 BTPWorkerThread-33849 (_rx_task) root DEBUG client.py                 82    logger_log                : Received: hdr: Header(svc_id=0x01, op=0x01, ctrl_index=0xff, data_len=0x06) bytearray(b'\x01\x01\xff\x06\x00')
2025-12-20 23:48:50,965 BTPWorkerThread-33849 (_rx_task) root DEBUG client.py                 82    logger_log                : Read 6 bytes data
2025-12-20 23:48:50,975 BTPWorkerThread-33849 (_rx_task) root DEBUG client.py                 82    logger_log                : Received data: {'6e ff 7f 1f fe f7'}, bytearray(b'n\xff\x7f\x1f\xfe\xf7')
2025-12-20 23:48:50,985 LT1-thread root DEBUG client.py                 82    logger_log                : Starting test function: class=<class 'autopts.ptsprojects.testcase.TestFunc'>, func=<bound method Stack.gap_init of <autopts.ptsprojects.stack.stack.Stack object at 0x7bd5cda0abd0>> start_wid=None stop_wid=None post_wid=None skip_call=None call_count=1 args=(b'Tester_F6B11A',) kwds={}
2025-12-20 23:48:50,985 LT1-thread root DEBUG client.py                 82    logger_log                : Test function parameters: args=(b'Tester_F6B11A',), kwds={}
2025-12-20 23:48:50,986 LT1-thread root DEBUG client.py                 82    logger_log                : Starting test function: class=<class 'autopts.ptsprojects.testcase.TestFunc'>, func=<function gap_read_ctrl_info at 0x7bd5cfdf2700> start_wid=None stop_wid=None post_wid=None skip_call=None call_count=1 args=() kwds={}
2025-12-20 23:48:50,986 LT1-thread root DEBUG client.py                 82    logger_log                : Test function parameters: args=(), kwds={}
2025-12-20 23:48:50,986 LT1-thread root DEBUG client.py                 82    logger_log                : gap_read_ctrl_info
2025-12-20 23:48:50,986 LT1-thread root DEBUG client.py                 82    logger_log                : send, 1 3 0 ''
2025-12-20 23:48:50,986 LT1-thread root DEBUG client.py                 82    logger_log                : sending frame '0103000000'
2025-12-20 23:48:50,986 LT1-thread root DEBUG client.py                 82    logger_log                : read
2025-12-20 23:48:50,993 BTPWorkerThread-33849 (_rx_task) root DEBUG client.py                 82    logger_log                : Read 5 bytes
2025-12-20 23:48:51,003 BTPWorkerThread-33849 (_rx_task) root DEBUG client.py                 82    logger_log                : Received: hdr: Header(svc_id=0x01, op=0x03, ctrl_index=0x00, data_len=0x115) bytearray(b'\x01\x03\x00\x15\x01')
2025-12-20 23:48:51,019 BTPWorkerThread-33849 (_rx_task) root DEBUG client.py                 82    logger_log                : Read 277 bytes data
2025-12-20 23:48:51,029 BTPWorkerThread-33849 (_rx_task) root DEBUG client.py                 82    logger_log                : Received data: {'3b db 31 cc b6 d5 13 06 02 00 13 82 00 00 00 00 00 62 74 70 5f 74 65 73 74 65 72 00 00 00 00 00 00 00 00 00 00 00 00 00 00 00 00 00 00 00 00 00 00 00 00 00 00 00 00 00 00 00 00 00 00 00 00 00 00 00 00 00 00 00 00 00 00 00 00 00 00 00 00 00 00 00 00 00 00 00 00 00 00 00 00 00 00 00 00 00 00 00 00 00 00 00 00 00 00 00 00 00 00 00 00 00 00 00 00 00 00 00 00 00 00 00 00 00 00 00 00 00 00 00 00 00 00 00 00 00 00 00 00 00 00 00 00 00 00 00 00 00 00 00 00 00 00 00 00 00 00 00 00 00 00 00 00 00 00 00 00 00 00 00 00 00 00 00 00 00 00 00 00 00 00 00 00 00 00 00 00 00 00 00 00 00 00 00 00 00 00 00 00 00 00 00 00 00 00 00 00 00 00 00 00 00 00 00 00 00 00 00 00 00 00 00 00 00 00 00 00 00 00 00 00 00 00 00 00 00 00 00 00 00 00 00 00 00 00 00 00 00 00 00 00 00 00 00 00 00 00 00 00 00 00 00 00 00 00 00 00 00 00 00 00 00 00 00 00 00 00'}, bytearray(b';\xdb1\xcc\xb6\xd5\x13\x06\x02\x00\x13\x82\x00\x00\x00\x00\x00btp_tester\x00\x00\x00\x00\x00\x00\x00\x00\x00\x00\x00\x00\x00\x00\x00\x00\x00\x00\x00\x00\x00\x00\x00\x00\x00\x00\x00\x00\x00\x00\x00\x00\x00\x00\x00\x00\x00\x00\x00\x00\x00\x00\x00\x00\x00\x00\x00\x00\x00\x00\x00\x00\x00\x00\x00\x00\x00\x00\x00\x00\x00\x00\x00\x00\x00\x00\x00\x00\x00\x00\x00\x00\x00\x00\x00\x00\x00\x00\x00\x00\x00\x00\x00\x00\x00\x00\x00\x00\x00\x00\x00\x00\x00\x00\x00\x00\x00\x00\x00\x00\x00\x00\x00\x00\x00\x00\x00\x00\x00\x00\x00\x00\x00\x00\x00\x00\x00\x00\x00\x00\x00\x00\x00\x00\x00\x00\x00\x00\x00\x00\x00\x00\x00\x00\x00\x00\x00\x00\x00\x00\x00\x00\x00\x00\x00\x00\x00\x00\x00\x00\x00\x00\x00\x00\x00\x00\x00\x00\x00\x00\x00\x00\x00\x00\x00\x00\x00\x00\x00\x00\x00\x00\x00\x00\x00\x00\x00\x00\x00\x00\x00\x00\x00\x00\x00\x00\x00\x00\x00\x00\x00\x00\x00\x00\x00\x00\x00\x00\x00\x00\x00\x00\x00\x00\x00\x00\x00\x00\x00\x00\x00\x00\x00\x00\x00\x00\x00\x00\x00\x00\x00\x00\x00\x00\x00\x00\x00\x00\x00\x00\x00\x00\x00\x00\x00\x00\x00\x00\x00\x00\x00\x00\x00\x00\x00\x00\x00\x00\x00\x00')
2025-12-20 23:48:51,039 LT1-thread root DEBUG client.py                 82    logger_log                : received Header(svc_id=1, op=3, ctrl_index=0, data_len=277) (b';\xdb1\xcc\xb6\xd5\x13\x06\x02\x00\x13\x82\x00\x00\x00\x00\x00btp_tester\x00\x00\x00\x00\x00\x00\x00\x00\x00\x00\x00\x00\x00\x00\x00\x00\x00\x00\x00\x00\x00\x00\x00\x00\x00\x00\x00\x00\x00\x00\x00\x00\x00\x00\x00\x00\x00\x00\x00\x00\x00\x00\x00\x00\x00\x00\x00\x00\x00\x00\x00\x00\x00\x00\x00\x00\x00\x00\x00\x00\x00\x00\x00\x00\x00\x00\x00\x00\x00\x00\x00\x00\x00\x00\x00\x00\x00\x00\x00\x00\x00\x00\x00\x00\x00\x00\x00\x00\x00\x00\x00\x00\x00\x00\x00\x00\x00\x00\x00\x00\x00\x00\x00\x00\x00\x00\x00\x00\x00\x00\x00\x00\x00\x00\x00\x00\x00\x00\x00\x00\x00\x00\x00\x00\x00\x00\x00\x00\x00\x00\x00\x00\x00\x00\x00\x00\x00\x00\x00\x00\x00\x00\x00\x00\x00\x00\x00\x00\x00\x00\x00\x00\x00\x00\x00\x00\x00\x00\x00\x00\x00\x00\x00\x00\x00\x00\x00\x00\x00\x00\x00\x00\x00\x00\x00\x00\x00\x00\x00\x00\x00\x00\x00\x00\x00\x00\x00\x00\x00\x00\x00\x00\x00\x00\x00\x00\x00\x00\x00\x00\x00\x00\x00\x00\x00\x00\x00\x00\x00\x00\x00\x00\x00\x00\x00\x00\x00\x00\x00\x00\x00\x00\x00\x00\x00\x00\x00\x00\x00\x00\x00\x00\x00\x00\x00\x00\x00\x00\x00\x00\x00\x00\x00\x00\x00\x00\x00\x00\x00\x00',)
2025-12-20 23:48:51,039 LT1-thread root DEBUG client.py                 82    logger_log                : IUT address 'd5b6cc31db3b' 'random'
2025-12-20 23:48:51,040 LT1-thread root DEBUG client.py                 82    logger_log                : __gap_current_settings_update 33299
2025-12-20 23:48:51,040 LT1-thread root DEBUG client.py                 82    logger_log                : Starting test function: class=<class 'autopts.ptsprojects.testcase.TestFunc'>, func=<function set_pts_addr at 0x7bd5cfdbf9c0> start_wid=None stop_wid=None post_wid=None skip_call=None call_count=1 args=('DF:A9:FF:F6:B1:1A', 0) kwds={}
2025-12-20 23:48:51,040 LT1-thread root DEBUG client.py                 82    logger_log                : Test function parameters: args=('DF:A9:FF:F6:B1:1A', 0), kwds={}
2025-12-20 23:48:51,040 LT1-thread root DEBUG client.py                 82    logger_log                : Starting test function: class=<class 'autopts.ptsprojects.testcase.TestFunc'>, func=<function core_reg_svc_pacs at 0x7bd5cfdd0860> start_wid=None stop_wid=None post_wid=None skip_call=None call_count=1 args=() kwds={}
2025-12-20 23:48:51,040 LT1-thread root DEBUG client.py                 82    logger_log                : Test function parameters: args=(), kwds={}
2025-12-20 23:48:51,040 LT1-thread root DEBUG client.py                 82    logger_log                : core_reg_svc_univ: pacs_reg (PACS)
2025-12-20 23:48:51,040 LT1-thread root DEBUG client.py                 82    logger_log                : send, 0 3 255 '12'
2025-12-20 23:48:51,040 LT1-thread root DEBUG client.py                 82    logger_log                : sending frame '0003ff01000c'
2025-12-20 23:48:51,040 LT1-thread root DEBUG client.py                 82    logger_log                : core_reg_svc_rsp_succ
2025-12-20 23:48:51,040 LT1-thread root DEBUG client.py                 82    logger_log                : read
2025-12-20 23:48:51,058 BTPWorkerThread-33849 (_rx_task) root DEBUG client.py                 82    logger_log                : Read 5 bytes
2025-12-20 23:48:51,068 BTPWorkerThread-33849 (_rx_task) root DEBUG client.py                 82    logger_log                : Received: hdr: Header(svc_id=0x00, op=0x03, ctrl_index=0xff, data_len=0x00) bytearray(b'\x00\x03\xff\x00\x00')
2025-12-20 23:48:51,079 BTPWorkerThread-33849 (_rx_task) root DEBUG client.py                 82    logger_log                : Received data: {''}, bytearray(b'')
2025-12-20 23:48:51,089 LT1-thread root DEBUG client.py                 82    logger_log                : received Header(svc_id=0, op=3, ctrl_index=255, data_len=0) (b'',)
2025-12-20 23:48:51,089 LT1-thread root DEBUG client.py                 82    logger_log                : expected ((0, 3, 255, 0), (b'',))
2025-12-20 23:48:51,089 LT1-thread root DEBUG client.py                 82    logger_log                : response is valid
2025-12-20 23:48:51,089 LT1-thread root DEBUG client.py                 82    logger_log                : Reading supported commands for service: PACS
2025-12-20 23:48:51,089 LT1-thread root DEBUG client.py                 82    logger_log                : send, 12 1 255 ''
2025-12-20 23:48:51,089 LT1-thread root DEBUG client.py                 82    logger_log                : sending frame '0c01ff0000'
2025-12-20 23:48:51,089 LT1-thread root DEBUG client.py                 82    logger_log                : read
2025-12-20 23:48:51,103 BTPWorkerThread-33849 (_rx_task) root DEBUG client.py                 82    logger_log                : Read 5 bytes
2025-12-20 23:48:51,113 BTPWorkerThread-33849 (_rx_task) root DEBUG client.py                 82    logger_log                : Received: hdr: Header(svc_id=0x0c, op=0x01, ctrl_index=0xff, data_len=0x01) bytearray(b'\x0c\x01\xff\x01\x00')
2025-12-20 23:48:51,129 BTPWorkerThread-33849 (_rx_task) root DEBUG client.py                 82    logger_log                : Read 1 bytes data
2025-12-20 23:48:51,139 BTPWorkerThread-33849 (_rx_task) root DEBUG client.py                 82    logger_log                : Received data: {'3e'}, bytearray(b'>')
2025-12-20 23:48:51,144 LT1-thread root DEBUG client.py                 82    logger_log                : Starting test function: class=<class 'autopts.ptsprojects.testcase.TestFunc'>, func=<bound method Stack.pacs_init of <autopts.ptsprojects.stack.stack.Stack object at 0x7bd5cda0abd0>> start_wid=None stop_wid=None post_wid=None skip_call=None call_count=1 args=() kwds={}
2025-12-20 23:48:51,144 LT1-thread root DEBUG client.py                 82    logger_log                : Test function parameters: args=(), kwds={}
2025-12-20 23:48:51,144 LT1-thread root DEBUG client.py                 82    logger_log                : Starting test function: class=<class 'autopts.ptsprojects.testcase.TestFunc'>, func=<function core_reg_svc_ascs at 0x7bd5cfdd0900> start_wid=None stop_wid=None post_wid=None skip_call=None call_count=1 args=() kwds={}
2025-12-20 23:48:51,144 LT1-thread root DEBUG client.py                 82    logger_log                : Test function parameters: args=(), kwds={}
2025-12-20 23:48:51,144 LT1-thread root DEBUG client.py                 82    logger_log                : core_reg_svc_univ: ascs_reg (ASCS)
2025-12-20 23:48:51,145 LT1-thread root DEBUG client.py                 82    logger_log                : send, 0 3 255 '13'
2025-12-20 23:48:51,145 LT1-thread root DEBUG client.py                 82    logger_log                : sending frame '0003ff01000d'
2025-12-20 23:48:51,145 LT1-thread root DEBUG client.py                 82    logger_log                : core_reg_svc_rsp_succ
2025-12-20 23:48:51,145 LT1-thread root DEBUG client.py                 82    logger_log                : read
2025-12-20 23:48:51,158 BTPWorkerThread-33849 (_rx_task) root DEBUG client.py                 82    logger_log                : Read 5 bytes
2025-12-20 23:48:51,168 BTPWorkerThread-33849 (_rx_task) root DEBUG client.py                 82    logger_log                : Received: hdr: Header(svc_id=0x00, op=0x03, ctrl_index=0xff, data_len=0x00) bytearray(b'\x00\x03\xff\x00\x00')
2025-12-20 23:48:51,179 BTPWorkerThread-33849 (_rx_task) root DEBUG client.py                 82    logger_log                : Received data: {''}, bytearray(b'')
2025-12-20 23:48:51,189 LT1-thread root DEBUG client.py                 82    logger_log                : received Header(svc_id=0, op=3, ctrl_index=255, data_len=0) (b'',)
2025-12-20 23:48:51,189 LT1-thread root DEBUG client.py                 82    logger_log                : expected ((0, 3, 255, 0), (b'',))
2025-12-20 23:48:51,189 LT1-thread root DEBUG client.py                 82    logger_log                : response is valid
2025-12-20 23:48:51,189 LT1-thread root DEBUG client.py                 82    logger_log                : Reading supported commands for service: ASCS
2025-12-20 23:48:51,189 LT1-thread root DEBUG client.py                 82    logger_log                : send, 13 1 255 ''
2025-12-20 23:48:51,189 LT1-thread root DEBUG client.py                 82    logger_log                : sending frame '0d01ff0000'
2025-12-20 23:48:51,189 LT1-thread root DEBUG client.py                 82    logger_log                : read
2025-12-20 23:48:51,208 BTPWorkerThread-33849 (_rx_task) root DEBUG client.py                 82    logger_log                : Read 5 bytes
2025-12-20 23:48:51,218 BTPWorkerThread-33849 (_rx_task) root DEBUG client.py                 82    logger_log                : Received: hdr: Header(svc_id=0x0d, op=0x01, ctrl_index=0xff, data_len=0x02) bytearray(b'\r\x01\xff\x02\x00')
2025-12-20 23:48:51,234 BTPWorkerThread-33849 (_rx_task) root DEBUG client.py                 82    logger_log                : Read 2 bytes data
2025-12-20 23:48:51,244 BTPWorkerThread-33849 (_rx_task) root DEBUG client.py                 82    logger_log                : Received data: {'fe 0f'}, bytearray(b'\xfe\x0f')
2025-12-20 23:48:51,255 LT1-thread root DEBUG client.py                 82    logger_log                : Starting test function: class=<class 'autopts.ptsprojects.testcase.TestFunc'>, func=<bound method Stack.ascs_init of <autopts.ptsprojects.stack.stack.Stack object at 0x7bd5cda0abd0>> start_wid=None stop_wid=None post_wid=None skip_call=None call_count=1 args=() kwds={}
2025-12-20 23:48:51,255 LT1-thread root DEBUG client.py                 82    logger_log                : Test function parameters: args=(), kwds={}
2025-12-20 23:48:51,255 LT1-thread root DEBUG client.py                 82    logger_log                : Starting test function: class=<class 'autopts.ptsprojects.testcase.TestFunc'>, func=<function core_reg_svc_bap at 0x7bd5cfdd0a40> start_wid=None stop_wid=None post_wid=None skip_call=None call_count=1 args=() kwds={}
2025-12-20 23:48:51,255 LT1-thread root DEBUG client.py                 82    logger_log                : Test function parameters: args=(), kwds={}
2025-12-20 23:48:51,255 LT1-thread root DEBUG client.py                 82    logger_log                : core_reg_svc_univ: bap_reg (BAP)
2025-12-20 23:48:51,255 LT1-thread root DEBUG client.py                 82    logger_log                : send, 0 3 255 '14'
2025-12-20 23:48:51,255 LT1-thread root DEBUG client.py                 82    logger_log                : sending frame '0003ff01000e'
2025-12-20 23:48:51,255 LT1-thread root DEBUG client.py                 82    logger_log                : core_reg_svc_rsp_succ
2025-12-20 23:48:51,255 LT1-thread root DEBUG client.py                 82    logger_log                : read
2025-12-20 23:48:51,268 BTPWorkerThread-33849 (_rx_task) root DEBUG client.py                 82    logger_log                : Read 5 bytes
2025-12-20 23:48:51,278 BTPWorkerThread-33849 (_rx_task) root DEBUG client.py                 82    logger_log                : Received: hdr: Header(svc_id=0x00, op=0x03, ctrl_index=0xff, data_len=0x00) bytearray(b'\x00\x03\xff\x00\x00')
2025-12-20 23:48:51,294 BTPWorkerThread-33849 (_rx_task) root DEBUG client.py                 82    logger_log                : Received data: {''}, bytearray(b'')
2025-12-20 23:48:51,304 LT1-thread root DEBUG client.py                 82    logger_log                : received Header(svc_id=0, op=3, ctrl_index=255, data_len=0) (b'',)
2025-12-20 23:48:51,304 LT1-thread root DEBUG client.py                 82    logger_log                : expected ((0, 3, 255, 0), (b'',))
2025-12-20 23:48:51,304 LT1-thread root DEBUG client.py                 82    logger_log                : response is valid
2025-12-20 23:48:51,304 LT1-thread root DEBUG client.py                 82    logger_log                : Reading supported commands for service: BAP
2025-12-20 23:48:51,304 LT1-thread root DEBUG client.py                 82    logger_log                : send, 14 1 255 ''
2025-12-20 23:48:51,304 LT1-thread root DEBUG client.py                 82    logger_log                : sending frame '0e01ff0000'
2025-12-20 23:48:51,305 LT1-thread root DEBUG client.py                 82    logger_log                : read
2025-12-20 23:48:51,313 BTPWorkerThread-33849 (_rx_task) root DEBUG client.py                 82    logger_log                : Read 5 bytes
2025-12-20 23:48:51,323 BTPWorkerThread-33849 (_rx_task) root DEBUG client.py                 82    logger_log                : Received: hdr: Header(svc_id=0x0e, op=0x01, ctrl_index=0xff, data_len=0x04) bytearray(b'\x0e\x01\xff\x04\x00')
2025-12-20 23:48:51,339 BTPWorkerThread-33849 (_rx_task) root DEBUG client.py                 82    logger_log                : Read 4 bytes data
2025-12-20 23:48:51,349 BTPWorkerThread-33849 (_rx_task) root DEBUG client.py                 82    logger_log                : Received data: {'fe ff ff 07'}, bytearray(b'\xfe\xff\xff\x07')
2025-12-20 23:48:51,359 LT1-thread root DEBUG client.py                 82    logger_log                : Starting test function: class=<class 'autopts.ptsprojects.testcase.TestFunc'>, func=<bound method Stack.bap_init of <autopts.ptsprojects.stack.stack.Stack object at 0x7bd5cda0abd0>> start_wid=None stop_wid=None post_wid=None skip_call=None call_count=1 args=() kwds={}
2025-12-20 23:48:51,359 LT1-thread root DEBUG client.py                 82    logger_log                : Test function parameters: args=(), kwds={}
2025-12-20 23:48:51,359 LT1-thread root DEBUG client.py                 82    logger_log                : Starting test function: class=<class 'autopts.ptsprojects.testcase.TestFunc'>, func=<function core_reg_svc_hap at 0x7bd5cfdd0fe0> start_wid=None stop_wid=None post_wid=None skip_call=None call_count=1 args=() kwds={}
2025-12-20 23:48:51,359 LT1-thread root DEBUG client.py                 82    logger_log                : Test function parameters: args=(), kwds={}
2025-12-20 23:48:51,359 LT1-thread root DEBUG client.py                 82    logger_log                : core_reg_svc_univ: hap_reg (HAP)
2025-12-20 23:48:51,360 LT1-thread root DEBUG client.py                 82    logger_log                : send, 0 3 255 '24'
2025-12-20 23:48:51,360 LT1-thread root DEBUG client.py                 82    logger_log                : sending frame '0003ff010018'
2025-12-20 23:48:51,360 LT1-thread root DEBUG client.py                 82    logger_log                : core_reg_svc_rsp_succ
2025-12-20 23:48:51,360 LT1-thread root DEBUG client.py                 82    logger_log                : read
2025-12-20 23:48:51,378 BTPWorkerThread-33849 (_rx_task) root DEBUG client.py                 82    logger_log                : Read 5 bytes
2025-12-20 23:48:51,388 BTPWorkerThread-33849 (_rx_task) root DEBUG client.py                 82    logger_log                : Received: hdr: Header(svc_id=0x00, op=0x03, ctrl_index=0xff, data_len=0x00) bytearray(b'\x00\x03\xff\x00\x00')
2025-12-20 23:48:51,399 BTPWorkerThread-33849 (_rx_task) root DEBUG client.py                 82    logger_log                : Received data: {''}, bytearray(b'')
2025-12-20 23:48:51,409 LT1-thread root DEBUG client.py                 82    logger_log                : received Header(svc_id=0, op=3, ctrl_index=255, data_len=0) (b'',)
2025-12-20 23:48:51,409 LT1-thread root DEBUG client.py                 82    logger_log                : expected ((0, 3, 255, 0), (b'',))
2025-12-20 23:48:51,409 LT1-thread root DEBUG client.py                 82    logger_log                : response is valid
2025-12-20 23:48:51,409 LT1-thread root DEBUG client.py                 82    logger_log                : Reading supported commands for service: HAP
2025-12-20 23:48:51,409 LT1-thread root DEBUG client.py                 82    logger_log                : send, 24 1 255 ''
2025-12-20 23:48:51,409 LT1-thread root DEBUG client.py                 82    logger_log                : sending frame '1801ff0000'
2025-12-20 23:48:51,409 LT1-thread root DEBUG client.py                 82    logger_log                : read
2025-12-20 23:48:51,423 BTPWorkerThread-33849 (_rx_task) root DEBUG client.py                 82    logger_log                : Read 5 bytes
2025-12-20 23:48:51,433 BTPWorkerThread-33849 (_rx_task) root DEBUG client.py                 82    logger_log                : Received: hdr: Header(svc_id=0x18, op=0x01, ctrl_index=0xff, data_len=0x02) bytearray(b'\x18\x01\xff\x02\x00')
2025-12-20 23:48:51,449 BTPWorkerThread-33849 (_rx_task) root DEBUG client.py                 82    logger_log                : Read 2 bytes data
2025-12-20 23:48:51,459 BTPWorkerThread-33849 (_rx_task) root DEBUG client.py                 82    logger_log                : Received data: {'f6 01'}, bytearray(b'\xf6\x01')
2025-12-20 23:48:51,469 LT1-thread root DEBUG client.py                 82    logger_log                : Starting test function: class=<class 'autopts.ptsprojects.testcase.TestFunc'>, func=<bound method Stack.hap_init of <autopts.ptsprojects.stack.stack.Stack object at 0x7bd5cda0abd0>> start_wid=None stop_wid=None post_wid=None skip_call=None call_count=1 args=() kwds={}
2025-12-20 23:48:51,469 LT1-thread root DEBUG client.py                 82    logger_log                : Test function parameters: args=(), kwds={}
2025-12-20 23:48:51,470 LT1-thread root DEBUG client.py                 82    logger_log                : Starting test function: class=<class 'autopts.ptsprojects.testcase.TestFunc'>, func=<function test_cases.<locals>.<lambda> at 0x7bd5c7f8c2c0> start_wid=None stop_wid=None post_wid=None skip_call=None call_count=1 args=() kwds={}
2025-12-20 23:48:51,470 LT1-thread root DEBUG client.py                 82    logger_log                : Test function parameters: args=(), kwds={}
2025-12-20 23:48:51,473 LT1-thread root DEBUG client.py                 82    logger_log                : Starting test function: class=<class 'autopts.ptsprojects.testcase.TestFunc'>, func=<function hap_hauc_init at 0x7bd5cf522a20> start_wid=None stop_wid=None post_wid=None skip_call=None call_count=1 args=() kwds={}
2025-12-20 23:48:51,473 LT1-thread root DEBUG client.py                 82    logger_log                : Test function parameters: args=(), kwds={}
2025-12-20 23:48:51,473 LT1-thread root DEBUG client.py                 82    logger_log                : hap_hauc_init
2025-12-20 23:48:51,473 LT1-thread root DEBUG client.py                 82    logger_log                : send, 24 4 0 ''
2025-12-20 23:48:51,473 LT1-thread root DEBUG client.py                 82    logger_log                : sending frame '1804000000'
2025-12-20 23:48:51,474 LT1-thread root DEBUG client.py                 82    logger_log                : hap_command_rsp_succ
2025-12-20 23:48:51,474 LT1-thread root DEBUG client.py                 82    logger_log                : read
2025-12-20 23:48:51,483 BTPWorkerThread-33849 (_rx_task) root DEBUG client.py                 82    logger_log                : Read 5 bytes
2025-12-20 23:48:51,493 BTPWorkerThread-33849 (_rx_task) root DEBUG client.py                 82    logger_log                : Received: hdr: Header(svc_id=0x18, op=0x04, ctrl_index=0x00, data_len=0x00) bytearray(b'\x18\x04\x00\x00\x00')
2025-12-20 23:48:51,504 BTPWorkerThread-33849 (_rx_task) root DEBUG client.py                 82    logger_log                : Received data: {''}, bytearray(b'')
2025-12-20 23:48:51,509 LT1-thread root DEBUG client.py                 82    logger_log                : received Header(svc_id=24, op=4, ctrl_index=0, data_len=0) (b'',)
2025-12-20 23:48:51,509 LT1-thread root DEBUG client.py                 82    logger_log                : Starting test function: class=<class 'autopts.ptsprojects.testcase.TestFunc'>, func=<bound method Stack.csip_init of <autopts.ptsprojects.stack.stack.Stack object at 0x7bd5cda0abd0>> start_wid=None stop_wid=None post_wid=None skip_call=None call_count=1 args=() kwds={}
2025-12-20 23:48:51,509 LT1-thread root DEBUG client.py                 82    logger_log                : Test function parameters: args=(), kwds={}
2025-12-20 23:48:51,509 LT1-thread root DEBUG client.py                 82    logger_log                : Starting test function: class=<class 'autopts.ptsprojects.testcase.TestFunc'>, func=<function core_reg_svc_csip at 0x7bd5cfdd1120> start_wid=None stop_wid=None post_wid=None skip_call=None call_count=1 args=() kwds={}
2025-12-20 23:48:51,509 LT1-thread root DEBUG client.py                 82    logger_log                : Test function parameters: args=(), kwds={}
2025-12-20 23:48:51,509 LT1-thread root DEBUG client.py                 82    logger_log                : core_reg_svc_univ: csip_reg (CSIP)
2025-12-20 23:48:51,509 LT1-thread root DEBUG client.py                 82    logger_log                : send, 0 3 255 '25'
2025-12-20 23:48:51,510 LT1-thread root DEBUG client.py                 82    logger_log                : sending frame '0003ff010019'
2025-12-20 23:48:51,510 LT1-thread root DEBUG client.py                 82    logger_log                : core_reg_svc_rsp_succ
2025-12-20 23:48:51,510 LT1-thread root DEBUG client.py                 82    logger_log                : read
2025-12-20 23:48:51,523 BTPWorkerThread-33849 (_rx_task) root DEBUG client.py                 82    logger_log                : Read 5 bytes
2025-12-20 23:48:51,533 BTPWorkerThread-33849 (_rx_task) root DEBUG client.py                 82    logger_log                : Received: hdr: Header(svc_id=0x00, op=0x03, ctrl_index=0xff, data_len=0x00) bytearray(b'\x00\x03\xff\x00\x00')
2025-12-20 23:48:51,544 BTPWorkerThread-33849 (_rx_task) root DEBUG client.py                 82    logger_log                : Received data: {''}, bytearray(b'')
2025-12-20 23:48:51,554 LT1-thread root DEBUG client.py                 82    logger_log                : received Header(svc_id=0, op=3, ctrl_index=255, data_len=0) (b'',)
2025-12-20 23:48:51,554 LT1-thread root DEBUG client.py                 82    logger_log                : expected ((0, 3, 255, 0), (b'',))
2025-12-20 23:48:51,554 LT1-thread root DEBUG client.py                 82    logger_log                : response is valid
2025-12-20 23:48:51,554 LT1-thread root DEBUG client.py                 82    logger_log                : Reading supported commands for service: CSIP
2025-12-20 23:48:51,554 LT1-thread root DEBUG client.py                 82    logger_log                : send, 25 1 255 ''
2025-12-20 23:48:51,554 LT1-thread root DEBUG client.py                 82    logger_log                : sending frame '1901ff0000'
2025-12-20 23:48:51,555 LT1-thread root DEBUG client.py                 82    logger_log                : read
2025-12-20 23:48:51,563 BTPWorkerThread-33849 (_rx_task) root DEBUG client.py                 82    logger_log                : Read 5 bytes
2025-12-20 23:48:51,573 BTPWorkerThread-33849 (_rx_task) root DEBUG client.py                 82    logger_log                : Received: hdr: Header(svc_id=0x19, op=0x01, ctrl_index=0xff, data_len=0x01) bytearray(b'\x19\x01\xff\x01\x00')
2025-12-20 23:48:51,589 BTPWorkerThread-33849 (_rx_task) root DEBUG client.py                 82    logger_log                : Read 1 bytes data
2025-12-20 23:48:51,599 BTPWorkerThread-33849 (_rx_task) root DEBUG client.py                 82    logger_log                : Received data: {'3e'}, bytearray(b'>')
2025-12-20 23:48:51,609 LT1-thread root DEBUG client.py                 82    logger_log                : Starting test function: class=<class 'autopts.ptsprojects.testcase.TestFunc'>, func=<function core_reg_svc_cap at 0x7bd5cfdd1080> start_wid=None stop_wid=None post_wid=None skip_call=None call_count=1 args=() kwds={}
2025-12-20 23:48:51,610 LT1-thread root DEBUG client.py                 82    logger_log                : Test function parameters: args=(), kwds={}
2025-12-20 23:48:51,610 LT1-thread root DEBUG client.py                 82    logger_log                : core_reg_svc_univ: cap_reg (CAP)
2025-12-20 23:48:51,610 LT1-thread root DEBUG client.py                 82    logger_log                : send, 0 3 255 '26'
2025-12-20 23:48:51,610 LT1-thread root DEBUG client.py                 82    logger_log                : sending frame '0003ff01001a'
2025-12-20 23:48:51,610 LT1-thread root DEBUG client.py                 82    logger_log                : core_reg_svc_rsp_succ
2025-12-20 23:48:51,610 LT1-thread root DEBUG client.py                 82    logger_log                : read
2025-12-20 23:48:51,628 BTPWorkerThread-33849 (_rx_task) root DEBUG client.py                 82    logger_log                : Read 5 bytes
2025-12-20 23:48:51,633 BTPWorkerThread-33849 (_rx_task) root DEBUG client.py                 82    logger_log                : Received: hdr: Header(svc_id=0x00, op=0x03, ctrl_index=0xff, data_len=0x00) bytearray(b'\x00\x03\xff\x00\x00')
2025-12-20 23:48:51,639 BTPWorkerThread-33849 (_rx_task) root DEBUG client.py                 82    logger_log                : Received data: {''}, bytearray(b'')
2025-12-20 23:48:51,639 LT1-thread root DEBUG client.py                 82    logger_log                : received Header(svc_id=0, op=3, ctrl_index=255, data_len=0) (b'',)
2025-12-20 23:48:51,639 LT1-thread root DEBUG client.py                 82    logger_log                : expected ((0, 3, 255, 0), (b'',))
2025-12-20 23:48:51,639 LT1-thread root DEBUG client.py                 82    logger_log                : response is valid
2025-12-20 23:48:51,639 LT1-thread root DEBUG client.py                 82    logger_log                : Reading supported commands for service: CAP
2025-12-20 23:48:51,639 LT1-thread root DEBUG client.py                 82    logger_log                : send, 26 1 255 ''
2025-12-20 23:48:51,639 LT1-thread root DEBUG client.py                 82    logger_log                : sending frame '1a01ff0000'
2025-12-20 23:48:51,639 LT1-thread root DEBUG client.py                 82    logger_log                : read
2025-12-20 23:48:51,653 BTPWorkerThread-33849 (_rx_task) root DEBUG client.py                 82    logger_log                : Read 5 bytes
2025-12-20 23:48:51,653 BTPWorkerThread-33849 (_rx_task) root DEBUG client.py                 82    logger_log                : Received: hdr: Header(svc_id=0x1a, op=0x01, ctrl_index=0xff, data_len=0x02) bytearray(b'\x1a\x01\xff\x02\x00')
2025-12-20 23:48:51,653 BTPWorkerThread-33849 (_rx_task) root DEBUG client.py                 82    logger_log                : Read 2 bytes data
2025-12-20 23:48:51,654 BTPWorkerThread-33849 (_rx_task) root DEBUG client.py                 82    logger_log                : Received data: {'fe ff'}, bytearray(b'\xfe\xff')
2025-12-20 23:48:51,654 LT1-thread root DEBUG client.py                 82    logger_log                : Starting test function: class=<class 'autopts.ptsprojects.testcase.TestFunc'>, func=<bound method Stack.cap_init of <autopts.ptsprojects.stack.stack.Stack object at 0x7bd5cda0abd0>> start_wid=None stop_wid=None post_wid=None skip_call=None call_count=1 args=() kwds={}
2025-12-20 23:48:51,654 LT1-thread root DEBUG client.py                 82    logger_log                : Test function parameters: args=(), kwds={}
2025-12-20 23:48:51,655 LT1-thread root DEBUG client.py                 82    logger_log                : ClientCallback.get_result run_test_case
2025-12-20 23:48:53,132 LT1-callback ClientCallback.on_implicit_send INFO client.py                 82    logger_log                : 
    ********************
    BEGIN OnImplicitSend:
    project_name: HAP
    wid: 20100
    test_case_name: HAP/HAUC/SGGIT/SER/BV-01-C
    description: Please initiate a GATT connection to the PTS.

Description: Verify that the Implementation Under Test (IUT) can initiate a GATT connect request to the PTS.
    style: MMI_Style_Ok_Cancel2 0x11141
2025-12-20 23:48:53,132 LT1-callback ClientCallback.on_implicit_send INFO client.py                 82    logger_log                : Calling test cases on_implicit_send
2025-12-20 23:48:53,132 LT1-callback ClientCallback.on_implicit_send INFO client.py                 82    logger_log                : 
    on_implicit_send returned response: WAIT
    END OnImplicitSend
    ********************
2025-12-20 23:48:53,656 LT1-thread root DEBUG client.py                 82    logger_log                : HAP HAP/HAUC/SGGIT/SER/BV-01-C on_implicit_send
2025-12-20 23:48:53,656 LT1-thread root DEBUG client.py                 82    logger_log                : hap_wid_hdl, 20100, Please initiate a GATT connection to the PTS.

Description: Verify that the Implementation Under Test (IUT) can initiate a GATT connect request to the PTS., HAP/HAUC/SGGIT/SER/BV-01-C
2025-12-20 23:48:53,656 LT1-thread root DEBUG client.py                 82    logger_log                : gap_conn 'dfa9fff6b11a' 0
2025-12-20 23:48:53,657 LT1-thread root DEBUG client.py                 82    logger_log                : send, 1 14 0 "bytearray(b'\\x00\\x1a\\xb1\\xf6\\xff\\xa9\\xdf\\x00')"
2025-12-20 23:48:53,657 LT1-thread root DEBUG client.py                 82    logger_log                : sending frame '010e000800001ab1f6ffa9df00'
2025-12-20 23:48:53,657 LT1-thread root DEBUG client.py                 82    logger_log                : read
2025-12-20 23:48:53,683 BTPWorkerThread-33849 (_rx_task) root DEBUG client.py                 82    logger_log                : Read 5 bytes
2025-12-20 23:48:53,684 BTPWorkerThread-33849 (_rx_task) root DEBUG client.py                 82    logger_log                : Received: hdr: Header(svc_id=0x01, op=0x0e, ctrl_index=0x00, data_len=0x00) bytearray(b'\x01\x0e\x00\x00\x00')
2025-12-20 23:48:53,684 BTPWorkerThread-33849 (_rx_task) root DEBUG client.py                 82    logger_log                : Received data: {''}, bytearray(b'')
2025-12-20 23:48:53,689 BTPWorkerThread-33849 (_rx_task) root DEBUG client.py                 82    logger_log                : Read 5 bytes
2025-12-20 23:48:53,700 BTPWorkerThread-33849 (_rx_task) root DEBUG client.py                 82    logger_log                : Received: hdr: Header(svc_id=0x01, op=0x82, ctrl_index=0x00, data_len=0x0d) bytearray(b'\x01\x82\x00\r\x00')
2025-12-20 23:48:53,715 BTPWorkerThread-33849 (_rx_task) root DEBUG client.py                 82    logger_log                : Read 13 bytes data
2025-12-20 23:48:53,725 BTPWorkerThread-33849 (_rx_task) root DEBUG client.py                 82    logger_log                : Received data: {'00 1a b1 f6 ff a9 df 38 00 00 00 90 01'}, bytearray(b'\x00\x1a\xb1\xf6\xff\xa9\xdf8\x00\x00\x00\x90\x01')
2025-12-20 23:48:53,736 BTPWorkerThread-33849 (_rx_task) root DEBUG client.py                 82    logger_log                : event_handler Header(svc_id=1, op=130, ctrl_index=0, data_len=13) (b'\x00\x1a\xb1\xf6\xff\xa9\xdf8\x00\x00\x00\x90\x01',)
2025-12-20 23:48:53,746 BTPWorkerThread-33849 (_rx_task) root DEBUG client.py                 82    logger_log                : gap_connected_ev_ b'\x00\x1a\xb1\xf6\xff\xa9\xdf8\x00\x00\x00\x90\x01'
2025-12-20 23:48:55,923 BTPWorkerThread-33849 (_rx_task) root DEBUG client.py                 82    logger_log                : Read 5 bytes
2025-12-20 23:48:55,933 BTPWorkerThread-33849 (_rx_task) root DEBUG client.py                 82    logger_log                : Received: hdr: Header(svc_id=0x01, op=0x91, ctrl_index=0x00, data_len=0x09) bytearray(b'\x01\x91\x00\t\x00')
2025-12-20 23:48:55,949 BTPWorkerThread-33849 (_rx_task) root DEBUG client.py                 82    logger_log                : Read 9 bytes data
2025-12-20 23:48:55,959 BTPWorkerThread-33849 (_rx_task) root DEBUG client.py                 82    logger_log                : Received data: {'00 1a b1 f6 ff a9 df 01 10'}, bytearray(b'\x00\x1a\xb1\xf6\xff\xa9\xdf\x01\x10')
2025-12-20 23:48:55,969 BTPWorkerThread-33849 (_rx_task) root DEBUG client.py                 82    logger_log                : event_handler Header(svc_id=1, op=145, ctrl_index=0, data_len=9) (b'\x00\x1a\xb1\xf6\xff\xa9\xdf\x01\x10',)
2025-12-20 23:48:55,980 BTPWorkerThread-33849 (_rx_task) root DEBUG client.py                 82    logger_log                : gap_encryption_change_ev_
2025-12-20 23:48:55,990 BTPWorkerThread-33849 (_rx_task) root DEBUG client.py                 82    logger_log                : enc change received b'\x00\x1a\xb1\xf6\xff\xa9\xdf\x01\x10'
2025-12-20 23:48:56,000 BTPWorkerThread-33849 (_rx_task) root DEBUG client.py                 82    logger_log                : received (0, 'dfa9fff6b11a', 1, 16)
2025-12-20 23:48:56,021 BTPWorkerThread-33849 (_rx_task) root DEBUG client.py                 82    logger_log                : Read 5 bytes
2025-12-20 23:48:56,031 BTPWorkerThread-33849 (_rx_task) root DEBUG client.py                 82    logger_log                : Received: hdr: Header(svc_id=0x01, op=0x89, ctrl_index=0x00, data_len=0x08) bytearray(b'\x01\x89\x00\x08\x00')
2025-12-20 23:48:56,046 BTPWorkerThread-33849 (_rx_task) root DEBUG client.py                 82    logger_log                : Read 8 bytes data
2025-12-20 23:48:56,062 BTPWorkerThread-33849 (_rx_task) root DEBUG client.py                 82    logger_log                : Received data: {'00 1a b1 f6 ff a9 df 02'}, bytearray(b'\x00\x1a\xb1\xf6\xff\xa9\xdf\x02')
2025-12-20 23:48:56,072 BTPWorkerThread-33849 (_rx_task) root DEBUG client.py                 82    logger_log                : event_handler Header(svc_id=1, op=137, ctrl_index=0, data_len=8) (b'\x00\x1a\xb1\xf6\xff\xa9\xdf\x02',)
2025-12-20 23:48:56,082 BTPWorkerThread-33849 (_rx_task) root DEBUG client.py                 82    logger_log                : gap_sec_level_changed_ev_
2025-12-20 23:48:56,093 BTPWorkerThread-33849 (_rx_task) root DEBUG client.py                 82    logger_log                : received b'\x00\x1a\xb1\xf6\xff\xa9\xdf\x02'
2025-12-20 23:48:56,103 BTPWorkerThread-33849 (_rx_task) root DEBUG client.py                 82    logger_log                : received (0, 'dfa9fff6b11a', 2)
2025-12-20 23:48:56,103 LT1-thread root DEBUG client.py                 82    logger_log                : Sending response 'OK' to wid 20100 test case HAP/HAUC/SGGIT/SER/BV-01-C
2025-12-20 23:48:56,105 LT1-thread root DEBUG client.py                 82    logger_log                : ClientCallback.get_result run_test_case
2025-12-20 23:48:56,106 LT1-callback ClientCallback.log INFO client.py                 82    logger_log                : PTS_LOGTYPE_IMPLICIT_SEND PTS ControlServer  HAP/HAUC/SGGIT/SER/BV-01-C Server: SUCCESS with response=OK
2025-12-20 23:48:56,124 LT1-callback ClientCallback.on_implicit_send INFO client.py                 82    logger_log                : 
    ********************
    BEGIN OnImplicitSend:
    project_name: HAP
    wid: 20116
    test_case_name: HAP/HAUC/SGGIT/SER/BV-01-C
    description: Please send command to the PTS to discover all mandatory characteristics of the Hearing Access supported by the IUT. Discover primary service if needed.


    style: MMI_Style_Ok_Cancel2 0x11141
2025-12-20 23:48:56,124 LT1-callback ClientCallback.on_implicit_send INFO client.py                 82    logger_log                : Calling test cases on_implicit_send
2025-12-20 23:48:56,124 LT1-callback ClientCallback.on_implicit_send INFO client.py                 82    logger_log                : 
    on_implicit_send returned response: WAIT
    END OnImplicitSend
    ********************
2025-12-20 23:48:57,105 LT1-thread root DEBUG client.py                 82    logger_log                : HAP HAP/HAUC/SGGIT/SER/BV-01-C on_implicit_send
2025-12-20 23:48:57,105 LT1-thread root DEBUG client.py                 82    logger_log                : hap_wid_hdl, 20116, Please send command to the PTS to discover all mandatory characteristics of the Hearing Access supported by the IUT. Discover primary service if needed.

, HAP/HAUC/SGGIT/SER/BV-01-C
2025-12-20 23:48:57,105 LT1-thread root DEBUG client.py                 82    logger_log                : hap_hauc_discover
2025-12-20 23:48:57,105 LT1-thread root DEBUG client.py                 82    logger_log                : send, 24 8 0 "bytearray(b'\\x00\\x1a\\xb1\\xf6\\xff\\xa9\\xdf')"
2025-12-20 23:48:57,105 LT1-thread root DEBUG client.py                 82    logger_log                : sending frame '1808000700001ab1f6ffa9df'
2025-12-20 23:48:57,105 LT1-thread root DEBUG client.py                 82    logger_log                : hap_command_rsp_succ
2025-12-20 23:48:57,105 LT1-thread root DEBUG client.py                 82    logger_log                : read
2025-12-20 23:48:57,113 BTPWorkerThread-33849 (_rx_task) root DEBUG client.py                 82    logger_log                : Read 5 bytes
2025-12-20 23:48:57,113 BTPWorkerThread-33849 (_rx_task) root DEBUG client.py                 82    logger_log                : Received: hdr: Header(svc_id=0x18, op=0x08, ctrl_index=0x00, data_len=0x00) bytearray(b'\x18\x08\x00\x00\x00')
2025-12-20 23:48:57,114 BTPWorkerThread-33849 (_rx_task) root DEBUG client.py                 82    logger_log                : Received data: {''}, bytearray(b'')
2025-12-20 23:48:57,114 LT1-thread root DEBUG client.py                 82    logger_log                : received Header(svc_id=24, op=8, ctrl_index=0, data_len=0) (b'',)
2025-12-20 23:48:59,059 BTPWorkerThread-33849 (_rx_task) root DEBUG client.py                 82    logger_log                : Read 5 bytes
2025-12-20 23:48:59,060 BTPWorkerThread-33849 (_rx_task) root DEBUG client.py                 82    logger_log                : Received: hdr: Header(svc_id=0x18, op=0x81, ctrl_index=0x00, data_len=0x0e) bytearray(b'\x18\x81\x00\x0e\x00')
2025-12-20 23:48:59,060 BTPWorkerThread-33849 (_rx_task) root DEBUG client.py                 82    logger_log                : Read 14 bytes data
2025-12-20 23:48:59,061 BTPWorkerThread-33849 (_rx_task) root DEBUG client.py                 82    logger_log                : Received data: {'00 1a b1 f6 ff a9 df 00 d5 00 d2 00 d8 00'}, bytearray(b'\x00\x1a\xb1\xf6\xff\xa9\xdf\x00\xd5\x00\xd2\x00\xd8\x00')
2025-12-20 23:48:59,062 BTPWorkerThread-33849 (_rx_task) root DEBUG client.py                 82    logger_log                : event_handler Header(svc_id=24, op=129, ctrl_index=0, data_len=14) (b'\x00\x1a\xb1\xf6\xff\xa9\xdf\x00\xd5\x00\xd2\x00\xd8\x00',)
2025-12-20 23:48:59,062 BTPWorkerThread-33849 (_rx_task) root DEBUG client.py                 82    logger_log                : hap_ev_hauc_discovery_complete_ b'\x00\x1a\xb1\xf6\xff\xa9\xdf\x00\xd5\x00\xd2\x00\xd8\x00'
2025-12-20 23:48:59,062 BTPWorkerThread-33849 (_rx_task) root DEBUG client.py                 82    logger_log                : HAUC Discovery complete: addr dfa9fff6b11a addr_type 0 status 0 has_hearing_aid_features_handle 213 has_control_point_handle 210 has_active_preset_index_handle 216
2025-12-20 23:48:59,114 LT1-thread root DEBUG client.py                 82    logger_log                : Sending response 'OK' to wid 20116 test case HAP/HAUC/SGGIT/SER/BV-01-C
2025-12-20 23:48:59,116 LT1-thread root DEBUG client.py                 82    logger_log                : ClientCallback.get_result run_test_case
2025-12-20 23:48:59,119 LT1-callback ClientCallback.on_implicit_send INFO client.py                 82    logger_log                : 
    ********************
    BEGIN OnImplicitSend:
    project_name: HAP
    wid: 20206
    test_case_name: HAP/HAUC/SGGIT/SER/BV-01-C
    description: Please verify that for each supported characteristic, attribute handle/UUID pair(s) is returned to the upper tester.Hearing Aid Features: Attribute Handle = 0x00D4
Characteristic Properties = 0x12
Handle = 0x00D5
UUID = 0x2BDA

Hearing Aid Preset Control Point: Attribute Handle = 0x00D1
Characteristic Properties = 0x38
Handle = 0x00D2
UUID = 0x2BDB

Active Preset Index: Attribute Handle = 0x00D7
Characteristic Properties = 0x12
Handle = 0x00D8
UUID = 0x2BDC


    style: MMI_Style_Yes_No1 0x11044
2025-12-20 23:48:59,119 LT1-callback ClientCallback.on_implicit_send INFO client.py                 82    logger_log                : Calling test cases on_implicit_send
2025-12-20 23:48:59,119 LT1-callback ClientCallback.on_implicit_send INFO client.py                 82    logger_log                : 
    on_implicit_send returned response: WAIT
    END OnImplicitSend
    ********************
2025-12-20 23:49:00,117 LT1-thread root DEBUG client.py                 82    logger_log                : HAP HAP/HAUC/SGGIT/SER/BV-01-C on_implicit_send
2025-12-20 23:49:00,117 LT1-thread root DEBUG client.py                 82    logger_log                : hap_wid_hdl, 20206, Please verify that for each supported characteristic, attribute handle/UUID pair(s) is returned to the upper tester.Hearing Aid Features: Attribute Handle = 0x00D4
Characteristic Properties = 0x12
Handle = 0x00D5
UUID = 0x2BDA

Hearing Aid Preset Control Point: Attribute Handle = 0x00D1
Characteristic Properties = 0x38
Handle = 0x00D2
UUID = 0x2BDB

Active Preset Index: Attribute Handle = 0x00D7
Characteristic Properties = 0x12
Handle = 0x00D8
UUID = 0x2BDC

, HAP/HAUC/SGGIT/SER/BV-01-C
2025-12-20 23:49:00,117 LT1-thread root DEBUG client.py                 82    logger_log                : parse_description 'Please verify that for each supported characteristic, attribute handle/UUID pair(s) is returned to the upper tester.Hearing Aid Features: Attribute Handle = 0x00D4\nCharacteristic Properties = 0x12\nHandle = 0x00D5\nUUID = 0x2BDA\n\nHearing Aid Preset Control Point: Attribute Handle = 0x00D1\nCharacteristic Properties = 0x38\nHandle = 0x00D2\nUUID = 0x2BDB\n\nActive Preset Index: Attribute Handle = 0x00D7\nCharacteristic Properties = 0x12\nHandle = 0x00D8\nUUID = 0x2BDC\n\n'
2025-12-20 23:49:00,117 LT1-thread root DEBUG client.py                 82    logger_log                : Parse result: ['0x00D4', '0x12', '0x00D5', '0x2BDA', '0x00D1', '0x38', '0x00D2', '0x2BDB', '0x00D7', '0x12', '0x00D8', '0x2BDC']
2025-12-20 23:49:00,118 LT1-thread root DEBUG client.py                 82    logger_log                : Sending response 'Yes' to wid 20206 test case HAP/HAUC/SGGIT/SER/BV-01-C
2025-12-20 23:49:00,134 LT1-thread root DEBUG client.py                 82    logger_log                : ClientCallback.get_result run_test_case
2025-12-20 23:49:00,140 LT1-callback ClientCallback.log INFO client.py                 82    logger_log                : PTS_LOGTYPE_IMPLICIT_SEND PTS ControlServer  HAP/HAUC/SGGIT/SER/BV-01-C Server: SUCCESS with response=OK
2025-12-20 23:49:00,143 LT1-callback ClientCallback.log INFO client.py                 82    logger_log                : PTS_LOGTYPE_IMPLICIT_SEND PTS ControlServer  HAP/HAUC/SGGIT/SER/BV-01-C Server: SUCCESS with response=Yes
2025-12-20 23:49:01,579 BTPWorkerThread-33849 (_rx_task) root DEBUG client.py                 82    logger_log                : Read 5 bytes
2025-12-20 23:49:01,580 BTPWorkerThread-33849 (_rx_task) root DEBUG client.py                 82    logger_log                : Received: hdr: Header(svc_id=0x01, op=0x83, ctrl_index=0x00, data_len=0x07) bytearray(b'\x01\x83\x00\x07\x00')
2025-12-20 23:49:01,580 BTPWorkerThread-33849 (_rx_task) root DEBUG client.py                 82    logger_log                : Read 7 bytes data
2025-12-20 23:49:01,581 BTPWorkerThread-33849 (_rx_task) root DEBUG client.py                 82    logger_log                : Received data: {'00 1a b1 f6 ff a9 df'}, bytearray(b'\x00\x1a\xb1\xf6\xff\xa9\xdf')
2025-12-20 23:49:01,581 BTPWorkerThread-33849 (_rx_task) root DEBUG client.py                 82    logger_log                : event_handler Header(svc_id=1, op=131, ctrl_index=0, data_len=7) (b'\x00\x1a\xb1\xf6\xff\xa9\xdf',)
2025-12-20 23:49:01,582 BTPWorkerThread-33849 (_rx_task) root DEBUG client.py                 82    logger_log                : gap_disconnected_ev_ b'\x00\x1a\xb1\xf6\xff\xa9\xdf'
2025-12-20 23:49:04,153 LT1-callback ClientCallback.log INFO client.py                 82    logger_log                : PTS_LOGTYPE_MESSAGE Message 

+47 ms
 HAP/HAUC/SGGIT/SER/BV-01-C MindTree Stack Version - 026.000.000

2025-12-20 23:49:04,156 LT1-callback ClientCallback.log INFO client.py                 82    logger_log                : PTS_LOGTYPE_PRELIMINARY_VERDICT Initialize Test Case 

+47 ms
 HAP/HAUC/SGGIT/SER/BV-01-C Build date: Oct 27 2025, 12:06:26

2025-12-20 23:49:04,170 LT1-callback ClientCallback.log INFO client.py                 82    logger_log                : PTS_LOGTYPE_START_TEST Start Test Case 

+47 ms
 HAP/HAUC/SGGIT/SER/BV-01-C HAP/HAUC/SGGIT/SER/BV-01-C

2025-12-20 23:49:04,198 LT1-callback ClientCallback.log INFO client.py                 82    logger_log                : PTS_LOGTYPE_SEND_EVENT Send Event 

+1078 ms
 HAP/HAUC/SGGIT/SER/BV-01-C HCI!HCI_RESET
2025-12-20 23:49:04,207 LT1-callback ClientCallback.log INFO client.py                 82    logger_log                : PTS_LOGTYPE_RECEIVE_EVENT Receive Event 

+1078 ms
 HAP/HAUC/SGGIT/SER/BV-01-C HCI?HCI_RESET_COMPLETE_EVENT{
                           status=HCI_OK
                         }
2025-12-20 23:49:04,212 LT1-callback ClientCallback.log INFO client.py                 82    logger_log                : PTS_LOGTYPE_PRELIMINARY_VERDICT Preliminary Verdict 

+1078 ms
 HAP/HAUC/SGGIT/SER/BV-01-C PASS

2025-12-20 23:49:04,216 LT1-callback ClientCallback.log INFO client.py                 82    logger_log                : PTS_LOGTYPE_SEND_EVENT Send Event 

+1078 ms
 HAP/HAUC/SGGIT/SER/BV-01-C HCI!HCI_READ_LOCAL_VERSION_INFORMATION
2025-12-20 23:49:04,220 LT1-callback ClientCallback.log INFO client.py                 82    logger_log                : PTS_LOGTYPE_RECEIVE_EVENT Receive Event 

+1094 ms
 HAP/HAUC/SGGIT/SER/BV-01-C HCI?HCI_READ_LOCAL_VERSION_INFORMATION_COMPLETE_EVENT{
                           status=HCI_OK,
                           hciVersion=0x0E,
                           hciRevision=0x304E,
                           lmpVersion=0x0E,
                           manufacturerName=0x0059,
                           lmpSubversion=0x304E
                         }
2025-12-20 23:49:04,224 LT1-callback ClientCallback.log INFO client.py                 82    logger_log                : PTS_LOGTYPE_PRELIMINARY_VERDICT Preliminary Verdict 

+1094 ms
 HAP/HAUC/SGGIT/SER/BV-01-C PASS

2025-12-20 23:49:04,227 LT1-callback ClientCallback.log INFO client.py                 82    logger_log                : PTS_LOGTYPE_SEND_EVENT Send Event 

+1094 ms
 HAP/HAUC/SGGIT/SER/BV-01-C HCI!HCI_LE_SET_EVENT_MASK{
                           leEventMask=0x0007FCFE7F8FFFFF
                         }
2025-12-20 23:49:04,230 LT1-callback ClientCallback.log INFO client.py                 82    logger_log                : PTS_LOGTYPE_RECEIVE_EVENT Receive Event 

+1094 ms
 HAP/HAUC/SGGIT/SER/BV-01-C HCI?HCI_LE_SET_EVENT_MASK_COMPLETE_EVENT{
                           status=HCI_OK
                         }
2025-12-20 23:49:04,233 LT1-callback ClientCallback.log INFO client.py                 82    logger_log                : PTS_LOGTYPE_SEND_EVENT Send Event 

+1094 ms
 HAP/HAUC/SGGIT/SER/BV-01-C HCI!HCI_SET_EVENT_MASK{
                           eventMask=0x3FFFFFFFFFFFFFFF
                         }
2025-12-20 23:49:04,236 LT1-callback ClientCallback.log INFO client.py                 82    logger_log                : PTS_LOGTYPE_RECEIVE_EVENT Receive Event 

+1094 ms
 HAP/HAUC/SGGIT/SER/BV-01-C HCI?HCI_SET_EVENT_MASK_COMPLETE_EVENT{
                           status=HCI_OK
                         }
2025-12-20 23:49:04,238 LT1-callback ClientCallback.log INFO client.py                 82    logger_log                : PTS_LOGTYPE_PRELIMINARY_VERDICT Preliminary Verdict 

+1094 ms
 HAP/HAUC/SGGIT/SER/BV-01-C PASS

2025-12-20 23:49:04,241 LT1-callback ClientCallback.log INFO client.py                 82    logger_log                : PTS_LOGTYPE_SEND_EVENT Send Event 

+1094 ms
 HAP/HAUC/SGGIT/SER/BV-01-C HCI!HCI_READ_LOCAL_SUPPORTED_FEATURES
2025-12-20 23:49:04,244 LT1-callback ClientCallback.log INFO client.py                 82    logger_log                : PTS_LOGTYPE_RECEIVE_EVENT Receive Event 

+1110 ms
 HAP/HAUC/SGGIT/SER/BV-01-C HCI?HCI_READ_LOCAL_SUPPORTED_FEATURES_COMPLETE_EVENT{
                           status=HCI_OK,
                           lmpFeatures=0x0000006000000000
                         }
2025-12-20 23:49:04,246 LT1-callback ClientCallback.log INFO client.py                 82    logger_log                : PTS_LOGTYPE_PRELIMINARY_VERDICT Preliminary Verdict 

+1110 ms
 HAP/HAUC/SGGIT/SER/BV-01-C PASS

2025-12-20 23:49:04,249 LT1-callback ClientCallback.log INFO client.py                 82    logger_log                : PTS_LOGTYPE_SEND_EVENT Send Event 

+1110 ms
 HAP/HAUC/SGGIT/SER/BV-01-C HCI!HCI_READ_LOCAL_SUPPORTED_COMMANDS
2025-12-20 23:49:04,252 LT1-callback ClientCallback.log INFO client.py                 82    logger_log                : PTS_LOGTYPE_RECEIVE_EVENT Receive Event 

+1110 ms
 HAP/HAUC/SGGIT/SER/BV-01-C HCI?HCI_READ_LOCAL_SUPPORTED_COMMANDS_COMPLETE_EVENT{
                           status=HCI_OK,
                           supported_commands=0x0000000000000000000000000000000003E3419FFFFFE7E007FFFFFFFE7FC0300000077FFFFFF782180400E0000000C02228000C00E400000C00C00000800020
                         }
2025-12-20 23:49:04,278 LT1-callback ClientCallback.log INFO client.py                 82    logger_log                : PTS_LOGTYPE_PRELIMINARY_VERDICT Preliminary Verdict 

+1110 ms
 HAP/HAUC/SGGIT/SER/BV-01-C PASS

2025-12-20 23:49:04,281 LT1-callback ClientCallback.log INFO client.py                 82    logger_log                : PTS_LOGTYPE_SEND_EVENT Send Event 

+1110 ms
 HAP/HAUC/SGGIT/SER/BV-01-C HCI!HCI_READ_BD_ADDR
2025-12-20 23:49:04,283 LT1-callback ClientCallback.log INFO client.py                 82    logger_log                : PTS_LOGTYPE_RECEIVE_EVENT Receive Event 

+1125 ms
 HAP/HAUC/SGGIT/SER/BV-01-C HCI?HCI_READ_BD_ADDR_COMPLETE_EVENT{
                           status=HCI_OK,
                           bdAddress=0xDFA9FFF6B11A
                         }
2025-12-20 23:49:04,286 LT1-callback ClientCallback.log INFO client.py                 82    logger_log                : PTS_LOGTYPE_PRELIMINARY_VERDICT Preliminary Verdict 

+1125 ms
 HAP/HAUC/SGGIT/SER/BV-01-C PASS

2025-12-20 23:49:04,288 LT1-callback ClientCallback.log INFO client.py                 82    logger_log                : PTS_LOGTYPE_SEND_EVENT Send Event 

+1125 ms
 HAP/HAUC/SGGIT/SER/BV-01-C HCI!HCI_LE_LOCAL_SUPPORTED_FEATURES
2025-12-20 23:49:04,311 LT1-callback ClientCallback.log INFO client.py                 82    logger_log                : PTS_LOGTYPE_RECEIVE_EVENT Receive Event 

+1125 ms
 HAP/HAUC/SGGIT/SER/BV-01-C HCI?HCI_LE_READ_LOCAL_SUPPORTED_FEATURES_COMPLETE_EVENT{
                           status=HCI_OK,
                           leFeatures=0x00015836F70079FD
                         }
2025-12-20 23:49:04,314 LT1-callback ClientCallback.log INFO client.py                 82    logger_log                : PTS_LOGTYPE_PRELIMINARY_VERDICT Preliminary Verdict 

+1125 ms
 HAP/HAUC/SGGIT/SER/BV-01-C PASS

2025-12-20 23:49:04,317 LT1-callback ClientCallback.log INFO client.py                 82    logger_log                : PTS_LOGTYPE_PRELIMINARY_VERDICT Preliminary Verdict 

+1125 ms
 HAP/HAUC/SGGIT/SER/BV-01-C PASS

2025-12-20 23:49:04,319 LT1-callback ClientCallback.log INFO client.py                 82    logger_log                : PTS_LOGTYPE_SEND_EVENT Send Event 

+1157 ms
 HAP/HAUC/SGGIT/SER/BV-01-C HCI!HCI_LE_SET_EVENT_MASK{
                           leEventMask=0x0007FCFE7F8FFFFF
                         }
2025-12-20 23:49:04,323 LT1-callback ClientCallback.log INFO client.py                 82    logger_log                : PTS_LOGTYPE_RECEIVE_EVENT Receive Event 

+1157 ms
 HAP/HAUC/SGGIT/SER/BV-01-C HCI?HCI_LE_SET_EVENT_MASK_COMPLETE_EVENT{
                           status=HCI_OK
                         }
2025-12-20 23:49:04,326 LT1-callback ClientCallback.log INFO client.py                 82    logger_log                : PTS_LOGTYPE_SEND_EVENT Send Event 

+1157 ms
 HAP/HAUC/SGGIT/SER/BV-01-C HCI!HCI_SET_EVENT_MASK{
                           eventMask=0x3FFFFFFFFFFFFFFF
                         }
2025-12-20 23:49:04,329 LT1-callback ClientCallback.log INFO client.py                 82    logger_log                : PTS_LOGTYPE_RECEIVE_EVENT Receive Event 

+1157 ms
 HAP/HAUC/SGGIT/SER/BV-01-C HCI?HCI_SET_EVENT_MASK_COMPLETE_EVENT{
                           status=HCI_OK
                         }
2025-12-20 23:49:04,332 LT1-callback ClientCallback.log INFO client.py                 82    logger_log                : PTS_LOGTYPE_PRELIMINARY_VERDICT Preliminary Verdict 

+1157 ms
 HAP/HAUC/SGGIT/SER/BV-01-C PASS

2025-12-20 23:49:04,335 LT1-callback ClientCallback.log INFO client.py                 82    logger_log                : PTS_LOGTYPE_SEND_EVENT Send Event 

+1157 ms
 HAP/HAUC/SGGIT/SER/BV-01-C HCI!HCI_LE_SET_HOST_FEATURE{
                           bit_number=0x20,
                           bit_value=0x01
                         }
2025-12-20 23:49:04,337 LT1-callback ClientCallback.log INFO client.py                 82    logger_log                : PTS_LOGTYPE_RECEIVE_EVENT Receive Event 

+1172 ms
 HAP/HAUC/SGGIT/SER/BV-01-C HCI?HCI_LE_SET_HOST_FEATURE_COMPLETE_EVENT{
                           status=HCI_OK
                         }
2025-12-20 23:49:04,340 LT1-callback ClientCallback.log INFO client.py                 82    logger_log                : PTS_LOGTYPE_PRELIMINARY_VERDICT Preliminary Verdict 

+1172 ms
 HAP/HAUC/SGGIT/SER/BV-01-C PASS

2025-12-20 23:49:04,343 LT1-callback ClientCallback.log INFO client.py                 82    logger_log                : PTS_LOGTYPE_SEND_EVENT Send Event 

+1172 ms
 HAP/HAUC/SGGIT/SER/BV-01-C HCI!HCI_LE_SET_HOST_FEATURE{
                           bit_number=0x26,
                           bit_value=0x01
                         }
2025-12-20 23:49:04,345 LT1-callback ClientCallback.log INFO client.py                 82    logger_log                : PTS_LOGTYPE_RECEIVE_EVENT Receive Event 

+1172 ms
 HAP/HAUC/SGGIT/SER/BV-01-C HCI?HCI_LE_SET_HOST_FEATURE_COMPLETE_EVENT{
                           status=HCI_OK
                         }
2025-12-20 23:49:04,348 LT1-callback ClientCallback.log INFO client.py                 82    logger_log                : PTS_LOGTYPE_PRELIMINARY_VERDICT Preliminary Verdict 

+1172 ms
 HAP/HAUC/SGGIT/SER/BV-01-C PASS

2025-12-20 23:49:04,351 LT1-callback ClientCallback.log INFO client.py                 82    logger_log                : PTS_LOGTYPE_SEND_EVENT Send Event 

+1172 ms
 HAP/HAUC/SGGIT/SER/BV-01-C HCI!HCI_LE_SET_HOST_FEATURE{
                           bit_number=0x2F,
                           bit_value=0x01
                         }
2025-12-20 23:49:04,354 LT1-callback ClientCallback.log INFO client.py                 82    logger_log                : PTS_LOGTYPE_RECEIVE_EVENT Receive Event 

+1172 ms
 HAP/HAUC/SGGIT/SER/BV-01-C HCI?HCI_LE_SET_HOST_FEATURE_COMPLETE_EVENT{
                           status=HCI_OK
                         }
2025-12-20 23:49:04,357 LT1-callback ClientCallback.log INFO client.py                 82    logger_log                : PTS_LOGTYPE_PRELIMINARY_VERDICT Preliminary Verdict 

+1188 ms
 HAP/HAUC/SGGIT/SER/BV-01-C PASS

2025-12-20 23:49:04,359 LT1-callback ClientCallback.log INFO client.py                 82    logger_log                : PTS_LOGTYPE_SEND_EVENT Send Event 

+1188 ms
 HAP/HAUC/SGGIT/SER/BV-01-C HCI!HCI_LE_READ_BUFFER_V2
2025-12-20 23:49:04,362 LT1-callback ClientCallback.log INFO client.py                 82    logger_log                : PTS_LOGTYPE_SEND_EVENT Send Event 

+1188 ms
 HAP/HAUC/SGGIT/SER/BV-01-C HCI!HCI_LE_READ_RESOLVING_LIST_SIZE
2025-12-20 23:49:04,364 LT1-callback ClientCallback.log INFO client.py                 82    logger_log                : PTS_LOGTYPE_RECEIVE_EVENT Receive Event 

+1188 ms
 HAP/HAUC/SGGIT/SER/BV-01-C HCI?HCI_LE_READ_BUFFER_SIZE_V2_COMPLETE_EVENT{
                           status=HCI_OK,
                           HC_LE_Data_Packet_Length=0x00FB,
                           HC_Total_Num_LE_Data_Packets=0x03,
                           HC_LE_ISO_Packet_Length=0x00FF,
                           HC_Total_Num_LE_ISO_Packets=0x03
                         }
2025-12-20 23:49:04,368 LT1-callback ClientCallback.log INFO client.py                 82    logger_log                : PTS_LOGTYPE_RECEIVE_EVENT Receive Event 

+1188 ms
 HAP/HAUC/SGGIT/SER/BV-01-C HCI?HCI_LE_READ_RESOLVING_LIST_SIZE_COMPLETE_EVENT{
                           status=HCI_OK,
                           res_list_size=0x08
                         }
2025-12-20 23:49:04,371 LT1-callback ClientCallback.log INFO client.py                 82    logger_log                : PTS_LOGTYPE_SEND_EVENT Send Event 

+1188 ms
 HAP/HAUC/SGGIT/SER/BV-01-C HCI!HCI_LE_SET_EXTENDED_ADV_PARAMS{
                           adv_handle=0x00,
                           advEventProperties=0x0001,
                           primAdvIntMin=0x000000A0,
                           primAdvIntMax=0x000000C0,
                           primAdvCHMap=0x07,
                           ownAddrType=0x00,
                           peerAddrType=0x00,
                           randomAddr=0x000000000000,
                           advFilterPolicy=0x00,
                           advTxPower=10,
                           primAdvPHY=0x01,
                           secondaryAdvMaxSkip=0x00,
                           secondaryAdvPHY=0x01,
                           advSID=0x00,
                           scanReqqNfyEnable=0x00
                         }
2025-12-20 23:49:04,374 LT1-callback ClientCallback.log INFO client.py                 82    logger_log                : PTS_LOGTYPE_RECEIVE_EVENT Receive Event 

+1203 ms
 HAP/HAUC/SGGIT/SER/BV-01-C HCI?HCI_LE_SET_EXTENDED_ADV_PARAMS_COMPLETE_EVENT{
                           status=HCI_OK,
                           selected_tx_power=0x08
                         }
2025-12-20 23:49:04,377 LT1-callback ClientCallback.log INFO client.py                 82    logger_log                : PTS_LOGTYPE_PRELIMINARY_VERDICT Preliminary Verdict 

+1203 ms
 HAP/HAUC/SGGIT/SER/BV-01-C PASS

2025-12-20 23:49:04,380 LT1-callback ClientCallback.log INFO client.py                 82    logger_log                : PTS_LOGTYPE_PRELIMINARY_VERDICT Preliminary Verdict 

+1203 ms
 HAP/HAUC/SGGIT/SER/BV-01-C PASS

2025-12-20 23:49:04,383 LT1-callback ClientCallback.log INFO client.py                 82    logger_log                : PTS_LOGTYPE_SEND_EVENT Send Event 

+1203 ms
 HAP/HAUC/SGGIT/SER/BV-01-C HCI!HCI_LE_SET_EXTENDED_ADVERTISING_DATA{
                           adv_handle=0x00,
                           operation=0x03,
                           fragment_pref=0x01,
                           advLength=0x19,
                           advData=0x020106030254180D095054532D4841502D3141423103164F18
                         }
2025-12-20 23:49:04,386 LT1-callback ClientCallback.log INFO client.py                 82    logger_log                : PTS_LOGTYPE_RECEIVE_EVENT Receive Event 

+1203 ms
 HAP/HAUC/SGGIT/SER/BV-01-C HCI?HCI_LE_SET_EXTENDED_ADVERTISING_DATA_COMPLETE_EVENT{
                           status=HCI_OK
                         }
2025-12-20 23:49:04,389 LT1-callback ClientCallback.log INFO client.py                 82    logger_log                : PTS_LOGTYPE_PRELIMINARY_VERDICT Preliminary Verdict 

+1203 ms
 HAP/HAUC/SGGIT/SER/BV-01-C PASS

2025-12-20 23:49:04,391 LT1-callback ClientCallback.log INFO client.py                 82    logger_log                : PTS_LOGTYPE_PRELIMINARY_VERDICT Preliminary Verdict 

+1203 ms
 HAP/HAUC/SGGIT/SER/BV-01-C PASS

2025-12-20 23:49:04,394 LT1-callback ClientCallback.log INFO client.py                 82    logger_log                : PTS_LOGTYPE_SEND_EVENT Send Event 

+1266 ms
 HAP/HAUC/SGGIT/SER/BV-01-C HCI!HCI_LE_SET_EXTENDED_ADVERTISING_ENABLE{
                           enable=0x01,
                           num_of_sets=0x01,
                           {
                             adv_handle=0x00,
                             duration=0,
                             max_extended_adv_event=0x00
                           },
                           
                         }
2025-12-20 23:49:04,397 LT1-callback ClientCallback.log INFO client.py                 82    logger_log                : PTS_LOGTYPE_RECEIVE_EVENT Receive Event 

+1266 ms
 HAP/HAUC/SGGIT/SER/BV-01-C HCI?HCI_LE_SET_EXTENDED_ADVERTISE_ENABLE_COMPLETE_EVENT{
                           status=HCI_OK
                         }
2025-12-20 23:49:04,400 LT1-callback ClientCallback.log INFO client.py                 82    logger_log                : PTS_LOGTYPE_PRELIMINARY_VERDICT Preliminary Verdict 

+1266 ms
 HAP/HAUC/SGGIT/SER/BV-01-C PASS

2025-12-20 23:49:04,402 LT1-callback ClientCallback.log INFO client.py                 82    logger_log                : PTS_LOGTYPE_PRELIMINARY_VERDICT Preliminary Verdict 

+1266 ms
 HAP/HAUC/SGGIT/SER/BV-01-C PASS

2025-12-20 23:49:04,408 LT1-callback ClientCallback.log INFO client.py                 82    logger_log                : PTS_LOGTYPE_MESSAGE User Action Required 

+1266 ms
 HAP/HAUC/SGGIT/SER/BV-01-C MMI_20100 (MMI_Style_Ok_Cancel2=0x00011141): Please initiate a GATT connection to the PTS.

Description: Verify that the Implementation Under Test (IUT) can initiate a GATT connect request to the PTS.

2025-12-20 23:49:04,413 LT1-callback ClientCallback.log INFO client.py                 82    logger_log                : PTS_LOGTYPE_RECEIVE_EVENT Receive Event 

+1828 ms
 HAP/HAUC/SGGIT/SER/BV-01-C ATT?ATT_CONNECT_IND{
                           bdAddr=0xD5B6CC31DB3B,
                           peerAddrType=HCI_LE_RANDOM_DEVICE_ADDRESS,
                           lcid=0x1205,
                           status=0x0000
                         }
2025-12-20 23:49:04,419 LT1-callback ClientCallback.log INFO client.py                 82    logger_log                : PTS_LOGTYPE_RECEIVE_EVENT Receive Event 

+1828 ms
 HAP/HAUC/SGGIT/SER/BV-01-C HCI?HCI_LE_ENHANCED_CONNECTION_COMPLETE_EVENT{
                           status=HCI_OK,
                           conn_handle=0x0012,
                           role=0x01,
                           peerAddrType=0x01,
                           peer_addr=0xD5B6CC31DB3B,
                           local_rpa=0x000000000000,
                           peer_rpa=0x000000000000,
                           conn_interval=0x0038,
                           conn_latency=0x0000,
                           conn_timeout=0x0190,
                           central_clock_accuracy=0x05
                         }
2025-12-20 23:49:04,425 LT1-callback ClientCallback.log INFO client.py                 82    logger_log                : PTS_LOGTYPE_SEND_EVENT Send Event 

+1828 ms
 HAP/HAUC/SGGIT/SER/BV-01-C HCI!GET_CONNECTION_HANDLE{
                           addr=0xD5B6CC31DB3B,
                           addr_type=0x01,
                           conn_handle=0xFFFF
                         }
2025-12-20 23:49:04,428 LT1-callback ClientCallback.log INFO client.py                 82    logger_log                : PTS_LOGTYPE_SEND_EVENT Send Event 

+1828 ms
 HAP/HAUC/SGGIT/SER/BV-01-C HCI!GET_CONNECTION_HANDLE{
                           addr=0xD5B6CC31DB3B,
                           addr_type=0x01,
                           conn_handle=0x0012
                         }
2025-12-20 23:49:04,433 LT1-callback ClientCallback.log INFO client.py                 82    logger_log                : PTS_LOGTYPE_RECEIVE_EVENT Receive Event 

+1828 ms
 HAP/HAUC/SGGIT/SER/BV-01-C HCI?HCI_LE_CHANNEL_SELECTION_ALGORITHM_EVENT{
                           conn_handle=0x0012,
                           used_ch_algorithm=0x01
                         }.Thiseventwon'ttransfertoTestCaseHandler!
2025-12-20 23:49:04,437 LT1-callback ClientCallback.log INFO client.py                 82    logger_log                : PTS_LOGTYPE_PRELIMINARY_VERDICT Preliminary Verdict 

+1828 ms
 HAP/HAUC/SGGIT/SER/BV-01-C PASS

2025-12-20 23:49:04,439 LT1-callback ClientCallback.log INFO client.py                 82    logger_log                : PTS_LOGTYPE_MESSAGE Verdict Description 

+1828 ms
 HAP/HAUC/SGGIT/SER/BV-01-C Connection setup successfully.

2025-12-20 23:49:04,442 LT1-callback ClientCallback.log INFO client.py                 82    logger_log                : PTS_LOGTYPE_PRELIMINARY_VERDICT Preliminary Verdict 

+1828 ms
 HAP/HAUC/SGGIT/SER/BV-01-C PASS

2025-12-20 23:49:04,444 LT1-callback ClientCallback.log INFO client.py                 82    logger_log                : PTS_LOGTYPE_MESSAGE Verdict Description 

+1828 ms
 HAP/HAUC/SGGIT/SER/BV-01-C Connection established successfully.

2025-12-20 23:49:04,447 LT1-callback ClientCallback.log INFO client.py                 82    logger_log                : PTS_LOGTYPE_RECEIVE_EVENT Receive Event 

+1828 ms
 HAP/HAUC/SGGIT/SER/BV-01-C HCI?HCI_LE_ADVERTISING_SET_TERMINATED_EVENT{
                           status=HCI_OK,
                           adv_handle=0x00,
                           conn_handle=0x0012,
                           num_completed_ext_event=0x00
                         }
2025-12-20 23:49:04,450 LT1-callback ClientCallback.log INFO client.py                 82    logger_log                : PTS_LOGTYPE_RECEIVE_EVENT Receive Event 

+1891 ms
 HAP/HAUC/SGGIT/SER/BV-01-C ATT?ATT_EXCHANGE_MTU_REQ{
                           lcid=0x1205,
                           requestedMtu=0x00FB
                         }
2025-12-20 23:49:04,453 LT1-callback ClientCallback.log INFO client.py                 82    logger_log                : PTS_LOGTYPE_RECEIVE_EVENT Receive Event 

+2719 ms
 HAP/HAUC/SGGIT/SER/BV-01-C HCI?HCI_LE_PHY_UPDATE_COMPLETE_EVENT{
                           status=HCI_OK,
                           conn_handle0x0012,
                           tx_phy=0x02,
                           rx_phy=0x02
                         }
2025-12-20 23:49:04,456 LT1-callback ClientCallback.log INFO client.py                 82    logger_log                : PTS_LOGTYPE_SEND_EVENT Send Event 

+2828 ms
 HAP/HAUC/SGGIT/SER/BV-01-C SEC!SEC_LE_AUTHENTICATE_REQ{
                           peerAddress=0xD5B6CC31DB3B,
                           peerAddrType=HCI_LE_RANDOM_DEVICE_ADDRESS,
                           securityMode=1,
                           securityLevel=0,
                           paringMode=PAIRING_MODE_LE_SECURE_CONNECTION,
                           bonding=BONDING,
                           minimum_encKeySize=7
                         }
2025-12-20 23:49:04,459 LT1-callback ClientCallback.log INFO client.py                 82    logger_log                : PTS_LOGTYPE_SEND_EVENT Send Event 

+2828 ms
 HAP/HAUC/SGGIT/SER/BV-01-C ATT!ATT_EXCHANGE_MTU_RSP{
                           lcid=0x1205,
                           resultingMtu=0x0040
                         }
2025-12-20 23:49:04,462 LT1-callback ClientCallback.log INFO client.py                 82    logger_log                : PTS_LOGTYPE_RECEIVE_EVENT Receive Event 

+2938 ms
 HAP/HAUC/SGGIT/SER/BV-01-C SEC?SEC_LE_AUTHENTICATION_REQUEST_IND{
                           peerAddr=0xD5B6CC31DB3B,
                           peerAddrType=HCI_LE_RANDOM_DEVICE_ADDRESS,
                           pairingMode=PAIRING_MODE_LE_SECURE_CONNECTION,
                           mitm=WITHOUT_MITM,
                           bonding=BONDING,
                           encKeySize=16
                         }
2025-12-20 23:49:04,465 LT1-callback ClientCallback.log INFO client.py                 82    logger_log                : PTS_LOGTYPE_SEND_EVENT Send Event 

+2938 ms
 HAP/HAUC/SGGIT/SER/BV-01-C SEC!SEC_LE_AUTHENTICATE_REQ_REPLY{
                           peerAddress=0xD5B6CC31DB3B,
                           peerAddrType=HCI_LE_RANDOM_DEVICE_ADDRESS,
                           pairingMode=PAIRING_MODE_LE_SECURE_CONNECTION,
                           mitm=WITHOUT_MITM,
                           bonding=BONDING,
                           minimum_encKeySize=7,
                           errorCode=0
                         }
2025-12-20 23:49:04,468 LT1-callback ClientCallback.log INFO client.py                 82    logger_log                : PTS_LOGTYPE_RECEIVE_EVENT Receive Event 

+3078 ms
 HAP/HAUC/SGGIT/SER/BV-01-C SEC?SEC_LE_SC_PUBLIC_KEY_GENERATION_REQUEST_IND
2025-12-20 23:49:04,471 LT1-callback ClientCallback.log INFO client.py                 82    logger_log                : PTS_LOGTYPE_SEND_EVENT Send Event 

+3078 ms
 HAP/HAUC/SGGIT/SER/BV-01-C SEC!SEC_LESC_PUBLIC_KEY{
                           PublicKey.X=0x73052C8D83DA7ECF41AE49B41525026F7A66E509D09F18413A617B5A470EC647,
                           publicKey.Y=0x8E9A5B8D09C8809F4F9541CFEC7DE0C476E3D371B316CBEA4C78A1B57EA53D33
                         }
2025-12-20 23:49:04,474 LT1-callback ClientCallback.log INFO client.py                 82    logger_log                : PTS_LOGTYPE_RECEIVE_EVENT Receive Event 

+3094 ms
 HAP/HAUC/SGGIT/SER/BV-01-C HCI?HCI_LE_RANDOM_COMPLETE_EVENT{
                           status=HCI_OK,
                           randomNumber=0x0A5B9F872A55DE8C
                         }
2025-12-20 23:49:04,477 LT1-callback ClientCallback.log INFO client.py                 82    logger_log                : PTS_LOGTYPE_RECEIVE_EVENT Receive Event 

+3094 ms
 HAP/HAUC/SGGIT/SER/BV-01-C HCI?HCI_LE_ENCRYPT_COMPLETE_EVENT{
                           status=HCI_OK,
                           encryptedData=0x9F6624EB4BB7D79C33DD7EDA18C4589F
                         }
2025-12-20 23:49:04,480 LT1-callback ClientCallback.log INFO client.py                 82    logger_log                : PTS_LOGTYPE_RECEIVE_EVENT Receive Event 

+3110 ms
 HAP/HAUC/SGGIT/SER/BV-01-C HCI?HCI_LE_ENCRYPT_COMPLETE_EVENT{
                           status=HCI_OK,
                           encryptedData=0xA6726431F071244F2EE3C61E3062CA02
                         }
2025-12-20 23:49:04,483 LT1-callback ClientCallback.log INFO client.py                 82    logger_log                : PTS_LOGTYPE_RECEIVE_EVENT Receive Event 

+3110 ms
 HAP/HAUC/SGGIT/SER/BV-01-C HCI?HCI_LE_ENCRYPT_COMPLETE_EVENT{
                           status=HCI_OK,
                           encryptedData=0x9B571C7400B92D188E95C14913A46F03
                         }
2025-12-20 23:49:04,486 LT1-callback ClientCallback.log INFO client.py                 82    logger_log                : PTS_LOGTYPE_RECEIVE_EVENT Receive Event 

+3125 ms
 HAP/HAUC/SGGIT/SER/BV-01-C HCI?HCI_LE_ENCRYPT_COMPLETE_EVENT{
                           status=HCI_OK,
                           encryptedData=0x7C1EBD56DF961956931CC3F799B6E804
                         }
2025-12-20 23:49:04,488 LT1-callback ClientCallback.log INFO client.py                 82    logger_log                : PTS_LOGTYPE_RECEIVE_EVENT Receive Event 

+3125 ms
 HAP/HAUC/SGGIT/SER/BV-01-C HCI?HCI_LE_ENCRYPT_COMPLETE_EVENT{
                           status=HCI_OK,
                           encryptedData=0x891699C0B2DB19AF6EAAA9A1778BC16D
                         }
2025-12-20 23:49:04,491 LT1-callback ClientCallback.log INFO client.py                 82    logger_log                : PTS_LOGTYPE_RECEIVE_EVENT Receive Event 

+3141 ms
 HAP/HAUC/SGGIT/SER/BV-01-C HCI?HCI_LE_ENCRYPT_COMPLETE_EVENT{
                           status=HCI_OK,
                           encryptedData=0xEC3E0D1454DEC68C532C401B347B6FD9
                         }
2025-12-20 23:49:04,494 LT1-callback ClientCallback.log INFO client.py                 82    logger_log                : PTS_LOGTYPE_RECEIVE_EVENT Receive Event 

+3360 ms
 HAP/HAUC/SGGIT/SER/BV-01-C SEC?SEC_LE_SC_DH_KEY_GENERATION_REQUEST_IND{
                           remote_public_key=0x98308440221E2D910F0E54B71E7EC652857AA9B5A0DC65028824CC19DB1226E967A4816BCB62EFB21701E31FDB27561A6217575FB007A8BBDABE7E28B6F68482
                         }
2025-12-20 23:49:04,497 LT1-callback ClientCallback.log INFO client.py                 82    logger_log                : PTS_LOGTYPE_SEND_EVENT Send Event 

+3360 ms
 HAP/HAUC/SGGIT/SER/BV-01-C SEC!SEC_LESC_DHKEY{
                           DHKEY=0xFD0EC91A43CF329EF30FB148F5E9B52CBB2234F8DCA56C750191204A67BFA2F5
                         }
2025-12-20 23:49:04,500 LT1-callback ClientCallback.log INFO client.py                 82    logger_log                : PTS_LOGTYPE_RECEIVE_EVENT Receive Event 

+3375 ms
 HAP/HAUC/SGGIT/SER/BV-01-C HCI?HCI_LE_ENCRYPT_COMPLETE_EVENT{
                           status=HCI_OK,
                           encryptedData=0x801C7681194553280EFA863021E2EEF4
                         }
2025-12-20 23:49:04,503 LT1-callback ClientCallback.log INFO client.py                 82    logger_log                : PTS_LOGTYPE_RECEIVE_EVENT Receive Event 

+3375 ms
 HAP/HAUC/SGGIT/SER/BV-01-C HCI?HCI_LE_ENCRYPT_COMPLETE_EVENT{
                           status=HCI_OK,
                           encryptedData=0xA5951DC9F0DAAABD4778BA3B8450661D
                         }
2025-12-20 23:49:04,508 LT1-callback ClientCallback.log INFO client.py                 82    logger_log                : PTS_LOGTYPE_RECEIVE_EVENT Receive Event 

+3391 ms
 HAP/HAUC/SGGIT/SER/BV-01-C HCI?HCI_LE_ENCRYPT_COMPLETE_EVENT{
                           status=HCI_OK,
                           encryptedData=0xDC3E21143D3B733C56CB5BAC537F2A1C
                         }
2025-12-20 23:49:04,513 LT1-callback ClientCallback.log INFO client.py                 82    logger_log                : PTS_LOGTYPE_RECEIVE_EVENT Receive Event 

+3391 ms
 HAP/HAUC/SGGIT/SER/BV-01-C HCI?HCI_LE_ENCRYPT_COMPLETE_EVENT{
                           status=HCI_OK,
                           encryptedData=0xCE281AE1435A525768906E657B1F02F9
                         }
2025-12-20 23:49:04,519 LT1-callback ClientCallback.log INFO client.py                 82    logger_log                : PTS_LOGTYPE_RECEIVE_EVENT Receive Event 

+3391 ms
 HAP/HAUC/SGGIT/SER/BV-01-C HCI?HCI_LE_ENCRYPT_COMPLETE_EVENT{
                           status=HCI_OK,
                           encryptedData=0x4008FB27F9C85AC80D3BC5C93FD0640B
                         }
2025-12-20 23:49:04,524 LT1-callback ClientCallback.log INFO client.py                 82    logger_log                : PTS_LOGTYPE_RECEIVE_EVENT Receive Event 

+3407 ms
 HAP/HAUC/SGGIT/SER/BV-01-C HCI?HCI_LE_ENCRYPT_COMPLETE_EVENT{
                           status=HCI_OK,
                           encryptedData=0xFD12F278C6CBC9A745046BCA016C180C
                         }
2025-12-20 23:49:04,527 LT1-callback ClientCallback.log INFO client.py                 82    logger_log                : PTS_LOGTYPE_RECEIVE_EVENT Receive Event 

+3407 ms
 HAP/HAUC/SGGIT/SER/BV-01-C HCI?HCI_LE_ENCRYPT_COMPLETE_EVENT{
                           status=HCI_OK,
                           encryptedData=0xAF6A229B8398CDBF77C95854DE49C6F5
                         }
2025-12-20 23:49:04,530 LT1-callback ClientCallback.log INFO client.py                 82    logger_log                : PTS_LOGTYPE_RECEIVE_EVENT Receive Event 

+3422 ms
 HAP/HAUC/SGGIT/SER/BV-01-C HCI?HCI_LE_ENCRYPT_COMPLETE_EVENT{
                           status=HCI_OK,
                           encryptedData=0xCF7D4E537C379D2D12FAEAF47FFCD2DB
                         }
2025-12-20 23:49:04,533 LT1-callback ClientCallback.log INFO client.py                 82    logger_log                : PTS_LOGTYPE_RECEIVE_EVENT Receive Event 

+3422 ms
 HAP/HAUC/SGGIT/SER/BV-01-C HCI?HCI_LE_ENCRYPT_COMPLETE_EVENT{
                           status=HCI_OK,
                           encryptedData=0xCE281AE1435A525768906E657B1F02F9
                         }
2025-12-20 23:49:04,535 LT1-callback ClientCallback.log INFO client.py                 82    logger_log                : PTS_LOGTYPE_RECEIVE_EVENT Receive Event 

+3422 ms
 HAP/HAUC/SGGIT/SER/BV-01-C HCI?HCI_LE_ENCRYPT_COMPLETE_EVENT{
                           status=HCI_OK,
                           encryptedData=0x80B4D6549196E44F400ECCFA1893CD10
                         }
2025-12-20 23:49:04,538 LT1-callback ClientCallback.log INFO client.py                 82    logger_log                : PTS_LOGTYPE_RECEIVE_EVENT Receive Event 

+3438 ms
 HAP/HAUC/SGGIT/SER/BV-01-C HCI?HCI_LE_ENCRYPT_COMPLETE_EVENT{
                           status=HCI_OK,
                           encryptedData=0xBA148B49AB1C2260EB2F3CA0E8436811
                         }
2025-12-20 23:49:04,542 LT1-callback ClientCallback.log INFO client.py                 82    logger_log                : PTS_LOGTYPE_RECEIVE_EVENT Receive Event 

+3438 ms
 HAP/HAUC/SGGIT/SER/BV-01-C HCI?HCI_LE_ENCRYPT_COMPLETE_EVENT{
                           status=HCI_OK,
                           encryptedData=0x6B909921F0E71D015B2BB77DE86FAF36
                         }
2025-12-20 23:49:04,551 LT1-callback ClientCallback.log INFO client.py                 82    logger_log                : PTS_LOGTYPE_RECEIVE_EVENT Receive Event 

+3453 ms
 HAP/HAUC/SGGIT/SER/BV-01-C HCI?HCI_LE_ENCRYPT_COMPLETE_EVENT{
                           status=HCI_OK,
                           encryptedData=0x9A3BED5A382DA76237996D1027202ADC
                         }
2025-12-20 23:49:04,554 LT1-callback ClientCallback.log INFO client.py                 82    logger_log                : PTS_LOGTYPE_RECEIVE_EVENT Receive Event 

+3453 ms
 HAP/HAUC/SGGIT/SER/BV-01-C HCI?HCI_LE_ENCRYPT_COMPLETE_EVENT{
                           status=HCI_OK,
                           encryptedData=0x73DADBE506C444A6C3C5AEE00A445FDC
                         }
2025-12-20 23:49:04,557 LT1-callback ClientCallback.log INFO client.py                 82    logger_log                : PTS_LOGTYPE_RECEIVE_EVENT Receive Event 

+3469 ms
 HAP/HAUC/SGGIT/SER/BV-01-C HCI?HCI_LE_ENCRYPT_COMPLETE_EVENT{
                           status=HCI_OK,
                           encryptedData=0x376C456ECF7957BABD24F4667B45B615
                         }
2025-12-20 23:49:04,560 LT1-callback ClientCallback.log INFO client.py                 82    logger_log                : PTS_LOGTYPE_RECEIVE_EVENT Receive Event 

+3469 ms
 HAP/HAUC/SGGIT/SER/BV-01-C HCI?HCI_LE_ENCRYPT_COMPLETE_EVENT{
                           status=HCI_OK,
                           encryptedData=0xF29E782C950A639C72608AA7B9B98816
                         }
2025-12-20 23:49:04,563 LT1-callback ClientCallback.log INFO client.py                 82    logger_log                : PTS_LOGTYPE_RECEIVE_EVENT Receive Event 

+3469 ms
 HAP/HAUC/SGGIT/SER/BV-01-C HCI?HCI_LE_ENCRYPT_COMPLETE_EVENT{
                           status=HCI_OK,
                           encryptedData=0x6F0370082D1D8472695E6B2A6B56F617
                         }
2025-12-20 23:49:04,566 LT1-callback ClientCallback.log INFO client.py                 82    logger_log                : PTS_LOGTYPE_RECEIVE_EVENT Receive Event 

+3485 ms
 HAP/HAUC/SGGIT/SER/BV-01-C HCI?HCI_LE_ENCRYPT_COMPLETE_EVENT{
                           status=HCI_OK,
                           encryptedData=0x76F524CB94028645CA79DA2E31CC8F05
                         }
2025-12-20 23:49:04,568 LT1-callback ClientCallback.log INFO client.py                 82    logger_log                : PTS_LOGTYPE_RECEIVE_EVENT Receive Event 

+3485 ms
 HAP/HAUC/SGGIT/SER/BV-01-C HCI?HCI_LE_ENCRYPT_COMPLETE_EVENT{
                           status=HCI_OK,
                           encryptedData=0xDE24365A4F024C1ED91B66D85147E525
                         }
2025-12-20 23:49:04,571 LT1-callback ClientCallback.log INFO client.py                 82    logger_log                : PTS_LOGTYPE_RECEIVE_EVENT Receive Event 

+3485 ms
 HAP/HAUC/SGGIT/SER/BV-01-C HCI?HCI_LE_ENCRYPT_COMPLETE_EVENT{
                           status=HCI_OK,
                           encryptedData=0x73DADBE506C444A6C3C5AEE00A445FDC
                         }
2025-12-20 23:49:04,574 LT1-callback ClientCallback.log INFO client.py                 82    logger_log                : PTS_LOGTYPE_RECEIVE_EVENT Receive Event 

+3500 ms
 HAP/HAUC/SGGIT/SER/BV-01-C HCI?HCI_LE_ENCRYPT_COMPLETE_EVENT{
                           status=HCI_OK,
                           encryptedData=0x9BCFC1DC3A135DC7C7973A3191D4451B
                         }
2025-12-20 23:49:04,577 LT1-callback ClientCallback.log INFO client.py                 82    logger_log                : PTS_LOGTYPE_RECEIVE_EVENT Receive Event 

+3516 ms
 HAP/HAUC/SGGIT/SER/BV-01-C HCI?HCI_LE_ENCRYPT_COMPLETE_EVENT{
                           status=HCI_OK,
                           encryptedData=0x8EA27449BDA4B684CD8E7A3BECDA111C
                         }
2025-12-20 23:49:04,580 LT1-callback ClientCallback.log INFO client.py                 82    logger_log                : PTS_LOGTYPE_RECEIVE_EVENT Receive Event 

+3516 ms
 HAP/HAUC/SGGIT/SER/BV-01-C HCI?HCI_LE_ENCRYPT_COMPLETE_EVENT{
                           status=HCI_OK,
                           encryptedData=0x302AD394EACA67A2221CCF9283E9D61D
                         }
2025-12-20 23:49:04,583 LT1-callback ClientCallback.log INFO client.py                 82    logger_log                : PTS_LOGTYPE_RECEIVE_EVENT Receive Event 

+3532 ms
 HAP/HAUC/SGGIT/SER/BV-01-C HCI?HCI_LE_ENCRYPT_COMPLETE_EVENT{
                           status=HCI_OK,
                           encryptedData=0xF12D1A2F8AC538301E94F5D0646C9418
                         }
2025-12-20 23:49:04,586 LT1-callback ClientCallback.log INFO client.py                 82    logger_log                : PTS_LOGTYPE_RECEIVE_EVENT Receive Event 

+3532 ms
 HAP/HAUC/SGGIT/SER/BV-01-C HCI?HCI_LE_ENCRYPT_COMPLETE_EVENT{
                           status=HCI_OK,
                           encryptedData=0x86DCE255260F30C09D5B79A6E0181477
                         }
2025-12-20 23:49:04,588 LT1-callback ClientCallback.log INFO client.py                 82    logger_log                : PTS_LOGTYPE_RECEIVE_EVENT Receive Event 

+4063 ms
 HAP/HAUC/SGGIT/SER/BV-01-C SEC?SEC_LE_KEY_NOTIFICATION_IND{
                           peerAddr=0xD5B6CC31DB3B,
                           peerAddrType=HCI_LE_RANDOM_DEVICE_ADDRESS,
                           keyDist=0x03,
                           encryptionKeySize=0x10,
                           ltk=0xCF7D4E537C379D2D12FAEAF47FFCD2DB,
                           eDiv=0x0000,
                           randValue=0x0000000000000000,
                           irk=0x00000000000000000000000000000000,
                           idAddress=0x000000000000,
                           idAddressType=HCI_LE_PUBLIC_DEVICE_ADDRESS
                         }
2025-12-20 23:49:04,592 LT1-callback ClientCallback.log INFO client.py                 82    logger_log                : PTS_LOGTYPE_MESSAGE Verdict Description 

+4063 ms
 HAP/HAUC/SGGIT/SER/BV-01-C encryptionKeySize = 0x10,ltk = 0xCF7D4E537C379D2D12FAEAF47FFCD2DB,eDiv = 0x0000,randValue = 0x0000000000000000

2025-12-20 23:49:04,595 LT1-callback ClientCallback.log INFO client.py                 82    logger_log                : PTS_LOGTYPE_RECEIVE_EVENT Receive Event 

+4063 ms
 HAP/HAUC/SGGIT/SER/BV-01-C SEC?SEC_LE_KEY_DISTRIBUTION_IND{
                           peerAddr=0xD5B6CC31DB3B,
                           peerAddrType=HCI_LE_RANDOM_DEVICE_ADDRESS,
                           keyDist=0x02,
                           encryptionKeySize=0x10
                         }
2025-12-20 23:49:04,598 LT1-callback ClientCallback.log INFO client.py                 82    logger_log                : PTS_LOGTYPE_RECEIVE_EVENT Receive Event 

+4063 ms
 HAP/HAUC/SGGIT/SER/BV-01-C HCI?HCI_ENCRYPTION_CHANGE_EVENT{
                           status=HCI_OK,
                           connectionHandle=0x0012,
                           encryptionEnable=0x01
                         }
2025-12-20 23:49:04,601 LT1-callback ClientCallback.log INFO client.py                 82    logger_log                : PTS_LOGTYPE_SEND_EVENT Send Event 

+4063 ms
 HAP/HAUC/SGGIT/SER/BV-01-C SEC?SEC_LE_KEY_DISTRIBUTION_RSP{
                           peerAddr=0xD5B6CC31DB3B,
                           keyDist=0x02,
                           irk=0x26993A19,
                           idAddress=0xDFA9FFF6B11A,
                           idAddressType=HCI_LE_PUBLIC_DEVICE_ADDRESS
                         }
2025-12-20 23:49:04,604 LT1-callback ClientCallback.log INFO client.py                 82    logger_log                : PTS_LOGTYPE_RECEIVE_EVENT Receive Event 

+4063 ms
 HAP/HAUC/SGGIT/SER/BV-01-C SEC?SEC_LE_AUTHENTICATE_CFM{
                           peerAddr=0xD5B6CC31DB3B
                         }
2025-12-20 23:49:04,607 LT1-callback ClientCallback.log INFO client.py                 82    logger_log                : PTS_LOGTYPE_MESSAGE Verdict Description 

+4063 ms
 HAP/HAUC/SGGIT/SER/BV-01-C Pairing process is done. Access is granted.

2025-12-20 23:49:04,609 LT1-callback ClientCallback.log INFO client.py                 82    logger_log                : PTS_LOGTYPE_MESSAGE Verdict Description 

+4063 ms
 HAP/HAUC/SGGIT/SER/BV-01-C LE Security procedures completed successfully.

2025-12-20 23:49:04,612 LT1-callback ClientCallback.log INFO client.py                 82    logger_log                : PTS_LOGTYPE_SEND_EVENT Send Event 

+4063 ms
 HAP/HAUC/SGGIT/SER/BV-01-C HCI!HCI_LE_READ_REMOTED_USED_FEATURES{
                           connHandle=0x0012
                         }
2025-12-20 23:49:04,614 LT1-callback ClientCallback.log INFO client.py                 82    logger_log                : PTS_LOGTYPE_RECEIVE_EVENT Receive Event 

+4266 ms
 HAP/HAUC/SGGIT/SER/BV-01-C HCI?HCI_LE_READ_REMOTE_USED_FEATURES_COMPLETE_EVENT{
                           status=HCI_OKhandle=0x0012,
                           leFeatures=0x00000121F700492D
                         }
2025-12-20 23:49:04,618 LT1-callback ClientCallback.log INFO client.py                 82    logger_log                : PTS_LOGTYPE_MESSAGE User Action Required 

+4266 ms
 HAP/HAUC/SGGIT/SER/BV-01-C MMI_20116 (MMI_Style_Ok_Cancel2=0x00011141): Please send command to the PTS to discover all mandatory characteristics of the Hearing Access supported by the IUT. Discover primary service if needed.



2025-12-20 23:49:04,620 LT1-callback ClientCallback.log INFO client.py                 82    logger_log                : PTS_LOGTYPE_RECEIVE_EVENT Receive Event 

+5313 ms
 HAP/HAUC/SGGIT/SER/BV-01-C ATT?ATT_READ_BY_TYPE_REQ{
                           lcid=0x1205,
                           startingHandle=0x0001,
                           endingHandle=0xFFFF,
                           attributeTypeSize=0x02,
                           attributeType=0x2803
                         }
2025-12-20 23:49:04,624 LT1-callback ClientCallback.log INFO client.py                 82    logger_log                : PTS_LOGTYPE_SEND_EVENT Send Event 

+5313 ms
 HAP/HAUC/SGGIT/SER/BV-01-C ATT!ATT_READ_BY_TYPE_RSP{
                           lcid=0x1205,
                           lengthOfHandleValuePair=0x07,
                           numberOfHandleValuePairs=0x08,
                           attributeHandle=0x0002,
                           				{
                             handle=0x0002
					value{
                               Properties=0x0A,
                               Handle=0x0003,
                               UUID=0x2A00
                             }

                           }
				{
                             handle=0x0004
					value{
                               Properties=0x0A,
                               Handle=0x0005,
                               UUID=0x2A01
                             }

                           }
				{
                             handle=0x0006
					value{
                               Properties=0x4E,
                               Handle=0x0007,
                               UUID=0x4509
                             }

                           }
				{
                             handle=0x0008
					value{
                               Properties=0x02,
                               Handle=0x0009,
                               UUID=0x2A04
                             }

                           }
				{
                             handle=0x000A
					value{
                               Properties=0x32,
                               Handle=0x000B,
                               UUID=0x2A19
                             }

                           }
				{
                             handle=0x000E
					value{
                               Properties=0x02,
                               Handle=0x000F,
                               UUID=0x2AA6
                             }

                           }
				{
                             handle=0x0041
					value{
                               Properties=0x20,
                               Handle=0x0042,
                               UUID=0x2A05
                             }

                           }
				{
                             handle=0x0044
					value{
                               Properties=0x0A,
                               Handle=0x0045,
                               UUID=0x2B29
                             }

                           }

                         }
2025-12-20 23:49:04,630 LT1-callback ClientCallback.log INFO client.py                 82    logger_log                : PTS_LOGTYPE_PRELIMINARY_VERDICT Preliminary Verdict 

+5313 ms
 HAP/HAUC/SGGIT/SER/BV-01-C PASS

2025-12-20 23:49:04,634 LT1-callback ClientCallback.log INFO client.py                 82    logger_log                : PTS_LOGTYPE_MESSAGE User Action Required 

+5328 ms
 HAP/HAUC/SGGIT/SER/BV-01-C MMI_20206 (MMI_Style_Yes_No1=0x00011044): Please verify that for each supported characteristic, attribute handle/UUID pair(s) is returned to the upper tester.Hearing Aid Features: Attribute Handle = 0x00D4
Characteristic Properties = 0x12
Handle = 0x00D5
UUID = 0x2BDA

Hearing Aid Preset Control Point: Attribute Handle = 0x00D1
Characteristic Properties = 0x38
Handle = 0x00D2
UUID = 0x2BDB

Active Preset Index: Attribute Handle = 0x00D7
Characteristic Properties = 0x12
Handle = 0x00D8
UUID = 0x2BDC



2025-12-20 23:49:04,638 LT1-callback ClientCallback.log INFO client.py                 82    logger_log                : PTS_LOGTYPE_RECEIVE_EVENT Receive Event 

+5453 ms
 HAP/HAUC/SGGIT/SER/BV-01-C ATT?ATT_READ_BY_TYPE_REQ{
                           lcid=0x1205,
                           startingHandle=0x0045,
                           endingHandle=0xFFFF,
                           attributeTypeSize=0x02,
                           attributeType=0x2803
                         }
2025-12-20 23:49:04,641 LT1-callback ClientCallback.log INFO client.py                 82    logger_log                : PTS_LOGTYPE_SEND_EVENT Send Event 

+5453 ms
 HAP/HAUC/SGGIT/SER/BV-01-C ATT!ATT_READ_BY_TYPE_RSP{
                           lcid=0x1205,
                           lengthOfHandleValuePair=0x07,
                           numberOfHandleValuePairs=0x08,
                           attributeHandle=0x0046,
                           				{
                             handle=0x0046
					value{
                               Properties=0x02,
                               Handle=0x0047,
                               UUID=0x2B3A
                             }

                           }
				{
                             handle=0x0081
					value{
                               Properties=0x02,
                               Handle=0x0082,
                               UUID=0x4509
                             }

                           }
				{
                             handle=0x0083
					value{
                               Properties=0x02,
                               Handle=0x0084,
                               UUID=0x2A23
                             }

                           }
				{
                             handle=0x0085
					value{
                               Properties=0x02,
                               Handle=0x0086,
                               UUID=0x2A24
                             }

                           }
				{
                             handle=0x0087
					value{
                               Properties=0x02,
                               Handle=0x0088,
                               UUID=0x2A25
                             }

                           }
				{
                             handle=0x0089
					value{
                               Properties=0x02,
                               Handle=0x008A,
                               UUID=0x2A26
                             }

                           }
				{
                             handle=0x008B
					value{
                               Properties=0x02,
                               Handle=0x008C,
                               UUID=0x2A27
                             }

                           }
				{
                             handle=0x008D
					value{
                               Properties=0x02,
                               Handle=0x008E,
                               UUID=0x2A28
                             }

                           }

                         }
2025-12-20 23:49:04,651 LT1-callback ClientCallback.log INFO client.py                 82    logger_log                : PTS_LOGTYPE_RECEIVE_EVENT Receive Event 

+5594 ms
 HAP/HAUC/SGGIT/SER/BV-01-C ATT?ATT_READ_BY_TYPE_REQ{
                           lcid=0x1205,
                           startingHandle=0x008E,
                           endingHandle=0xFFFF,
                           attributeTypeSize=0x02,
                           attributeType=0x2803
                         }
2025-12-20 23:49:04,654 LT1-callback ClientCallback.log INFO client.py                 82    logger_log                : PTS_LOGTYPE_SEND_EVENT Send Event 

+5594 ms
 HAP/HAUC/SGGIT/SER/BV-01-C ATT!ATT_READ_BY_TYPE_RSP{
                           lcid=0x1205,
                           lengthOfHandleValuePair=0x07,
                           numberOfHandleValuePairs=0x08,
                           attributeHandle=0x008F,
                           				{
                             handle=0x008F
					value{
                               Properties=0x02,
                               Handle=0x0090,
                               UUID=0x2A29
                             }

                           }
				{
                             handle=0x0091
					value{
                               Properties=0x02,
                               Handle=0x0092,
                               UUID=0x2A2A
                             }

                           }
				{
                             handle=0x0093
					value{
                               Properties=0x02,
                               Handle=0x0094,
                               UUID=0x2A50
                             }

                           }
				{
                             handle=0x0095
					value{
                               Properties=0x02,
                               Handle=0x0096,
                               UUID=0x3422
                             }

                           }
				{
                             handle=0x0098
					value{
                               Properties=0x02,
                               Handle=0x0099,
                               UUID=0x2BFF
                             }

                           }
				{
                             handle=0x00D1
					value{
                               Properties=0x38,
                               Handle=0x00D2,
                               UUID=0x2BDB
                             }

                           }
				{
                             handle=0x00D4
					value{
                               Properties=0x12,
                               Handle=0x00D5,
                               UUID=0x2BDA
                             }

                           }
				{
                             handle=0x00D7
					value{
                               Properties=0x12,
                               Handle=0x00D8,
                               UUID=0x2BDC
                             }

                           }

                         }
2025-12-20 23:49:04,661 LT1-callback ClientCallback.log INFO client.py                 82    logger_log                : PTS_LOGTYPE_RECEIVE_EVENT Receive Event 

+5735 ms
 HAP/HAUC/SGGIT/SER/BV-01-C ATT?ATT_FIND_INFO_REQ{
                           lcid=0x1205,
                           startingHandle=0x00D5,
                           endingHandle=0xFFFF
                         }
2025-12-20 23:49:04,666 LT1-callback ClientCallback.log INFO client.py                 82    logger_log                : PTS_LOGTYPE_SEND_EVENT Send Event 

+5735 ms
 HAP/HAUC/SGGIT/SER/BV-01-C ATT!ATT_FIND_INFO_RSP{
                           lcid=0x1205,
                           format=0x01,
                           numberOfHandleValuePairs=0x0F,
                           				{
                             handle=0x00D5,
                             uuid=0x2BDA
					
                           }				{
                             handle=0x00D6,
                             uuid=0x2902
					
                           }				{
                             handle=0x00D7,
                             uuid=0x2803
					
                           }				{
                             handle=0x00D8,
                             uuid=0x2BDC
					
                           }				{
                             handle=0x00D9,
                             uuid=0x2902
					
                           }				{
                             handle=0x0110,
                             uuid=0x2800
					
                           }				{
                             handle=0x0111,
                             uuid=0x2803
					
                           }				{
                             handle=0x0112,
                             uuid=0x2BC9
					
                           }				{
                             handle=0x0113,
                             uuid=0x2902
					
                           }				{
                             handle=0x0114,
                             uuid=0x2803
					
                           }				{
                             handle=0x0115,
                             uuid=0x2BCA
					
                           }				{
                             handle=0x0116,
                             uuid=0x2902
					
                           }				{
                             handle=0x0117,
                             uuid=0x2803
					
                           }				{
                             handle=0x0118,
                             uuid=0x2BCB
					
                           }				{
                             handle=0x0119,
                             uuid=0x2902
					
                           }
                         }
2025-12-20 23:49:04,672 LT1-callback ClientCallback.log INFO client.py                 82    logger_log                : PTS_LOGTYPE_RECEIVE_EVENT Receive Event 

+5875 ms
 HAP/HAUC/SGGIT/SER/BV-01-C ATT?ATT_WRITE_IND{
                           lcid=0x1205,
                           attributeHandle=0x00D6,
                           length=0x0002,
                           value=0x0001
                         }
2025-12-20 23:49:04,677 LT1-callback ClientCallback.log INFO client.py                 82    logger_log                : PTS_LOGTYPE_SEND_EVENT Send Event 

+5875 ms
 HAP/HAUC/SGGIT/SER/BV-01-C ATT!ATT_WRITE_RSP{
                           lcid=0x1205,
                           value{
                             Properties=0x0001
                           }

                         }
2025-12-20 23:49:04,680 LT1-callback ClientCallback.log INFO client.py                 82    logger_log                : PTS_LOGTYPE_RECEIVE_EVENT Receive Event 

+6016 ms
 HAP/HAUC/SGGIT/SER/BV-01-C ATT?ATT_READ_REQ{
                           lcid=0x1205,
                           attributeHandle=0x00D5
                         }
2025-12-20 23:49:04,683 LT1-callback ClientCallback.log INFO client.py                 82    logger_log                : PTS_LOGTYPE_SEND_EVENT Send Event 

+6016 ms
 HAP/HAUC/SGGIT/SER/BV-01-C ATT!ATT_READ_RSP{
                           lcid=0x1205,
                           length=0x01,
                           value{
                             FieldName=DefaultValue,
                             FieldType=OctetString
                           }

                         }
2025-12-20 23:49:04,686 LT1-callback ClientCallback.log INFO client.py                 82    logger_log                : PTS_LOGTYPE_RECEIVE_EVENT Receive Event 

+6157 ms
 HAP/HAUC/SGGIT/SER/BV-01-C ATT?ATT_READ_BY_TYPE_REQ{
                           lcid=0x1205,
                           startingHandle=0x0001,
                           endingHandle=0xFFFF,
                           attributeTypeSize=0x02,
                           attributeType=0x2803
                         }
2025-12-20 23:49:04,689 LT1-callback ClientCallback.log INFO client.py                 82    logger_log                : PTS_LOGTYPE_SEND_EVENT Send Event 

+6157 ms
 HAP/HAUC/SGGIT/SER/BV-01-C ATT!ATT_READ_BY_TYPE_RSP{
                           lcid=0x1205,
                           lengthOfHandleValuePair=0x07,
                           numberOfHandleValuePairs=0x08,
                           attributeHandle=0x0002,
                           				{
                             handle=0x0002
					value{
                               Properties=0x0A,
                               Handle=0x0003,
                               UUID=0x2A00
                             }

                           }
				{
                             handle=0x0004
					value{
                               Properties=0x0A,
                               Handle=0x0005,
                               UUID=0x2A01
                             }

                           }
				{
                             handle=0x0006
					value{
                               Properties=0x4E,
                               Handle=0x0007,
                               UUID=0x4509
                             }

                           }
				{
                             handle=0x0008
					value{
                               Properties=0x02,
                               Handle=0x0009,
                               UUID=0x2A04
                             }

                           }
				{
                             handle=0x000A
					value{
                               Properties=0x32,
                               Handle=0x000B,
                               UUID=0x2A19
                             }

                           }
				{
                             handle=0x000E
					value{
                               Properties=0x02,
                               Handle=0x000F,
                               UUID=0x2AA6
                             }

                           }
				{
                             handle=0x0041
					value{
                               Properties=0x20,
                               Handle=0x0042,
                               UUID=0x2A05
                             }

                           }
				{
                             handle=0x0044
					value{
                               Properties=0x0A,
                               Handle=0x0045,
                               UUID=0x2B29
                             }

                           }

                         }
2025-12-20 23:49:04,696 LT1-callback ClientCallback.log INFO client.py                 82    logger_log                : PTS_LOGTYPE_RECEIVE_EVENT Receive Event 

+6297 ms
 HAP/HAUC/SGGIT/SER/BV-01-C ATT?ATT_READ_BY_TYPE_REQ{
                           lcid=0x1205,
                           startingHandle=0x0045,
                           endingHandle=0xFFFF,
                           attributeTypeSize=0x02,
                           attributeType=0x2803
                         }
2025-12-20 23:49:04,702 LT1-callback ClientCallback.log INFO client.py                 82    logger_log                : PTS_LOGTYPE_SEND_EVENT Send Event 

+6297 ms
 HAP/HAUC/SGGIT/SER/BV-01-C ATT!ATT_READ_BY_TYPE_RSP{
                           lcid=0x1205,
                           lengthOfHandleValuePair=0x07,
                           numberOfHandleValuePairs=0x08,
                           attributeHandle=0x0046,
                           				{
                             handle=0x0046
					value{
                               Properties=0x02,
                               Handle=0x0047,
                               UUID=0x2B3A
                             }

                           }
				{
                             handle=0x0081
					value{
                               Properties=0x02,
                               Handle=0x0082,
                               UUID=0x4509
                             }

                           }
				{
                             handle=0x0083
					value{
                               Properties=0x02,
                               Handle=0x0084,
                               UUID=0x2A23
                             }

                           }
				{
                             handle=0x0085
					value{
                               Properties=0x02,
                               Handle=0x0086,
                               UUID=0x2A24
                             }

                           }
				{
                             handle=0x0087
					value{
                               Properties=0x02,
                               Handle=0x0088,
                               UUID=0x2A25
                             }

                           }
				{
                             handle=0x0089
					value{
                               Properties=0x02,
                               Handle=0x008A,
                               UUID=0x2A26
                             }

                           }
				{
                             handle=0x008B
					value{
                               Properties=0x02,
                               Handle=0x008C,
                               UUID=0x2A27
                             }

                           }
				{
                             handle=0x008D
					value{
                               Properties=0x02,
                               Handle=0x008E,
                               UUID=0x2A28
                             }

                           }

                         }
2025-12-20 23:49:04,709 LT1-callback ClientCallback.log INFO client.py                 82    logger_log                : PTS_LOGTYPE_RECEIVE_EVENT Receive Event 

+6438 ms
 HAP/HAUC/SGGIT/SER/BV-01-C ATT?ATT_READ_BY_TYPE_REQ{
                           lcid=0x1205,
                           startingHandle=0x008E,
                           endingHandle=0xFFFF,
                           attributeTypeSize=0x02,
                           attributeType=0x2803
                         }
2025-12-20 23:49:04,713 LT1-callback ClientCallback.log INFO client.py                 82    logger_log                : PTS_LOGTYPE_SEND_EVENT Send Event 

+6438 ms
 HAP/HAUC/SGGIT/SER/BV-01-C ATT!ATT_READ_BY_TYPE_RSP{
                           lcid=0x1205,
                           lengthOfHandleValuePair=0x07,
                           numberOfHandleValuePairs=0x08,
                           attributeHandle=0x008F,
                           				{
                             handle=0x008F
					value{
                               Properties=0x02,
                               Handle=0x0090,
                               UUID=0x2A29
                             }

                           }
				{
                             handle=0x0091
					value{
                               Properties=0x02,
                               Handle=0x0092,
                               UUID=0x2A2A
                             }

                           }
				{
                             handle=0x0093
					value{
                               Properties=0x02,
                               Handle=0x0094,
                               UUID=0x2A50
                             }

                           }
				{
                             handle=0x0095
					value{
                               Properties=0x02,
                               Handle=0x0096,
                               UUID=0x3422
                             }

                           }
				{
                             handle=0x0098
					value{
                               Properties=0x02,
                               Handle=0x0099,
                               UUID=0x2BFF
                             }

                           }
				{
                             handle=0x00D1
					value{
                               Properties=0x38,
                               Handle=0x00D2,
                               UUID=0x2BDB
                             }

                           }
				{
                             handle=0x00D4
					value{
                               Properties=0x12,
                               Handle=0x00D5,
                               UUID=0x2BDA
                             }

                           }
				{
                             handle=0x00D7
					value{
                               Properties=0x12,
                               Handle=0x00D8,
                               UUID=0x2BDC
                             }

                           }

                         }
2025-12-20 23:49:04,720 LT1-callback ClientCallback.log INFO client.py                 82    logger_log                : PTS_LOGTYPE_RECEIVE_EVENT Receive Event 

+6578 ms
 HAP/HAUC/SGGIT/SER/BV-01-C ATT?ATT_FIND_INFO_REQ{
                           lcid=0x1205,
                           startingHandle=0x00D2,
                           endingHandle=0xFFFF
                         }
2025-12-20 23:49:04,725 LT1-callback ClientCallback.log INFO client.py                 82    logger_log                : PTS_LOGTYPE_SEND_EVENT Send Event 

+6578 ms
 HAP/HAUC/SGGIT/SER/BV-01-C ATT!ATT_FIND_INFO_RSP{
                           lcid=0x1205,
                           format=0x01,
                           numberOfHandleValuePairs=0x0F,
                           				{
                             handle=0x00D2,
                             uuid=0x2BDB
					
                           }				{
                             handle=0x00D3,
                             uuid=0x2902
					
                           }				{
                             handle=0x00D4,
                             uuid=0x2803
					
                           }				{
                             handle=0x00D5,
                             uuid=0x2BDA
					
                           }				{
                             handle=0x00D6,
                             uuid=0x2902
					
                           }				{
                             handle=0x00D7,
                             uuid=0x2803
					
                           }				{
                             handle=0x00D8,
                             uuid=0x2BDC
					
                           }				{
                             handle=0x00D9,
                             uuid=0x2902
					
                           }				{
                             handle=0x0110,
                             uuid=0x2800
					
                           }				{
                             handle=0x0111,
                             uuid=0x2803
					
                           }				{
                             handle=0x0112,
                             uuid=0x2BC9
					
                           }				{
                             handle=0x0113,
                             uuid=0x2902
					
                           }				{
                             handle=0x0114,
                             uuid=0x2803
					
                           }				{
                             handle=0x0115,
                             uuid=0x2BCA
					
                           }				{
                             handle=0x0116,
                             uuid=0x2902
					
                           }
                         }
2025-12-20 23:49:04,731 LT1-callback ClientCallback.log INFO client.py                 82    logger_log                : PTS_LOGTYPE_RECEIVE_EVENT Receive Event 

+6719 ms
 HAP/HAUC/SGGIT/SER/BV-01-C ATT?ATT_WRITE_IND{
                           lcid=0x1205,
                           attributeHandle=0x00D3,
                           length=0x0002,
                           value=0x0003
                         }
2025-12-20 23:49:04,735 LT1-callback ClientCallback.log INFO client.py                 82    logger_log                : PTS_LOGTYPE_SEND_EVENT Send Event 

+6719 ms
 HAP/HAUC/SGGIT/SER/BV-01-C ATT!ATT_WRITE_RSP{
                           lcid=0x1205,
                           value{
                             Properties=0x0003
                           }

                         }
2025-12-20 23:49:04,738 LT1-callback ClientCallback.log INFO client.py                 82    logger_log                : PTS_LOGTYPE_RECEIVE_EVENT Receive Event 

+6860 ms
 HAP/HAUC/SGGIT/SER/BV-01-C ATT?ATT_READ_BY_TYPE_REQ{
                           lcid=0x1205,
                           startingHandle=0x0001,
                           endingHandle=0xFFFF,
                           attributeTypeSize=0x02,
                           attributeType=0x2BDC
                         }
2025-12-20 23:49:04,742 LT1-callback ClientCallback.log INFO client.py                 82    logger_log                : PTS_LOGTYPE_SEND_EVENT Send Event 

+6860 ms
 HAP/HAUC/SGGIT/SER/BV-01-C ATT!ATT_READ_BY_TYPE_RSP{
                           lcid=0x1205,
                           lengthOfHandleValuePair=0x03,
                           numberOfHandleValuePairs=0x01,
                           attributeHandle=0x00D8,
                           				{
                             handle=0x00D8
					value{
                               FieldName=DefaultValue,
                               FieldType=OctetString
                             }

                           }

                         }
2025-12-20 23:49:04,745 LT1-callback ClientCallback.log INFO client.py                 82    logger_log                : PTS_LOGTYPE_RECEIVE_EVENT Receive Event 

+7000 ms
 HAP/HAUC/SGGIT/SER/BV-01-C ATT?ATT_FIND_INFO_REQ{
                           lcid=0x1205,
                           startingHandle=0x00D8,
                           endingHandle=0xFFFF
                         }
2025-12-20 23:49:04,749 LT1-callback ClientCallback.log INFO client.py                 82    logger_log                : PTS_LOGTYPE_SEND_EVENT Send Event 

+7000 ms
 HAP/HAUC/SGGIT/SER/BV-01-C ATT!ATT_FIND_INFO_RSP{
                           lcid=0x1205,
                           format=0x01,
                           numberOfHandleValuePairs=0x0F,
                           				{
                             handle=0x00D8,
                             uuid=0x2BDC
					
                           }				{
                             handle=0x00D9,
                             uuid=0x2902
					
                           }				{
                             handle=0x0110,
                             uuid=0x2800
					
                           }				{
                             handle=0x0111,
                             uuid=0x2803
					
                           }				{
                             handle=0x0112,
                             uuid=0x2BC9
					
                           }				{
                             handle=0x0113,
                             uuid=0x2902
					
                           }				{
                             handle=0x0114,
                             uuid=0x2803
					
                           }				{
                             handle=0x0115,
                             uuid=0x2BCA
					
                           }				{
                             handle=0x0116,
                             uuid=0x2902
					
                           }				{
                             handle=0x0117,
                             uuid=0x2803
					
                           }				{
                             handle=0x0118,
                             uuid=0x2BCB
					
                           }				{
                             handle=0x0119,
                             uuid=0x2902
					
                           }				{
                             handle=0x011A,
                             uuid=0x2803
					
                           }				{
                             handle=0x011B,
                             uuid=0x2BCC
					
                           }				{
                             handle=0x011C,
                             uuid=0x2902
					
                           }
                         }
2025-12-20 23:49:04,755 LT1-callback ClientCallback.log INFO client.py                 82    logger_log                : PTS_LOGTYPE_RECEIVE_EVENT Receive Event 

+7141 ms
 HAP/HAUC/SGGIT/SER/BV-01-C ATT?ATT_WRITE_IND{
                           lcid=0x1205,
                           attributeHandle=0x00D9,
                           length=0x0002,
                           value=0x0001
                         }
2025-12-20 23:49:04,761 LT1-callback ClientCallback.log INFO client.py                 82    logger_log                : PTS_LOGTYPE_SEND_EVENT Send Event 

+7141 ms
 HAP/HAUC/SGGIT/SER/BV-01-C ATT!ATT_WRITE_RSP{
                           lcid=0x1205,
                           value{
                             Properties=0x0001
                           }

                         }
2025-12-20 23:49:04,764 LT1-callback ClientCallback.log INFO client.py                 82    logger_log                : PTS_LOGTYPE_PRELIMINARY_VERDICT Preliminary Verdict 

+8282 ms
 HAP/HAUC/SGGIT/SER/BV-01-C PASS

2025-12-20 23:49:04,767 LT1-callback ClientCallback.log INFO client.py                 82    logger_log                : PTS_LOGTYPE_SEND_EVENT Send Event 

+9610 ms
 HAP/HAUC/SGGIT/SER/BV-01-C HCI!GET_CONNECTION_HANDLE{
                           addr=0xD5B6CC31DB3B,
                           addr_type=0x01,
                           conn_handle=0x0012
                         }
2025-12-20 23:49:04,770 LT1-callback ClientCallback.log INFO client.py                 82    logger_log                : PTS_LOGTYPE_SEND_EVENT Send Event 

+9610 ms
 HAP/HAUC/SGGIT/SER/BV-01-C HCI!HCI_DISCONNECT{
                           connectionHandle=0x0012,
                           reason=HCI_REMOTE_USER_TERMINATED_CONNECTION
                         }
2025-12-20 23:49:04,773 LT1-callback ClientCallback.log INFO client.py                 82    logger_log                : PTS_LOGTYPE_RECEIVE_EVENT Receive Event 

+9610 ms
 HAP/HAUC/SGGIT/SER/BV-01-C HCI?HCI_DISCONNECT_STATUS_EVENT{
                           status=HCI_OK
                         }
2025-12-20 23:49:04,776 LT1-callback ClientCallback.log INFO client.py                 82    logger_log                : PTS_LOGTYPE_RECEIVE_EVENT Receive Event 

+9719 ms
 HAP/HAUC/SGGIT/SER/BV-01-C ATT?ATT_DISCONNECT_IND{
                           lcid=0x1205
                         }
2025-12-20 23:49:04,779 LT1-callback ClientCallback.log INFO client.py                 82    logger_log                : PTS_LOGTYPE_RECEIVE_EVENT Receive Event 

+9735 ms
 HAP/HAUC/SGGIT/SER/BV-01-C HCI?HCI_DISCONNECTION_COMPLETE_EVENT{
                           status=HCI_OK,
                           connectionHandle=0x0012,
                           reason=HCI_CONNECTION_TERMINATED_BY_LOCAL_HOST
                         }
2025-12-20 23:49:04,782 LT1-callback ClientCallback.log INFO client.py                 82    logger_log                : PTS_LOGTYPE_MESSAGE Verdict Description 

+9735 ms
 HAP/HAUC/SGGIT/SER/BV-01-C Received HCI disconnection event. Handle = 0x0012

2025-12-20 23:49:04,784 LT1-callback ClientCallback.log INFO client.py                 82    logger_log                : PTS_LOGTYPE_MESSAGE Verdict Description 

+9735 ms
 HAP/HAUC/SGGIT/SER/BV-01-C Connection terminated successfully.

2025-12-20 23:49:04,787 LT1-callback ClientCallback.log INFO client.py                 82    logger_log                : PTS_LOGTYPE_SEND_EVENT Send Event 

+9735 ms
 HAP/HAUC/SGGIT/SER/BV-01-C HCI!HCI_RESET
2025-12-20 23:49:04,790 LT1-callback ClientCallback.log INFO client.py                 82    logger_log                : PTS_LOGTYPE_RECEIVE_EVENT Receive Event 

+9735 ms
 HAP/HAUC/SGGIT/SER/BV-01-C HCI?HCI_RESET_COMPLETE_EVENT{
                           status=HCI_OK
                         }
2025-12-20 23:49:04,793 LT1-callback ClientCallback.log INFO client.py                 82    logger_log                : PTS_LOGTYPE_RECEIVE_EVENT Receive Event 

+10735 ms
 HAP/HAUC/SGGIT/SER/BV-01-C HCI?HCI_RESET_COMPLETE_EVENT{
                           status=HCI_OK
                         }
2025-12-20 23:49:04,796 LT1-callback ClientCallback.log INFO client.py                 82    logger_log                : PTS_LOGTYPE_FINAL_VERDICT Final Verdict 

+12297 ms
 HAP/HAUC/SGGIT/SER/BV-01-C PASS

2025-12-20 23:49:04,798 LT1-callback ClientCallback.log INFO client.py                 82    logger_log                : PTS_LOGTYPE_FINAL_VERDICT Encrypted Verdict 

+12297 ms
 HAP/HAUC/SGGIT/SER/BV-01-C A1#ZWY4MzQ5MDg3MmQwNTIxOGQzMzQ5YjY2ODA5M2MzNjQ5ZDY4NmY0Yjc2MzIzM2VkNTUyNTFhNGU4Mjg1MjI0NA==#dH+lIqk7lEHzGbemaMiHyLowIfqrBaJIWaCLP0Z7oPtDAEfiMpmKoHQcNHlriMrSqw1gyv9gIxc=

2025-12-20 23:49:04,801 LT1-callback ClientCallback.log INFO client.py                 82    logger_log                : PTS_LOGTYPE_END_TEST Test Case Ended 

+12297 ms
 HAP/HAUC/SGGIT/SER/BV-01-C HAP/HAUC/SGGIT/SER/BV-01-C

2025-12-20 23:49:04,859 LT1-callback root DEBUG client.py                 82    logger_log                : ClientCallback, set_result, run_test_case, PASS
2025-12-20 23:49:04,860 LT1-thread root DEBUG client.py                 82    logger_log                : After run_test_case error_code=0 status='PASS'
2025-12-20 23:49:04,860 LT1-thread root DEBUG client.py                 82    logger_log                : post_run HAP HAP/HAUC/SGGIT/SER/BV-01-C 0
2025-12-20 23:49:04,860 LT1-thread root DEBUG client.py                 82    logger_log                : Starting test function: class=<class 'autopts.ptsprojects.testcase.TestFuncCleanUp'>, func=<bound method Stack.cleanup of <autopts.ptsprojects.stack.stack.Stack object at 0x7bd5cda0abd0>> start_wid=None stop_wid=None post_wid=None skip_call=None call_count=1 args=() kwds={}
2025-12-20 23:49:04,860 LT1-thread root DEBUG client.py                 82    logger_log                : Test function parameters: args=(), kwds={}
2025-12-20 23:49:04,861 LT1-thread root DEBUG client.py                 82    logger_log                : Starting test function: class=<class 'autopts.ptsprojects.testcase.TestFuncCleanUp'>, func=<bound method ZephyrCtl.stop of <autopts.ptsprojects.zephyr.iutctl.ZephyrCtl object at 0x7bd5cda922d0>> start_wid=None stop_wid=None post_wid=None skip_call=None call_count=1 args=() kwds={}
2025-12-20 23:49:04,861 LT1-thread root DEBUG client.py                 82    logger_log                : Test function parameters: args=(), kwds={}
2025-12-20 23:49:04,861 LT1-thread root DEBUG client.py                 82    logger_log                : <class 'autopts.ptsprojects.zephyr.iutctl.ZephyrCtl'>.stop
2025-12-20 23:49:04,861 LT1-thread root DEBUG client.py                 82    logger_log                : gap_set_powered_off
2025-12-20 23:49:04,861 LT1-thread root DEBUG client.py                 82    logger_log                : send, 1 5 0 '0'
2025-12-20 23:49:04,861 LT1-thread root DEBUG client.py                 82    logger_log                : sending frame '010500010000'
2025-12-20 23:49:04,861 LT1-thread root DEBUG client.py                 82    logger_log                : gap_command_rsp_succ
2025-12-20 23:49:04,861 LT1-thread root DEBUG client.py                 82    logger_log                : read
2025-12-20 23:49:04,883 BTPWorkerThread-33849 (_rx_task) root DEBUG client.py                 82    logger_log                : Read 5 bytes
2025-12-20 23:49:04,883 BTPWorkerThread-33849 (_rx_task) root DEBUG client.py                 82    logger_log                : Received: hdr: Header(svc_id=0x01, op=0x05, ctrl_index=0x00, data_len=0x04) bytearray(b'\x01\x05\x00\x04\x00')
2025-12-20 23:49:04,883 BTPWorkerThread-33849 (_rx_task) root DEBUG client.py                 82    logger_log                : Read 4 bytes data
2025-12-20 23:49:04,883 BTPWorkerThread-33849 (_rx_task) root DEBUG client.py                 82    logger_log                : Received data: {'12 82 00 00'}, bytearray(b'\x12\x82\x00\x00')
2025-12-20 23:49:04,884 LT1-thread root DEBUG client.py                 82    logger_log                : received Header(svc_id=1, op=5, ctrl_index=0, data_len=4) (b'\x12\x82\x00\x00',)
2025-12-20 23:49:04,884 LT1-thread root DEBUG client.py                 82    logger_log                : __gap_current_settings_update (b'\x12\x82\x00\x00',)
2025-12-20 23:49:04,884 LT1-thread root DEBUG client.py                 82    logger_log                : Waiting for _rx_worker to finish ...
2025-12-20 23:49:05,884 LT1-thread root DEBUG client.py                 82    logger_log                : Waiting for _rx_worker to finish ...
2025-12-20 23:49:05,885 BTPWorkerThread-33849 (_rx_task) root DEBUG client.py                 82    logger_log                : BTPWorkerThread-33849 (_rx_task) finishing...
2025-12-20 23:49:05,893 LT1-thread root DEBUG client.py                 82    logger_log                : <class 'autopts.rtt.BTMON'>.stop
2025-12-20 23:49:05,894 LT1-thread root DEBUG client.py                 82    logger_log                : <class 'autopts.rtt.RTT'>.stop
2025-12-20 23:49:08,895 LT1-thread root DEBUG client.py                 82    logger_log                : post_run, cleanup running post test case script
2025-12-20 23:49:08,895 LT1-thread root DEBUG client.py                 82    logger_log                : post_run, run post test case script
2025-12-20 23:49:08,912 LT1-thread root DEBUG client.py                 82    logger_log                : Done TestCase _run_test_case HAP HAP/HAUC/SGGIT/SER/BV-01-C
