2024-06-24 02:54:44,729 LT1-thread root DEBUG client.py                 942   _run_test_case            : Starting TestCase _run_test_case DFU DFU/SR/FU/BV-09-C
2024-06-24 02:54:44,729 LT1-thread root DEBUG testcase.py               712   pre_run                   : pre_run DFU DFU/SR/FU/BV-09-C
2024-06-24 02:54:44,729 LT1-thread root DEBUG testcase.py               714   pre_run                   : About to run test case DFU DFU/SR/FU/BV-09-C with commands:
2024-06-24 02:54:44,729 LT1-thread root DEBUG testcase.py               717   pre_run                   : 0) class=<class 'autopts.ptsprojects.testcase.TestFunc'>, func=<bound method Stack.core_init of <autopts.ptsprojects.stack.stack.Stack object at 0x7fab37d3f070>> start_wid=None stop_wid=None post_wid=None skip_call=None call_count=0 args=() kwds={}
2024-06-24 02:54:44,730 LT1-thread root DEBUG testcase.py               717   pre_run                   : 1) class=<class 'autopts.ptsprojects.testcase.TestFunc'>, func=<bound method ZephyrCtl.hw_reset of <autopts.ptsprojects.zephyr.iutctl.ZephyrCtl object at 0x7fab37d3fa30>> start_wid=None stop_wid=None post_wid=None skip_call=None call_count=0 args=() kwds={}
2024-06-24 02:54:44,730 LT1-thread root DEBUG testcase.py               717   pre_run                   : 2) class=<class 'autopts.ptsprojects.testcase.TestFunc'>, func=<bound method ZephyrCtl.start of <autopts.ptsprojects.zephyr.iutctl.ZephyrCtl object at 0x7fab37d3fa30>> start_wid=None stop_wid=None post_wid=None skip_call=None call_count=0 args=(<autopts.ptsprojects.zephyr.ztestcase.ZTestCase object at 0x7fab35d4bbb0>,) kwds={}
2024-06-24 02:54:44,730 LT1-thread root DEBUG testcase.py               717   pre_run                   : 3) class=<class 'autopts.ptsprojects.testcase.TestFunc'>, func=<bound method ZephyrCtl.hw_reset of <autopts.ptsprojects.zephyr.iutctl.ZephyrCtl object at 0x7fab37d3fa30>> start_wid=None stop_wid=None post_wid=None skip_call=None call_count=0 args=() kwds={}
2024-06-24 02:54:44,730 LT1-thread root DEBUG testcase.py               717   pre_run                   : 4) class=<class 'autopts.ptsprojects.testcase.TestFunc'>, func=<bound method ZephyrCtl.wait_iut_ready_event of <autopts.ptsprojects.zephyr.iutctl.ZephyrCtl object at 0x7fab37d3fa30>> start_wid=None stop_wid=None post_wid=None skip_call=None call_count=0 args=(False,) kwds={}
2024-06-24 02:54:44,730 LT1-thread root DEBUG testcase.py               717   pre_run                   : 5) class=<class 'autopts.ptsprojects.testcase.TestFunc'>, func=<function core_reg_svc_gap at 0x7fab3a921120> start_wid=None stop_wid=None post_wid=None skip_call=None call_count=77 args=() kwds={}
2024-06-24 02:54:44,730 LT1-thread root DEBUG testcase.py               717   pre_run                   : 6) class=<class 'autopts.ptsprojects.testcase.TestFunc'>, func=<function core_reg_svc_mesh at 0x7fab3a921480> start_wid=None stop_wid=None post_wid=None skip_call=None call_count=77 args=() kwds={}
2024-06-24 02:54:44,730 LT1-thread root DEBUG testcase.py               717   pre_run                   : 7) class=<class 'autopts.ptsprojects.testcase.TestFunc'>, func=<function mesh_init at 0x7fab3a94eb00> start_wid=None stop_wid=None post_wid=None skip_call=None call_count=69 args=() kwds={}
2024-06-24 02:54:44,730 LT1-thread root DEBUG testcase.py               717   pre_run                   : 8) class=<class 'autopts.ptsprojects.testcase.TestFunc'>, func=<function core_reg_svc_mmdl at 0x7fab3a9215a0> start_wid=None stop_wid=None post_wid=None skip_call=None call_count=69 args=() kwds={}
2024-06-24 02:54:44,730 LT1-thread root DEBUG testcase.py               717   pre_run                   : 9) class=<class 'autopts.ptsprojects.testcase.TestFunc'>, func=<function gap_read_ctrl_info at 0x7fab3a93d090> start_wid=None stop_wid=None post_wid=None skip_call=None call_count=69 args=() kwds={}
2024-06-24 02:54:44,730 LT1-thread root DEBUG testcase.py               717   pre_run                   : 10) class=<class 'autopts.ptsprojects.testcase.TestFunc'>, func=<bound method Stack.gap_init of <autopts.ptsprojects.stack.stack.Stack object at 0x7fab37d3f070>> start_wid=None stop_wid=None post_wid=None skip_call=None call_count=69 args=(b'Tester_56C9EF',) kwds={}
2024-06-24 02:54:44,730 LT1-thread root DEBUG testcase.py               717   pre_run                   : 11) class=<class 'autopts.ptsprojects.testcase.TestFunc'>, func=<bound method Stack.mesh_init of <autopts.ptsprojects.stack.stack.Stack object at 0x7fab37d3f070>> start_wid=None stop_wid=None post_wid=None skip_call=None call_count=69 args=(b'd7dc64afdad3467cb7320d82d797f8a7', b'd70523687403473fa3582675b494d275') kwds={}
2024-06-24 02:54:44,730 LT1-thread root DEBUG testcase.py               717   pre_run                   : 12) class=<class 'autopts.ptsprojects.testcase.TestFunc'>, func=<function test_cases.<locals>.<lambda> at 0x7fab35ff8e50> start_wid=None stop_wid=None post_wid=None skip_call=None call_count=69 args=() kwds={}
2024-06-24 02:54:44,730 LT1-thread root DEBUG testcase.py               717   pre_run                   : 13) class=<class 'autopts.ptsprojects.testcase.TestFunc'>, func=<function test_cases.<locals>.<lambda> at 0x7fab35ff8ee0> start_wid=None stop_wid=None post_wid=None skip_call=None call_count=69 args=() kwds={}
2024-06-24 02:54:44,730 LT1-thread root DEBUG testcase.py               717   pre_run                   : 14) class=<class 'autopts.ptsprojects.testcase.TestFunc'>, func=<function test_cases.<locals>.<lambda> at 0x7fab35ff8f70> start_wid=None stop_wid=None post_wid=None skip_call=None call_count=69 args=() kwds={}
2024-06-24 02:54:44,730 LT1-thread root DEBUG testcase.py               717   pre_run                   : 15) class=<class 'autopts.ptsprojects.testcase.TestFunc'>, func=<function test_cases.<locals>.<lambda> at 0x7fab35ff9000> start_wid=None stop_wid=None post_wid=None skip_call=None call_count=69 args=() kwds={}
2024-06-24 02:54:44,730 LT1-thread root DEBUG testcase.py               717   pre_run                   : 16) class=<class 'autopts.ptsprojects.testcase.TestFunc'>, func=<function test_cases.<locals>.<lambda> at 0x7fab35ff9090> start_wid=None stop_wid=None post_wid=None skip_call=None call_count=69 args=() kwds={}
2024-06-24 02:54:44,730 LT1-thread root DEBUG testcase.py               717   pre_run                   : 17) class=<class 'autopts.ptsprojects.testcase.TestFunc'>, func=<function test_cases.<locals>.<lambda> at 0x7fab35ff9120> start_wid=None stop_wid=None post_wid=None skip_call=None call_count=69 args=() kwds={}
2024-06-24 02:54:44,730 LT1-thread root DEBUG testcase.py               717   pre_run                   : 18) class=<class 'autopts.ptsprojects.testcase.TestFuncCleanUp'>, func=<bound method Stack.cleanup of <autopts.ptsprojects.stack.stack.Stack object at 0x7fab37d3f070>> start_wid=None stop_wid=None post_wid=None skip_call=None call_count=0 args=() kwds={}
2024-06-24 02:54:44,730 LT1-thread root DEBUG testcase.py               717   pre_run                   : 19) class=<class 'autopts.ptsprojects.testcase.TestFuncCleanUp'>, func=<bound method ZephyrCtl.stop of <autopts.ptsprojects.zephyr.iutctl.ZephyrCtl object at 0x7fab37d3fa30>> start_wid=None stop_wid=None post_wid=None skip_call=None call_count=0 args=() kwds={}
2024-06-24 02:54:44,730 LT1-thread root DEBUG testcase.py               724   pre_run                   : pre_run, run pre test case script
2024-06-24 02:54:44,731 LT1-thread root DEBUG testcase.py               253   start                     : Starting test function: class=<class 'autopts.ptsprojects.testcase.TestFunc'>, func=<bound method Stack.core_init of <autopts.ptsprojects.stack.stack.Stack object at 0x7fab37d3f070>> start_wid=None stop_wid=None post_wid=None skip_call=None call_count=1 args=() kwds={}
2024-06-24 02:54:44,731 LT1-thread root DEBUG testcase.py               265   start                     : Test function parameters: args=(), kwds={}
2024-06-24 02:54:44,731 LT1-thread root DEBUG testcase.py               253   start                     : Starting test function: class=<class 'autopts.ptsprojects.testcase.TestFunc'>, func=<bound method ZephyrCtl.hw_reset of <autopts.ptsprojects.zephyr.iutctl.ZephyrCtl object at 0x7fab37d3fa30>> start_wid=None stop_wid=None post_wid=None skip_call=None call_count=1 args=() kwds={}
2024-06-24 02:54:44,731 LT1-thread root DEBUG testcase.py               265   start                     : Test function parameters: args=(), kwds={}
2024-06-24 02:54:44,731 LT1-thread root DEBUG testcase.py               253   start                     : Starting test function: class=<class 'autopts.ptsprojects.testcase.TestFunc'>, func=<bound method ZephyrCtl.start of <autopts.ptsprojects.zephyr.iutctl.ZephyrCtl object at 0x7fab37d3fa30>> start_wid=None stop_wid=None post_wid=None skip_call=None call_count=1 args=(<autopts.ptsprojects.zephyr.ztestcase.ZTestCase object at 0x7fab35d4bbb0>,) kwds={}
2024-06-24 02:54:44,731 LT1-thread root DEBUG testcase.py               265   start                     : Test function parameters: args=(<autopts.ptsprojects.zephyr.ztestcase.ZTestCase object at 0x7fab35d4bbb0>,), kwds={}
2024-06-24 02:54:44,731 LT1-thread root DEBUG iutctl.py                 104   start                     : <class 'autopts.ptsprojects.zephyr.iutctl.ZephyrCtl'>.start
2024-06-24 02:54:44,731 LT1-thread root DEBUG iutctl.py                 169   flush_serial              : <class 'autopts.ptsprojects.zephyr.iutctl.ZephyrCtl'>.flush_serial
2024-06-24 02:54:45,734 LT1-thread root DEBUG iutctl.py                 134   start                     : Starting socat process: socat -x -v /dev/ttyACM2,rawer,b115200 UNIX-CONNECT:/tmp/bt-stack-tester683989059
2024-06-24 02:54:45,735 LT1-thread root DEBUG iutctl_common.py          293   accept                    : accept
2024-06-24 02:54:45,737 BTPWorkerThread-9256 (_rx_task) root DEBUG iutctl_common.py          198   _rx_task                  : BTPWorkerThread-9256 (_rx_task) started
2024-06-24 02:54:45,737 LT1-thread root DEBUG testcase.py               253   start                     : Starting test function: class=<class 'autopts.ptsprojects.testcase.TestFunc'>, func=<bound method ZephyrCtl.hw_reset of <autopts.ptsprojects.zephyr.iutctl.ZephyrCtl object at 0x7fab37d3fa30>> start_wid=None stop_wid=None post_wid=None skip_call=None call_count=1 args=() kwds={}
2024-06-24 02:54:45,737 LT1-thread root DEBUG testcase.py               265   start                     : Test function parameters: args=(), kwds={}
2024-06-24 02:54:45,737 LT1-thread root DEBUG testcase.py               253   start                     : Starting test function: class=<class 'autopts.ptsprojects.testcase.TestFunc'>, func=<bound method ZephyrCtl.wait_iut_ready_event of <autopts.ptsprojects.zephyr.iutctl.ZephyrCtl object at 0x7fab37d3fa30>> start_wid=None stop_wid=None post_wid=None skip_call=None call_count=1 args=(False,) kwds={}
2024-06-24 02:54:45,737 LT1-thread root DEBUG testcase.py               265   start                     : Test function parameters: args=(False,), kwds={}
2024-06-24 02:54:45,737 LT1-thread root DEBUG iutctl.py                 230   wait_iut_ready_event      : IUT ready event received OK
2024-06-24 02:54:45,737 LT1-thread root DEBUG testcase.py               253   start                     : Starting test function: class=<class 'autopts.ptsprojects.testcase.TestFunc'>, func=<function core_reg_svc_gap at 0x7fab3a921120> start_wid=None stop_wid=None post_wid=None skip_call=None call_count=78 args=() kwds={}
2024-06-24 02:54:45,737 LT1-thread root DEBUG testcase.py               265   start                     : Test function parameters: args=(), kwds={}
2024-06-24 02:54:45,737 LT1-thread root DEBUG btp.py                    461   core_reg_svc_gap          : core_reg_svc_gap
2024-06-24 02:54:45,737 LT1-thread root DEBUG iutctl_common.py          106   send                      : send, 0 3 255 '1'
2024-06-24 02:54:45,737 LT1-thread root DEBUG iutctl_common.py          111   send                      : sending frame '0003ff010001'
2024-06-24 02:54:45,737 LT1-thread root DEBUG btp.py                    710   core_reg_svc_rsp_succ     : core_reg_svc_rsp_succ
2024-06-24 02:54:45,737 LT1-thread root DEBUG iutctl_common.py          230   read                      : read
2024-06-24 02:54:45,762 BTPWorkerThread-9256 (_rx_task) root DEBUG iutctl_common.py          76    read                      : Read 5 bytes
2024-06-24 02:54:45,772 BTPWorkerThread-9256 (_rx_task) root DEBUG iutctl_common.py          83    read                      : Received: hdr: Header(svc_id=0, op=3, ctrl_index=255, data_len=0) bytearray(b'\x00\x03\xff\x00\x00')
2024-06-24 02:54:45,783 BTPWorkerThread-9256 (_rx_task) root DEBUG iutctl_common.py          99    read                      : Received data: {''}, bytearray(b'')
2024-06-24 02:54:45,788 LT1-thread root DEBUG btp.py                    721   core_reg_svc_rsp_succ     : received Header(svc_id=0, op=3, ctrl_index=255, data_len=0) (b'',)
2024-06-24 02:54:45,788 LT1-thread root DEBUG btp.py                    722   core_reg_svc_rsp_succ     : expected ((0, 3, 255, 0), (b'',))
2024-06-24 02:54:45,788 LT1-thread root DEBUG btp.py                    727   core_reg_svc_rsp_succ     : response is valid
2024-06-24 02:54:45,788 LT1-thread root DEBUG testcase.py               253   start                     : Starting test function: class=<class 'autopts.ptsprojects.testcase.TestFunc'>, func=<function core_reg_svc_mesh at 0x7fab3a921480> start_wid=None stop_wid=None post_wid=None skip_call=None call_count=78 args=() kwds={}
2024-06-24 02:54:45,788 LT1-thread root DEBUG testcase.py               265   start                     : Test function parameters: args=(), kwds={}
2024-06-24 02:54:45,788 LT1-thread root DEBUG btp.py                    511   core_reg_svc_mesh         : core_reg_svc_mesh
2024-06-24 02:54:45,789 LT1-thread root DEBUG iutctl_common.py          106   send                      : send, 0 3 255 '4'
2024-06-24 02:54:45,789 LT1-thread root DEBUG iutctl_common.py          111   send                      : sending frame '0003ff010004'
2024-06-24 02:54:45,789 LT1-thread root DEBUG btp.py                    710   core_reg_svc_rsp_succ     : core_reg_svc_rsp_succ
2024-06-24 02:54:45,789 LT1-thread root DEBUG iutctl_common.py          230   read                      : read
2024-06-24 02:54:45,801 BTPWorkerThread-9256 (_rx_task) root DEBUG iutctl_common.py          76    read                      : Read 5 bytes
2024-06-24 02:54:45,801 BTPWorkerThread-9256 (_rx_task) root DEBUG iutctl_common.py          83    read                      : Received: hdr: Header(svc_id=0, op=3, ctrl_index=255, data_len=0) bytearray(b'\x00\x03\xff\x00\x00')
2024-06-24 02:54:45,801 BTPWorkerThread-9256 (_rx_task) root DEBUG iutctl_common.py          99    read                      : Received data: {''}, bytearray(b'')
2024-06-24 02:54:45,801 LT1-thread root DEBUG btp.py                    721   core_reg_svc_rsp_succ     : received Header(svc_id=0, op=3, ctrl_index=255, data_len=0) (b'',)
2024-06-24 02:54:45,801 LT1-thread root DEBUG btp.py                    722   core_reg_svc_rsp_succ     : expected ((0, 3, 255, 0), (b'',))
2024-06-24 02:54:45,801 LT1-thread root DEBUG btp.py                    727   core_reg_svc_rsp_succ     : response is valid
2024-06-24 02:54:45,801 LT1-thread root DEBUG testcase.py               253   start                     : Starting test function: class=<class 'autopts.ptsprojects.testcase.TestFunc'>, func=<function mesh_init at 0x7fab3a94eb00> start_wid=None stop_wid=None post_wid=None skip_call=None call_count=70 args=() kwds={}
2024-06-24 02:54:45,802 LT1-thread root DEBUG testcase.py               265   start                     : Test function parameters: args=(), kwds={}
2024-06-24 02:54:45,802 LT1-thread root DEBUG mesh.py                   429   mesh_init                 : mesh_init 0
2024-06-24 02:54:45,802 LT1-thread root DEBUG iutctl_common.py          106   send                      : send, 4 4 0 "bytearray(b'\\x00')"
2024-06-24 02:54:45,802 LT1-thread root DEBUG iutctl_common.py          111   send                      : sending frame '040400010000'
2024-06-24 02:54:45,802 LT1-thread root DEBUG iutctl_common.py          230   read                      : read
2024-06-24 02:54:46,076 BTPWorkerThread-9256 (_rx_task) root DEBUG iutctl_common.py          76    read                      : Read 5 bytes
2024-06-24 02:54:46,086 BTPWorkerThread-9256 (_rx_task) root DEBUG iutctl_common.py          83    read                      : Received: hdr: Header(svc_id=4, op=4, ctrl_index=0, data_len=0) bytearray(b'\x04\x04\x00\x00\x00')
2024-06-24 02:54:46,097 BTPWorkerThread-9256 (_rx_task) root DEBUG iutctl_common.py          99    read                      : Received data: {''}, bytearray(b'')
2024-06-24 02:54:46,102 LT1-thread root DEBUG testcase.py               253   start                     : Starting test function: class=<class 'autopts.ptsprojects.testcase.TestFunc'>, func=<function core_reg_svc_mmdl at 0x7fab3a9215a0> start_wid=None stop_wid=None post_wid=None skip_call=None call_count=70 args=() kwds={}
2024-06-24 02:54:46,102 LT1-thread root DEBUG testcase.py               265   start                     : Test function parameters: args=(), kwds={}
2024-06-24 02:54:46,102 LT1-thread root DEBUG btp.py                    527   core_reg_svc_mmdl         : core_reg_svc_mmdl
2024-06-24 02:54:46,102 LT1-thread root DEBUG iutctl_common.py          106   send                      : send, 0 3 255 '5'
2024-06-24 02:54:46,102 LT1-thread root DEBUG iutctl_common.py          111   send                      : sending frame '0003ff010005'
2024-06-24 02:54:46,102 LT1-thread root DEBUG btp.py                    710   core_reg_svc_rsp_succ     : core_reg_svc_rsp_succ
2024-06-24 02:54:46,102 LT1-thread root DEBUG iutctl_common.py          230   read                      : read
2024-06-24 02:54:46,114 BTPWorkerThread-9256 (_rx_task) root DEBUG iutctl_common.py          76    read                      : Read 5 bytes
2024-06-24 02:54:46,124 BTPWorkerThread-9256 (_rx_task) root DEBUG iutctl_common.py          83    read                      : Received: hdr: Header(svc_id=0, op=3, ctrl_index=255, data_len=0) bytearray(b'\x00\x03\xff\x00\x00')
2024-06-24 02:54:46,135 BTPWorkerThread-9256 (_rx_task) root DEBUG iutctl_common.py          99    read                      : Received data: {''}, bytearray(b'')
2024-06-24 02:54:46,140 LT1-thread root DEBUG btp.py                    721   core_reg_svc_rsp_succ     : received Header(svc_id=0, op=3, ctrl_index=255, data_len=0) (b'',)
2024-06-24 02:54:46,140 LT1-thread root DEBUG btp.py                    722   core_reg_svc_rsp_succ     : expected ((0, 3, 255, 0), (b'',))
2024-06-24 02:54:46,140 LT1-thread root DEBUG btp.py                    727   core_reg_svc_rsp_succ     : response is valid
2024-06-24 02:54:46,140 LT1-thread root DEBUG testcase.py               253   start                     : Starting test function: class=<class 'autopts.ptsprojects.testcase.TestFunc'>, func=<function gap_read_ctrl_info at 0x7fab3a93d090> start_wid=None stop_wid=None post_wid=None skip_call=None call_count=70 args=() kwds={}
2024-06-24 02:54:46,140 LT1-thread root DEBUG testcase.py               265   start                     : Test function parameters: args=(), kwds={}
2024-06-24 02:54:46,140 LT1-thread root DEBUG gap.py                    937   gap_read_ctrl_info        : gap_read_ctrl_info
2024-06-24 02:54:46,140 LT1-thread root DEBUG iutctl_common.py          106   send                      : send, 1 3 0 ''
2024-06-24 02:54:46,140 LT1-thread root DEBUG iutctl_common.py          111   send                      : sending frame '0103000000'
2024-06-24 02:54:46,140 LT1-thread root DEBUG iutctl_common.py          230   read                      : read
2024-06-24 02:54:46,152 BTPWorkerThread-9256 (_rx_task) root DEBUG iutctl_common.py          76    read                      : Read 5 bytes
2024-06-24 02:54:46,162 BTPWorkerThread-9256 (_rx_task) root DEBUG iutctl_common.py          83    read                      : Received: hdr: Header(svc_id=1, op=3, ctrl_index=0, data_len=277) bytearray(b'\x01\x03\x00\x15\x01')
2024-06-24 02:54:46,167 BTPWorkerThread-9256 (_rx_task) root DEBUG iutctl_common.py          91    read                      : Read 233 bytes data
2024-06-24 02:54:46,173 BTPWorkerThread-9256 (_rx_task) root DEBUG iutctl_common.py          91    read                      : Read 44 bytes data
2024-06-24 02:54:46,173 BTPWorkerThread-9256 (_rx_task) root DEBUG iutctl_common.py          99    read                      : Received data: {'00 00 00 00 00 00 13 06 02 00 13 02 00 00 00 00 00 62 74 70 5f 74 65 73 74 65 72 00 00 00 00 00 00 00 00 00 00 00 00 00 00 00 00 00 00 00 00 00 00 00 00 00 00 00 00 00 00 00 00 00 00 00 00 00 00 00 00 00 00 00 00 00 00 00 00 00 00 00 00 00 00 00 00 00 00 00 00 00 00 00 00 00 00 00 00 00 00 00 00 00 00 00 00 00 00 00 00 00 00 00 00 00 00 00 00 00 00 00 00 00 00 00 00 00 00 00 00 00 00 00 00 00 00 00 00 00 00 00 00 00 00 00 00 00 00 00 00 00 00 00 00 00 00 00 00 00 00 00 00 00 00 00 00 00 00 00 00 00 00 00 00 00 00 00 00 00 00 00 00 00 00 00 00 00 00 00 00 00 00 00 00 00 00 00 00 00 00 00 00 00 00 00 00 00 00 00 00 00 00 00 00 00 00 00 00 00 00 00 00 00 00 00 00 00 00 00 00 00 00 00 00 00 00 00 00 00 00 00 00 00 00 00 00 00 00 00 00 00 00 00 00 00 00 00 00 00 00 00 00 00 00 00 00 00 00 00 00 00 00 00 00 00 00 00 00 00 00'}, bytearray(b'\x00\x00\x00\x00\x00\x00\x13\x06\x02\x00\x13\x02\x00\x00\x00\x00\x00btp_tester\x00\x00\x00\x00\x00\x00\x00\x00\x00\x00\x00\x00\x00\x00\x00\x00\x00\x00\x00\x00\x00\x00\x00\x00\x00\x00\x00\x00\x00\x00\x00\x00\x00\x00\x00\x00\x00\x00\x00\x00\x00\x00\x00\x00\x00\x00\x00\x00\x00\x00\x00\x00\x00\x00\x00\x00\x00\x00\x00\x00\x00\x00\x00\x00\x00\x00\x00\x00\x00\x00\x00\x00\x00\x00\x00\x00\x00\x00\x00\x00\x00\x00\x00\x00\x00\x00\x00\x00\x00\x00\x00\x00\x00\x00\x00\x00\x00\x00\x00\x00\x00\x00\x00\x00\x00\x00\x00\x00\x00\x00\x00\x00\x00\x00\x00\x00\x00\x00\x00\x00\x00\x00\x00\x00\x00\x00\x00\x00\x00\x00\x00\x00\x00\x00\x00\x00\x00\x00\x00\x00\x00\x00\x00\x00\x00\x00\x00\x00\x00\x00\x00\x00\x00\x00\x00\x00\x00\x00\x00\x00\x00\x00\x00\x00\x00\x00\x00\x00\x00\x00\x00\x00\x00\x00\x00\x00\x00\x00\x00\x00\x00\x00\x00\x00\x00\x00\x00\x00\x00\x00\x00\x00\x00\x00\x00\x00\x00\x00\x00\x00\x00\x00\x00\x00\x00\x00\x00\x00\x00\x00\x00\x00\x00\x00\x00\x00\x00\x00\x00\x00\x00\x00\x00\x00\x00\x00\x00\x00\x00\x00\x00\x00\x00\x00\x00\x00\x00\x00\x00\x00\x00\x00\x00\x00\x00\x00\x00\x00\x00\x00')
2024-06-24 02:54:46,173 LT1-thread root DEBUG gap.py                    944   gap_read_ctrl_info        : received Header(svc_id=1, op=3, ctrl_index=0, data_len=277) (b'\x00\x00\x00\x00\x00\x00\x13\x06\x02\x00\x13\x02\x00\x00\x00\x00\x00btp_tester\x00\x00\x00\x00\x00\x00\x00\x00\x00\x00\x00\x00\x00\x00\x00\x00\x00\x00\x00\x00\x00\x00\x00\x00\x00\x00\x00\x00\x00\x00\x00\x00\x00\x00\x00\x00\x00\x00\x00\x00\x00\x00\x00\x00\x00\x00\x00\x00\x00\x00\x00\x00\x00\x00\x00\x00\x00\x00\x00\x00\x00\x00\x00\x00\x00\x00\x00\x00\x00\x00\x00\x00\x00\x00\x00\x00\x00\x00\x00\x00\x00\x00\x00\x00\x00\x00\x00\x00\x00\x00\x00\x00\x00\x00\x00\x00\x00\x00\x00\x00\x00\x00\x00\x00\x00\x00\x00\x00\x00\x00\x00\x00\x00\x00\x00\x00\x00\x00\x00\x00\x00\x00\x00\x00\x00\x00\x00\x00\x00\x00\x00\x00\x00\x00\x00\x00\x00\x00\x00\x00\x00\x00\x00\x00\x00\x00\x00\x00\x00\x00\x00\x00\x00\x00\x00\x00\x00\x00\x00\x00\x00\x00\x00\x00\x00\x00\x00\x00\x00\x00\x00\x00\x00\x00\x00\x00\x00\x00\x00\x00\x00\x00\x00\x00\x00\x00\x00\x00\x00\x00\x00\x00\x00\x00\x00\x00\x00\x00\x00\x00\x00\x00\x00\x00\x00\x00\x00\x00\x00\x00\x00\x00\x00\x00\x00\x00\x00\x00\x00\x00\x00\x00\x00\x00\x00\x00\x00\x00\x00\x00\x00\x00\x00\x00\x00\x00\x00\x00\x00\x00\x00\x00\x00\x00\x00\x00\x00\x00\x00\x00',)
2024-06-24 02:54:46,173 LT1-thread root DEBUG gap.py                    965   gap_read_ctrl_info        : IUT address '000000000000' 'public'
2024-06-24 02:54:46,173 LT1-thread root DEBUG gap.py                    400   __gap_current_settings_update : __gap_current_settings_update 531
2024-06-24 02:54:46,173 LT1-thread root DEBUG testcase.py               253   start                     : Starting test function: class=<class 'autopts.ptsprojects.testcase.TestFunc'>, func=<bound method Stack.gap_init of <autopts.ptsprojects.stack.stack.Stack object at 0x7fab37d3f070>> start_wid=None stop_wid=None post_wid=None skip_call=None call_count=70 args=(b'Tester_56C9EF',) kwds={}
2024-06-24 02:54:46,173 LT1-thread root DEBUG testcase.py               265   start                     : Test function parameters: args=(b'Tester_56C9EF',), kwds={}
2024-06-24 02:54:46,173 LT1-thread root DEBUG testcase.py               253   start                     : Starting test function: class=<class 'autopts.ptsprojects.testcase.TestFunc'>, func=<bound method Stack.mesh_init of <autopts.ptsprojects.stack.stack.Stack object at 0x7fab37d3f070>> start_wid=None stop_wid=None post_wid=None skip_call=None call_count=70 args=(b'd7dc64afdad3467cb7320d82d797f8a7', b'd70523687403473fa3582675b494d275') kwds={}
2024-06-24 02:54:46,173 LT1-thread root DEBUG testcase.py               265   start                     : Test function parameters: args=(b'd7dc64afdad3467cb7320d82d797f8a7', b'd70523687403473fa3582675b494d275'), kwds={}
2024-06-24 02:54:46,173 LT1-thread root DEBUG testcase.py               253   start                     : Starting test function: class=<class 'autopts.ptsprojects.testcase.TestFunc'>, func=<function test_cases.<locals>.<lambda> at 0x7fab35ff8e50> start_wid=None stop_wid=None post_wid=None skip_call=None call_count=70 args=() kwds={}
2024-06-24 02:54:46,173 LT1-thread root DEBUG testcase.py               265   start                     : Test function parameters: args=(), kwds={}
2024-06-24 02:54:46,173 LT1-thread root DEBUG testcase.py               253   start                     : Starting test function: class=<class 'autopts.ptsprojects.testcase.TestFunc'>, func=<function test_cases.<locals>.<lambda> at 0x7fab35ff8ee0> start_wid=None stop_wid=None post_wid=None skip_call=None call_count=70 args=() kwds={}
2024-06-24 02:54:46,173 LT1-thread root DEBUG testcase.py               265   start                     : Test function parameters: args=(), kwds={}
2024-06-24 02:54:46,177 LT1-thread root DEBUG testcase.py               253   start                     : Starting test function: class=<class 'autopts.ptsprojects.testcase.TestFunc'>, func=<function test_cases.<locals>.<lambda> at 0x7fab35ff8f70> start_wid=None stop_wid=None post_wid=None skip_call=None call_count=70 args=() kwds={}
2024-06-24 02:54:46,177 LT1-thread root DEBUG testcase.py               265   start                     : Test function parameters: args=(), kwds={}
2024-06-24 02:54:46,180 LT1-thread root DEBUG testcase.py               253   start                     : Starting test function: class=<class 'autopts.ptsprojects.testcase.TestFunc'>, func=<function test_cases.<locals>.<lambda> at 0x7fab35ff9000> start_wid=None stop_wid=None post_wid=None skip_call=None call_count=70 args=() kwds={}
2024-06-24 02:54:46,180 LT1-thread root DEBUG testcase.py               265   start                     : Test function parameters: args=(), kwds={}
2024-06-24 02:54:46,183 LT1-thread root DEBUG testcase.py               253   start                     : Starting test function: class=<class 'autopts.ptsprojects.testcase.TestFunc'>, func=<function test_cases.<locals>.<lambda> at 0x7fab35ff9090> start_wid=None stop_wid=None post_wid=None skip_call=None call_count=70 args=() kwds={}
2024-06-24 02:54:46,183 LT1-thread root DEBUG testcase.py               265   start                     : Test function parameters: args=(), kwds={}
2024-06-24 02:54:46,187 LT1-thread root DEBUG testcase.py               253   start                     : Starting test function: class=<class 'autopts.ptsprojects.testcase.TestFunc'>, func=<function test_cases.<locals>.<lambda> at 0x7fab35ff9120> start_wid=None stop_wid=None post_wid=None skip_call=None call_count=70 args=() kwds={}
2024-06-24 02:54:46,187 LT1-thread root DEBUG testcase.py               265   start                     : Test function parameters: args=(), kwds={}
2024-06-24 02:54:46,191 LT1-thread root DEBUG client.py                 306   get_result                : ClientCallback.get_result run_test_case
2024-06-24 02:54:52,106 LT1-callback ClientCallback.on_implicit_send INFO client.py                 253   on_implicit_send          : 
    ********************
    BEGIN OnImplicitSend:
    project_name: DFU
    wid: 13
    test_case_name: DFU/SR/FU/BV-09-C
    description: There is no shared security information. Please remove any security information if any. PTS is waiting for beacon to start provisioning from IUT with UUID value indicated in 'TSPX_device_uuid'
    style: MMI_Style_Ok_Cancel2 0x11141
2024-06-24 02:54:52,106 LT1-callback ClientCallback.on_implicit_send INFO client.py                 266   on_implicit_send          : Calling test cases on_implicit_send
2024-06-24 02:54:52,106 LT1-callback ClientCallback.on_implicit_send INFO client.py                 279   on_implicit_send          : 
    on_implicit_send returned response: WAIT
    END OnImplicitSend
    ********************
2024-06-24 02:54:52,192 LT1-thread root DEBUG testcase.py               671   run_wid                   : DFU DFU/SR/FU/BV-09-C on_implicit_send
2024-06-24 02:54:52,192 LT1-thread root DEBUG mmdl.py                   31    mmdl_wid_hdl              : mmdl_wid_hdl, 13, There is no shared security information. Please remove any security information if any. PTS is waiting for beacon to start provisioning from IUT with UUID value indicated in 'TSPX_device_uuid', DFU/SR/FU/BV-09-C
2024-06-24 02:54:52,193 LT1-thread root DEBUG mesh.py                   359   mesh_config_prov          : mesh_config_prov
2024-06-24 02:54:52,193 LT1-thread root DEBUG iutctl_common.py          106   send                      : send, 4 2 0 "bytearray(b'\\xc5O\\xf9a\\xc8>By\\xbc\\xcbWO\\xc0\\xaer\\xb3\\x00\\x00\\x00\\x00\\x00\\x00\\x00\\x00\\x00\\x00\\x00\\x00\\x00\\x00\\x00\\x00\\x00\\x00\\x00\\x00\\x00\\x00\\x00\\x00\\x00\\x00\\x00\\x00\\x00\\x00\\x00\\x00\\x10\\x02\\x10\\x00\\x02\\x04\\x00\\x00')"
2024-06-24 02:54:52,193 LT1-thread root DEBUG iutctl_common.py          111   send                      : sending frame '0402003800c54ff961c83e4279bccb574fc0ae72b300000000000000000000000000000000000000000000000000000000000000001002100002040000'
2024-06-24 02:54:52,193 LT1-thread root DEBUG iutctl_common.py          230   read                      : read
2024-06-24 02:54:52,210 BTPWorkerThread-9256 (_rx_task) root DEBUG iutctl_common.py          76    read                      : Read 5 bytes
2024-06-24 02:54:52,215 BTPWorkerThread-9256 (_rx_task) root DEBUG iutctl_common.py          83    read                      : Received: hdr: Header(svc_id=4, op=2, ctrl_index=0, data_len=0) bytearray(b'\x04\x02\x00\x00\x00')
2024-06-24 02:54:52,215 BTPWorkerThread-9256 (_rx_task) root DEBUG iutctl_common.py          99    read                      : Received data: {''}, bytearray(b'')
2024-06-24 02:54:52,221 LT1-thread root DEBUG mesh.py                   439   mesh_start                : mesh_start
2024-06-24 02:54:52,221 LT1-thread root DEBUG iutctl_common.py          106   send                      : send, 4 120 0 ''
2024-06-24 02:54:52,221 LT1-thread root DEBUG iutctl_common.py          111   send                      : sending frame '0478000000'
2024-06-24 02:54:52,221 LT1-thread root DEBUG iutctl_common.py          230   read                      : read
2024-06-24 02:54:52,268 BTPWorkerThread-9256 (_rx_task) root DEBUG iutctl_common.py          76    read                      : Read 5 bytes
2024-06-24 02:54:52,278 BTPWorkerThread-9256 (_rx_task) root DEBUG iutctl_common.py          83    read                      : Received: hdr: Header(svc_id=4, op=131, ctrl_index=0, data_len=0) bytearray(b'\x04\x83\x00\x00\x00')
2024-06-24 02:54:52,289 BTPWorkerThread-9256 (_rx_task) root DEBUG iutctl_common.py          99    read                      : Received data: {''}, bytearray(b'')
2024-06-24 02:54:52,304 BTPWorkerThread-9256 (_rx_task) root DEBUG btp.py                    814   event_handler             : event_handler Header(svc_id=4, op=131, ctrl_index=0, data_len=0) (b'',)
2024-06-24 02:54:52,315 BTPWorkerThread-9256 (_rx_task) root DEBUG mesh.py                   846   mesh_provisioned_ev       : mesh_provisioned_ev b''
2024-06-24 02:54:52,335 BTPWorkerThread-9256 (_rx_task) root DEBUG iutctl_common.py          76    read                      : Read 5 bytes
2024-06-24 02:54:52,346 BTPWorkerThread-9256 (_rx_task) root DEBUG iutctl_common.py          83    read                      : Received: hdr: Header(svc_id=4, op=120, ctrl_index=0, data_len=0) bytearray(b'\x04x\x00\x00\x00')
2024-06-24 02:54:52,356 BTPWorkerThread-9256 (_rx_task) root DEBUG iutctl_common.py          99    read                      : Received data: {''}, bytearray(b'')
2024-06-24 02:54:52,361 LT1-thread root DEBUG mesh.py                   453   mesh_reset                : mesh_reset
2024-06-24 02:54:52,361 LT1-thread root DEBUG iutctl_common.py          106   send                      : send, 4 5 0 ''
2024-06-24 02:54:52,361 LT1-thread root DEBUG iutctl_common.py          111   send                      : sending frame '0405000000'
2024-06-24 02:54:52,361 LT1-thread root DEBUG iutctl_common.py          230   read                      : read
2024-06-24 02:54:52,752 BTPWorkerThread-9256 (_rx_task) root DEBUG iutctl_common.py          76    read                      : Read 5 bytes
2024-06-24 02:54:52,762 BTPWorkerThread-9256 (_rx_task) root DEBUG iutctl_common.py          83    read                      : Received: hdr: Header(svc_id=4, op=5, ctrl_index=0, data_len=0) bytearray(b'\x04\x05\x00\x00\x00')
2024-06-24 02:54:52,773 BTPWorkerThread-9256 (_rx_task) root DEBUG iutctl_common.py          99    read                      : Received data: {''}, bytearray(b'')
2024-06-24 02:54:52,783 LT1-thread root DEBUG testcase.py               707   run_wid                   : Sending response 'OK' to wid 13 test case DFU/SR/FU/BV-09-C
2024-06-24 02:54:52,785 LT1-thread root DEBUG client.py                 306   get_result                : ClientCallback.get_result run_test_case
2024-06-24 02:54:52,804 BTPWorkerThread-9256 (_rx_task) root DEBUG iutctl_common.py          76    read                      : Read 3 bytes
2024-06-24 02:54:52,805 BTPWorkerThread-9256 (_rx_task) root DEBUG iutctl_common.py          76    read                      : Read 2 bytes
2024-06-24 02:54:52,805 BTPWorkerThread-9256 (_rx_task) root DEBUG iutctl_common.py          83    read                      : Received: hdr: Header(svc_id=4, op=132, ctrl_index=0, data_len=1) bytearray(b'\x04\x84\x00\x01\x00')
2024-06-24 02:54:52,805 BTPWorkerThread-9256 (_rx_task) root DEBUG iutctl_common.py          91    read                      : Read 1 bytes data
2024-06-24 02:54:52,805 BTPWorkerThread-9256 (_rx_task) root DEBUG iutctl_common.py          99    read                      : Received data: {'00'}, bytearray(b'\x00')
2024-06-24 02:54:52,805 BTPWorkerThread-9256 (_rx_task) root DEBUG btp.py                    814   event_handler             : event_handler Header(svc_id=4, op=132, ctrl_index=0, data_len=1) (b'\x00',)
2024-06-24 02:54:52,805 BTPWorkerThread-9256 (_rx_task) root DEBUG mesh.py                   856   mesh_prov_link_open_ev    : mesh_prov_link_open_ev b'\x00'
2024-06-24 02:54:54,909 BTPWorkerThread-9256 (_rx_task) root DEBUG iutctl_common.py          76    read                      : Read 2 bytes
2024-06-24 02:54:54,910 BTPWorkerThread-9256 (_rx_task) root DEBUG iutctl_common.py          76    read                      : Read 3 bytes
2024-06-24 02:54:54,910 BTPWorkerThread-9256 (_rx_task) root DEBUG iutctl_common.py          83    read                      : Received: hdr: Header(svc_id=4, op=131, ctrl_index=0, data_len=0) bytearray(b'\x04\x83\x00\x00\x00')
2024-06-24 02:54:54,910 BTPWorkerThread-9256 (_rx_task) root DEBUG iutctl_common.py          99    read                      : Received data: {''}, bytearray(b'')
2024-06-24 02:54:54,910 BTPWorkerThread-9256 (_rx_task) root DEBUG btp.py                    814   event_handler             : event_handler Header(svc_id=4, op=131, ctrl_index=0, data_len=0) (b'',)
2024-06-24 02:54:54,910 BTPWorkerThread-9256 (_rx_task) root DEBUG mesh.py                   846   mesh_provisioned_ev       : mesh_provisioned_ev b''
2024-06-24 02:54:56,505 BTPWorkerThread-9256 (_rx_task) root DEBUG iutctl_common.py          76    read                      : Read 5 bytes
2024-06-24 02:54:56,505 BTPWorkerThread-9256 (_rx_task) root DEBUG iutctl_common.py          83    read                      : Received: hdr: Header(svc_id=4, op=133, ctrl_index=0, data_len=1) bytearray(b'\x04\x85\x00\x01\x00')
2024-06-24 02:54:56,505 BTPWorkerThread-9256 (_rx_task) root DEBUG iutctl_common.py          91    read                      : Read 1 bytes data
2024-06-24 02:54:56,505 BTPWorkerThread-9256 (_rx_task) root DEBUG iutctl_common.py          99    read                      : Received data: {'00'}, bytearray(b'\x00')
2024-06-24 02:54:56,505 BTPWorkerThread-9256 (_rx_task) root DEBUG btp.py                    814   event_handler             : event_handler Header(svc_id=4, op=133, ctrl_index=0, data_len=1) (b'\x00',)
2024-06-24 02:54:56,505 BTPWorkerThread-9256 (_rx_task) root DEBUG mesh.py                   864   mesh_prov_link_closed_ev  : mesh_prov_link_closed_ev b'\x00'
2024-06-24 02:54:57,393 BTPWorkerThread-9256 (_rx_task) root DEBUG iutctl_common.py          76    read                      : Read 5 bytes
2024-06-24 02:54:57,393 BTPWorkerThread-9256 (_rx_task) root DEBUG iutctl_common.py          83    read                      : Received: hdr: Header(svc_id=4, op=134, ctrl_index=0, data_len=22) bytearray(b'\x04\x86\x00\x16\x00')
2024-06-24 02:54:57,393 BTPWorkerThread-9256 (_rx_task) root DEBUG iutctl_common.py          91    read                      : Read 6 bytes data
2024-06-24 02:54:57,394 BTPWorkerThread-9256 (_rx_task) root DEBUG iutctl_common.py          91    read                      : Read 10 bytes data
2024-06-24 02:54:57,395 BTPWorkerThread-9256 (_rx_task) root DEBUG iutctl_common.py          91    read                      : Read 6 bytes data
2024-06-24 02:54:57,395 BTPWorkerThread-9256 (_rx_task) root DEBUG iutctl_common.py          99    read                      : Received data: {'03 00 01 00 02 00 0f 80 80 00 00 ff d7 44 05 68 00 b0 9c 1e 60 fc'}, bytearray(b'\x03\x00\x01\x00\x02\x00\x0f\x80\x80\x00\x00\xff\xd7D\x05h\x00\xb0\x9c\x1e`\xfc')
2024-06-24 02:54:57,395 BTPWorkerThread-9256 (_rx_task) root DEBUG btp.py                    814   event_handler             : event_handler Header(svc_id=4, op=134, ctrl_index=0, data_len=22) (b'\x03\x00\x01\x00\x02\x00\x0f\x80\x80\x00\x00\xff\xd7D\x05h\x00\xb0\x9c\x1e`\xfc',)
2024-06-24 02:54:57,395 BTPWorkerThread-9256 (_rx_task) root DEBUG iutctl_common.py          76    read                      : Read 2 bytes
2024-06-24 02:54:57,396 BTPWorkerThread-9256 (_rx_task) root DEBUG iutctl_common.py          76    read                      : Read 3 bytes
2024-06-24 02:54:57,396 BTPWorkerThread-9256 (_rx_task) root DEBUG iutctl_common.py          83    read                      : Received: hdr: Header(svc_id=4, op=143, ctrl_index=0, data_len=8) bytearray(b'\x04\x8f\x00\x08\x00')
2024-06-24 02:54:57,396 BTPWorkerThread-9256 (_rx_task) root DEBUG iutctl_common.py          91    read                      : Read 7 bytes data
2024-06-24 02:54:57,397 BTPWorkerThread-9256 (_rx_task) root DEBUG iutctl_common.py          91    read                      : Read 1 bytes data
2024-06-24 02:54:57,397 BTPWorkerThread-9256 (_rx_task) root DEBUG iutctl_common.py          99    read                      : Received data: {'01 00 02 00 03 80 08 7f'}, bytearray(b'\x01\x00\x02\x00\x03\x80\x08\x7f')
2024-06-24 02:54:57,397 BTPWorkerThread-9256 (_rx_task) root DEBUG btp.py                    814   event_handler             : event_handler Header(svc_id=4, op=143, ctrl_index=0, data_len=8) (b'\x01\x00\x02\x00\x03\x80\x08\x7f',)
2024-06-24 02:54:57,397 BTPWorkerThread-9256 (_rx_task) root DEBUG mesh.py                   2040  mesh_model_recv_ev        : mesh_model_recv_ev b'\x01\x00\x02\x00\x03\x80\x08\x7f' 8
2024-06-24 02:54:57,516 BTPWorkerThread-9256 (_rx_task) root DEBUG iutctl_common.py          76    read                      : Read 2 bytes
2024-06-24 02:54:57,517 BTPWorkerThread-9256 (_rx_task) root DEBUG iutctl_common.py          76    read                      : Read 3 bytes
2024-06-24 02:54:57,517 BTPWorkerThread-9256 (_rx_task) root DEBUG iutctl_common.py          83    read                      : Received: hdr: Header(svc_id=4, op=134, ctrl_index=0, data_len=22) bytearray(b'\x04\x86\x00\x16\x00')
2024-06-24 02:54:57,517 BTPWorkerThread-9256 (_rx_task) root DEBUG iutctl_common.py          91    read                      : Read 9 bytes data
2024-06-24 02:54:57,518 BTPWorkerThread-9256 (_rx_task) root DEBUG iutctl_common.py          91    read                      : Read 11 bytes data
2024-06-24 02:54:57,519 BTPWorkerThread-9256 (_rx_task) root DEBUG iutctl_common.py          91    read                      : Read 2 bytes data
2024-06-24 02:54:57,519 BTPWorkerThread-9256 (_rx_task) root DEBUG iutctl_common.py          99    read                      : Received data: {'03 00 01 00 02 00 0f 80 80 04 00 e6 0b 3e e7 ac 34 5b f3 f5 4b 39'}, bytearray(b'\x03\x00\x01\x00\x02\x00\x0f\x80\x80\x04\x00\xe6\x0b>\xe7\xac4[\xf3\xf5K9')
2024-06-24 02:54:57,519 BTPWorkerThread-9256 (_rx_task) root DEBUG btp.py                    814   event_handler             : event_handler Header(svc_id=4, op=134, ctrl_index=0, data_len=22) (b'\x03\x00\x01\x00\x02\x00\x0f\x80\x80\x04\x00\xe6\x0b>\xe7\xac4[\xf3\xf5K9',)
2024-06-24 02:54:57,519 BTPWorkerThread-9256 (_rx_task) root DEBUG iutctl_common.py          76    read                      : Read 5 bytes
2024-06-24 02:54:57,519 BTPWorkerThread-9256 (_rx_task) root DEBUG iutctl_common.py          83    read                      : Received: hdr: Header(svc_id=4, op=143, ctrl_index=0, data_len=8) bytearray(b'\x04\x8f\x00\x08\x00')
2024-06-24 02:54:57,519 BTPWorkerThread-9256 (_rx_task) root DEBUG iutctl_common.py          91    read                      : Read 2 bytes data
2024-06-24 02:54:57,520 BTPWorkerThread-9256 (_rx_task) root DEBUG iutctl_common.py          91    read                      : Read 6 bytes data
2024-06-24 02:54:57,520 BTPWorkerThread-9256 (_rx_task) root DEBUG iutctl_common.py          99    read                      : Received data: {'01 00 02 00 03 80 08 01'}, bytearray(b'\x01\x00\x02\x00\x03\x80\x08\x01')
2024-06-24 02:54:57,520 BTPWorkerThread-9256 (_rx_task) root DEBUG btp.py                    814   event_handler             : event_handler Header(svc_id=4, op=143, ctrl_index=0, data_len=8) (b'\x01\x00\x02\x00\x03\x80\x08\x01',)
2024-06-24 02:54:57,520 BTPWorkerThread-9256 (_rx_task) root DEBUG mesh.py                   2040  mesh_model_recv_ev        : mesh_model_recv_ev b'\x01\x00\x02\x00\x03\x80\x08\x01' 8
2024-06-24 02:54:57,744 BTPWorkerThread-9256 (_rx_task) root DEBUG iutctl_common.py          76    read                      : Read 5 bytes
2024-06-24 02:54:57,744 BTPWorkerThread-9256 (_rx_task) root DEBUG iutctl_common.py          83    read                      : Received: hdr: Header(svc_id=4, op=134, ctrl_index=0, data_len=14) bytearray(b'\x04\x86\x00\x0e\x00')
2024-06-24 02:54:57,744 BTPWorkerThread-9256 (_rx_task) root DEBUG iutctl_common.py          91    read                      : Read 1 bytes data
2024-06-24 02:54:57,745 BTPWorkerThread-9256 (_rx_task) root DEBUG iutctl_common.py          91    read                      : Read 12 bytes data
2024-06-24 02:54:57,745 BTPWorkerThread-9256 (_rx_task) root DEBUG iutctl_common.py          91    read                      : Read 1 bytes data
2024-06-24 02:54:57,745 BTPWorkerThread-9256 (_rx_task) root DEBUG iutctl_common.py          99    read                      : Received data: {'07 01 01 00 02 00 07 00 00 0c 00 00 00 07'}, bytearray(b'\x07\x01\x01\x00\x02\x00\x07\x00\x00\x0c\x00\x00\x00\x07')
2024-06-24 02:54:57,745 BTPWorkerThread-9256 (_rx_task) root DEBUG btp.py                    814   event_handler             : event_handler Header(svc_id=4, op=134, ctrl_index=0, data_len=14) (b'\x07\x01\x01\x00\x02\x00\x07\x00\x00\x0c\x00\x00\x00\x07',)
2024-06-24 02:54:57,877 BTPWorkerThread-9256 (_rx_task) root DEBUG iutctl_common.py          76    read                      : Read 5 bytes
2024-06-24 02:54:57,877 BTPWorkerThread-9256 (_rx_task) root DEBUG iutctl_common.py          83    read                      : Received: hdr: Header(svc_id=4, op=134, ctrl_index=0, data_len=22) bytearray(b'\x04\x86\x00\x16\x00')
2024-06-24 02:54:57,878 BTPWorkerThread-9256 (_rx_task) root DEBUG iutctl_common.py          91    read                      : Read 11 bytes data
2024-06-24 02:54:57,879 BTPWorkerThread-9256 (_rx_task) root DEBUG iutctl_common.py          91    read                      : Read 11 bytes data
2024-06-24 02:54:57,879 BTPWorkerThread-9256 (_rx_task) root DEBUG iutctl_common.py          99    read                      : Received data: {'03 00 01 00 02 00 0f 80 80 0c 00 54 f5 bd 86 ab a2 85 31 20 87 13'}, bytearray(b'\x03\x00\x01\x00\x02\x00\x0f\x80\x80\x0c\x00T\xf5\xbd\x86\xab\xa2\x851 \x87\x13')
2024-06-24 02:54:57,879 BTPWorkerThread-9256 (_rx_task) root DEBUG btp.py                    814   event_handler             : event_handler Header(svc_id=4, op=134, ctrl_index=0, data_len=22) (b'\x03\x00\x01\x00\x02\x00\x0f\x80\x80\x0c\x00T\xf5\xbd\x86\xab\xa2\x851 \x87\x13',)
2024-06-24 02:54:57,880 BTPWorkerThread-9256 (_rx_task) root DEBUG iutctl_common.py          76    read                      : Read 5 bytes
2024-06-24 02:54:57,880 BTPWorkerThread-9256 (_rx_task) root DEBUG iutctl_common.py          83    read                      : Received: hdr: Header(svc_id=4, op=143, ctrl_index=0, data_len=8) bytearray(b'\x04\x8f\x00\x08\x00')
2024-06-24 02:54:57,880 BTPWorkerThread-9256 (_rx_task) root DEBUG iutctl_common.py          91    read                      : Read 1 bytes data
2024-06-24 02:54:57,881 BTPWorkerThread-9256 (_rx_task) root DEBUG iutctl_common.py          91    read                      : Read 7 bytes data
2024-06-24 02:54:57,881 BTPWorkerThread-9256 (_rx_task) root DEBUG iutctl_common.py          99    read                      : Received data: {'01 00 02 00 03 80 08 00'}, bytearray(b'\x01\x00\x02\x00\x03\x80\x08\x00')
2024-06-24 02:54:57,881 BTPWorkerThread-9256 (_rx_task) root DEBUG btp.py                    814   event_handler             : event_handler Header(svc_id=4, op=143, ctrl_index=0, data_len=8) (b'\x01\x00\x02\x00\x03\x80\x08\x00',)
2024-06-24 02:54:57,881 BTPWorkerThread-9256 (_rx_task) root DEBUG mesh.py                   2040  mesh_model_recv_ev        : mesh_model_recv_ev b'\x01\x00\x02\x00\x03\x80\x08\x00' 8
2024-06-24 02:54:58,314 BTPWorkerThread-9256 (_rx_task) root DEBUG iutctl_common.py          76    read                      : Read 5 bytes
2024-06-24 02:54:58,314 BTPWorkerThread-9256 (_rx_task) root DEBUG iutctl_common.py          83    read                      : Received: hdr: Header(svc_id=4, op=134, ctrl_index=0, data_len=14) bytearray(b'\x04\x86\x00\x0e\x00')
2024-06-24 02:54:58,314 BTPWorkerThread-9256 (_rx_task) root DEBUG iutctl_common.py          91    read                      : Read 6 bytes data
2024-06-24 02:54:58,315 BTPWorkerThread-9256 (_rx_task) root DEBUG iutctl_common.py          91    read                      : Read 8 bytes data
2024-06-24 02:54:58,315 BTPWorkerThread-9256 (_rx_task) root DEBUG iutctl_common.py          99    read                      : Received data: {'07 01 01 00 02 00 07 00 00 1c 00 00 00 3f'}, bytearray(b'\x07\x01\x01\x00\x02\x00\x07\x00\x00\x1c\x00\x00\x00?')
2024-06-24 02:54:58,315 BTPWorkerThread-9256 (_rx_task) root DEBUG btp.py                    814   event_handler             : event_handler Header(svc_id=4, op=134, ctrl_index=0, data_len=14) (b'\x07\x01\x01\x00\x02\x00\x07\x00\x00\x1c\x00\x00\x00?',)
2024-06-24 02:54:58,424 BTPWorkerThread-9256 (_rx_task) root DEBUG iutctl_common.py          76    read                      : Read 2 bytes
2024-06-24 02:54:58,425 BTPWorkerThread-9256 (_rx_task) root DEBUG iutctl_common.py          76    read                      : Read 3 bytes
2024-06-24 02:54:58,425 BTPWorkerThread-9256 (_rx_task) root DEBUG iutctl_common.py          83    read                      : Received: hdr: Header(svc_id=4, op=134, ctrl_index=0, data_len=23) bytearray(b'\x04\x86\x00\x17\x00')
2024-06-24 02:54:58,425 BTPWorkerThread-9256 (_rx_task) root DEBUG iutctl_common.py          91    read                      : Read 8 bytes data
2024-06-24 02:54:58,426 BTPWorkerThread-9256 (_rx_task) root DEBUG iutctl_common.py          91    read                      : Read 12 bytes data
2024-06-24 02:54:58,427 BTPWorkerThread-9256 (_rx_task) root DEBUG iutctl_common.py          91    read                      : Read 3 bytes data
2024-06-24 02:54:58,427 BTPWorkerThread-9256 (_rx_task) root DEBUG iutctl_common.py          99    read                      : Received data: {'03 00 01 00 02 00 10 80 00 14 01 4e 12 fe b1 ba 75 61 3f 9b 1d aa d3'}, bytearray(b'\x03\x00\x01\x00\x02\x00\x10\x80\x00\x14\x01N\x12\xfe\xb1\xbaua?\x9b\x1d\xaa\xd3')
2024-06-24 02:54:58,427 BTPWorkerThread-9256 (_rx_task) root DEBUG btp.py                    814   event_handler             : event_handler Header(svc_id=4, op=134, ctrl_index=0, data_len=23) (b'\x03\x00\x01\x00\x02\x00\x10\x80\x00\x14\x01N\x12\xfe\xb1\xbaua?\x9b\x1d\xaa\xd3',)
2024-06-24 02:54:58,480 BTPWorkerThread-9256 (_rx_task) root DEBUG iutctl_common.py          76    read                      : Read 1 bytes
2024-06-24 02:54:58,481 BTPWorkerThread-9256 (_rx_task) root DEBUG iutctl_common.py          76    read                      : Read 4 bytes
2024-06-24 02:54:58,481 BTPWorkerThread-9256 (_rx_task) root DEBUG iutctl_common.py          83    read                      : Received: hdr: Header(svc_id=4, op=134, ctrl_index=0, data_len=23) bytearray(b'\x04\x86\x00\x17\x00')
2024-06-24 02:54:58,481 BTPWorkerThread-9256 (_rx_task) root DEBUG iutctl_common.py          91    read                      : Read 8 bytes data
2024-06-24 02:54:58,482 BTPWorkerThread-9256 (_rx_task) root DEBUG iutctl_common.py          91    read                      : Read 11 bytes data
2024-06-24 02:54:58,483 BTPWorkerThread-9256 (_rx_task) root DEBUG iutctl_common.py          91    read                      : Read 4 bytes data
2024-06-24 02:54:58,483 BTPWorkerThread-9256 (_rx_task) root DEBUG iutctl_common.py          99    read                      : Received data: {'03 00 01 00 02 00 10 80 00 14 21 52 37 01 fb 36 47 b8 9c 0a cc f6 a4'}, bytearray(b'\x03\x00\x01\x00\x02\x00\x10\x80\x00\x14!R7\x01\xfb6G\xb8\x9c\n\xcc\xf6\xa4')
2024-06-24 02:54:58,483 BTPWorkerThread-9256 (_rx_task) root DEBUG btp.py                    814   event_handler             : event_handler Header(svc_id=4, op=134, ctrl_index=0, data_len=23) (b'\x03\x00\x01\x00\x02\x00\x10\x80\x00\x14!R7\x01\xfb6G\xb8\x9c\n\xcc\xf6\xa4',)
2024-06-24 02:54:58,483 BTPWorkerThread-9256 (_rx_task) root DEBUG iutctl_common.py          76    read                      : Read 3 bytes
2024-06-24 02:54:58,484 BTPWorkerThread-9256 (_rx_task) root DEBUG iutctl_common.py          76    read                      : Read 2 bytes
2024-06-24 02:54:58,484 BTPWorkerThread-9256 (_rx_task) root DEBUG iutctl_common.py          83    read                      : Received: hdr: Header(svc_id=4, op=143, ctrl_index=0, data_len=25) bytearray(b'\x04\x8f\x00\x19\x00')
2024-06-24 02:54:58,484 BTPWorkerThread-9256 (_rx_task) root DEBUG iutctl_common.py          91    read                      : Read 9 bytes data
2024-06-24 02:54:58,485 BTPWorkerThread-9256 (_rx_task) root DEBUG iutctl_common.py          91    read                      : Read 11 bytes data
2024-06-24 02:54:58,486 BTPWorkerThread-9256 (_rx_task) root DEBUG iutctl_common.py          91    read                      : Read 5 bytes data
2024-06-24 02:54:58,486 BTPWorkerThread-9256 (_rx_task) root DEBUG iutctl_common.py          99    read                      : Received data: {'01 00 02 00 14 00 00 00 00 7a 7b a0 39 ff 48 7e 2f 56 ce 11 b6 f7 76 de c2'}, bytearray(b'\x01\x00\x02\x00\x14\x00\x00\x00\x00z{\xa09\xffH~/V\xce\x11\xb6\xf7v\xde\xc2')
2024-06-24 02:54:58,486 BTPWorkerThread-9256 (_rx_task) root DEBUG btp.py                    814   event_handler             : event_handler Header(svc_id=4, op=143, ctrl_index=0, data_len=25) (b'\x01\x00\x02\x00\x14\x00\x00\x00\x00z{\xa09\xffH~/V\xce\x11\xb6\xf7v\xde\xc2',)
2024-06-24 02:54:58,486 BTPWorkerThread-9256 (_rx_task) root DEBUG mesh.py                   2040  mesh_model_recv_ev        : mesh_model_recv_ev b'\x01\x00\x02\x00\x14\x00\x00\x00\x00z{\xa09\xffH~/V\xce\x11\xb6\xf7v\xde\xc2' 25
2024-06-24 02:54:58,621 BTPWorkerThread-9256 (_rx_task) root DEBUG iutctl_common.py          76    read                      : Read 2 bytes
2024-06-24 02:54:58,621 BTPWorkerThread-9256 (_rx_task) root DEBUG iutctl_common.py          76    read                      : Read 1 bytes
2024-06-24 02:54:58,622 BTPWorkerThread-9256 (_rx_task) root DEBUG iutctl_common.py          76    read                      : Read 2 bytes
2024-06-24 02:54:58,622 BTPWorkerThread-9256 (_rx_task) root DEBUG iutctl_common.py          83    read                      : Received: hdr: Header(svc_id=4, op=134, ctrl_index=0, data_len=23) bytearray(b'\x04\x86\x00\x17\x00')
2024-06-24 02:54:58,622 BTPWorkerThread-9256 (_rx_task) root DEBUG iutctl_common.py          91    read                      : Read 8 bytes data
2024-06-24 02:54:58,623 BTPWorkerThread-9256 (_rx_task) root DEBUG iutctl_common.py          91    read                      : Read 12 bytes data
2024-06-24 02:54:58,624 BTPWorkerThread-9256 (_rx_task) root DEBUG iutctl_common.py          91    read                      : Read 3 bytes data
2024-06-24 02:54:58,624 BTPWorkerThread-9256 (_rx_task) root DEBUG iutctl_common.py          99    read                      : Received data: {'03 00 01 00 02 00 10 80 00 1c 00 b2 ab 4d c2 8a 1f 22 75 11 06 68 71'}, bytearray(b'\x03\x00\x01\x00\x02\x00\x10\x80\x00\x1c\x00\xb2\xabM\xc2\x8a\x1f"u\x11\x06hq')
2024-06-24 02:54:58,624 BTPWorkerThread-9256 (_rx_task) root DEBUG btp.py                    814   event_handler             : event_handler Header(svc_id=4, op=134, ctrl_index=0, data_len=23) (b'\x03\x00\x01\x00\x02\x00\x10\x80\x00\x1c\x00\xb2\xabM\xc2\x8a\x1f"u\x11\x06hq',)
2024-06-24 02:54:58,624 BTPWorkerThread-9256 (_rx_task) root DEBUG iutctl_common.py          76    read                      : Read 5 bytes
2024-06-24 02:54:58,624 BTPWorkerThread-9256 (_rx_task) root DEBUG iutctl_common.py          83    read                      : Received: hdr: Header(svc_id=4, op=143, ctrl_index=0, data_len=13) bytearray(b'\x04\x8f\x00\r\x00')
2024-06-24 02:54:58,624 BTPWorkerThread-9256 (_rx_task) root DEBUG iutctl_common.py          91    read                      : Read 1 bytes data
2024-06-24 02:54:58,625 BTPWorkerThread-9256 (_rx_task) root DEBUG iutctl_common.py          91    read                      : Read 10 bytes data
2024-06-24 02:54:58,626 BTPWorkerThread-9256 (_rx_task) root DEBUG iutctl_common.py          91    read                      : Read 2 bytes data
2024-06-24 02:54:58,626 BTPWorkerThread-9256 (_rx_task) root DEBUG iutctl_common.py          99    read                      : Received data: {'01 00 02 00 08 80 3d 02 00 00 00 02 00'}, bytearray(b'\x01\x00\x02\x00\x08\x80=\x02\x00\x00\x00\x02\x00')
2024-06-24 02:54:58,626 BTPWorkerThread-9256 (_rx_task) root DEBUG btp.py                    814   event_handler             : event_handler Header(svc_id=4, op=143, ctrl_index=0, data_len=13) (b'\x01\x00\x02\x00\x08\x80=\x02\x00\x00\x00\x02\x00',)
2024-06-24 02:54:58,626 BTPWorkerThread-9256 (_rx_task) root DEBUG mesh.py                   2040  mesh_model_recv_ev        : mesh_model_recv_ev b'\x01\x00\x02\x00\x08\x80=\x02\x00\x00\x00\x02\x00' 13
2024-06-24 02:54:58,763 BTPWorkerThread-9256 (_rx_task) root DEBUG iutctl_common.py          76    read                      : Read 5 bytes
2024-06-24 02:54:58,763 BTPWorkerThread-9256 (_rx_task) root DEBUG iutctl_common.py          83    read                      : Received: hdr: Header(svc_id=4, op=134, ctrl_index=0, data_len=23) bytearray(b'\x04\x86\x00\x17\x00')
2024-06-24 02:54:58,763 BTPWorkerThread-9256 (_rx_task) root DEBUG iutctl_common.py          91    read                      : Read 7 bytes data
2024-06-24 02:54:58,764 BTPWorkerThread-9256 (_rx_task) root DEBUG iutctl_common.py          91    read                      : Read 11 bytes data
2024-06-24 02:54:58,764 BTPWorkerThread-9256 (_rx_task) root DEBUG iutctl_common.py          91    read                      : Read 2 bytes data
2024-06-24 02:54:58,765 BTPWorkerThread-9256 (_rx_task) root DEBUG iutctl_common.py          91    read                      : Read 3 bytes data
2024-06-24 02:54:58,765 BTPWorkerThread-9256 (_rx_task) root DEBUG iutctl_common.py          99    read                      : Received data: {'03 00 01 00 02 00 10 80 00 20 00 4e ba 40 ce 06 9d 40 b9 e1 3c 85 31'}, bytearray(b'\x03\x00\x01\x00\x02\x00\x10\x80\x00 \x00N\xba@\xce\x06\x9d@\xb9\xe1<\x851')
2024-06-24 02:54:58,765 BTPWorkerThread-9256 (_rx_task) root DEBUG btp.py                    814   event_handler             : event_handler Header(svc_id=4, op=134, ctrl_index=0, data_len=23) (b'\x03\x00\x01\x00\x02\x00\x10\x80\x00 \x00N\xba@\xce\x06\x9d@\xb9\xe1<\x851',)
2024-06-24 02:54:58,765 BTPWorkerThread-9256 (_rx_task) root DEBUG iutctl_common.py          76    read                      : Read 5 bytes
2024-06-24 02:54:58,765 BTPWorkerThread-9256 (_rx_task) root DEBUG iutctl_common.py          83    read                      : Received: hdr: Header(svc_id=4, op=143, ctrl_index=0, data_len=13) bytearray(b'\x04\x8f\x00\r\x00')
2024-06-24 02:54:58,766 BTPWorkerThread-9256 (_rx_task) root DEBUG iutctl_common.py          91    read                      : Read 11 bytes data
2024-06-24 02:54:58,766 BTPWorkerThread-9256 (_rx_task) root DEBUG iutctl_common.py          91    read                      : Read 1 bytes data
2024-06-24 02:54:58,767 BTPWorkerThread-9256 (_rx_task) root DEBUG iutctl_common.py          91    read                      : Read 1 bytes data
2024-06-24 02:54:58,767 BTPWorkerThread-9256 (_rx_task) root DEBUG iutctl_common.py          99    read                      : Received data: {'01 00 02 00 08 80 3d 02 00 00 00 03 00'}, bytearray(b'\x01\x00\x02\x00\x08\x80=\x02\x00\x00\x00\x03\x00')
2024-06-24 02:54:58,767 BTPWorkerThread-9256 (_rx_task) root DEBUG btp.py                    814   event_handler             : event_handler Header(svc_id=4, op=143, ctrl_index=0, data_len=13) (b'\x01\x00\x02\x00\x08\x80=\x02\x00\x00\x00\x03\x00',)
2024-06-24 02:54:58,767 BTPWorkerThread-9256 (_rx_task) root DEBUG mesh.py                   2040  mesh_model_recv_ev        : mesh_model_recv_ev b'\x01\x00\x02\x00\x08\x80=\x02\x00\x00\x00\x03\x00' 13
2024-06-24 02:54:58,904 BTPWorkerThread-9256 (_rx_task) root DEBUG iutctl_common.py          76    read                      : Read 2 bytes
2024-06-24 02:54:58,905 BTPWorkerThread-9256 (_rx_task) root DEBUG iutctl_common.py          76    read                      : Read 3 bytes
2024-06-24 02:54:58,905 BTPWorkerThread-9256 (_rx_task) root DEBUG iutctl_common.py          83    read                      : Received: hdr: Header(svc_id=4, op=134, ctrl_index=0, data_len=23) bytearray(b'\x04\x86\x00\x17\x00')
2024-06-24 02:54:58,905 BTPWorkerThread-9256 (_rx_task) root DEBUG iutctl_common.py          91    read                      : Read 9 bytes data
2024-06-24 02:54:58,906 BTPWorkerThread-9256 (_rx_task) root DEBUG iutctl_common.py          91    read                      : Read 11 bytes data
2024-06-24 02:54:58,906 BTPWorkerThread-9256 (_rx_task) root DEBUG iutctl_common.py          91    read                      : Read 1 bytes data
2024-06-24 02:54:58,907 BTPWorkerThread-9256 (_rx_task) root DEBUG iutctl_common.py          91    read                      : Read 2 bytes data
2024-06-24 02:54:58,907 BTPWorkerThread-9256 (_rx_task) root DEBUG iutctl_common.py          99    read                      : Received data: {'03 00 01 00 02 00 10 80 00 24 00 1a 81 94 06 c5 8a fb 34 20 74 59 0e'}, bytearray(b'\x03\x00\x01\x00\x02\x00\x10\x80\x00$\x00\x1a\x81\x94\x06\xc5\x8a\xfb4 tY\x0e')
2024-06-24 02:54:58,907 BTPWorkerThread-9256 (_rx_task) root DEBUG btp.py                    814   event_handler             : event_handler Header(svc_id=4, op=134, ctrl_index=0, data_len=23) (b'\x03\x00\x01\x00\x02\x00\x10\x80\x00$\x00\x1a\x81\x94\x06\xc5\x8a\xfb4 tY\x0e',)
2024-06-24 02:54:58,907 BTPWorkerThread-9256 (_rx_task) root DEBUG iutctl_common.py          76    read                      : Read 5 bytes
2024-06-24 02:54:58,907 BTPWorkerThread-9256 (_rx_task) root DEBUG iutctl_common.py          83    read                      : Received: hdr: Header(svc_id=4, op=143, ctrl_index=0, data_len=13) bytearray(b'\x04\x8f\x00\r\x00')
2024-06-24 02:54:58,907 BTPWorkerThread-9256 (_rx_task) root DEBUG iutctl_common.py          91    read                      : Read 1 bytes data
2024-06-24 02:54:58,908 BTPWorkerThread-9256 (_rx_task) root DEBUG iutctl_common.py          91    read                      : Read 12 bytes data
2024-06-24 02:54:58,908 BTPWorkerThread-9256 (_rx_task) root DEBUG iutctl_common.py          99    read                      : Received data: {'01 00 02 00 08 80 3d 02 00 00 00 00 14'}, bytearray(b'\x01\x00\x02\x00\x08\x80=\x02\x00\x00\x00\x00\x14')
2024-06-24 02:54:58,908 BTPWorkerThread-9256 (_rx_task) root DEBUG btp.py                    814   event_handler             : event_handler Header(svc_id=4, op=143, ctrl_index=0, data_len=13) (b'\x01\x00\x02\x00\x08\x80=\x02\x00\x00\x00\x00\x14',)
2024-06-24 02:54:58,908 BTPWorkerThread-9256 (_rx_task) root DEBUG mesh.py                   2040  mesh_model_recv_ev        : mesh_model_recv_ev b'\x01\x00\x02\x00\x08\x80=\x02\x00\x00\x00\x00\x14' 13
2024-06-24 02:54:59,545 BTPWorkerThread-9256 (_rx_task) root DEBUG iutctl_common.py          76    read                      : Read 5 bytes
2024-06-24 02:54:59,545 BTPWorkerThread-9256 (_rx_task) root DEBUG iutctl_common.py          83    read                      : Received: hdr: Header(svc_id=4, op=134, ctrl_index=0, data_len=23) bytearray(b'\x04\x86\x00\x17\x00')
2024-06-24 02:54:59,545 BTPWorkerThread-9256 (_rx_task) root DEBUG iutctl_common.py          91    read                      : Read 2 bytes data
2024-06-24 02:54:59,546 BTPWorkerThread-9256 (_rx_task) root DEBUG iutctl_common.py          91    read                      : Read 11 bytes data
2024-06-24 02:54:59,546 BTPWorkerThread-9256 (_rx_task) root DEBUG iutctl_common.py          91    read                      : Read 2 bytes data
2024-06-24 02:54:59,546 BTPWorkerThread-9256 (_rx_task) root DEBUG iutctl_common.py          91    read                      : Read 1 bytes data
2024-06-24 02:54:59,547 BTPWorkerThread-9256 (_rx_task) root DEBUG iutctl_common.py          91    read                      : Read 7 bytes data
2024-06-24 02:54:59,547 BTPWorkerThread-9256 (_rx_task) root DEBUG iutctl_common.py          99    read                      : Received data: {'03 00 01 00 02 00 10 80 00 28 00 da a0 9c a3 16 13 86 d7 13 cf fd 60'}, bytearray(b'\x03\x00\x01\x00\x02\x00\x10\x80\x00(\x00\xda\xa0\x9c\xa3\x16\x13\x86\xd7\x13\xcf\xfd`')
2024-06-24 02:54:59,547 BTPWorkerThread-9256 (_rx_task) root DEBUG btp.py                    814   event_handler             : event_handler Header(svc_id=4, op=134, ctrl_index=0, data_len=23) (b'\x03\x00\x01\x00\x02\x00\x10\x80\x00(\x00\xda\xa0\x9c\xa3\x16\x13\x86\xd7\x13\xcf\xfd`',)
2024-06-24 02:54:59,548 BTPWorkerThread-9256 (_rx_task) root DEBUG iutctl_common.py          76    read                      : Read 5 bytes
2024-06-24 02:54:59,548 BTPWorkerThread-9256 (_rx_task) root DEBUG iutctl_common.py          83    read                      : Received: hdr: Header(svc_id=4, op=143, ctrl_index=0, data_len=13) bytearray(b'\x04\x8f\x00\r\x00')
2024-06-24 02:54:59,548 BTPWorkerThread-9256 (_rx_task) root DEBUG iutctl_common.py          91    read                      : Read 7 bytes data
2024-06-24 02:54:59,549 BTPWorkerThread-9256 (_rx_task) root DEBUG iutctl_common.py          91    read                      : Read 6 bytes data
2024-06-24 02:54:59,549 BTPWorkerThread-9256 (_rx_task) root DEBUG iutctl_common.py          99    read                      : Received data: {'01 00 02 00 08 80 3d 02 00 00 00 02 14'}, bytearray(b'\x01\x00\x02\x00\x08\x80=\x02\x00\x00\x00\x02\x14')
2024-06-24 02:54:59,549 BTPWorkerThread-9256 (_rx_task) root DEBUG btp.py                    814   event_handler             : event_handler Header(svc_id=4, op=143, ctrl_index=0, data_len=13) (b'\x01\x00\x02\x00\x08\x80=\x02\x00\x00\x00\x02\x14',)
2024-06-24 02:54:59,549 BTPWorkerThread-9256 (_rx_task) root DEBUG mesh.py                   2040  mesh_model_recv_ev        : mesh_model_recv_ev b'\x01\x00\x02\x00\x08\x80=\x02\x00\x00\x00\x02\x14' 13
2024-06-24 02:54:59,686 BTPWorkerThread-9256 (_rx_task) root DEBUG iutctl_common.py          76    read                      : Read 5 bytes
2024-06-24 02:54:59,686 BTPWorkerThread-9256 (_rx_task) root DEBUG iutctl_common.py          83    read                      : Received: hdr: Header(svc_id=4, op=134, ctrl_index=0, data_len=23) bytearray(b'\x04\x86\x00\x17\x00')
2024-06-24 02:54:59,686 BTPWorkerThread-9256 (_rx_task) root DEBUG iutctl_common.py          91    read                      : Read 4 bytes data
2024-06-24 02:54:59,687 BTPWorkerThread-9256 (_rx_task) root DEBUG iutctl_common.py          91    read                      : Read 12 bytes data
2024-06-24 02:54:59,687 BTPWorkerThread-9256 (_rx_task) root DEBUG iutctl_common.py          91    read                      : Read 1 bytes data
2024-06-24 02:54:59,688 BTPWorkerThread-9256 (_rx_task) root DEBUG iutctl_common.py          91    read                      : Read 6 bytes data
2024-06-24 02:54:59,688 BTPWorkerThread-9256 (_rx_task) root DEBUG iutctl_common.py          99    read                      : Received data: {'03 00 01 00 02 00 10 80 00 30 00 f8 1b 37 dc c1 b3 69 1a 5e fb 5c 45'}, bytearray(b'\x03\x00\x01\x00\x02\x00\x10\x80\x000\x00\xf8\x1b7\xdc\xc1\xb3i\x1a^\xfb\\E')
2024-06-24 02:54:59,688 BTPWorkerThread-9256 (_rx_task) root DEBUG btp.py                    814   event_handler             : event_handler Header(svc_id=4, op=134, ctrl_index=0, data_len=23) (b'\x03\x00\x01\x00\x02\x00\x10\x80\x000\x00\xf8\x1b7\xdc\xc1\xb3i\x1a^\xfb\\E',)
2024-06-24 02:54:59,688 BTPWorkerThread-9256 (_rx_task) root DEBUG iutctl_common.py          76    read                      : Read 2 bytes
2024-06-24 02:54:59,689 BTPWorkerThread-9256 (_rx_task) root DEBUG iutctl_common.py          76    read                      : Read 3 bytes
2024-06-24 02:54:59,689 BTPWorkerThread-9256 (_rx_task) root DEBUG iutctl_common.py          83    read                      : Received: hdr: Header(svc_id=4, op=143, ctrl_index=0, data_len=13) bytearray(b'\x04\x8f\x00\r\x00')
2024-06-24 02:54:59,689 BTPWorkerThread-9256 (_rx_task) root DEBUG iutctl_common.py          91    read                      : Read 9 bytes data
2024-06-24 02:54:59,690 BTPWorkerThread-9256 (_rx_task) root DEBUG iutctl_common.py          91    read                      : Read 4 bytes data
2024-06-24 02:54:59,690 BTPWorkerThread-9256 (_rx_task) root DEBUG iutctl_common.py          99    read                      : Received data: {'01 00 02 00 08 80 3d 02 00 00 00 01 14'}, bytearray(b'\x01\x00\x02\x00\x08\x80=\x02\x00\x00\x00\x01\x14')
2024-06-24 02:54:59,690 BTPWorkerThread-9256 (_rx_task) root DEBUG btp.py                    814   event_handler             : event_handler Header(svc_id=4, op=143, ctrl_index=0, data_len=13) (b'\x01\x00\x02\x00\x08\x80=\x02\x00\x00\x00\x01\x14',)
2024-06-24 02:54:59,690 BTPWorkerThread-9256 (_rx_task) root DEBUG mesh.py                   2040  mesh_model_recv_ev        : mesh_model_recv_ev b'\x01\x00\x02\x00\x08\x80=\x02\x00\x00\x00\x01\x14' 13
2024-06-24 02:54:59,827 BTPWorkerThread-9256 (_rx_task) root DEBUG iutctl_common.py          76    read                      : Read 5 bytes
2024-06-24 02:54:59,827 BTPWorkerThread-9256 (_rx_task) root DEBUG iutctl_common.py          83    read                      : Received: hdr: Header(svc_id=4, op=134, ctrl_index=0, data_len=23) bytearray(b'\x04\x86\x00\x17\x00')
2024-06-24 02:54:59,828 BTPWorkerThread-9256 (_rx_task) root DEBUG iutctl_common.py          91    read                      : Read 11 bytes data
2024-06-24 02:54:59,828 BTPWorkerThread-9256 (_rx_task) root DEBUG iutctl_common.py          91    read                      : Read 1 bytes data
2024-06-24 02:54:59,829 BTPWorkerThread-9256 (_rx_task) root DEBUG iutctl_common.py          91    read                      : Read 11 bytes data
2024-06-24 02:54:59,829 BTPWorkerThread-9256 (_rx_task) root DEBUG iutctl_common.py          99    read                      : Received data: {'03 00 01 00 02 00 10 80 00 34 00 b0 c1 40 dd 5e 4a e5 47 e0 d7 84 41'}, bytearray(b'\x03\x00\x01\x00\x02\x00\x10\x80\x004\x00\xb0\xc1@\xdd^J\xe5G\xe0\xd7\x84A')
2024-06-24 02:54:59,829 BTPWorkerThread-9256 (_rx_task) root DEBUG btp.py                    814   event_handler             : event_handler Header(svc_id=4, op=134, ctrl_index=0, data_len=23) (b'\x03\x00\x01\x00\x02\x00\x10\x80\x004\x00\xb0\xc1@\xdd^J\xe5G\xe0\xd7\x84A',)
2024-06-24 02:54:59,830 BTPWorkerThread-9256 (_rx_task) root DEBUG iutctl_common.py          76    read                      : Read 5 bytes
2024-06-24 02:54:59,830 BTPWorkerThread-9256 (_rx_task) root DEBUG iutctl_common.py          83    read                      : Received: hdr: Header(svc_id=4, op=143, ctrl_index=0, data_len=13) bytearray(b'\x04\x8f\x00\r\x00')
2024-06-24 02:54:59,830 BTPWorkerThread-9256 (_rx_task) root DEBUG iutctl_common.py          91    read                      : Read 4 bytes data
2024-06-24 02:54:59,831 BTPWorkerThread-9256 (_rx_task) root DEBUG iutctl_common.py          91    read                      : Read 9 bytes data
2024-06-24 02:54:59,831 BTPWorkerThread-9256 (_rx_task) root DEBUG iutctl_common.py          99    read                      : Received data: {'01 00 02 00 08 80 3d 02 00 00 00 14 00'}, bytearray(b'\x01\x00\x02\x00\x08\x80=\x02\x00\x00\x00\x14\x00')
2024-06-24 02:54:59,831 BTPWorkerThread-9256 (_rx_task) root DEBUG btp.py                    814   event_handler             : event_handler Header(svc_id=4, op=143, ctrl_index=0, data_len=13) (b'\x01\x00\x02\x00\x08\x80=\x02\x00\x00\x00\x14\x00',)
2024-06-24 02:54:59,831 BTPWorkerThread-9256 (_rx_task) root DEBUG mesh.py                   2040  mesh_model_recv_ev        : mesh_model_recv_ev b'\x01\x00\x02\x00\x08\x80=\x02\x00\x00\x00\x14\x00' 13
2024-06-24 02:55:00,974 BTPWorkerThread-9256 (_rx_task) root DEBUG iutctl_common.py          76    read                      : Read 5 bytes
2024-06-24 02:55:00,974 BTPWorkerThread-9256 (_rx_task) root DEBUG iutctl_common.py          83    read                      : Received: hdr: Header(svc_id=4, op=134, ctrl_index=0, data_len=21) bytearray(b'\x04\x86\x00\x15\x00')
2024-06-24 02:55:00,974 BTPWorkerThread-9256 (_rx_task) root DEBUG iutctl_common.py          91    read                      : Read 6 bytes data
2024-06-24 02:55:00,975 BTPWorkerThread-9256 (_rx_task) root DEBUG iutctl_common.py          91    read                      : Read 11 bytes data
2024-06-24 02:55:00,976 BTPWorkerThread-9256 (_rx_task) root DEBUG iutctl_common.py          91    read                      : Read 4 bytes data
2024-06-24 02:55:00,976 BTPWorkerThread-9256 (_rx_task) root DEBUG iutctl_common.py          99    read                      : Received data: {'03 00 01 00 02 00 0e cf 80 38 00 8c f1 e9 b6 bd 5a 62 9f 27 a2'}, bytearray(b"\x03\x00\x01\x00\x02\x00\x0e\xcf\x808\x00\x8c\xf1\xe9\xb6\xbdZb\x9f\'\xa2")
2024-06-24 02:55:00,976 BTPWorkerThread-9256 (_rx_task) root DEBUG btp.py                    814   event_handler             : event_handler Header(svc_id=4, op=134, ctrl_index=0, data_len=21) (b"\x03\x00\x01\x00\x02\x00\x0e\xcf\x808\x00\x8c\xf1\xe9\xb6\xbdZb\x9f'\xa2",)
2024-06-24 02:55:00,976 BTPWorkerThread-9256 (_rx_task) root DEBUG iutctl_common.py          76    read                      : Read 4 bytes
2024-06-24 02:55:00,977 BTPWorkerThread-9256 (_rx_task) root DEBUG iutctl_common.py          76    read                      : Read 1 bytes
2024-06-24 02:55:00,977 BTPWorkerThread-9256 (_rx_task) root DEBUG iutctl_common.py          83    read                      : Received: hdr: Header(svc_id=4, op=143, ctrl_index=0, data_len=7) bytearray(b'\x04\x8f\x00\x07\x00')
2024-06-24 02:55:00,977 BTPWorkerThread-9256 (_rx_task) root DEBUG iutctl_common.py          91    read                      : Read 7 bytes data
2024-06-24 02:55:00,977 BTPWorkerThread-9256 (_rx_task) root DEBUG iutctl_common.py          99    read                      : Received data: {'01 00 02 00 02 83 0e'}, bytearray(b'\x01\x00\x02\x00\x02\x83\x0e')
2024-06-24 02:55:00,977 BTPWorkerThread-9256 (_rx_task) root DEBUG btp.py                    814   event_handler             : event_handler Header(svc_id=4, op=143, ctrl_index=0, data_len=7) (b'\x01\x00\x02\x00\x02\x83\x0e',)
2024-06-24 02:55:00,977 BTPWorkerThread-9256 (_rx_task) root DEBUG mesh.py                   2040  mesh_model_recv_ev        : mesh_model_recv_ev b'\x01\x00\x02\x00\x02\x83\x0e' 7
2024-06-24 02:55:01,116 BTPWorkerThread-9256 (_rx_task) root DEBUG iutctl_common.py          76    read                      : Read 5 bytes
2024-06-24 02:55:01,116 BTPWorkerThread-9256 (_rx_task) root DEBUG iutctl_common.py          83    read                      : Received: hdr: Header(svc_id=4, op=134, ctrl_index=0, data_len=23) bytearray(b'\x04\x86\x00\x17\x00')
2024-06-24 02:55:01,116 BTPWorkerThread-9256 (_rx_task) root DEBUG iutctl_common.py          91    read                      : Read 1 bytes data
2024-06-24 02:55:01,117 BTPWorkerThread-9256 (_rx_task) root DEBUG iutctl_common.py          91    read                      : Read 12 bytes data
2024-06-24 02:55:01,118 BTPWorkerThread-9256 (_rx_task) root DEBUG iutctl_common.py          91    read                      : Read 10 bytes data
2024-06-24 02:55:01,118 BTPWorkerThread-9256 (_rx_task) root DEBUG iutctl_common.py          99    read                      : Received data: {'03 00 01 00 02 00 10 cf 80 3c 02 e2 4b 8d bf e3 6f f9 2d 23 b2 22 8e'}, bytearray(b'\x03\x00\x01\x00\x02\x00\x10\xcf\x80<\x02\xe2K\x8d\xbf\xe3o\xf9-#\xb2"\x8e')
2024-06-24 02:55:01,118 BTPWorkerThread-9256 (_rx_task) root DEBUG btp.py                    814   event_handler             : event_handler Header(svc_id=4, op=134, ctrl_index=0, data_len=23) (b'\x03\x00\x01\x00\x02\x00\x10\xcf\x80<\x02\xe2K\x8d\xbf\xe3o\xf9-#\xb2"\x8e',)
2024-06-24 02:55:01,154 BTPWorkerThread-9256 (_rx_task) root DEBUG iutctl_common.py          76    read                      : Read 5 bytes
2024-06-24 02:55:01,154 BTPWorkerThread-9256 (_rx_task) root DEBUG iutctl_common.py          83    read                      : Received: hdr: Header(svc_id=4, op=134, ctrl_index=0, data_len=23) bytearray(b'\x04\x86\x00\x17\x00')
2024-06-24 02:55:01,154 BTPWorkerThread-9256 (_rx_task) root DEBUG iutctl_common.py          91    read                      : Read 2 bytes data
2024-06-24 02:55:01,155 BTPWorkerThread-9256 (_rx_task) root DEBUG iutctl_common.py          91    read                      : Read 12 bytes data
2024-06-24 02:55:01,156 BTPWorkerThread-9256 (_rx_task) root DEBUG iutctl_common.py          91    read                      : Read 9 bytes data
2024-06-24 02:55:01,156 BTPWorkerThread-9256 (_rx_task) root DEBUG iutctl_common.py          99    read                      : Received data: {'03 00 01 00 02 00 10 cf 80 3c 22 e4 f1 5c 58 f9 43 4e 59 95 0d 64 73'}, bytearray(b'\x03\x00\x01\x00\x02\x00\x10\xcf\x80<"\xe4\xf1\\X\xf9CNY\x95\rds')
2024-06-24 02:55:01,156 BTPWorkerThread-9256 (_rx_task) root DEBUG btp.py                    814   event_handler             : event_handler Header(svc_id=4, op=134, ctrl_index=0, data_len=23) (b'\x03\x00\x01\x00\x02\x00\x10\xcf\x80<"\xe4\xf1\\X\xf9CNY\x95\rds',)
2024-06-24 02:55:01,210 BTPWorkerThread-9256 (_rx_task) root DEBUG iutctl_common.py          76    read                      : Read 5 bytes
2024-06-24 02:55:01,210 BTPWorkerThread-9256 (_rx_task) root DEBUG iutctl_common.py          83    read                      : Received: hdr: Header(svc_id=4, op=134, ctrl_index=0, data_len=17) bytearray(b'\x04\x86\x00\x11\x00')
2024-06-24 02:55:01,210 BTPWorkerThread-9256 (_rx_task) root DEBUG iutctl_common.py          91    read                      : Read 3 bytes data
2024-06-24 02:55:01,211 BTPWorkerThread-9256 (_rx_task) root DEBUG iutctl_common.py          91    read                      : Read 11 bytes data
2024-06-24 02:55:01,211 BTPWorkerThread-9256 (_rx_task) root DEBUG iutctl_common.py          91    read                      : Read 1 bytes data
2024-06-24 02:55:01,212 BTPWorkerThread-9256 (_rx_task) root DEBUG iutctl_common.py          91    read                      : Read 2 bytes data
2024-06-24 02:55:01,212 BTPWorkerThread-9256 (_rx_task) root DEBUG iutctl_common.py          99    read                      : Received data: {'03 00 01 00 02 00 0a cf 80 3c 42 93 5a c1 13 4d 9a'}, bytearray(b'\x03\x00\x01\x00\x02\x00\n\xcf\x80<B\x93Z\xc1\x13M\x9a')
2024-06-24 02:55:01,212 BTPWorkerThread-9256 (_rx_task) root DEBUG btp.py                    814   event_handler             : event_handler Header(svc_id=4, op=134, ctrl_index=0, data_len=17) (b'\x03\x00\x01\x00\x02\x00\n\xcf\x80<B\x93Z\xc1\x13M\x9a',)
2024-06-24 02:55:01,212 BTPWorkerThread-9256 (_rx_task) root DEBUG iutctl_common.py          76    read                      : Read 5 bytes
2024-06-24 02:55:01,212 BTPWorkerThread-9256 (_rx_task) root DEBUG iutctl_common.py          83    read                      : Received: hdr: Header(svc_id=4, op=143, ctrl_index=0, data_len=27) bytearray(b'\x04\x8f\x00\x1b\x00')
2024-06-24 02:55:01,212 BTPWorkerThread-9256 (_rx_task) root DEBUG iutctl_common.py          91    read                      : Read 2 bytes data
2024-06-24 02:55:01,213 BTPWorkerThread-9256 (_rx_task) root DEBUG iutctl_common.py          91    read                      : Read 11 bytes data
2024-06-24 02:55:01,214 BTPWorkerThread-9256 (_rx_task) root DEBUG iutctl_common.py          91    read                      : Read 11 bytes data
2024-06-24 02:55:01,215 BTPWorkerThread-9256 (_rx_task) root DEBUG iutctl_common.py          91    read                      : Read 3 bytes data
2024-06-24 02:55:01,215 BTPWorkerThread-9256 (_rx_task) root DEBUG iutctl_common.py          99    read                      : Received data: {'01 00 02 00 16 83 0d 05 06 00 82 43 38 39 54 77 c8 0f 00 11 00 00 00 00 00 00 11'}, bytearray(b'\x01\x00\x02\x00\x16\x83\r\x05\x06\x00\x82C89Tw\xc8\x0f\x00\x11\x00\x00\x00\x00\x00\x00\x11')
2024-06-24 02:55:01,215 BTPWorkerThread-9256 (_rx_task) root DEBUG btp.py                    814   event_handler             : event_handler Header(svc_id=4, op=143, ctrl_index=0, data_len=27) (b'\x01\x00\x02\x00\x16\x83\r\x05\x06\x00\x82C89Tw\xc8\x0f\x00\x11\x00\x00\x00\x00\x00\x00\x11',)
2024-06-24 02:55:01,215 BTPWorkerThread-9256 (_rx_task) root DEBUG mesh.py                   2040  mesh_model_recv_ev        : mesh_model_recv_ev b'\x01\x00\x02\x00\x16\x83\r\x05\x06\x00\x82C89Tw\xc8\x0f\x00\x11\x00\x00\x00\x00\x00\x00\x11' 27
2024-06-24 02:55:01,403 BTPWorkerThread-9256 (_rx_task) root DEBUG iutctl_common.py          76    read                      : Read 3 bytes
2024-06-24 02:55:01,404 BTPWorkerThread-9256 (_rx_task) root DEBUG iutctl_common.py          76    read                      : Read 2 bytes
2024-06-24 02:55:01,404 BTPWorkerThread-9256 (_rx_task) root DEBUG iutctl_common.py          83    read                      : Received: hdr: Header(svc_id=4, op=134, ctrl_index=0, data_len=14) bytearray(b'\x04\x86\x00\x0e\x00')
2024-06-24 02:55:01,404 BTPWorkerThread-9256 (_rx_task) root DEBUG iutctl_common.py          91    read                      : Read 10 bytes data
2024-06-24 02:55:01,405 BTPWorkerThread-9256 (_rx_task) root DEBUG iutctl_common.py          91    read                      : Read 4 bytes data
2024-06-24 02:55:01,405 BTPWorkerThread-9256 (_rx_task) root DEBUG iutctl_common.py          99    read                      : Received data: {'05 01 01 00 02 00 07 00 00 78 00 00 00 03'}, bytearray(b'\x05\x01\x01\x00\x02\x00\x07\x00\x00x\x00\x00\x00\x03')
2024-06-24 02:55:01,405 BTPWorkerThread-9256 (_rx_task) root DEBUG btp.py                    814   event_handler             : event_handler Header(svc_id=4, op=134, ctrl_index=0, data_len=14) (b'\x05\x01\x01\x00\x02\x00\x07\x00\x00x\x00\x00\x00\x03',)
2024-06-24 02:55:01,536 BTPWorkerThread-9256 (_rx_task) root DEBUG iutctl_common.py          76    read                      : Read 2 bytes
2024-06-24 02:55:01,536 BTPWorkerThread-9256 (_rx_task) root DEBUG iutctl_common.py          76    read                      : Read 1 bytes
2024-06-24 02:55:01,537 BTPWorkerThread-9256 (_rx_task) root DEBUG iutctl_common.py          76    read                      : Read 2 bytes
2024-06-24 02:55:01,537 BTPWorkerThread-9256 (_rx_task) root DEBUG iutctl_common.py          83    read                      : Received: hdr: Header(svc_id=4, op=134, ctrl_index=0, data_len=21) bytearray(b'\x04\x86\x00\x15\x00')
2024-06-24 02:55:01,537 BTPWorkerThread-9256 (_rx_task) root DEBUG iutctl_common.py          91    read                      : Read 9 bytes data
2024-06-24 02:55:01,538 BTPWorkerThread-9256 (_rx_task) root DEBUG iutctl_common.py          91    read                      : Read 11 bytes data
2024-06-24 02:55:01,538 BTPWorkerThread-9256 (_rx_task) root DEBUG iutctl_common.py          91    read                      : Read 1 bytes data
2024-06-24 02:55:01,538 BTPWorkerThread-9256 (_rx_task) root DEBUG iutctl_common.py          99    read                      : Received data: {'03 00 01 00 02 00 0e cf 80 4c 00 19 ae 69 36 05 d9 2d 36 23 6c'}, bytearray(b'\x03\x00\x01\x00\x02\x00\x0e\xcf\x80L\x00\x19\xaei6\x05\xd9-6#l')
2024-06-24 02:55:01,538 BTPWorkerThread-9256 (_rx_task) root DEBUG btp.py                    814   event_handler             : event_handler Header(svc_id=4, op=134, ctrl_index=0, data_len=21) (b'\x03\x00\x01\x00\x02\x00\x0e\xcf\x80L\x00\x19\xaei6\x05\xd9-6#l',)
2024-06-24 02:55:01,539 BTPWorkerThread-9256 (_rx_task) root DEBUG iutctl_common.py          76    read                      : Read 5 bytes
2024-06-24 02:55:01,539 BTPWorkerThread-9256 (_rx_task) root DEBUG iutctl_common.py          83    read                      : Received: hdr: Header(svc_id=4, op=143, ctrl_index=0, data_len=7) bytearray(b'\x04\x8f\x00\x07\x00')
2024-06-24 02:55:01,539 BTPWorkerThread-9256 (_rx_task) root DEBUG iutctl_common.py          91    read                      : Read 1 bytes data
2024-06-24 02:55:01,540 BTPWorkerThread-9256 (_rx_task) root DEBUG iutctl_common.py          91    read                      : Read 6 bytes data
2024-06-24 02:55:01,540 BTPWorkerThread-9256 (_rx_task) root DEBUG iutctl_common.py          99    read                      : Received data: {'01 00 02 00 02 83 06'}, bytearray(b'\x01\x00\x02\x00\x02\x83\x06')
2024-06-24 02:55:01,540 BTPWorkerThread-9256 (_rx_task) root DEBUG btp.py                    814   event_handler             : event_handler Header(svc_id=4, op=143, ctrl_index=0, data_len=7) (b'\x01\x00\x02\x00\x02\x83\x06',)
2024-06-24 02:55:01,540 BTPWorkerThread-9256 (_rx_task) root DEBUG mesh.py                   2040  mesh_model_recv_ev        : mesh_model_recv_ev b'\x01\x00\x02\x00\x02\x83\x06' 7
2024-06-24 02:55:01,733 BTPWorkerThread-9256 (_rx_task) root DEBUG iutctl_common.py          76    read                      : Read 5 bytes
2024-06-24 02:55:01,733 BTPWorkerThread-9256 (_rx_task) root DEBUG iutctl_common.py          83    read                      : Received: hdr: Header(svc_id=4, op=134, ctrl_index=0, data_len=14) bytearray(b'\x04\x86\x00\x0e\x00')
2024-06-24 02:55:01,733 BTPWorkerThread-9256 (_rx_task) root DEBUG iutctl_common.py          91    read                      : Read 2 bytes data
2024-06-24 02:55:01,734 BTPWorkerThread-9256 (_rx_task) root DEBUG iutctl_common.py          91    read                      : Read 11 bytes data
2024-06-24 02:55:01,735 BTPWorkerThread-9256 (_rx_task) root DEBUG iutctl_common.py          91    read                      : Read 1 bytes data
2024-06-24 02:55:01,735 BTPWorkerThread-9256 (_rx_task) root DEBUG iutctl_common.py          99    read                      : Received data: {'05 01 01 00 02 00 07 00 00 84 00 00 00 03'}, bytearray(b'\x05\x01\x01\x00\x02\x00\x07\x00\x00\x84\x00\x00\x00\x03')
2024-06-24 02:55:01,735 BTPWorkerThread-9256 (_rx_task) root DEBUG btp.py                    814   event_handler             : event_handler Header(svc_id=4, op=134, ctrl_index=0, data_len=14) (b'\x05\x01\x01\x00\x02\x00\x07\x00\x00\x84\x00\x00\x00\x03',)
2024-06-24 02:55:01,862 BTPWorkerThread-9256 (_rx_task) root DEBUG iutctl_common.py          76    read                      : Read 5 bytes
2024-06-24 02:55:01,862 BTPWorkerThread-9256 (_rx_task) root DEBUG iutctl_common.py          83    read                      : Received: hdr: Header(svc_id=4, op=134, ctrl_index=0, data_len=21) bytearray(b'\x04\x86\x00\x15\x00')
2024-06-24 02:55:01,862 BTPWorkerThread-9256 (_rx_task) root DEBUG iutctl_common.py          91    read                      : Read 4 bytes data
2024-06-24 02:55:01,863 BTPWorkerThread-9256 (_rx_task) root DEBUG iutctl_common.py          91    read                      : Read 10 bytes data
2024-06-24 02:55:01,864 BTPWorkerThread-9256 (_rx_task) root DEBUG iutctl_common.py          91    read                      : Read 7 bytes data
2024-06-24 02:55:01,864 BTPWorkerThread-9256 (_rx_task) root DEBUG iutctl_common.py          99    read                      : Received data: {'03 00 01 00 02 00 0e cf 80 54 00 9d 20 f6 47 6c 63 1f d7 b4 d8'}, bytearray(b'\x03\x00\x01\x00\x02\x00\x0e\xcf\x80T\x00\x9d \xf6Glc\x1f\xd7\xb4\xd8')
2024-06-24 02:55:01,864 BTPWorkerThread-9256 (_rx_task) root DEBUG btp.py                    814   event_handler             : event_handler Header(svc_id=4, op=134, ctrl_index=0, data_len=21) (b'\x03\x00\x01\x00\x02\x00\x0e\xcf\x80T\x00\x9d \xf6Glc\x1f\xd7\xb4\xd8',)
2024-06-24 02:55:01,865 BTPWorkerThread-9256 (_rx_task) root DEBUG iutctl_common.py          76    read                      : Read 5 bytes
2024-06-24 02:55:01,865 BTPWorkerThread-9256 (_rx_task) root DEBUG iutctl_common.py          83    read                      : Received: hdr: Header(svc_id=4, op=143, ctrl_index=0, data_len=7) bytearray(b'\x04\x8f\x00\x07\x00')
2024-06-24 02:55:01,865 BTPWorkerThread-9256 (_rx_task) root DEBUG iutctl_common.py          91    read                      : Read 5 bytes data
2024-06-24 02:55:01,866 BTPWorkerThread-9256 (_rx_task) root DEBUG iutctl_common.py          91    read                      : Read 2 bytes data
2024-06-24 02:55:01,866 BTPWorkerThread-9256 (_rx_task) root DEBUG iutctl_common.py          99    read                      : Received data: {'01 00 02 00 02 83 00'}, bytearray(b'\x01\x00\x02\x00\x02\x83\x00')
2024-06-24 02:55:01,866 BTPWorkerThread-9256 (_rx_task) root DEBUG btp.py                    814   event_handler             : event_handler Header(svc_id=4, op=143, ctrl_index=0, data_len=7) (b'\x01\x00\x02\x00\x02\x83\x00',)
2024-06-24 02:55:01,866 BTPWorkerThread-9256 (_rx_task) root DEBUG mesh.py                   2040  mesh_model_recv_ev        : mesh_model_recv_ev b'\x01\x00\x02\x00\x02\x83\x00' 7
2024-06-24 02:55:02,021 BTPWorkerThread-9256 (_rx_task) root DEBUG iutctl_common.py          76    read                      : Read 5 bytes
2024-06-24 02:55:02,028 BTPWorkerThread-9256 (_rx_task) root DEBUG iutctl_common.py          83    read                      : Received: hdr: Header(svc_id=4, op=134, ctrl_index=0, data_len=14) bytearray(b'\x04\x86\x00\x0e\x00')
2024-06-24 02:55:02,028 BTPWorkerThread-9256 (_rx_task) root DEBUG iutctl_common.py          91    read                      : Read 14 bytes data
2024-06-24 02:55:02,028 BTPWorkerThread-9256 (_rx_task) root DEBUG iutctl_common.py          99    read                      : Received data: {'05 01 01 00 02 00 07 00 00 90 00 00 00 03'}, bytearray(b'\x05\x01\x01\x00\x02\x00\x07\x00\x00\x90\x00\x00\x00\x03')
2024-06-24 02:55:02,028 BTPWorkerThread-9256 (_rx_task) root DEBUG btp.py                    814   event_handler             : event_handler Header(svc_id=4, op=134, ctrl_index=0, data_len=14) (b'\x05\x01\x01\x00\x02\x00\x07\x00\x00\x90\x00\x00\x00\x03',)
2024-06-24 02:55:02,172 BTPWorkerThread-9256 (_rx_task) root DEBUG iutctl_common.py          76    read                      : Read 5 bytes
2024-06-24 02:55:02,172 BTPWorkerThread-9256 (_rx_task) root DEBUG iutctl_common.py          83    read                      : Received: hdr: Header(svc_id=4, op=134, ctrl_index=0, data_len=23) bytearray(b'\x04\x86\x00\x17\x00')
2024-06-24 02:55:02,172 BTPWorkerThread-9256 (_rx_task) root DEBUG iutctl_common.py          91    read                      : Read 4 bytes data
2024-06-24 02:55:02,173 BTPWorkerThread-9256 (_rx_task) root DEBUG iutctl_common.py          91    read                      : Read 11 bytes data
2024-06-24 02:55:02,174 BTPWorkerThread-9256 (_rx_task) root DEBUG iutctl_common.py          91    read                      : Read 8 bytes data
2024-06-24 02:55:02,174 BTPWorkerThread-9256 (_rx_task) root DEBUG iutctl_common.py          99    read                      : Received data: {'03 00 01 00 02 00 10 cf 00 5c 01 06 95 21 1e 85 88 94 76 05 dd ad 1e'}, bytearray(b'\x03\x00\x01\x00\x02\x00\x10\xcf\x00\\\x01\x06\x95!\x1e\x85\x88\x94v\x05\xdd\xad\x1e')
2024-06-24 02:55:02,174 BTPWorkerThread-9256 (_rx_task) root DEBUG btp.py                    814   event_handler             : event_handler Header(svc_id=4, op=134, ctrl_index=0, data_len=23) (b'\x03\x00\x01\x00\x02\x00\x10\xcf\x00\\\x01\x06\x95!\x1e\x85\x88\x94v\x05\xdd\xad\x1e',)
2024-06-24 02:55:02,228 BTPWorkerThread-9256 (_rx_task) root DEBUG iutctl_common.py          76    read                      : Read 5 bytes
2024-06-24 02:55:02,228 BTPWorkerThread-9256 (_rx_task) root DEBUG iutctl_common.py          83    read                      : Received: hdr: Header(svc_id=4, op=134, ctrl_index=0, data_len=21) bytearray(b'\x04\x86\x00\x15\x00')
2024-06-24 02:55:02,228 BTPWorkerThread-9256 (_rx_task) root DEBUG iutctl_common.py          91    read                      : Read 3 bytes data
2024-06-24 02:55:02,229 BTPWorkerThread-9256 (_rx_task) root DEBUG iutctl_common.py          91    read                      : Read 12 bytes data
2024-06-24 02:55:02,229 BTPWorkerThread-9256 (_rx_task) root DEBUG iutctl_common.py          91    read                      : Read 1 bytes data
2024-06-24 02:55:02,230 BTPWorkerThread-9256 (_rx_task) root DEBUG iutctl_common.py          91    read                      : Read 5 bytes data
2024-06-24 02:55:02,230 BTPWorkerThread-9256 (_rx_task) root DEBUG iutctl_common.py          99    read                      : Received data: {'03 00 01 00 02 00 0e cf 00 5c 21 5f d8 a8 17 8d 86 43 7c 4b c1'}, bytearray(b'\x03\x00\x01\x00\x02\x00\x0e\xcf\x00\\!_\xd8\xa8\x17\x8d\x86C|K\xc1')
2024-06-24 02:55:02,230 BTPWorkerThread-9256 (_rx_task) root DEBUG btp.py                    814   event_handler             : event_handler Header(svc_id=4, op=134, ctrl_index=0, data_len=21) (b'\x03\x00\x01\x00\x02\x00\x0e\xcf\x00\\!_\xd8\xa8\x17\x8d\x86C|K\xc1',)
2024-06-24 02:55:02,231 BTPWorkerThread-9256 (_rx_task) root DEBUG iutctl_common.py          76    read                      : Read 5 bytes
2024-06-24 02:55:02,231 BTPWorkerThread-9256 (_rx_task) root DEBUG iutctl_common.py          83    read                      : Received: hdr: Header(svc_id=4, op=143, ctrl_index=0, data_len=23) bytearray(b'\x04\x8f\x00\x17\x00')
2024-06-24 02:55:02,231 BTPWorkerThread-9256 (_rx_task) root DEBUG iutctl_common.py          91    read                      : Read 7 bytes data
2024-06-24 02:55:02,232 BTPWorkerThread-9256 (_rx_task) root DEBUG iutctl_common.py          91    read                      : Read 11 bytes data
2024-06-24 02:55:02,233 BTPWorkerThread-9256 (_rx_task) root DEBUG iutctl_common.py          91    read                      : Read 5 bytes data
2024-06-24 02:55:02,233 BTPWorkerThread-9256 (_rx_task) root DEBUG iutctl_common.py          99    read                      : Received data: {'01 00 02 00 12 83 01 40 82 43 38 39 54 77 c8 0f 50 00 00 00 0c ff ff'}, bytearray(b'\x01\x00\x02\x00\x12\x83\x01@\x82C89Tw\xc8\x0fP\x00\x00\x00\x0c\xff\xff')
2024-06-24 02:55:02,233 BTPWorkerThread-9256 (_rx_task) root DEBUG btp.py                    814   event_handler             : event_handler Header(svc_id=4, op=143, ctrl_index=0, data_len=23) (b'\x01\x00\x02\x00\x12\x83\x01@\x82C89Tw\xc8\x0fP\x00\x00\x00\x0c\xff\xff',)
2024-06-24 02:55:02,233 BTPWorkerThread-9256 (_rx_task) root DEBUG mesh.py                   2040  mesh_model_recv_ev        : mesh_model_recv_ev b'\x01\x00\x02\x00\x12\x83\x01@\x82C89Tw\xc8\x0fP\x00\x00\x00\x0c\xff\xff' 23
2024-06-24 02:55:02,470 BTPWorkerThread-9256 (_rx_task) root DEBUG iutctl_common.py          76    read                      : Read 2 bytes
2024-06-24 02:55:02,471 BTPWorkerThread-9256 (_rx_task) root DEBUG iutctl_common.py          76    read                      : Read 3 bytes
2024-06-24 02:55:02,471 BTPWorkerThread-9256 (_rx_task) root DEBUG iutctl_common.py          83    read                      : Received: hdr: Header(svc_id=4, op=134, ctrl_index=0, data_len=14) bytearray(b'\x04\x86\x00\x0e\x00')
2024-06-24 02:55:02,471 BTPWorkerThread-9256 (_rx_task) root DEBUG iutctl_common.py          91    read                      : Read 8 bytes data
2024-06-24 02:55:02,472 BTPWorkerThread-9256 (_rx_task) root DEBUG iutctl_common.py          91    read                      : Read 6 bytes data
2024-06-24 02:55:02,472 BTPWorkerThread-9256 (_rx_task) root DEBUG iutctl_common.py          99    read                      : Received data: {'05 01 01 00 02 00 07 00 00 9c 00 00 00 07'}, bytearray(b'\x05\x01\x01\x00\x02\x00\x07\x00\x00\x9c\x00\x00\x00\x07')
2024-06-24 02:55:02,472 BTPWorkerThread-9256 (_rx_task) root DEBUG btp.py                    814   event_handler             : event_handler Header(svc_id=4, op=134, ctrl_index=0, data_len=14) (b'\x05\x01\x01\x00\x02\x00\x07\x00\x00\x9c\x00\x00\x00\x07',)
2024-06-24 02:55:02,604 BTPWorkerThread-9256 (_rx_task) root DEBUG iutctl_common.py          76    read                      : Read 5 bytes
2024-06-24 02:55:02,604 BTPWorkerThread-9256 (_rx_task) root DEBUG iutctl_common.py          83    read                      : Received: hdr: Header(svc_id=4, op=134, ctrl_index=0, data_len=21) bytearray(b'\x04\x86\x00\x15\x00')
2024-06-24 02:55:02,604 BTPWorkerThread-9256 (_rx_task) root DEBUG iutctl_common.py          91    read                      : Read 2 bytes data
2024-06-24 02:55:02,605 BTPWorkerThread-9256 (_rx_task) root DEBUG iutctl_common.py          91    read                      : Read 2 bytes data
2024-06-24 02:55:02,605 BTPWorkerThread-9256 (_rx_task) root DEBUG iutctl_common.py          91    read                      : Read 10 bytes data
2024-06-24 02:55:02,606 BTPWorkerThread-9256 (_rx_task) root DEBUG iutctl_common.py          91    read                      : Read 7 bytes data
2024-06-24 02:55:02,606 BTPWorkerThread-9256 (_rx_task) root DEBUG iutctl_common.py          99    read                      : Received data: {'03 00 01 00 02 00 0e cf 00 68 00 cd d9 74 58 9e b8 db 0b 9f 2c'}, bytearray(b'\x03\x00\x01\x00\x02\x00\x0e\xcf\x00h\x00\xcd\xd9tX\x9e\xb8\xdb\x0b\x9f,')
2024-06-24 02:55:02,606 BTPWorkerThread-9256 (_rx_task) root DEBUG btp.py                    814   event_handler             : event_handler Header(svc_id=4, op=134, ctrl_index=0, data_len=21) (b'\x03\x00\x01\x00\x02\x00\x0e\xcf\x00h\x00\xcd\xd9tX\x9e\xb8\xdb\x0b\x9f,',)
2024-06-24 02:55:02,607 BTPWorkerThread-9256 (_rx_task) root DEBUG iutctl_common.py          76    read                      : Read 5 bytes
2024-06-24 02:55:02,607 BTPWorkerThread-9256 (_rx_task) root DEBUG iutctl_common.py          83    read                      : Received: hdr: Header(svc_id=4, op=143, ctrl_index=0, data_len=11) bytearray(b'\x04\x8f\x00\x0b\x00')
2024-06-24 02:55:02,607 BTPWorkerThread-9256 (_rx_task) root DEBUG iutctl_common.py          91    read                      : Read 5 bytes data
2024-06-24 02:55:02,608 BTPWorkerThread-9256 (_rx_task) root DEBUG iutctl_common.py          91    read                      : Read 6 bytes data
2024-06-24 02:55:02,608 BTPWorkerThread-9256 (_rx_task) root DEBUG iutctl_common.py          99    read                      : Received data: {'01 00 02 00 06 83 04 00 00 68 00'}, bytearray(b'\x01\x00\x02\x00\x06\x83\x04\x00\x00h\x00')
2024-06-24 02:55:02,608 BTPWorkerThread-9256 (_rx_task) root DEBUG btp.py                    814   event_handler             : event_handler Header(svc_id=4, op=143, ctrl_index=0, data_len=11) (b'\x01\x00\x02\x00\x06\x83\x04\x00\x00h\x00',)
2024-06-24 02:55:02,608 BTPWorkerThread-9256 (_rx_task) root DEBUG mesh.py                   2040  mesh_model_recv_ev        : mesh_model_recv_ev b'\x01\x00\x02\x00\x06\x83\x04\x00\x00h\x00' 11
2024-06-24 02:55:02,728 BTPWorkerThread-9256 (_rx_task) root DEBUG iutctl_common.py          76    read                      : Read 3 bytes
2024-06-24 02:55:02,728 BTPWorkerThread-9256 (_rx_task) root DEBUG iutctl_common.py          76    read                      : Read 2 bytes
2024-06-24 02:55:02,728 BTPWorkerThread-9256 (_rx_task) root DEBUG iutctl_common.py          83    read                      : Received: hdr: Header(svc_id=4, op=134, ctrl_index=0, data_len=21) bytearray(b'\x04\x86\x00\x15\x00')
2024-06-24 02:55:02,728 BTPWorkerThread-9256 (_rx_task) root DEBUG iutctl_common.py          91    read                      : Read 1 bytes data
2024-06-24 02:55:02,729 BTPWorkerThread-9256 (_rx_task) root DEBUG iutctl_common.py          91    read                      : Read 10 bytes data
2024-06-24 02:55:02,730 BTPWorkerThread-9256 (_rx_task) root DEBUG iutctl_common.py          91    read                      : Read 10 bytes data
2024-06-24 02:55:02,730 BTPWorkerThread-9256 (_rx_task) root DEBUG iutctl_common.py          99    read                      : Received data: {'03 00 01 00 02 00 0e cf 80 6c 00 7b ef 0c bb 44 13 23 56 8f 99'}, bytearray(b'\x03\x00\x01\x00\x02\x00\x0e\xcf\x80l\x00{\xef\x0c\xbbD\x13#V\x8f\x99')
2024-06-24 02:55:02,730 BTPWorkerThread-9256 (_rx_task) root DEBUG btp.py                    814   event_handler             : event_handler Header(svc_id=4, op=134, ctrl_index=0, data_len=21) (b'\x03\x00\x01\x00\x02\x00\x0e\xcf\x80l\x00{\xef\x0c\xbbD\x13#V\x8f\x99',)
2024-06-24 02:55:02,731 BTPWorkerThread-9256 (_rx_task) root DEBUG iutctl_common.py          76    read                      : Read 5 bytes
2024-06-24 02:55:02,731 BTPWorkerThread-9256 (_rx_task) root DEBUG iutctl_common.py          83    read                      : Received: hdr: Header(svc_id=4, op=143, ctrl_index=0, data_len=7) bytearray(b'\x04\x8f\x00\x07\x00')
2024-06-24 02:55:02,731 BTPWorkerThread-9256 (_rx_task) root DEBUG iutctl_common.py          91    read                      : Read 6 bytes data
2024-06-24 02:55:02,732 BTPWorkerThread-9256 (_rx_task) root DEBUG iutctl_common.py          91    read                      : Read 1 bytes data
2024-06-24 02:55:02,732 BTPWorkerThread-9256 (_rx_task) root DEBUG iutctl_common.py          99    read                      : Received data: {'01 00 02 00 02 83 00'}, bytearray(b'\x01\x00\x02\x00\x02\x83\x00')
2024-06-24 02:55:02,732 BTPWorkerThread-9256 (_rx_task) root DEBUG btp.py                    814   event_handler             : event_handler Header(svc_id=4, op=143, ctrl_index=0, data_len=7) (b'\x01\x00\x02\x00\x02\x83\x00',)
2024-06-24 02:55:02,732 BTPWorkerThread-9256 (_rx_task) root DEBUG mesh.py                   2040  mesh_model_recv_ev        : mesh_model_recv_ev b'\x01\x00\x02\x00\x02\x83\x00' 7
2024-06-24 02:55:02,955 BTPWorkerThread-9256 (_rx_task) root DEBUG iutctl_common.py          76    read                      : Read 4 bytes
2024-06-24 02:55:02,956 BTPWorkerThread-9256 (_rx_task) root DEBUG iutctl_common.py          76    read                      : Read 1 bytes
2024-06-24 02:55:02,956 BTPWorkerThread-9256 (_rx_task) root DEBUG iutctl_common.py          83    read                      : Received: hdr: Header(svc_id=4, op=134, ctrl_index=0, data_len=14) bytearray(b'\x04\x86\x00\x0e\x00')
2024-06-24 02:55:02,956 BTPWorkerThread-9256 (_rx_task) root DEBUG iutctl_common.py          91    read                      : Read 11 bytes data
2024-06-24 02:55:02,957 BTPWorkerThread-9256 (_rx_task) root DEBUG iutctl_common.py          91    read                      : Read 3 bytes data
2024-06-24 02:55:02,957 BTPWorkerThread-9256 (_rx_task) root DEBUG iutctl_common.py          99    read                      : Received data: {'05 01 01 00 02 00 07 00 00 b4 00 00 00 07'}, bytearray(b'\x05\x01\x01\x00\x02\x00\x07\x00\x00\xb4\x00\x00\x00\x07')
2024-06-24 02:55:02,957 BTPWorkerThread-9256 (_rx_task) root DEBUG btp.py                    814   event_handler             : event_handler Header(svc_id=4, op=134, ctrl_index=0, data_len=14) (b'\x05\x01\x01\x00\x02\x00\x07\x00\x00\xb4\x00\x00\x00\x07',)
2024-06-24 02:55:03,123 BTPWorkerThread-9256 (_rx_task) root DEBUG iutctl_common.py          76    read                      : Read 5 bytes
2024-06-24 02:55:03,123 BTPWorkerThread-9256 (_rx_task) root DEBUG iutctl_common.py          83    read                      : Received: hdr: Header(svc_id=4, op=134, ctrl_index=0, data_len=23) bytearray(b'\x04\x86\x00\x17\x00')
2024-06-24 02:55:03,123 BTPWorkerThread-9256 (_rx_task) root DEBUG iutctl_common.py          91    read                      : Read 2 bytes data
2024-06-24 02:55:03,124 BTPWorkerThread-9256 (_rx_task) root DEBUG iutctl_common.py          91    read                      : Read 11 bytes data
2024-06-24 02:55:03,125 BTPWorkerThread-9256 (_rx_task) root DEBUG iutctl_common.py          91    read                      : Read 10 bytes data
2024-06-24 02:55:03,125 BTPWorkerThread-9256 (_rx_task) root DEBUG iutctl_common.py          99    read                      : Received data: {'03 00 01 00 02 00 10 cf 80 74 07 da 41 8b 35 9b 01 02 8c 93 37 63 bc'}, bytearray(b'\x03\x00\x01\x00\x02\x00\x10\xcf\x80t\x07\xdaA\x8b5\x9b\x01\x02\x8c\x937c\xbc')
2024-06-24 02:55:03,125 BTPWorkerThread-9256 (_rx_task) root DEBUG btp.py                    814   event_handler             : event_handler Header(svc_id=4, op=134, ctrl_index=0, data_len=23) (b'\x03\x00\x01\x00\x02\x00\x10\xcf\x80t\x07\xdaA\x8b5\x9b\x01\x02\x8c\x937c\xbc',)
2024-06-24 02:55:03,274 BTPWorkerThread-9256 (_rx_task) root DEBUG iutctl_common.py          76    read                      : Read 5 bytes
2024-06-24 02:55:03,274 BTPWorkerThread-9256 (_rx_task) root DEBUG iutctl_common.py          83    read                      : Received: hdr: Header(svc_id=4, op=134, ctrl_index=0, data_len=23) bytearray(b'\x04\x86\x00\x17\x00')
2024-06-24 02:55:03,274 BTPWorkerThread-9256 (_rx_task) root DEBUG iutctl_common.py          91    read                      : Read 7 bytes data
2024-06-24 02:55:03,275 BTPWorkerThread-9256 (_rx_task) root DEBUG iutctl_common.py          91    read                      : Read 10 bytes data
2024-06-24 02:55:03,276 BTPWorkerThread-9256 (_rx_task) root DEBUG iutctl_common.py          91    read                      : Read 6 bytes data
2024-06-24 02:55:03,276 BTPWorkerThread-9256 (_rx_task) root DEBUG iutctl_common.py          99    read                      : Received data: {'03 00 01 00 02 00 10 cf 80 74 67 2c 7b b2 96 af a1 35 b0 2a 2a 5a d6'}, bytearray(b'\x03\x00\x01\x00\x02\x00\x10\xcf\x80tg,{\xb2\x96\xaf\xa15\xb0**Z\xd6')
2024-06-24 02:55:03,276 BTPWorkerThread-9256 (_rx_task) root DEBUG btp.py                    814   event_handler             : event_handler Header(svc_id=4, op=134, ctrl_index=0, data_len=23) (b'\x03\x00\x01\x00\x02\x00\x10\xcf\x80tg,{\xb2\x96\xaf\xa15\xb0**Z\xd6',)
2024-06-24 02:55:03,313 BTPWorkerThread-9256 (_rx_task) root DEBUG iutctl_common.py          76    read                      : Read 5 bytes
2024-06-24 02:55:03,313 BTPWorkerThread-9256 (_rx_task) root DEBUG iutctl_common.py          83    read                      : Received: hdr: Header(svc_id=4, op=134, ctrl_index=0, data_len=23) bytearray(b'\x04\x86\x00\x17\x00')
2024-06-24 02:55:03,313 BTPWorkerThread-9256 (_rx_task) root DEBUG iutctl_common.py          91    read                      : Read 1 bytes data
2024-06-24 02:55:03,314 BTPWorkerThread-9256 (_rx_task) root DEBUG iutctl_common.py          91    read                      : Read 11 bytes data
2024-06-24 02:55:03,315 BTPWorkerThread-9256 (_rx_task) root DEBUG iutctl_common.py          91    read                      : Read 11 bytes data
2024-06-24 02:55:03,315 BTPWorkerThread-9256 (_rx_task) root DEBUG iutctl_common.py          99    read                      : Received data: {'03 00 01 00 02 00 10 cf 80 74 87 5d ac b3 ae a6 3a d5 9b f3 83 c8 51'}, bytearray(b'\x03\x00\x01\x00\x02\x00\x10\xcf\x80t\x87]\xac\xb3\xae\xa6:\xd5\x9b\xf3\x83\xc8Q')
2024-06-24 02:55:03,315 BTPWorkerThread-9256 (_rx_task) root DEBUG btp.py                    814   event_handler             : event_handler Header(svc_id=4, op=134, ctrl_index=0, data_len=23) (b'\x03\x00\x01\x00\x02\x00\x10\xcf\x80t\x87]\xac\xb3\xae\xa6:\xd5\x9b\xf3\x83\xc8Q',)
2024-06-24 02:55:03,386 BTPWorkerThread-9256 (_rx_task) root DEBUG iutctl_common.py          76    read                      : Read 5 bytes
2024-06-24 02:55:03,386 BTPWorkerThread-9256 (_rx_task) root DEBUG iutctl_common.py          83    read                      : Received: hdr: Header(svc_id=4, op=134, ctrl_index=0, data_len=23) bytearray(b'\x04\x86\x00\x17\x00')
2024-06-24 02:55:03,386 BTPWorkerThread-9256 (_rx_task) root DEBUG iutctl_common.py          91    read                      : Read 6 bytes data
2024-06-24 02:55:03,387 BTPWorkerThread-9256 (_rx_task) root DEBUG iutctl_common.py          91    read                      : Read 11 bytes data
2024-06-24 02:55:03,388 BTPWorkerThread-9256 (_rx_task) root DEBUG iutctl_common.py          91    read                      : Read 6 bytes data
2024-06-24 02:55:03,388 BTPWorkerThread-9256 (_rx_task) root DEBUG iutctl_common.py          99    read                      : Received data: {'03 00 01 00 02 00 10 cf 80 74 a7 e3 b7 17 cd 6b 03 d3 ef d4 b5 39 3e'}, bytearray(b'\x03\x00\x01\x00\x02\x00\x10\xcf\x80t\xa7\xe3\xb7\x17\xcdk\x03\xd3\xef\xd4\xb59>')
2024-06-24 02:55:03,388 BTPWorkerThread-9256 (_rx_task) root DEBUG btp.py                    814   event_handler             : event_handler Header(svc_id=4, op=134, ctrl_index=0, data_len=23) (b'\x03\x00\x01\x00\x02\x00\x10\xcf\x80t\xa7\xe3\xb7\x17\xcdk\x03\xd3\xef\xd4\xb59>',)
2024-06-24 02:55:03,425 BTPWorkerThread-9256 (_rx_task) root DEBUG iutctl_common.py          76    read                      : Read 5 bytes
2024-06-24 02:55:03,425 BTPWorkerThread-9256 (_rx_task) root DEBUG iutctl_common.py          83    read                      : Received: hdr: Header(svc_id=4, op=134, ctrl_index=0, data_len=23) bytearray(b'\x04\x86\x00\x17\x00')
2024-06-24 02:55:03,425 BTPWorkerThread-9256 (_rx_task) root DEBUG iutctl_common.py          91    read                      : Read 6 bytes data
2024-06-24 02:55:03,426 BTPWorkerThread-9256 (_rx_task) root DEBUG iutctl_common.py          91    read                      : Read 10 bytes data
2024-06-24 02:55:03,427 BTPWorkerThread-9256 (_rx_task) root DEBUG iutctl_common.py          91    read                      : Read 7 bytes data
2024-06-24 02:55:03,427 BTPWorkerThread-9256 (_rx_task) root DEBUG iutctl_common.py          99    read                      : Received data: {'03 00 01 00 02 00 10 cf 80 74 c7 70 fb a9 6c 7f 2d 0b cc ce f6 56 46'}, bytearray(b'\x03\x00\x01\x00\x02\x00\x10\xcf\x80t\xc7p\xfb\xa9l\x7f-\x0b\xcc\xce\xf6VF')
2024-06-24 02:55:03,427 BTPWorkerThread-9256 (_rx_task) root DEBUG btp.py                    814   event_handler             : event_handler Header(svc_id=4, op=134, ctrl_index=0, data_len=23) (b'\x03\x00\x01\x00\x02\x00\x10\xcf\x80t\xc7p\xfb\xa9l\x7f-\x0b\xcc\xce\xf6VF',)
2024-06-24 02:55:03,480 BTPWorkerThread-9256 (_rx_task) root DEBUG iutctl_common.py          76    read                      : Read 5 bytes
2024-06-24 02:55:03,480 BTPWorkerThread-9256 (_rx_task) root DEBUG iutctl_common.py          83    read                      : Received: hdr: Header(svc_id=4, op=134, ctrl_index=0, data_len=18) bytearray(b'\x04\x86\x00\x12\x00')
2024-06-24 02:55:03,480 BTPWorkerThread-9256 (_rx_task) root DEBUG iutctl_common.py          91    read                      : Read 1 bytes data
2024-06-24 02:55:03,481 BTPWorkerThread-9256 (_rx_task) root DEBUG iutctl_common.py          91    read                      : Read 11 bytes data
2024-06-24 02:55:03,482 BTPWorkerThread-9256 (_rx_task) root DEBUG iutctl_common.py          91    read                      : Read 6 bytes data
2024-06-24 02:55:03,482 BTPWorkerThread-9256 (_rx_task) root DEBUG iutctl_common.py          99    read                      : Received data: {'03 00 01 00 02 00 0b cf 80 74 e7 9d 45 69 14 f0 cf c4'}, bytearray(b'\x03\x00\x01\x00\x02\x00\x0b\xcf\x80t\xe7\x9dEi\x14\xf0\xcf\xc4')
2024-06-24 02:55:03,482 BTPWorkerThread-9256 (_rx_task) root DEBUG btp.py                    814   event_handler             : event_handler Header(svc_id=4, op=134, ctrl_index=0, data_len=18) (b'\x03\x00\x01\x00\x02\x00\x0b\xcf\x80t\xe7\x9dEi\x14\xf0\xcf\xc4',)
2024-06-24 02:55:03,537 BTPWorkerThread-9256 (_rx_task) root DEBUG iutctl_common.py          76    read                      : Read 5 bytes
2024-06-24 02:55:03,537 BTPWorkerThread-9256 (_rx_task) root DEBUG iutctl_common.py          83    read                      : Received: hdr: Header(svc_id=4, op=134, ctrl_index=0, data_len=23) bytearray(b'\x04\x86\x00\x17\x00')
2024-06-24 02:55:03,538 BTPWorkerThread-9256 (_rx_task) root DEBUG iutctl_common.py          91    read                      : Read 11 bytes data
2024-06-24 02:55:03,538 BTPWorkerThread-9256 (_rx_task) root DEBUG iutctl_common.py          91    read                      : Read 1 bytes data
2024-06-24 02:55:03,539 BTPWorkerThread-9256 (_rx_task) root DEBUG iutctl_common.py          91    read                      : Read 11 bytes data
2024-06-24 02:55:03,539 BTPWorkerThread-9256 (_rx_task) root DEBUG iutctl_common.py          99    read                      : Received data: {'03 00 01 00 02 00 10 cf 80 74 27 28 37 1f 49 60 d9 ee 2c d1 01 8f ac'}, bytearray(b"\x03\x00\x01\x00\x02\x00\x10\xcf\x80t\'(7\x1fI`\xd9\xee,\xd1\x01\x8f\xac")
2024-06-24 02:55:03,539 BTPWorkerThread-9256 (_rx_task) root DEBUG btp.py                    814   event_handler             : event_handler Header(svc_id=4, op=134, ctrl_index=0, data_len=23) (b"\x03\x00\x01\x00\x02\x00\x10\xcf\x80t'(7\x1fI`\xd9\xee,\xd1\x01\x8f\xac",)
2024-06-24 02:55:03,592 BTPWorkerThread-9256 (_rx_task) root DEBUG iutctl_common.py          76    read                      : Read 4 bytes
2024-06-24 02:55:03,592 BTPWorkerThread-9256 (_rx_task) root DEBUG iutctl_common.py          76    read                      : Read 1 bytes
2024-06-24 02:55:03,592 BTPWorkerThread-9256 (_rx_task) root DEBUG iutctl_common.py          83    read                      : Received: hdr: Header(svc_id=4, op=134, ctrl_index=0, data_len=23) bytearray(b'\x04\x86\x00\x17\x00')
2024-06-24 02:55:03,593 BTPWorkerThread-9256 (_rx_task) root DEBUG iutctl_common.py          91    read                      : Read 12 bytes data
2024-06-24 02:55:03,594 BTPWorkerThread-9256 (_rx_task) root DEBUG iutctl_common.py          91    read                      : Read 11 bytes data
2024-06-24 02:55:03,594 BTPWorkerThread-9256 (_rx_task) root DEBUG iutctl_common.py          99    read                      : Received data: {'03 00 01 00 02 00 10 cf 80 74 47 02 b9 92 52 67 48 29 ae c0 6c 6c 38'}, bytearray(b'\x03\x00\x01\x00\x02\x00\x10\xcf\x80tG\x02\xb9\x92RgH)\xae\xc0ll8')
2024-06-24 02:55:03,594 BTPWorkerThread-9256 (_rx_task) root DEBUG btp.py                    814   event_handler             : event_handler Header(svc_id=4, op=134, ctrl_index=0, data_len=23) (b'\x03\x00\x01\x00\x02\x00\x10\xcf\x80tG\x02\xb9\x92RgH)\xae\xc0ll8',)
2024-06-24 02:55:03,595 BTPWorkerThread-9256 (_rx_task) root DEBUG iutctl_common.py          76    read                      : Read 4 bytes
2024-06-24 02:55:03,596 BTPWorkerThread-9256 (_rx_task) root DEBUG iutctl_common.py          76    read                      : Read 1 bytes
2024-06-24 02:55:03,596 BTPWorkerThread-9256 (_rx_task) root DEBUG iutctl_common.py          83    read                      : Received: hdr: Header(svc_id=4, op=143, ctrl_index=0, data_len=88) bytearray(b'\x04\x8f\x00X\x00')
2024-06-24 02:55:03,596 BTPWorkerThread-9256 (_rx_task) root DEBUG iutctl_common.py          91    read                      : Read 10 bytes data
2024-06-24 02:55:03,597 BTPWorkerThread-9256 (_rx_task) root DEBUG iutctl_common.py          91    read                      : Read 11 bytes data
2024-06-24 02:55:03,597 BTPWorkerThread-9256 (_rx_task) root DEBUG iutctl_common.py          91    read                      : Read 1 bytes data
2024-06-24 02:55:03,598 BTPWorkerThread-9256 (_rx_task) root DEBUG iutctl_common.py          91    read                      : Read 10 bytes data
2024-06-24 02:55:03,598 BTPWorkerThread-9256 (_rx_task) root DEBUG iutctl_common.py          91    read                      : Read 2 bytes data
2024-06-24 02:55:03,599 BTPWorkerThread-9256 (_rx_task) root DEBUG iutctl_common.py          91    read                      : Read 10 bytes data
2024-06-24 02:55:03,599 BTPWorkerThread-9256 (_rx_task) root DEBUG iutctl_common.py          91    read                      : Read 1 bytes data
2024-06-24 02:55:03,600 BTPWorkerThread-9256 (_rx_task) root DEBUG iutctl_common.py          91    read                      : Read 11 bytes data
2024-06-24 02:55:03,601 BTPWorkerThread-9256 (_rx_task) root DEBUG iutctl_common.py          91    read                      : Read 12 bytes data
2024-06-24 02:55:03,602 BTPWorkerThread-9256 (_rx_task) root DEBUG iutctl_common.py          91    read                      : Read 11 bytes data
2024-06-24 02:55:03,602 BTPWorkerThread-9256 (_rx_task) root DEBUG iutctl_common.py          91    read                      : Read 2 bytes data
2024-06-24 02:55:03,603 BTPWorkerThread-9256 (_rx_task) root DEBUG iutctl_common.py          91    read                      : Read 7 bytes data
2024-06-24 02:55:03,603 BTPWorkerThread-9256 (_rx_task) root DEBUG iutctl_common.py          99    read                      : Received data: {'01 00 02 00 53 66 00 00 31 31 31 31 31 31 31 31 31 31 31 31 31 31 31 31 31 31 31 31 31 31 31 31 31 31 31 31 31 31 31 31 31 31 31 31 31 31 31 31 31 31 31 31 31 31 31 31 31 31 31 31 31 31 31 31 31 31 31 31 31 31 31 31 31 31 31 31 31 31 31 31 31 31 31 31 31 31 31 31'}, bytearray(b'\x01\x00\x02\x00Sf\x00\x0011111111111111111111111111111111111111111111111111111111111111111111111111111111')
2024-06-24 02:55:03,603 BTPWorkerThread-9256 (_rx_task) root DEBUG btp.py                    814   event_handler             : event_handler Header(svc_id=4, op=143, ctrl_index=0, data_len=88) (b'\x01\x00\x02\x00Sf\x00\x0011111111111111111111111111111111111111111111111111111111111111111111111111111111',)
2024-06-24 02:55:03,603 BTPWorkerThread-9256 (_rx_task) root DEBUG mesh.py                   2040  mesh_model_recv_ev        : mesh_model_recv_ev b'\x01\x00\x02\x00Sf\x00\x0011111111111111111111111111111111111111111111111111111111111111111111111111111111' 88
2024-06-24 02:55:03,687 BTPWorkerThread-9256 (_rx_task) root DEBUG iutctl_common.py          76    read                      : Read 5 bytes
2024-06-24 02:55:03,687 BTPWorkerThread-9256 (_rx_task) root DEBUG iutctl_common.py          83    read                      : Received: hdr: Header(svc_id=4, op=134, ctrl_index=0, data_len=23) bytearray(b'\x04\x86\x00\x17\x00')
2024-06-24 02:55:03,688 BTPWorkerThread-9256 (_rx_task) root DEBUG iutctl_common.py          91    read                      : Read 12 bytes data
2024-06-24 02:55:03,689 BTPWorkerThread-9256 (_rx_task) root DEBUG iutctl_common.py          91    read                      : Read 11 bytes data
2024-06-24 02:55:03,689 BTPWorkerThread-9256 (_rx_task) root DEBUG iutctl_common.py          99    read                      : Received data: {'03 00 01 00 02 00 10 cf 80 74 a7 e3 b7 17 cd 6b 03 d3 ef d4 b5 39 3e'}, bytearray(b'\x03\x00\x01\x00\x02\x00\x10\xcf\x80t\xa7\xe3\xb7\x17\xcdk\x03\xd3\xef\xd4\xb59>')
2024-06-24 02:55:03,689 BTPWorkerThread-9256 (_rx_task) root DEBUG btp.py                    814   event_handler             : event_handler Header(svc_id=4, op=134, ctrl_index=0, data_len=23) (b'\x03\x00\x01\x00\x02\x00\x10\xcf\x80t\xa7\xe3\xb7\x17\xcdk\x03\xd3\xef\xd4\xb59>',)
2024-06-24 02:55:03,727 BTPWorkerThread-9256 (_rx_task) root DEBUG iutctl_common.py          76    read                      : Read 5 bytes
2024-06-24 02:55:03,727 BTPWorkerThread-9256 (_rx_task) root DEBUG iutctl_common.py          83    read                      : Received: hdr: Header(svc_id=4, op=134, ctrl_index=0, data_len=23) bytearray(b'\x04\x86\x00\x17\x00')
2024-06-24 02:55:03,728 BTPWorkerThread-9256 (_rx_task) root DEBUG iutctl_common.py          91    read                      : Read 11 bytes data
2024-06-24 02:55:03,728 BTPWorkerThread-9256 (_rx_task) root DEBUG iutctl_common.py          91    read                      : Read 1 bytes data
2024-06-24 02:55:03,729 BTPWorkerThread-9256 (_rx_task) root DEBUG iutctl_common.py          91    read                      : Read 11 bytes data
2024-06-24 02:55:03,729 BTPWorkerThread-9256 (_rx_task) root DEBUG iutctl_common.py          99    read                      : Received data: {'03 00 01 00 02 00 10 cf 80 74 c7 70 fb a9 6c 7f 2d 0b cc ce f6 56 46'}, bytearray(b'\x03\x00\x01\x00\x02\x00\x10\xcf\x80t\xc7p\xfb\xa9l\x7f-\x0b\xcc\xce\xf6VF')
2024-06-24 02:55:03,729 BTPWorkerThread-9256 (_rx_task) root DEBUG btp.py                    814   event_handler             : event_handler Header(svc_id=4, op=134, ctrl_index=0, data_len=23) (b'\x03\x00\x01\x00\x02\x00\x10\xcf\x80t\xc7p\xfb\xa9l\x7f-\x0b\xcc\xce\xf6VF',)
2024-06-24 02:55:03,800 BTPWorkerThread-9256 (_rx_task) root DEBUG iutctl_common.py          76    read                      : Read 5 bytes
2024-06-24 02:55:03,800 BTPWorkerThread-9256 (_rx_task) root DEBUG iutctl_common.py          83    read                      : Received: hdr: Header(svc_id=4, op=134, ctrl_index=0, data_len=18) bytearray(b'\x04\x86\x00\x12\x00')
2024-06-24 02:55:03,801 BTPWorkerThread-9256 (_rx_task) root DEBUG iutctl_common.py          91    read                      : Read 11 bytes data
2024-06-24 02:55:03,802 BTPWorkerThread-9256 (_rx_task) root DEBUG iutctl_common.py          91    read                      : Read 7 bytes data
2024-06-24 02:55:03,802 BTPWorkerThread-9256 (_rx_task) root DEBUG iutctl_common.py          99    read                      : Received data: {'03 00 01 00 02 00 0b cf 80 74 e7 9d 45 69 14 f0 cf c4'}, bytearray(b'\x03\x00\x01\x00\x02\x00\x0b\xcf\x80t\xe7\x9dEi\x14\xf0\xcf\xc4')
2024-06-24 02:55:03,802 BTPWorkerThread-9256 (_rx_task) root DEBUG btp.py                    814   event_handler             : event_handler Header(svc_id=4, op=134, ctrl_index=0, data_len=18) (b'\x03\x00\x01\x00\x02\x00\x0b\xcf\x80t\xe7\x9dEi\x14\xf0\xcf\xc4',)
2024-06-24 02:55:03,855 BTPWorkerThread-9256 (_rx_task) root DEBUG iutctl_common.py          76    read                      : Read 5 bytes
2024-06-24 02:55:03,855 BTPWorkerThread-9256 (_rx_task) root DEBUG iutctl_common.py          83    read                      : Received: hdr: Header(svc_id=4, op=134, ctrl_index=0, data_len=21) bytearray(b'\x04\x86\x00\x15\x00')
2024-06-24 02:55:03,855 BTPWorkerThread-9256 (_rx_task) root DEBUG iutctl_common.py          91    read                      : Read 4 bytes data
2024-06-24 02:55:03,856 BTPWorkerThread-9256 (_rx_task) root DEBUG iutctl_common.py          91    read                      : Read 12 bytes data
2024-06-24 02:55:03,857 BTPWorkerThread-9256 (_rx_task) root DEBUG iutctl_common.py          91    read                      : Read 5 bytes data
2024-06-24 02:55:03,857 BTPWorkerThread-9256 (_rx_task) root DEBUG iutctl_common.py          99    read                      : Received data: {'03 00 01 00 02 00 0e cf 80 ac 00 77 ae 22 b2 11 71 7c 50 f0 a0'}, bytearray(b'\x03\x00\x01\x00\x02\x00\x0e\xcf\x80\xac\x00w\xae"\xb2\x11q|P\xf0\xa0')
2024-06-24 02:55:03,857 BTPWorkerThread-9256 (_rx_task) root DEBUG btp.py                    814   event_handler             : event_handler Header(svc_id=4, op=134, ctrl_index=0, data_len=21) (b'\x03\x00\x01\x00\x02\x00\x0e\xcf\x80\xac\x00w\xae"\xb2\x11q|P\xf0\xa0',)
2024-06-24 02:55:03,857 BTPWorkerThread-9256 (_rx_task) root DEBUG iutctl_common.py          76    read                      : Read 3 bytes
2024-06-24 02:55:03,858 BTPWorkerThread-9256 (_rx_task) root DEBUG iutctl_common.py          76    read                      : Read 2 bytes
2024-06-24 02:55:03,858 BTPWorkerThread-9256 (_rx_task) root DEBUG iutctl_common.py          83    read                      : Received: hdr: Header(svc_id=4, op=143, ctrl_index=0, data_len=7) bytearray(b'\x04\x8f\x00\x07\x00')
2024-06-24 02:55:03,858 BTPWorkerThread-9256 (_rx_task) root DEBUG iutctl_common.py          91    read                      : Read 7 bytes data
2024-06-24 02:55:03,858 BTPWorkerThread-9256 (_rx_task) root DEBUG iutctl_common.py          99    read                      : Received data: {'01 00 02 00 02 83 05'}, bytearray(b'\x01\x00\x02\x00\x02\x83\x05')
2024-06-24 02:55:03,858 BTPWorkerThread-9256 (_rx_task) root DEBUG btp.py                    814   event_handler             : event_handler Header(svc_id=4, op=143, ctrl_index=0, data_len=7) (b'\x01\x00\x02\x00\x02\x83\x05',)
2024-06-24 02:55:03,858 BTPWorkerThread-9256 (_rx_task) root DEBUG mesh.py                   2040  mesh_model_recv_ev        : mesh_model_recv_ev b'\x01\x00\x02\x00\x02\x83\x05' 7
2024-06-24 02:55:03,997 BTPWorkerThread-9256 (_rx_task) root DEBUG iutctl_common.py          76    read                      : Read 4 bytes
2024-06-24 02:55:03,997 BTPWorkerThread-9256 (_rx_task) root DEBUG iutctl_common.py          76    read                      : Read 1 bytes
2024-06-24 02:55:03,997 BTPWorkerThread-9256 (_rx_task) root DEBUG iutctl_common.py          83    read                      : Received: hdr: Header(svc_id=4, op=134, ctrl_index=0, data_len=21) bytearray(b'\x04\x86\x00\x15\x00')
2024-06-24 02:55:03,998 BTPWorkerThread-9256 (_rx_task) root DEBUG iutctl_common.py          91    read                      : Read 10 bytes data
2024-06-24 02:55:03,999 BTPWorkerThread-9256 (_rx_task) root DEBUG iutctl_common.py          91    read                      : Read 11 bytes data
2024-06-24 02:55:03,999 BTPWorkerThread-9256 (_rx_task) root DEBUG iutctl_common.py          99    read                      : Received data: {'03 00 01 00 02 00 0e cf 80 b0 00 cf e2 be 69 b8 88 15 a7 54 a7'}, bytearray(b'\x03\x00\x01\x00\x02\x00\x0e\xcf\x80\xb0\x00\xcf\xe2\xbei\xb8\x88\x15\xa7T\xa7')
2024-06-24 02:55:03,999 BTPWorkerThread-9256 (_rx_task) root DEBUG btp.py                    814   event_handler             : event_handler Header(svc_id=4, op=134, ctrl_index=0, data_len=21) (b'\x03\x00\x01\x00\x02\x00\x0e\xcf\x80\xb0\x00\xcf\xe2\xbei\xb8\x88\x15\xa7T\xa7',)
2024-06-24 02:55:04,000 BTPWorkerThread-9256 (_rx_task) root DEBUG iutctl_common.py          76    read                      : Read 5 bytes
2024-06-24 02:55:04,000 BTPWorkerThread-9256 (_rx_task) root DEBUG iutctl_common.py          83    read                      : Received: hdr: Header(svc_id=4, op=143, ctrl_index=0, data_len=7) bytearray(b'\x04\x8f\x00\x07\x00')
2024-06-24 02:55:04,000 BTPWorkerThread-9256 (_rx_task) root DEBUG iutctl_common.py          91    read                      : Read 5 bytes data
2024-06-24 02:55:04,001 BTPWorkerThread-9256 (_rx_task) root DEBUG iutctl_common.py          91    read                      : Read 2 bytes data
2024-06-24 02:55:04,001 BTPWorkerThread-9256 (_rx_task) root DEBUG iutctl_common.py          99    read                      : Received data: {'01 00 02 00 02 83 00'}, bytearray(b'\x01\x00\x02\x00\x02\x83\x00')
2024-06-24 02:55:04,001 BTPWorkerThread-9256 (_rx_task) root DEBUG btp.py                    814   event_handler             : event_handler Header(svc_id=4, op=143, ctrl_index=0, data_len=7) (b'\x01\x00\x02\x00\x02\x83\x00',)
2024-06-24 02:55:04,001 BTPWorkerThread-9256 (_rx_task) root DEBUG mesh.py                   2040  mesh_model_recv_ev        : mesh_model_recv_ev b'\x01\x00\x02\x00\x02\x83\x00' 7
2024-06-24 02:55:04,207 BTPWorkerThread-9256 (_rx_task) root DEBUG iutctl_common.py          76    read                      : Read 5 bytes
2024-06-24 02:55:04,207 BTPWorkerThread-9256 (_rx_task) root DEBUG iutctl_common.py          83    read                      : Received: hdr: Header(svc_id=4, op=134, ctrl_index=0, data_len=14) bytearray(b'\x04\x86\x00\x0e\x00')
2024-06-24 02:55:04,207 BTPWorkerThread-9256 (_rx_task) root DEBUG iutctl_common.py          91    read                      : Read 5 bytes data
2024-06-24 02:55:04,208 BTPWorkerThread-9256 (_rx_task) root DEBUG iutctl_common.py          91    read                      : Read 9 bytes data
2024-06-24 02:55:04,208 BTPWorkerThread-9256 (_rx_task) root DEBUG iutctl_common.py          99    read                      : Received data: {'05 01 01 00 02 00 07 00 00 d8 00 00 00 07'}, bytearray(b'\x05\x01\x01\x00\x02\x00\x07\x00\x00\xd8\x00\x00\x00\x07')
2024-06-24 02:55:04,208 BTPWorkerThread-9256 (_rx_task) root DEBUG btp.py                    814   event_handler             : event_handler Header(svc_id=4, op=134, ctrl_index=0, data_len=14) (b'\x05\x01\x01\x00\x02\x00\x07\x00\x00\xd8\x00\x00\x00\x07',)
2024-06-24 02:55:04,374 BTPWorkerThread-9256 (_rx_task) root DEBUG iutctl_common.py          76    read                      : Read 5 bytes
2024-06-24 02:55:04,374 BTPWorkerThread-9256 (_rx_task) root DEBUG iutctl_common.py          83    read                      : Received: hdr: Header(svc_id=4, op=134, ctrl_index=0, data_len=21) bytearray(b'\x04\x86\x00\x15\x00')
2024-06-24 02:55:04,374 BTPWorkerThread-9256 (_rx_task) root DEBUG iutctl_common.py          91    read                      : Read 7 bytes data
2024-06-24 02:55:04,375 BTPWorkerThread-9256 (_rx_task) root DEBUG iutctl_common.py          91    read                      : Read 12 bytes data
2024-06-24 02:55:04,376 BTPWorkerThread-9256 (_rx_task) root DEBUG iutctl_common.py          91    read                      : Read 2 bytes data
2024-06-24 02:55:04,376 BTPWorkerThread-9256 (_rx_task) root DEBUG iutctl_common.py          99    read                      : Received data: {'03 00 01 00 02 00 0e cf 80 b8 00 13 72 28 e3 5e dd 99 1e 03 a6'}, bytearray(b'\x03\x00\x01\x00\x02\x00\x0e\xcf\x80\xb8\x00\x13r(\xe3^\xdd\x99\x1e\x03\xa6')
2024-06-24 02:55:04,376 BTPWorkerThread-9256 (_rx_task) root DEBUG btp.py                    814   event_handler             : event_handler Header(svc_id=4, op=134, ctrl_index=0, data_len=21) (b'\x03\x00\x01\x00\x02\x00\x0e\xcf\x80\xb8\x00\x13r(\xe3^\xdd\x99\x1e\x03\xa6',)
2024-06-24 02:55:04,376 BTPWorkerThread-9256 (_rx_task) root DEBUG iutctl_common.py          76    read                      : Read 4 bytes
2024-06-24 02:55:04,377 BTPWorkerThread-9256 (_rx_task) root DEBUG iutctl_common.py          76    read                      : Read 1 bytes
2024-06-24 02:55:04,377 BTPWorkerThread-9256 (_rx_task) root DEBUG iutctl_common.py          83    read                      : Received: hdr: Header(svc_id=4, op=143, ctrl_index=0, data_len=7) bytearray(b'\x04\x8f\x00\x07\x00')
2024-06-24 02:55:04,377 BTPWorkerThread-9256 (_rx_task) root DEBUG iutctl_common.py          91    read                      : Read 7 bytes data
2024-06-24 02:55:04,377 BTPWorkerThread-9256 (_rx_task) root DEBUG iutctl_common.py          99    read                      : Received data: {'01 00 02 00 02 83 0c'}, bytearray(b'\x01\x00\x02\x00\x02\x83\x0c')
2024-06-24 02:55:04,377 BTPWorkerThread-9256 (_rx_task) root DEBUG btp.py                    814   event_handler             : event_handler Header(svc_id=4, op=143, ctrl_index=0, data_len=7) (b'\x01\x00\x02\x00\x02\x83\x0c',)
2024-06-24 02:55:04,377 BTPWorkerThread-9256 (_rx_task) root DEBUG mesh.py                   2040  mesh_model_recv_ev        : mesh_model_recv_ev b'\x01\x00\x02\x00\x02\x83\x0c' 7
2024-06-24 02:55:04,532 BTPWorkerThread-9256 (_rx_task) root DEBUG iutctl_common.py          76    read                      : Read 5 bytes
2024-06-24 02:55:04,532 BTPWorkerThread-9256 (_rx_task) root DEBUG iutctl_common.py          83    read                      : Received: hdr: Header(svc_id=4, op=134, ctrl_index=0, data_len=14) bytearray(b'\x04\x86\x00\x0e\x00')
2024-06-24 02:55:04,532 BTPWorkerThread-9256 (_rx_task) root DEBUG iutctl_common.py          91    read                      : Read 4 bytes data
2024-06-24 02:55:04,533 BTPWorkerThread-9256 (_rx_task) root DEBUG iutctl_common.py          91    read                      : Read 10 bytes data
2024-06-24 02:55:04,533 BTPWorkerThread-9256 (_rx_task) root DEBUG iutctl_common.py          99    read                      : Received data: {'05 01 01 00 02 00 07 00 00 e8 00 00 00 03'}, bytearray(b'\x05\x01\x01\x00\x02\x00\x07\x00\x00\xe8\x00\x00\x00\x03')
2024-06-24 02:55:04,533 BTPWorkerThread-9256 (_rx_task) root DEBUG btp.py                    814   event_handler             : event_handler Header(svc_id=4, op=134, ctrl_index=0, data_len=14) (b'\x05\x01\x01\x00\x02\x00\x07\x00\x00\xe8\x00\x00\x00\x03',)
2024-06-24 02:55:04,700 BTPWorkerThread-9256 (_rx_task) root DEBUG iutctl_common.py          76    read                      : Read 5 bytes
2024-06-24 02:55:04,700 BTPWorkerThread-9256 (_rx_task) root DEBUG iutctl_common.py          83    read                      : Received: hdr: Header(svc_id=4, op=134, ctrl_index=0, data_len=21) bytearray(b'\x04\x86\x00\x15\x00')
2024-06-24 02:55:04,700 BTPWorkerThread-9256 (_rx_task) root DEBUG iutctl_common.py          91    read                      : Read 1 bytes data
2024-06-24 02:55:04,701 BTPWorkerThread-9256 (_rx_task) root DEBUG iutctl_common.py          91    read                      : Read 12 bytes data
2024-06-24 02:55:04,702 BTPWorkerThread-9256 (_rx_task) root DEBUG iutctl_common.py          91    read                      : Read 8 bytes data
2024-06-24 02:55:04,702 BTPWorkerThread-9256 (_rx_task) root DEBUG iutctl_common.py          99    read                      : Received data: {'03 00 01 00 02 00 0e cf 80 c0 00 02 d3 32 20 9d b5 69 98 c5 83'}, bytearray(b'\x03\x00\x01\x00\x02\x00\x0e\xcf\x80\xc0\x00\x02\xd32 \x9d\xb5i\x98\xc5\x83')
2024-06-24 02:55:04,702 BTPWorkerThread-9256 (_rx_task) root DEBUG btp.py                    814   event_handler             : event_handler Header(svc_id=4, op=134, ctrl_index=0, data_len=21) (b'\x03\x00\x01\x00\x02\x00\x0e\xcf\x80\xc0\x00\x02\xd32 \x9d\xb5i\x98\xc5\x83',)
2024-06-24 02:55:04,703 BTPWorkerThread-9256 (_rx_task) root DEBUG iutctl_common.py          76    read                      : Read 5 bytes
2024-06-24 02:55:04,703 BTPWorkerThread-9256 (_rx_task) root DEBUG iutctl_common.py          83    read                      : Received: hdr: Header(svc_id=4, op=143, ctrl_index=0, data_len=7) bytearray(b'\x04\x8f\x00\x07\x00')
2024-06-24 02:55:04,703 BTPWorkerThread-9256 (_rx_task) root DEBUG iutctl_common.py          91    read                      : Read 5 bytes data
2024-06-24 02:55:04,704 BTPWorkerThread-9256 (_rx_task) root DEBUG iutctl_common.py          91    read                      : Read 2 bytes data
2024-06-24 02:55:04,704 BTPWorkerThread-9256 (_rx_task) root DEBUG iutctl_common.py          99    read                      : Received data: {'01 00 02 00 02 83 0f'}, bytearray(b'\x01\x00\x02\x00\x02\x83\x0f')
2024-06-24 02:55:04,704 BTPWorkerThread-9256 (_rx_task) root DEBUG btp.py                    814   event_handler             : event_handler Header(svc_id=4, op=143, ctrl_index=0, data_len=7) (b'\x01\x00\x02\x00\x02\x83\x0f',)
2024-06-24 02:55:04,704 BTPWorkerThread-9256 (_rx_task) root DEBUG mesh.py                   2040  mesh_model_recv_ev        : mesh_model_recv_ev b'\x01\x00\x02\x00\x02\x83\x0f' 7
2024-06-24 02:55:04,858 BTPWorkerThread-9256 (_rx_task) root DEBUG iutctl_common.py          76    read                      : Read 3 bytes
2024-06-24 02:55:04,859 BTPWorkerThread-9256 (_rx_task) root DEBUG iutctl_common.py          76    read                      : Read 2 bytes
2024-06-24 02:55:04,859 BTPWorkerThread-9256 (_rx_task) root DEBUG iutctl_common.py          83    read                      : Received: hdr: Header(svc_id=4, op=134, ctrl_index=0, data_len=14) bytearray(b'\x04\x86\x00\x0e\x00')
2024-06-24 02:55:04,859 BTPWorkerThread-9256 (_rx_task) root DEBUG iutctl_common.py          91    read                      : Read 10 bytes data
2024-06-24 02:55:04,860 BTPWorkerThread-9256 (_rx_task) root DEBUG iutctl_common.py          91    read                      : Read 4 bytes data
2024-06-24 02:55:04,860 BTPWorkerThread-9256 (_rx_task) root DEBUG iutctl_common.py          99    read                      : Received data: {'05 01 01 00 02 00 07 00 00 f4 00 00 00 03'}, bytearray(b'\x05\x01\x01\x00\x02\x00\x07\x00\x00\xf4\x00\x00\x00\x03')
2024-06-24 02:55:04,860 BTPWorkerThread-9256 (_rx_task) root DEBUG btp.py                    814   event_handler             : event_handler Header(svc_id=4, op=134, ctrl_index=0, data_len=14) (b'\x05\x01\x01\x00\x02\x00\x07\x00\x00\xf4\x00\x00\x00\x03',)
2024-06-24 02:55:15,082 BTPWorkerThread-9256 (_rx_task) root DEBUG iutctl_common.py          76    read                      : Read 5 bytes
2024-06-24 02:55:15,082 BTPWorkerThread-9256 (_rx_task) root DEBUG iutctl_common.py          83    read                      : Received: hdr: Header(svc_id=4, op=134, ctrl_index=0, data_len=21) bytearray(b'\x04\x86\x00\x15\x00')
2024-06-24 02:55:15,083 BTPWorkerThread-9256 (_rx_task) root DEBUG iutctl_common.py          91    read                      : Read 5 bytes data
2024-06-24 02:55:15,083 BTPWorkerThread-9256 (_rx_task) root DEBUG iutctl_common.py          91    read                      : Read 11 bytes data
2024-06-24 02:55:15,083 BTPWorkerThread-9256 (_rx_task) root DEBUG iutctl_common.py          91    read                      : Read 2 bytes data
2024-06-24 02:55:15,084 BTPWorkerThread-9256 (_rx_task) root DEBUG iutctl_common.py          91    read                      : Read 3 bytes data
2024-06-24 02:55:15,084 BTPWorkerThread-9256 (_rx_task) root DEBUG iutctl_common.py          99    read                      : Received data: {'03 00 01 00 02 00 0e cf 80 c8 00 7d 3b 1d 64 29 46 10 eb 25 da'}, bytearray(b'\x03\x00\x01\x00\x02\x00\x0e\xcf\x80\xc8\x00};\x1dd)F\x10\xeb%\xda')
2024-06-24 02:55:15,084 BTPWorkerThread-9256 (_rx_task) root DEBUG btp.py                    814   event_handler             : event_handler Header(svc_id=4, op=134, ctrl_index=0, data_len=21) (b'\x03\x00\x01\x00\x02\x00\x0e\xcf\x80\xc8\x00};\x1dd)F\x10\xeb%\xda',)
2024-06-24 02:55:15,084 BTPWorkerThread-9256 (_rx_task) root DEBUG iutctl_common.py          76    read                      : Read 1 bytes
2024-06-24 02:55:15,085 BTPWorkerThread-9256 (_rx_task) root DEBUG iutctl_common.py          76    read                      : Read 4 bytes
2024-06-24 02:55:15,085 BTPWorkerThread-9256 (_rx_task) root DEBUG iutctl_common.py          83    read                      : Received: hdr: Header(svc_id=4, op=143, ctrl_index=0, data_len=7) bytearray(b'\x04\x8f\x00\x07\x00')
2024-06-24 02:55:15,085 BTPWorkerThread-9256 (_rx_task) root DEBUG iutctl_common.py          91    read                      : Read 7 bytes data
2024-06-24 02:55:15,085 BTPWorkerThread-9256 (_rx_task) root DEBUG iutctl_common.py          99    read                      : Received data: {'01 00 02 00 02 83 0f'}, bytearray(b'\x01\x00\x02\x00\x02\x83\x0f')
2024-06-24 02:55:15,085 BTPWorkerThread-9256 (_rx_task) root DEBUG btp.py                    814   event_handler             : event_handler Header(svc_id=4, op=143, ctrl_index=0, data_len=7) (b'\x01\x00\x02\x00\x02\x83\x0f',)
2024-06-24 02:55:15,085 BTPWorkerThread-9256 (_rx_task) root DEBUG mesh.py                   2040  mesh_model_recv_ev        : mesh_model_recv_ev b'\x01\x00\x02\x00\x02\x83\x0f' 7
2024-06-24 02:55:15,241 BTPWorkerThread-9256 (_rx_task) root DEBUG iutctl_common.py          76    read                      : Read 5 bytes
2024-06-24 02:55:15,241 BTPWorkerThread-9256 (_rx_task) root DEBUG iutctl_common.py          83    read                      : Received: hdr: Header(svc_id=4, op=134, ctrl_index=0, data_len=14) bytearray(b'\x04\x86\x00\x0e\x00')
2024-06-24 02:55:15,241 BTPWorkerThread-9256 (_rx_task) root DEBUG iutctl_common.py          91    read                      : Read 5 bytes data
2024-06-24 02:55:15,242 BTPWorkerThread-9256 (_rx_task) root DEBUG iutctl_common.py          91    read                      : Read 9 bytes data
2024-06-24 02:55:15,242 BTPWorkerThread-9256 (_rx_task) root DEBUG iutctl_common.py          99    read                      : Received data: {'05 01 01 00 02 00 07 00 01 00 00 00 00 03'}, bytearray(b'\x05\x01\x01\x00\x02\x00\x07\x00\x01\x00\x00\x00\x00\x03')
2024-06-24 02:55:15,242 BTPWorkerThread-9256 (_rx_task) root DEBUG btp.py                    814   event_handler             : event_handler Header(svc_id=4, op=134, ctrl_index=0, data_len=14) (b'\x05\x01\x01\x00\x02\x00\x07\x00\x01\x00\x00\x00\x00\x03',)
2024-06-24 02:55:18,962 LT1-callback ClientCallback.log INFO client.py                 229   log                       : PTS_LOGTYPE_START_TEST Start Test Case 

+312 ms
 DFU/SR/FU/BV-09-C DFU/SR/FU/BV-09-C

2024-06-24 02:55:21,878 LT1-callback ClientCallback.log INFO client.py                 229   log                       : PTS_LOGTYPE_FINAL_VERDICT Final Verdict 

+31672 ms
 DFU/SR/FU/BV-09-C PASS

2024-06-24 02:55:21,882 LT1-callback ClientCallback.log INFO client.py                 229   log                       : PTS_LOGTYPE_FINAL_VERDICT Encrypted Verdict 

+31672 ms
 DFU/SR/FU/BV-09-C A1#ZWY4MzQ5MDg3MmQwNTIxOGQzMzQ5YjY2ODA5M2MzNjQ5ZDY4NmY0Yjc2MzIzM2VkNTUyNTFhNGU4Mjg1MjI0NA==#Lye8JyDDYFQrjiBYQ8N2ldizGBtXZaKCt/PKTEuf5I8aDkeWt4cKLYJZSlhAGrew

2024-06-24 02:55:21,886 LT1-callback ClientCallback.log INFO client.py                 229   log                       : PTS_LOGTYPE_END_TEST Test Case Ended 

+31672 ms
 DFU/SR/FU/BV-09-C DFU/SR/FU/BV-09-C

2024-06-24 02:55:22,015 LT1-callback root DEBUG client.py                 291   set_result                : ClientCallback, set_result, run_test_case, PASS
2024-06-24 02:55:22,015 LT1-thread root DEBUG client.py                 1020  _run_test_case            : After run_test_case error_code=0 status='PASS'
2024-06-24 02:55:22,016 LT1-thread root DEBUG testcase.py               752   post_run                  : post_run DFU DFU/SR/FU/BV-09-C 0
2024-06-24 02:55:22,016 LT1-thread root DEBUG testcase.py               253   start                     : Starting test function: class=<class 'autopts.ptsprojects.testcase.TestFuncCleanUp'>, func=<bound method Stack.cleanup of <autopts.ptsprojects.stack.stack.Stack object at 0x7fab37d3f070>> start_wid=None stop_wid=None post_wid=None skip_call=None call_count=1 args=() kwds={}
2024-06-24 02:55:22,016 LT1-thread root DEBUG testcase.py               265   start                     : Test function parameters: args=(), kwds={}
2024-06-24 02:55:22,016 LT1-thread root DEBUG testcase.py               253   start                     : Starting test function: class=<class 'autopts.ptsprojects.testcase.TestFuncCleanUp'>, func=<bound method ZephyrCtl.stop of <autopts.ptsprojects.zephyr.iutctl.ZephyrCtl object at 0x7fab37d3fa30>> start_wid=None stop_wid=None post_wid=None skip_call=None call_count=1 args=() kwds={}
2024-06-24 02:55:22,016 LT1-thread root DEBUG testcase.py               265   start                     : Test function parameters: args=(), kwds={}
2024-06-24 02:55:22,016 LT1-thread root DEBUG iutctl.py                 248   stop                      : <class 'autopts.ptsprojects.zephyr.iutctl.ZephyrCtl'>.stop
2024-06-24 02:55:22,016 LT1-thread root DEBUG __init__.py               49    reset                     : About to reset DUT: nrfjprog -r -s 683989059
2024-06-24 02:55:24,253 BTPWorkerThread-9256 (_rx_task) root DEBUG iutctl_common.py          76    read                      : Read 5 bytes
2024-06-24 02:55:24,254 BTPWorkerThread-9256 (_rx_task) root DEBUG iutctl_common.py          83    read                      : Received: hdr: Header(svc_id=0, op=128, ctrl_index=255, data_len=0) bytearray(b'\x00\x80\xff\x00\x00')
2024-06-24 02:55:24,254 BTPWorkerThread-9256 (_rx_task) root DEBUG iutctl_common.py          99    read                      : Received data: {''}, bytearray(b'')
2024-06-24 02:55:24,254 BTPWorkerThread-9256 (_rx_task) root DEBUG btp.py                    814   event_handler             : event_handler Header(svc_id=0, op=128, ctrl_index=255, data_len=0) (b'',)
2024-06-24 02:55:24,254 BTPWorkerThread-9256 (_rx_task) root DEBUG core.py                   28    core_iut_ready_ev         : core_iut_ready_ev
2024-06-24 02:55:24,259 LT1-thread root DEBUG iutctl.py                 266   stop                      : IUT ready event received OK
2024-06-24 02:55:24,259 LT1-thread root DEBUG iutctl_common.py          307   close                     : Waiting for _rx_worker to finish ...
2024-06-24 02:55:25,259 LT1-thread root DEBUG iutctl_common.py          307   close                     : Waiting for _rx_worker to finish ...
2024-06-24 02:55:25,259 BTPWorkerThread-9256 (_rx_task) root DEBUG iutctl_common.py          223   _rx_task                  : BTPWorkerThread-9256 (_rx_task) finishing...
2024-06-24 02:55:28,263 LT1-thread root DEBUG testcase.py               781   post_run                  : post_run, cleanup running post test case script
2024-06-24 02:55:28,263 LT1-thread root DEBUG testcase.py               791   post_run                  : post_run, run post test case script
2024-06-24 02:55:28,287 LT1-thread root DEBUG client.py                 1050  _run_test_case            : Done TestCase _run_test_case DFU DFU/SR/FU/BV-09-C
