2026-07-19 00:12:06,369 LT1-thread root DEBUG client.py                 1037  _run_test_case            : Starting TestCase _run_test_case MCP MCP/CL/CGGIT/CHA/BV-20-C
2026-07-19 00:12:06,369 LT1-thread root DEBUG testcase.py               727   pre_run                   : pre_run MCP MCP/CL/CGGIT/CHA/BV-20-C
2026-07-19 00:12:06,369 LT1-thread root DEBUG testcase.py               729   pre_run                   : About to run test case MCP MCP/CL/CGGIT/CHA/BV-20-C with commands:
2026-07-19 00:12:06,369 LT1-thread root DEBUG testcase.py               731   pre_run                   : 0) class=<class 'autopts.ptsprojects.testcase.TestFunc'>, func=<bound method ZTestCase._test_case_start of <autopts.ptsprojects.zephyr.ztestcase.ZTestCase object at 0x708dd7a5a4e0>> start_wid=None stop_wid=None post_wid=None skip_call=None call_count=0 args=() kwds={}
2026-07-19 00:12:06,369 LT1-thread root DEBUG testcase.py               731   pre_run                   : 1) class=<class 'autopts.ptsprojects.testcase.TestFunc'>, func=<function core_reg_svc_gap at 0x708ddafcd580> start_wid=None stop_wid=None post_wid=None skip_call=None call_count=21 args=() kwds={}
2026-07-19 00:12:06,369 LT1-thread root DEBUG testcase.py               731   pre_run                   : 2) class=<class 'autopts.ptsprojects.testcase.TestFunc'>, func=<bound method Stack.gap_init of <autopts.ptsprojects.stack.stack.Stack object at 0x708dd87cddc0>> start_wid=None stop_wid=None post_wid=None skip_call=None call_count=21 args=(b'Tester_F6B11A',) kwds={}
2026-07-19 00:12:06,369 LT1-thread root DEBUG testcase.py               731   pre_run                   : 3) class=<class 'autopts.ptsprojects.testcase.TestFunc'>, func=<function core_reg_svc_gatt at 0x708ddafcd6c0> start_wid=None stop_wid=None post_wid=None skip_call=None call_count=21 args=() kwds={}
2026-07-19 00:12:06,369 LT1-thread root DEBUG testcase.py               731   pre_run                   : 4) class=<class 'autopts.ptsprojects.testcase.TestFunc'>, func=<function gap_read_controller_info at 0x708ddaff4360> start_wid=None stop_wid=None post_wid=None skip_call=None call_count=21 args=() kwds={}
2026-07-19 00:12:06,369 LT1-thread root DEBUG testcase.py               731   pre_run                   : 5) class=<class 'autopts.ptsprojects.testcase.TestFunc'>, func=<function test_cases.<locals>.<lambda> at 0x708dd7b7fc40> start_wid=None stop_wid=None post_wid=None skip_call=None call_count=21 args=() kwds={}
2026-07-19 00:12:06,369 LT1-thread root DEBUG testcase.py               731   pre_run                   : 6) class=<class 'autopts.ptsprojects.testcase.TestFunc'>, func=<function test_cases.<locals>.<lambda> at 0x708dd7b7fce0> start_wid=None stop_wid=None post_wid=None skip_call=None call_count=21 args=() kwds={}
2026-07-19 00:12:06,369 LT1-thread root DEBUG testcase.py               731   pre_run                   : 7) class=<class 'autopts.ptsprojects.testcase.TestFunc'>, func=<function gap_set_io_capability at 0x708ddafdf7e0> start_wid=None stop_wid=None post_wid=None skip_call=None call_count=21 args=(0,) kwds={}
2026-07-19 00:12:06,369 LT1-thread root DEBUG testcase.py               731   pre_run                   : 8) class=<class 'autopts.ptsprojects.testcase.TestFunc'>, func=<function set_pts_addr at 0x708ddafcd120> start_wid=None stop_wid=None post_wid=None skip_call=None call_count=21 args=('DF:A9:FF:F6:B1:1A', 0) kwds={}
2026-07-19 00:12:06,369 LT1-thread root DEBUG testcase.py               731   pre_run                   : 9) class=<class 'autopts.ptsprojects.testcase.TestFunc'>, func=<bound method Stack.gatt_init of <autopts.ptsprojects.stack.stack.Stack object at 0x708dd87cddc0>> start_wid=None stop_wid=None post_wid=None skip_call=None call_count=21 args=() kwds={}
2026-07-19 00:12:06,370 LT1-thread root DEBUG testcase.py               731   pre_run                   : 10) class=<class 'autopts.ptsprojects.testcase.TestFunc'>, func=<function gap_set_connectable at 0x708ddafdfc40> start_wid=None stop_wid=None post_wid=None skip_call=None call_count=21 args=() kwds={}
2026-07-19 00:12:06,370 LT1-thread root DEBUG testcase.py               731   pre_run                   : 11) class=<class 'autopts.ptsprojects.testcase.TestFunc'>, func=<function gap_set_general_discoverable at 0x708ddafdfe20> start_wid=None stop_wid=None post_wid=None skip_call=None call_count=21 args=() kwds={}
2026-07-19 00:12:06,370 LT1-thread root DEBUG testcase.py               731   pre_run                   : 12) class=<class 'autopts.ptsprojects.testcase.TestFunc'>, func=<function core_reg_svc_mcp at 0x708ddafce5c0> start_wid=None stop_wid=None post_wid=None skip_call=None call_count=21 args=() kwds={}
2026-07-19 00:12:06,370 LT1-thread root DEBUG testcase.py               731   pre_run                   : 13) class=<class 'autopts.ptsprojects.testcase.TestFunc'>, func=<function test_cases.<locals>.<lambda> at 0x708dd7b7fd80> start_wid=None stop_wid=None post_wid=None skip_call=None call_count=21 args=() kwds={}
2026-07-19 00:12:06,370 LT1-thread root DEBUG testcase.py               731   pre_run                   : 14) class=<class 'autopts.ptsprojects.testcase.TestFunc'>, func=<bound method Stack.mcp_init of <autopts.ptsprojects.stack.stack.Stack object at 0x708dd87cddc0>> start_wid=None stop_wid=None post_wid=None skip_call=None call_count=21 args=() kwds={}
2026-07-19 00:12:06,370 LT1-thread root DEBUG testcase.py               731   pre_run                   : 15) class=<class 'autopts.ptsprojects.testcase.TestFuncCleanUp'>, func=<bound method ZTestCase._test_case_cleanup of <autopts.ptsprojects.zephyr.ztestcase.ZTestCase object at 0x708dd7a5a4e0>> start_wid=None stop_wid=None post_wid=None skip_call=None call_count=0 args=() kwds={}
2026-07-19 00:12:06,370 LT1-thread root DEBUG testcase.py               738   pre_run                   : pre_run, run pre test case script
2026-07-19 00:12:06,370 LT1-thread root DEBUG testcase.py               254   start                     : Starting test function: class=<class 'autopts.ptsprojects.testcase.TestFunc'>, func=<bound method ZTestCase._test_case_start of <autopts.ptsprojects.zephyr.ztestcase.ZTestCase object at 0x708dd7a5a4e0>> start_wid=None stop_wid=None post_wid=None skip_call=None call_count=1 args=() kwds={}
2026-07-19 00:12:06,370 LT1-thread root DEBUG testcase.py               266   start                     : Test function parameters: args=(), kwds={}
2026-07-19 00:12:06,370 LT1-thread root DEBUG iutctl.py                 172   start                     : <class 'autopts.ptsprojects.zephyr.iutctl.create_zephyr_ctl_class.<locals>.ZephyrCtl'>.start
2026-07-19 00:12:06,371 LT1-thread root DEBUG rtt.py                    163   start                     : <class 'autopts.rtt.BTMON'>.start
2026-07-19 00:12:06,376 LT1-thread root DEBUG iutctl.py                 318   _start_native_mode        : Starting native process: /home/codecoup/workspace/zephyrproject/zephyr/tests/bluetooth/tester/build/zephyr/zephyr.exe --bt-dev=hci1 --attach_uart_cmd="socat %s,rawer,b1000000, UNIX-CONNECT:/tmp/bt-stack-tester1057789983 &"
2026-07-19 00:12:06,376 LT1-thread root DEBUG native.py                 33    start                     : Starting native process: /home/codecoup/workspace/zephyrproject/zephyr/tests/bluetooth/tester/build/zephyr/zephyr.exe --bt-dev=hci1 --attach_uart_cmd="socat %s,rawer,b1000000, UNIX-CONNECT:/tmp/bt-stack-tester1057789983 &"
2026-07-19 00:12:06,377 LT1-thread root DEBUG iutctl_common.py          402   accept                    : 
2026-07-19 00:12:06,383 BTPWorkerThread-38189 (_rx_task) root DEBUG iutctl_common.py          299   _rx_task                  : BTPWorkerThread-38189 (_rx_task) started
2026-07-19 00:12:06,384 BTPWorkerThread-38189 (_rx_task) root DEBUG iutctl_common.py          123   read                      : Read 5 bytes
2026-07-19 00:12:06,384 BTPWorkerThread-38189 (_rx_task) root DEBUG iutctl_common.py          131   read                      : Received: hdr: Header(svc_id=0x00, op=0x80, ctrl_index=0xff, data_len=0x00) bytearray(b'\x00\x80\xff\x00\x00')
2026-07-19 00:12:06,384 BTPWorkerThread-38189 (_rx_task) root DEBUG iutctl_common.py          154   read                      : Received data: {''}, bytearray(b'')
2026-07-19 00:12:06,384 BTPWorkerThread-38189 (_rx_task) root DEBUG btp.py                    695   event_handler             : Header(svc_id=0, op=128, ctrl_index=255, data_len=0) (b'',)
2026-07-19 00:12:06,384 BTPWorkerThread-38189 (_rx_task) root DEBUG core.py                   23    core_iut_ready_ev         : 
2026-07-19 00:12:06,484 LT1-thread root DEBUG iutctl.py                 395   wait_iut_ready_event      : IUT ready event received OK
2026-07-19 00:12:06,485 LT1-thread root DEBUG testcase.py               254   start                     : Starting test function: class=<class 'autopts.ptsprojects.testcase.TestFunc'>, func=<function core_reg_svc_gap at 0x708ddafcd580> start_wid=None stop_wid=None post_wid=None skip_call=None call_count=22 args=() kwds={}
2026-07-19 00:12:06,485 LT1-thread root DEBUG testcase.py               266   start                     : Test function parameters: args=(), kwds={}
2026-07-19 00:12:06,485 LT1-thread root DEBUG btp.py                    117   core_reg_svc_univ         : core_reg_svc_univ: gap_reg (GAP)
2026-07-19 00:12:06,486 LT1-thread root DEBUG iutctl_common.py          161   send                      : 0 3 255 '1'
2026-07-19 00:12:06,486 LT1-thread root DEBUG iutctl_common.py          166   send                      : sending frame '0003ff010001'
2026-07-19 00:12:06,486 LT1-thread root DEBUG btp.py                    613   core_reg_svc_rsp_succ     : 
2026-07-19 00:12:06,487 LT1-thread root DEBUG iutctl_common.py          339   read                      : 
2026-07-19 00:12:06,861 BTPWorkerThread-38189 (_rx_task) root DEBUG iutctl_common.py          123   read                      : Read 5 bytes
2026-07-19 00:12:06,861 BTPWorkerThread-38189 (_rx_task) root DEBUG iutctl_common.py          131   read                      : Received: hdr: Header(svc_id=0x00, op=0x03, ctrl_index=0xff, data_len=0x00) bytearray(b'\x00\x03\xff\x00\x00')
2026-07-19 00:12:06,861 BTPWorkerThread-38189 (_rx_task) root DEBUG iutctl_common.py          154   read                      : Received data: {''}, bytearray(b'')
2026-07-19 00:12:06,866 LT1-thread root DEBUG btp.py                    624   core_reg_svc_rsp_succ     : received Header(svc_id=0, op=3, ctrl_index=255, data_len=0) (b'',)
2026-07-19 00:12:06,866 LT1-thread root DEBUG btp.py                    625   core_reg_svc_rsp_succ     : expected ((0, 3, 255, 0), (b'',))
2026-07-19 00:12:06,866 LT1-thread root DEBUG btp.py                    630   core_reg_svc_rsp_succ     : response is valid
2026-07-19 00:12:06,866 LT1-thread root DEBUG btp.py                    633   core_reg_svc_rsp_succ     : Reading supported commands for service: GAP
2026-07-19 00:12:06,866 LT1-thread root DEBUG iutctl_common.py          161   send                      : 1 1 255 ''
2026-07-19 00:12:06,866 LT1-thread root DEBUG iutctl_common.py          166   send                      : sending frame '0101ff0000'
2026-07-19 00:12:06,866 LT1-thread root DEBUG iutctl_common.py          339   read                      : 
2026-07-19 00:12:06,875 BTPWorkerThread-38189 (_rx_task) root DEBUG iutctl_common.py          123   read                      : Read 5 bytes
2026-07-19 00:12:06,886 BTPWorkerThread-38189 (_rx_task) root DEBUG iutctl_common.py          131   read                      : Received: hdr: Header(svc_id=0x01, op=0x01, ctrl_index=0xff, data_len=0x07) bytearray(b'\x01\x01\xff\x07\x00')
2026-07-19 00:12:06,901 BTPWorkerThread-38189 (_rx_task) root DEBUG iutctl_common.py          139   read                      : Read 7 bytes data
2026-07-19 00:12:06,906 BTPWorkerThread-38189 (_rx_task) root DEBUG iutctl_common.py          154   read                      : Received data: {'6e ff 7f 1f fe f7 0e'}, bytearray(b'n\xff\x7f\x1f\xfe\xf7\x0e')
2026-07-19 00:12:06,907 LT1-thread root DEBUG testcase.py               254   start                     : Starting test function: class=<class 'autopts.ptsprojects.testcase.TestFunc'>, func=<bound method Stack.gap_init of <autopts.ptsprojects.stack.stack.Stack object at 0x708dd87cddc0>> start_wid=None stop_wid=None post_wid=None skip_call=None call_count=22 args=(b'Tester_F6B11A',) kwds={}
2026-07-19 00:12:06,907 LT1-thread root DEBUG testcase.py               266   start                     : Test function parameters: args=(b'Tester_F6B11A',), kwds={}
2026-07-19 00:12:06,907 LT1-thread root DEBUG testcase.py               254   start                     : Starting test function: class=<class 'autopts.ptsprojects.testcase.TestFunc'>, func=<function core_reg_svc_gatt at 0x708ddafcd6c0> start_wid=None stop_wid=None post_wid=None skip_call=None call_count=22 args=() kwds={}
2026-07-19 00:12:06,907 LT1-thread root DEBUG testcase.py               266   start                     : Test function parameters: args=(), kwds={}
2026-07-19 00:12:06,907 LT1-thread root DEBUG btp.py                    117   core_reg_svc_univ         : core_reg_svc_univ: gatt_reg (GATT)
2026-07-19 00:12:06,907 LT1-thread root DEBUG iutctl_common.py          161   send                      : 0 3 255 '2'
2026-07-19 00:12:06,907 LT1-thread root DEBUG iutctl_common.py          166   send                      : sending frame '0003ff010002'
2026-07-19 00:12:06,907 LT1-thread root DEBUG btp.py                    613   core_reg_svc_rsp_succ     : 
2026-07-19 00:12:06,907 LT1-thread root DEBUG iutctl_common.py          339   read                      : 
2026-07-19 00:12:06,920 BTPWorkerThread-38189 (_rx_task) root DEBUG iutctl_common.py          123   read                      : Read 5 bytes
2026-07-19 00:12:06,931 BTPWorkerThread-38189 (_rx_task) root DEBUG iutctl_common.py          131   read                      : Received: hdr: Header(svc_id=0x00, op=0x03, ctrl_index=0xff, data_len=0x00) bytearray(b'\x00\x03\xff\x00\x00')
2026-07-19 00:12:06,941 BTPWorkerThread-38189 (_rx_task) root DEBUG iutctl_common.py          154   read                      : Received data: {''}, bytearray(b'')
2026-07-19 00:12:06,951 LT1-thread root DEBUG btp.py                    624   core_reg_svc_rsp_succ     : received Header(svc_id=0, op=3, ctrl_index=255, data_len=0) (b'',)
2026-07-19 00:12:06,951 LT1-thread root DEBUG btp.py                    625   core_reg_svc_rsp_succ     : expected ((0, 3, 255, 0), (b'',))
2026-07-19 00:12:06,952 LT1-thread root DEBUG btp.py                    630   core_reg_svc_rsp_succ     : response is valid
2026-07-19 00:12:06,952 LT1-thread root DEBUG btp.py                    633   core_reg_svc_rsp_succ     : Reading supported commands for service: GATT
2026-07-19 00:12:06,952 LT1-thread root DEBUG iutctl_common.py          161   send                      : 2 1 255 ''
2026-07-19 00:12:06,952 LT1-thread root DEBUG iutctl_common.py          166   send                      : sending frame '0201ff0000'
2026-07-19 00:12:06,952 LT1-thread root DEBUG iutctl_common.py          339   read                      : 
2026-07-19 00:12:06,965 BTPWorkerThread-38189 (_rx_task) root DEBUG iutctl_common.py          123   read                      : Read 5 bytes
2026-07-19 00:12:06,976 BTPWorkerThread-38189 (_rx_task) root DEBUG iutctl_common.py          131   read                      : Received: hdr: Header(svc_id=0x02, op=0x01, ctrl_index=0xff, data_len=0x05) bytearray(b'\x02\x01\xff\x05\x00')
2026-07-19 00:12:06,991 BTPWorkerThread-38189 (_rx_task) root DEBUG iutctl_common.py          139   read                      : Read 5 bytes data
2026-07-19 00:12:07,001 BTPWorkerThread-38189 (_rx_task) root DEBUG iutctl_common.py          154   read                      : Received data: {'fe fe bf fd 0f'}, bytearray(b'\xfe\xfe\xbf\xfd\x0f')
2026-07-19 00:12:07,012 LT1-thread root DEBUG testcase.py               254   start                     : Starting test function: class=<class 'autopts.ptsprojects.testcase.TestFunc'>, func=<function gap_read_controller_info at 0x708ddaff4360> start_wid=None stop_wid=None post_wid=None skip_call=None call_count=22 args=() kwds={}
2026-07-19 00:12:07,012 LT1-thread root DEBUG testcase.py               266   start                     : Test function parameters: args=(), kwds={}
2026-07-19 00:12:07,012 LT1-thread root DEBUG gap.py                    1158  gap_read_controller_info  : 
2026-07-19 00:12:07,012 LT1-thread root DEBUG iutctl_common.py          161   send                      : 1 3 0 ''
2026-07-19 00:12:07,012 LT1-thread root DEBUG iutctl_common.py          166   send                      : sending frame '0103000000'
2026-07-19 00:12:07,012 LT1-thread root DEBUG iutctl_common.py          339   read                      : 
2026-07-19 00:12:07,025 BTPWorkerThread-38189 (_rx_task) root DEBUG iutctl_common.py          123   read                      : Read 5 bytes
2026-07-19 00:12:07,036 BTPWorkerThread-38189 (_rx_task) root DEBUG iutctl_common.py          131   read                      : Received: hdr: Header(svc_id=0x01, op=0x03, ctrl_index=0x00, data_len=0x115) bytearray(b'\x01\x03\x00\x15\x01')
2026-07-19 00:12:07,051 BTPWorkerThread-38189 (_rx_task) root DEBUG iutctl_common.py          139   read                      : Read 277 bytes data
2026-07-19 00:12:07,062 BTPWorkerThread-38189 (_rx_task) root DEBUG iutctl_common.py          154   read                      : Received data: {'3b db 31 cc b6 d5 13 06 02 00 13 82 00 00 00 00 00 62 74 70 5f 74 65 73 74 65 72 00 00 00 00 00 00 00 00 00 00 00 00 00 00 00 00 00 00 00 00 00 00 00 00 00 00 00 00 00 00 00 00 00 00 00 00 00 00 00 00 00 00 00 00 00 00 00 00 00 00 00 00 00 00 00 00 00 00 00 00 00 00 00 00 00 00 00 00 00 00 00 00 00 00 00 00 00 00 00 00 00 00 00 00 00 00 00 00 00 00 00 00 00 00 00 00 00 00 00 00 00 00 00 00 00 00 00 00 00 00 00 00 00 00 00 00 00 00 00 00 00 00 00 00 00 00 00 00 00 00 00 00 00 00 00 00 00 00 00 00 00 00 00 00 00 00 00 00 00 00 00 00 00 00 00 00 00 00 00 00 00 00 00 00 00 00 00 00 00 00 00 00 00 00 00 00 00 00 00 00 00 00 00 00 00 00 00 00 00 00 00 00 00 00 00 00 00 00 00 00 00 00 00 00 00 00 00 00 00 00 00 00 00 00 00 00 00 00 00 00 00 00 00 00 00 00 00 00 00 00 00 00 00 00 00 00 00 00 00 00 00 00 00 00 00 00 00 00 00 00'}, bytearray(b';\xdb1\xcc\xb6\xd5\x13\x06\x02\x00\x13\x82\x00\x00\x00\x00\x00btp_tester\x00\x00\x00\x00\x00\x00\x00\x00\x00\x00\x00\x00\x00\x00\x00\x00\x00\x00\x00\x00\x00\x00\x00\x00\x00\x00\x00\x00\x00\x00\x00\x00\x00\x00\x00\x00\x00\x00\x00\x00\x00\x00\x00\x00\x00\x00\x00\x00\x00\x00\x00\x00\x00\x00\x00\x00\x00\x00\x00\x00\x00\x00\x00\x00\x00\x00\x00\x00\x00\x00\x00\x00\x00\x00\x00\x00\x00\x00\x00\x00\x00\x00\x00\x00\x00\x00\x00\x00\x00\x00\x00\x00\x00\x00\x00\x00\x00\x00\x00\x00\x00\x00\x00\x00\x00\x00\x00\x00\x00\x00\x00\x00\x00\x00\x00\x00\x00\x00\x00\x00\x00\x00\x00\x00\x00\x00\x00\x00\x00\x00\x00\x00\x00\x00\x00\x00\x00\x00\x00\x00\x00\x00\x00\x00\x00\x00\x00\x00\x00\x00\x00\x00\x00\x00\x00\x00\x00\x00\x00\x00\x00\x00\x00\x00\x00\x00\x00\x00\x00\x00\x00\x00\x00\x00\x00\x00\x00\x00\x00\x00\x00\x00\x00\x00\x00\x00\x00\x00\x00\x00\x00\x00\x00\x00\x00\x00\x00\x00\x00\x00\x00\x00\x00\x00\x00\x00\x00\x00\x00\x00\x00\x00\x00\x00\x00\x00\x00\x00\x00\x00\x00\x00\x00\x00\x00\x00\x00\x00\x00\x00\x00\x00\x00\x00\x00\x00\x00\x00\x00\x00\x00\x00\x00\x00\x00\x00\x00\x00\x00\x00')
2026-07-19 00:12:07,072 LT1-thread root DEBUG gap.py                    1165  gap_read_controller_info  : received Header(svc_id=1, op=3, ctrl_index=0, data_len=277) (b';\xdb1\xcc\xb6\xd5\x13\x06\x02\x00\x13\x82\x00\x00\x00\x00\x00btp_tester\x00\x00\x00\x00\x00\x00\x00\x00\x00\x00\x00\x00\x00\x00\x00\x00\x00\x00\x00\x00\x00\x00\x00\x00\x00\x00\x00\x00\x00\x00\x00\x00\x00\x00\x00\x00\x00\x00\x00\x00\x00\x00\x00\x00\x00\x00\x00\x00\x00\x00\x00\x00\x00\x00\x00\x00\x00\x00\x00\x00\x00\x00\x00\x00\x00\x00\x00\x00\x00\x00\x00\x00\x00\x00\x00\x00\x00\x00\x00\x00\x00\x00\x00\x00\x00\x00\x00\x00\x00\x00\x00\x00\x00\x00\x00\x00\x00\x00\x00\x00\x00\x00\x00\x00\x00\x00\x00\x00\x00\x00\x00\x00\x00\x00\x00\x00\x00\x00\x00\x00\x00\x00\x00\x00\x00\x00\x00\x00\x00\x00\x00\x00\x00\x00\x00\x00\x00\x00\x00\x00\x00\x00\x00\x00\x00\x00\x00\x00\x00\x00\x00\x00\x00\x00\x00\x00\x00\x00\x00\x00\x00\x00\x00\x00\x00\x00\x00\x00\x00\x00\x00\x00\x00\x00\x00\x00\x00\x00\x00\x00\x00\x00\x00\x00\x00\x00\x00\x00\x00\x00\x00\x00\x00\x00\x00\x00\x00\x00\x00\x00\x00\x00\x00\x00\x00\x00\x00\x00\x00\x00\x00\x00\x00\x00\x00\x00\x00\x00\x00\x00\x00\x00\x00\x00\x00\x00\x00\x00\x00\x00\x00\x00\x00\x00\x00\x00\x00\x00\x00\x00\x00\x00\x00\x00\x00\x00\x00\x00\x00\x00',)
2026-07-19 00:12:07,072 LT1-thread root DEBUG gap.py                    1186  gap_read_controller_info  : IUT address 'd5b6cc31db3b' 'random'
2026-07-19 00:12:07,072 LT1-thread root DEBUG gap.py                    591   __gap_current_settings_update : 33299
2026-07-19 00:12:07,072 LT1-thread root DEBUG testcase.py               254   start                     : Starting test function: class=<class 'autopts.ptsprojects.testcase.TestFunc'>, func=<function test_cases.<locals>.<lambda> at 0x708dd7b7fc40> start_wid=None stop_wid=None post_wid=None skip_call=None call_count=22 args=() kwds={}
2026-07-19 00:12:07,072 LT1-thread root DEBUG testcase.py               266   start                     : Test function parameters: args=(), kwds={}
2026-07-19 00:12:07,076 LT1-thread root DEBUG testcase.py               254   start                     : Starting test function: class=<class 'autopts.ptsprojects.testcase.TestFunc'>, func=<function test_cases.<locals>.<lambda> at 0x708dd7b7fce0> start_wid=None stop_wid=None post_wid=None skip_call=None call_count=22 args=() kwds={}
2026-07-19 00:12:07,076 LT1-thread root DEBUG testcase.py               266   start                     : Test function parameters: args=(), kwds={}
2026-07-19 00:12:07,076 LT1-thread root DEBUG testcase.py               254   start                     : Starting test function: class=<class 'autopts.ptsprojects.testcase.TestFunc'>, func=<function gap_set_io_capability at 0x708ddafdf7e0> start_wid=None stop_wid=None post_wid=None skip_call=None call_count=22 args=(0,) kwds={}
2026-07-19 00:12:07,076 LT1-thread root DEBUG testcase.py               266   start                     : Test function parameters: args=(0,), kwds={}
2026-07-19 00:12:07,076 LT1-thread root DEBUG gap.py                    856   gap_set_io_capability     : 0
2026-07-19 00:12:07,076 LT1-thread root DEBUG iutctl_common.py          161   send                      : 1 16 0 '\x00'
2026-07-19 00:12:07,076 LT1-thread root DEBUG iutctl_common.py          166   send                      : sending frame '011000010000'
2026-07-19 00:12:07,076 LT1-thread root DEBUG gap.py                    1193  gap_command_rsp_succ      : 
2026-07-19 00:12:07,076 LT1-thread root DEBUG iutctl_common.py          339   read                      : 
2026-07-19 00:12:07,090 BTPWorkerThread-38189 (_rx_task) root DEBUG iutctl_common.py          123   read                      : Read 5 bytes
2026-07-19 00:12:07,091 BTPWorkerThread-38189 (_rx_task) root DEBUG iutctl_common.py          131   read                      : Received: hdr: Header(svc_id=0x01, op=0x10, ctrl_index=0x00, data_len=0x00) bytearray(b'\x01\x10\x00\x00\x00')
2026-07-19 00:12:07,091 BTPWorkerThread-38189 (_rx_task) root DEBUG iutctl_common.py          154   read                      : Received data: {''}, bytearray(b'')
2026-07-19 00:12:07,091 LT1-thread root DEBUG gap.py                    1198  gap_command_rsp_succ      : received Header(svc_id=1, op=16, ctrl_index=0, data_len=0) (b'',)
2026-07-19 00:12:07,091 LT1-thread root DEBUG testcase.py               254   start                     : Starting test function: class=<class 'autopts.ptsprojects.testcase.TestFunc'>, func=<function set_pts_addr at 0x708ddafcd120> start_wid=None stop_wid=None post_wid=None skip_call=None call_count=22 args=('DF:A9:FF:F6:B1:1A', 0) kwds={}
2026-07-19 00:12:07,091 LT1-thread root DEBUG testcase.py               266   start                     : Test function parameters: args=('DF:A9:FF:F6:B1:1A', 0), kwds={}
2026-07-19 00:12:07,091 LT1-thread root DEBUG testcase.py               254   start                     : Starting test function: class=<class 'autopts.ptsprojects.testcase.TestFunc'>, func=<bound method Stack.gatt_init of <autopts.ptsprojects.stack.stack.Stack object at 0x708dd87cddc0>> start_wid=None stop_wid=None post_wid=None skip_call=None call_count=22 args=() kwds={}
2026-07-19 00:12:07,091 LT1-thread root DEBUG testcase.py               266   start                     : Test function parameters: args=(), kwds={}
2026-07-19 00:12:07,091 LT1-thread root DEBUG testcase.py               254   start                     : Starting test function: class=<class 'autopts.ptsprojects.testcase.TestFunc'>, func=<function gap_set_connectable at 0x708ddafdfc40> start_wid=None stop_wid=None post_wid=None skip_call=None call_count=22 args=() kwds={}
2026-07-19 00:12:07,091 LT1-thread root DEBUG testcase.py               266   start                     : Test function parameters: args=(), kwds={}
2026-07-19 00:12:07,091 LT1-thread root DEBUG gap.py                    979   gap_set_connectable       : 
2026-07-19 00:12:07,091 LT1-thread root DEBUG testcase.py               254   start                     : Starting test function: class=<class 'autopts.ptsprojects.testcase.TestFunc'>, func=<function gap_set_general_discoverable at 0x708ddafdfe20> start_wid=None stop_wid=None post_wid=None skip_call=None call_count=22 args=() kwds={}
2026-07-19 00:12:07,091 LT1-thread root DEBUG testcase.py               266   start                     : Test function parameters: args=(), kwds={}
2026-07-19 00:12:07,091 LT1-thread root DEBUG gap.py                    1030  gap_set_general_discoverable : 
2026-07-19 00:12:07,091 LT1-thread root DEBUG iutctl_common.py          161   send                      : 1 8 0 '1'
2026-07-19 00:12:07,091 LT1-thread root DEBUG iutctl_common.py          166   send                      : sending frame '010800010001'
2026-07-19 00:12:07,091 LT1-thread root DEBUG gap.py                    1193  gap_command_rsp_succ      : 
2026-07-19 00:12:07,091 LT1-thread root DEBUG iutctl_common.py          339   read                      : 
2026-07-19 00:12:07,110 BTPWorkerThread-38189 (_rx_task) root DEBUG iutctl_common.py          123   read                      : Read 5 bytes
2026-07-19 00:12:07,121 BTPWorkerThread-38189 (_rx_task) root DEBUG iutctl_common.py          131   read                      : Received: hdr: Header(svc_id=0x01, op=0x08, ctrl_index=0x00, data_len=0x04) bytearray(b'\x01\x08\x00\x04\x00')
2026-07-19 00:12:07,136 BTPWorkerThread-38189 (_rx_task) root DEBUG iutctl_common.py          139   read                      : Read 4 bytes data
2026-07-19 00:12:07,146 BTPWorkerThread-38189 (_rx_task) root DEBUG iutctl_common.py          154   read                      : Received data: {'1b 82 00 00'}, bytearray(b'\x1b\x82\x00\x00')
2026-07-19 00:12:07,157 LT1-thread root DEBUG gap.py                    1198  gap_command_rsp_succ      : received Header(svc_id=1, op=8, ctrl_index=0, data_len=4) (b'\x1b\x82\x00\x00',)
2026-07-19 00:12:07,157 LT1-thread root DEBUG gap.py                    591   __gap_current_settings_update : (b'\x1b\x82\x00\x00',)
2026-07-19 00:12:07,157 LT1-thread root DEBUG testcase.py               254   start                     : Starting test function: class=<class 'autopts.ptsprojects.testcase.TestFunc'>, func=<function core_reg_svc_mcp at 0x708ddafce5c0> start_wid=None stop_wid=None post_wid=None skip_call=None call_count=22 args=() kwds={}
2026-07-19 00:12:07,157 LT1-thread root DEBUG testcase.py               266   start                     : Test function parameters: args=(), kwds={}
2026-07-19 00:12:07,157 LT1-thread root DEBUG btp.py                    117   core_reg_svc_univ         : core_reg_svc_univ: mcp_reg (MCP)
2026-07-19 00:12:07,157 LT1-thread root DEBUG iutctl_common.py          161   send                      : 0 3 255 '22'
2026-07-19 00:12:07,157 LT1-thread root DEBUG iutctl_common.py          166   send                      : sending frame '0003ff010016'
2026-07-19 00:12:07,157 LT1-thread root DEBUG btp.py                    613   core_reg_svc_rsp_succ     : 
2026-07-19 00:12:07,157 LT1-thread root DEBUG iutctl_common.py          339   read                      : 
2026-07-19 00:12:07,170 BTPWorkerThread-38189 (_rx_task) root DEBUG iutctl_common.py          123   read                      : Read 5 bytes
2026-07-19 00:12:07,181 BTPWorkerThread-38189 (_rx_task) root DEBUG iutctl_common.py          131   read                      : Received: hdr: Header(svc_id=0x00, op=0x03, ctrl_index=0xff, data_len=0x00) bytearray(b'\x00\x03\xff\x00\x00')
2026-07-19 00:12:07,191 BTPWorkerThread-38189 (_rx_task) root DEBUG iutctl_common.py          154   read                      : Received data: {''}, bytearray(b'')
2026-07-19 00:12:07,201 LT1-thread root DEBUG btp.py                    624   core_reg_svc_rsp_succ     : received Header(svc_id=0, op=3, ctrl_index=255, data_len=0) (b'',)
2026-07-19 00:12:07,201 LT1-thread root DEBUG btp.py                    625   core_reg_svc_rsp_succ     : expected ((0, 3, 255, 0), (b'',))
2026-07-19 00:12:07,201 LT1-thread root DEBUG btp.py                    630   core_reg_svc_rsp_succ     : response is valid
2026-07-19 00:12:07,202 LT1-thread root DEBUG btp.py                    633   core_reg_svc_rsp_succ     : Reading supported commands for service: MCP
2026-07-19 00:12:07,202 LT1-thread root DEBUG iutctl_common.py          161   send                      : 22 1 255 ''
2026-07-19 00:12:07,202 LT1-thread root DEBUG iutctl_common.py          166   send                      : sending frame '1601ff0000'
2026-07-19 00:12:07,202 LT1-thread root DEBUG iutctl_common.py          339   read                      : 
2026-07-19 00:12:07,215 BTPWorkerThread-38189 (_rx_task) root DEBUG iutctl_common.py          123   read                      : Read 5 bytes
2026-07-19 00:12:07,226 BTPWorkerThread-38189 (_rx_task) root DEBUG iutctl_common.py          131   read                      : Received: hdr: Header(svc_id=0x16, op=0x01, ctrl_index=0xff, data_len=0x04) bytearray(b'\x16\x01\xff\x04\x00')
2026-07-19 00:12:07,241 BTPWorkerThread-38189 (_rx_task) root DEBUG iutctl_common.py          139   read                      : Read 4 bytes data
2026-07-19 00:12:07,252 BTPWorkerThread-38189 (_rx_task) root DEBUG iutctl_common.py          154   read                      : Received data: {'fe ff ff 03'}, bytearray(b'\xfe\xff\xff\x03')
2026-07-19 00:12:07,257 LT1-thread root DEBUG testcase.py               254   start                     : Starting test function: class=<class 'autopts.ptsprojects.testcase.TestFunc'>, func=<function test_cases.<locals>.<lambda> at 0x708dd7b7fd80> start_wid=None stop_wid=None post_wid=None skip_call=None call_count=22 args=() kwds={}
2026-07-19 00:12:07,257 LT1-thread root DEBUG testcase.py               266   start                     : Test function parameters: args=(), kwds={}
2026-07-19 00:12:07,279 LT1-thread root DEBUG testcase.py               254   start                     : Starting test function: class=<class 'autopts.ptsprojects.testcase.TestFunc'>, func=<bound method Stack.mcp_init of <autopts.ptsprojects.stack.stack.Stack object at 0x708dd87cddc0>> start_wid=None stop_wid=None post_wid=None skip_call=None call_count=22 args=() kwds={}
2026-07-19 00:12:07,279 LT1-thread root DEBUG testcase.py               266   start                     : Test function parameters: args=(), kwds={}
2026-07-19 00:12:07,281 LT1-thread root DEBUG client.py                 327   get_result                : ClientCallback.get_result run_test_case
2026-07-19 00:12:08,926 LT1-callback ClientCallback.on_implicit_send INFO client.py                 274   on_implicit_send          : 
    ********************
    BEGIN OnImplicitSend:
    project_name: MCP
    wid: 20100
    test_case_name: MCP/CL/CGGIT/CHA/BV-20-C
    description: Please initiate a GATT connection to the PTS.

Description: Verify that the Implementation Under Test (IUT) can initiate a GATT connect request to the PTS.
    style: MMI_Style_Ok_Cancel2 0x11141
2026-07-19 00:12:08,926 LT1-callback ClientCallback.on_implicit_send INFO client.py                 287   on_implicit_send          : Calling test cases on_implicit_send
2026-07-19 00:12:08,926 LT1-callback ClientCallback.on_implicit_send INFO client.py                 300   on_implicit_send          : 
    on_implicit_send returned response: WAIT
    END OnImplicitSend
    ********************
2026-07-19 00:12:09,281 LT1-thread root DEBUG testcase.py               679   run_wid                   : MCP MCP/CL/CGGIT/CHA/BV-20-C on_implicit_send
2026-07-19 00:12:09,282 LT1-thread root DEBUG mcp_wid.py                24    mcp_wid_hdl               : mcp_wid_hdl, 20100, Please initiate a GATT connection to the PTS.

Description: Verify that the Implementation Under Test (IUT) can initiate a GATT connect request to the PTS., MCP/CL/CGGIT/CHA/BV-20-C
2026-07-19 00:12:09,282 LT1-thread root DEBUG gap.py                    757   gap_connect               : None None
2026-07-19 00:12:09,282 LT1-thread root DEBUG iutctl_common.py          161   send                      : 1 14 0 "bytearray(b'\\x00\\x1a\\xb1\\xf6\\xff\\xa9\\xdf\\x00')"
2026-07-19 00:12:09,282 LT1-thread root DEBUG iutctl_common.py          166   send                      : sending frame '010e000800001ab1f6ffa9df00'
2026-07-19 00:12:09,283 LT1-thread root DEBUG iutctl_common.py          339   read                      : 
2026-07-19 00:12:09,320 BTPWorkerThread-38189 (_rx_task) root DEBUG iutctl_common.py          123   read                      : Read 5 bytes
2026-07-19 00:12:09,321 BTPWorkerThread-38189 (_rx_task) root DEBUG iutctl_common.py          131   read                      : Received: hdr: Header(svc_id=0x01, op=0x0e, ctrl_index=0x00, data_len=0x00) bytearray(b'\x01\x0e\x00\x00\x00')
2026-07-19 00:12:09,321 BTPWorkerThread-38189 (_rx_task) root DEBUG iutctl_common.py          154   read                      : Received data: {''}, bytearray(b'')
2026-07-19 00:12:09,350 BTPWorkerThread-38189 (_rx_task) root DEBUG iutctl_common.py          123   read                      : Read 5 bytes
2026-07-19 00:12:09,351 BTPWorkerThread-38189 (_rx_task) root DEBUG iutctl_common.py          131   read                      : Received: hdr: Header(svc_id=0x01, op=0x82, ctrl_index=0x00, data_len=0x0d) bytearray(b'\x01\x82\x00\r\x00')
2026-07-19 00:12:09,351 BTPWorkerThread-38189 (_rx_task) root DEBUG iutctl_common.py          139   read                      : Read 13 bytes data
2026-07-19 00:12:09,351 BTPWorkerThread-38189 (_rx_task) root DEBUG iutctl_common.py          154   read                      : Received data: {'00 1a b1 f6 ff a9 df 38 00 00 00 90 01'}, bytearray(b'\x00\x1a\xb1\xf6\xff\xa9\xdf8\x00\x00\x00\x90\x01')
2026-07-19 00:12:09,351 BTPWorkerThread-38189 (_rx_task) root DEBUG btp.py                    695   event_handler             : Header(svc_id=1, op=130, ctrl_index=0, data_len=13) (b'\x00\x1a\xb1\xf6\xff\xa9\xdf8\x00\x00\x00\x90\x01',)
2026-07-19 00:12:09,351 BTPWorkerThread-38189 (_rx_task) root DEBUG gap.py                    210   gap_connected_ev_         : b'\x00\x1a\xb1\xf6\xff\xa9\xdf8\x00\x00\x00\x90\x01'
2026-07-19 00:12:11,751 BTPWorkerThread-38189 (_rx_task) root DEBUG iutctl_common.py          123   read                      : Read 5 bytes
2026-07-19 00:12:11,752 BTPWorkerThread-38189 (_rx_task) root DEBUG iutctl_common.py          131   read                      : Received: hdr: Header(svc_id=0x01, op=0x91, ctrl_index=0x00, data_len=0x09) bytearray(b'\x01\x91\x00\t\x00')
2026-07-19 00:12:11,752 BTPWorkerThread-38189 (_rx_task) root DEBUG iutctl_common.py          139   read                      : Read 9 bytes data
2026-07-19 00:12:11,753 BTPWorkerThread-38189 (_rx_task) root DEBUG iutctl_common.py          154   read                      : Received data: {'00 1a b1 f6 ff a9 df 01 10'}, bytearray(b'\x00\x1a\xb1\xf6\xff\xa9\xdf\x01\x10')
2026-07-19 00:12:11,753 BTPWorkerThread-38189 (_rx_task) root DEBUG btp.py                    695   event_handler             : Header(svc_id=1, op=145, ctrl_index=0, data_len=9) (b'\x00\x1a\xb1\xf6\xff\xa9\xdf\x01\x10',)
2026-07-19 00:12:11,753 BTPWorkerThread-38189 (_rx_task) root DEBUG gap.py                    489   gap_encryption_change_ev_ : 
2026-07-19 00:12:11,753 BTPWorkerThread-38189 (_rx_task) root DEBUG gap.py                    491   gap_encryption_change_ev_ : enc change received b'\x00\x1a\xb1\xf6\xff\xa9\xdf\x01\x10'
2026-07-19 00:12:11,753 BTPWorkerThread-38189 (_rx_task) root DEBUG gap.py                    500   gap_encryption_change_ev_ : received (0, 'dfa9fff6b11a', 1, 16)
2026-07-19 00:12:11,754 BTPWorkerThread-38189 (_rx_task) root DEBUG iutctl_common.py          123   read                      : Read 5 bytes
2026-07-19 00:12:11,754 BTPWorkerThread-38189 (_rx_task) root DEBUG iutctl_common.py          131   read                      : Received: hdr: Header(svc_id=0x01, op=0x89, ctrl_index=0x00, data_len=0x08) bytearray(b'\x01\x89\x00\x08\x00')
2026-07-19 00:12:11,754 BTPWorkerThread-38189 (_rx_task) root DEBUG iutctl_common.py          139   read                      : Read 8 bytes data
2026-07-19 00:12:11,755 BTPWorkerThread-38189 (_rx_task) root DEBUG iutctl_common.py          154   read                      : Received data: {'00 1a b1 f6 ff a9 df 02'}, bytearray(b'\x00\x1a\xb1\xf6\xff\xa9\xdf\x02')
2026-07-19 00:12:11,755 BTPWorkerThread-38189 (_rx_task) root DEBUG btp.py                    695   event_handler             : Header(svc_id=1, op=137, ctrl_index=0, data_len=8) (b'\x00\x1a\xb1\xf6\xff\xa9\xdf\x02',)
2026-07-19 00:12:11,755 BTPWorkerThread-38189 (_rx_task) root DEBUG gap.py                    295   gap_sec_level_changed_ev_ : 
2026-07-19 00:12:11,756 BTPWorkerThread-38189 (_rx_task) root DEBUG gap.py                    297   gap_sec_level_changed_ev_ : received b'\x00\x1a\xb1\xf6\xff\xa9\xdf\x02'
2026-07-19 00:12:11,756 BTPWorkerThread-38189 (_rx_task) root DEBUG gap.py                    308   gap_sec_level_changed_ev_ : received (0, 'dfa9fff6b11a', 2)
2026-07-19 00:12:11,825 LT1-thread root DEBUG mcp.py                    126   mcp_discover              : 
2026-07-19 00:12:11,825 LT1-thread root DEBUG iutctl_common.py          161   send                      : 22 2 0 "bytearray(b'\\x00\\x1a\\xb1\\xf6\\xff\\xa9\\xdf')"
2026-07-19 00:12:11,826 LT1-thread root DEBUG iutctl_common.py          166   send                      : sending frame '1602000700001ab1f6ffa9df'
2026-07-19 00:12:11,827 LT1-thread root DEBUG mcp.py                    105   mcp_command_rsp_succ      : 
2026-07-19 00:12:11,827 LT1-thread root DEBUG iutctl_common.py          339   read                      : 
2026-07-19 00:12:11,841 BTPWorkerThread-38189 (_rx_task) root DEBUG iutctl_common.py          123   read                      : Read 5 bytes
2026-07-19 00:12:11,842 BTPWorkerThread-38189 (_rx_task) root DEBUG iutctl_common.py          131   read                      : Received: hdr: Header(svc_id=0x16, op=0x02, ctrl_index=0x00, data_len=0x00) bytearray(b'\x16\x02\x00\x00\x00')
2026-07-19 00:12:11,849 BTPWorkerThread-38189 (_rx_task) root DEBUG iutctl_common.py          154   read                      : Received data: {''}, bytearray(b'')
2026-07-19 00:12:11,854 LT1-thread root DEBUG mcp.py                    110   mcp_command_rsp_succ      : received Header(svc_id=22, op=2, ctrl_index=0, data_len=0) (b'',)
2026-07-19 00:12:17,471 BTPWorkerThread-38189 (_rx_task) root DEBUG iutctl_common.py          123   read                      : Read 5 bytes
2026-07-19 00:12:17,472 BTPWorkerThread-38189 (_rx_task) root DEBUG iutctl_common.py          131   read                      : Received: hdr: Header(svc_id=0x01, op=0x83, ctrl_index=0x00, data_len=0x07) bytearray(b'\x01\x83\x00\x07\x00')
2026-07-19 00:12:17,473 BTPWorkerThread-38189 (_rx_task) root DEBUG iutctl_common.py          139   read                      : Read 7 bytes data
2026-07-19 00:12:17,473 BTPWorkerThread-38189 (_rx_task) root DEBUG iutctl_common.py          154   read                      : Received data: {'00 1a b1 f6 ff a9 df'}, bytearray(b'\x00\x1a\xb1\xf6\xff\xa9\xdf')
2026-07-19 00:12:17,474 BTPWorkerThread-38189 (_rx_task) root DEBUG btp.py                    695   event_handler             : Header(svc_id=1, op=131, ctrl_index=0, data_len=7) (b'\x00\x1a\xb1\xf6\xff\xa9\xdf',)
2026-07-19 00:12:17,474 BTPWorkerThread-38189 (_rx_task) root DEBUG gap.py                    223   gap_disconnected_ev_      : b'\x00\x1a\xb1\xf6\xff\xa9\xdf'
2026-07-19 00:12:41,856 Thread-38204 root ERROR common.py                 44    timeout_cb                : Timeout after 30 seconds while waiting for event <threading.Event at 0x708dd7552ab0: set> with condition             lambda _addr_type, _addr, *_:

2026-07-19 00:12:41,897 LT1-thread root DEBUG testcase.py               722   run_wid                   : Sending response 'Cancel' to wid 20100 test case MCP/CL/CGGIT/CHA/BV-20-C
2026-07-19 00:12:41,904 LT1-thread root DEBUG client.py                 327   get_result                : ClientCallback.get_result run_test_case
2026-07-19 00:12:41,912 LT1-callback ClientCallback.on_implicit_send INFO client.py                 274   on_implicit_send          : 
    ********************
    BEGIN OnImplicitSend:
    project_name: MCP
    wid: 20103
    test_case_name: MCP/CL/CGGIT/CHA/BV-20-C
    description: Please take action to discover the Search Results Object characteristic from the Generic Media Control. Discover the primary service if needed.

Description: Verify that the Implementation Under Test (IUT) can send Discover All Characteristics command.
    style: MMI_Style_Ok_Cancel2 0x11141
2026-07-19 00:12:41,912 LT1-callback ClientCallback.on_implicit_send INFO client.py                 287   on_implicit_send          : Calling test cases on_implicit_send
2026-07-19 00:12:41,912 LT1-callback ClientCallback.on_implicit_send INFO client.py                 300   on_implicit_send          : 
    on_implicit_send returned response: WAIT
    END OnImplicitSend
    ********************
2026-07-19 00:12:42,905 LT1-thread root DEBUG testcase.py               679   run_wid                   : MCP MCP/CL/CGGIT/CHA/BV-20-C on_implicit_send
2026-07-19 00:12:42,905 LT1-thread root DEBUG mcp_wid.py                24    mcp_wid_hdl               : mcp_wid_hdl, 20103, Please take action to discover the Search Results Object characteristic from the Generic Media Control. Discover the primary service if needed.

Description: Verify that the Implementation Under Test (IUT) can send Discover All Characteristics command., MCP/CL/CGGIT/CHA/BV-20-C
2026-07-19 00:12:42,905 LT1-thread root DEBUG testcase.py               722   run_wid                   : Sending response 'OK' to wid 20103 test case MCP/CL/CGGIT/CHA/BV-20-C
2026-07-19 00:12:42,911 LT1-thread root DEBUG client.py                 327   get_result                : ClientCallback.get_result run_test_case
2026-07-19 00:12:42,922 LT1-callback ClientCallback.log INFO client.py                 251   log                       : PTS_LOGTYPE_MESSAGE Message                  Message 

+47 ms
 MCP/CL/CGGIT/CHA/BV-20-C 
2026-07-19 00:12:42,928 LT1-callback ClientCallback.log INFO client.py                 251   log                       : PTS_LOGTYPE_IMPLICIT_SEND PTS ControlServer  MCP/CL/CGGIT/CHA/BV-20-C Server: SUCCESS but response is not present
2026-07-19 00:12:42,935 LT1-callback ClientCallback.log INFO client.py                 251   log                       : PTS_LOGTYPE_IMPLICIT_SEND PTS ControlServer  MCP/CL/CGGIT/CHA/BV-20-C Server: SUCCESS with response=OK
2026-07-19 00:12:42,947 LT1-callback ClientCallback.log INFO client.py                 251   log                       : PTS_LOGTYPE_MESSAGE Verdict Description 

+47 ms
 MCP/CL/CGGIT/CHA/BV-20-C Test case uses "Generic Media Control Service" for primary service.

2026-07-19 00:12:42,961 LT1-callback ClientCallback.log INFO client.py                 251   log                       : PTS_LOGTYPE_PRELIMINARY_VERDICT Initialize Test Case 

+47 ms
 MCP/CL/CGGIT/CHA/BV-20-C Build date: Apr 30 2026, 13:20:25

2026-07-19 00:12:42,970 LT1-callback ClientCallback.log INFO client.py                 251   log                       : PTS_LOGTYPE_START_TEST Start Test Case 

+47 ms
 MCP/CL/CGGIT/CHA/BV-20-C MCP/CL/CGGIT/CHA/BV-20-C

2026-07-19 00:12:42,984 LT1-callback ClientCallback.log INFO client.py                 251   log                       : PTS_LOGTYPE_SEND_EVENT  

+1109 ms
 MCP/CL/CGGIT/CHA/BV-20-C Send Event               HCI!HCI_RESET
2026-07-19 00:12:42,991 LT1-callback ClientCallback.log INFO client.py                 251   log                       : PTS_LOGTYPE_RECEIVE_EVENT  

+1109 ms
 MCP/CL/CGGIT/CHA/BV-20-C Receive Event            HCI?HCI_RESET_COMPLETE_EVENT{
                           status=HCI_OK
                         }
2026-07-19 00:12:42,999 LT1-callback ClientCallback.log INFO client.py                 251   log                       : PTS_LOGTYPE_PRELIMINARY_VERDICT Preliminary Verdict 

+1109 ms
 MCP/CL/CGGIT/CHA/BV-20-C PASS

2026-07-19 00:12:43,008 LT1-callback ClientCallback.log INFO client.py                 251   log                       : PTS_LOGTYPE_SEND_EVENT  

+1109 ms
 MCP/CL/CGGIT/CHA/BV-20-C Send Event               HCI!HCI_READ_LOCAL_VERSION_INFORMATION
2026-07-19 00:12:43,015 LT1-callback ClientCallback.log INFO client.py                 251   log                       : PTS_LOGTYPE_RECEIVE_EVENT  

+1109 ms
 MCP/CL/CGGIT/CHA/BV-20-C Receive Event            HCI?HCI_READ_LOCAL_VERSION_INFORMATION_COMPLETE_EVENT{
                           status=HCI_OK,
                           hciVersion=0x10,
                           hciRevision=0x3020,
                           lmpVersion=0x10,
                           manufacturerName=0x0059,
                           lmpSubversion=0x3020
                         }
2026-07-19 00:12:43,024 LT1-callback ClientCallback.log INFO client.py                 251   log                       : PTS_LOGTYPE_PRELIMINARY_VERDICT Preliminary Verdict 

+1109 ms
 MCP/CL/CGGIT/CHA/BV-20-C PASS

2026-07-19 00:12:43,028 LT1-callback ClientCallback.log INFO client.py                 251   log                       : PTS_LOGTYPE_SEND_EVENT  

+1109 ms
 MCP/CL/CGGIT/CHA/BV-20-C Send Event               HCI!HCI_LE_SET_EVENT_MASK{
                           leEventMask=0x005FFCFE7F8FFFFF
                         }
2026-07-19 00:12:43,032 LT1-callback ClientCallback.log INFO client.py                 251   log                       : PTS_LOGTYPE_RECEIVE_EVENT  

+1125 ms
 MCP/CL/CGGIT/CHA/BV-20-C Receive Event            HCI?HCI_LE_SET_EVENT_MASK_COMPLETE_EVENT{
                           status=HCI_OK
                         }
2026-07-19 00:12:43,036 LT1-callback ClientCallback.log INFO client.py                 251   log                       : PTS_LOGTYPE_SEND_EVENT  

+1125 ms
 MCP/CL/CGGIT/CHA/BV-20-C Send Event               HCI!HCI_SET_EVENT_MASK{
                           eventMask=0x3FFFFFFFFFFFFFFF
                         }
2026-07-19 00:12:43,042 LT1-callback ClientCallback.log INFO client.py                 251   log                       : PTS_LOGTYPE_RECEIVE_EVENT  

+1125 ms
 MCP/CL/CGGIT/CHA/BV-20-C Receive Event            HCI?HCI_SET_EVENT_MASK_COMPLETE_EVENT{
                           status=HCI_OK
                         }
2026-07-19 00:12:43,046 LT1-callback ClientCallback.log INFO client.py                 251   log                       : PTS_LOGTYPE_PRELIMINARY_VERDICT Preliminary Verdict 

+1125 ms
 MCP/CL/CGGIT/CHA/BV-20-C PASS

2026-07-19 00:12:43,049 LT1-callback ClientCallback.log INFO client.py                 251   log                       : PTS_LOGTYPE_SEND_EVENT  

+1125 ms
 MCP/CL/CGGIT/CHA/BV-20-C Send Event               HCI!HCI_READ_LOCAL_SUPPORTED_FEATURES
2026-07-19 00:12:43,051 LT1-callback ClientCallback.log INFO client.py                 251   log                       : PTS_LOGTYPE_RECEIVE_EVENT  

+1141 ms
 MCP/CL/CGGIT/CHA/BV-20-C Receive Event            HCI?HCI_READ_LOCAL_SUPPORTED_FEATURES_COMPLETE_EVENT{
                           status=HCI_OK,
                           lmpFeatures=0x0000006000000000
                         }
2026-07-19 00:12:43,054 LT1-callback ClientCallback.log INFO client.py                 251   log                       : PTS_LOGTYPE_PRELIMINARY_VERDICT Preliminary Verdict 

+1141 ms
 MCP/CL/CGGIT/CHA/BV-20-C PASS

2026-07-19 00:12:43,057 LT1-callback ClientCallback.log INFO client.py                 251   log                       : PTS_LOGTYPE_SEND_EVENT  

+1141 ms
 MCP/CL/CGGIT/CHA/BV-20-C Send Event               HCI!HCI_READ_LOCAL_SUPPORTED_COMMANDS
2026-07-19 00:12:43,060 LT1-callback ClientCallback.log INFO client.py                 251   log                       : PTS_LOGTYPE_RECEIVE_EVENT  

+1141 ms
 MCP/CL/CGGIT/CHA/BV-20-C Receive Event            HCI?HCI_READ_LOCAL_SUPPORTED_COMMANDS_COMPLETE_EVENT{
                           status=HCI_OK,
                           supported_commands=0x000000000000000000000000000000E21FE7419FFFFFE3E007FFFFFFFE79C0300000077FFFFFF782180400E0000000C02228000C00E400000C00C00000800020
                         }
2026-07-19 00:12:43,092 LT1-callback ClientCallback.log INFO client.py                 251   log                       : PTS_LOGTYPE_PRELIMINARY_VERDICT Preliminary Verdict 

+1141 ms
 MCP/CL/CGGIT/CHA/BV-20-C PASS

2026-07-19 00:12:43,095 LT1-callback ClientCallback.log INFO client.py                 251   log                       : PTS_LOGTYPE_SEND_EVENT  

+1141 ms
 MCP/CL/CGGIT/CHA/BV-20-C Send Event               HCI!HCI_READ_BD_ADDR
2026-07-19 00:12:43,097 LT1-callback ClientCallback.log INFO client.py                 251   log                       : PTS_LOGTYPE_RECEIVE_EVENT  

+1156 ms
 MCP/CL/CGGIT/CHA/BV-20-C Receive Event            HCI?HCI_READ_BD_ADDR_COMPLETE_EVENT{
                           status=HCI_OK,
                           bdAddress=0xDFA9FFF6B11A
                         }
2026-07-19 00:12:43,100 LT1-callback ClientCallback.log INFO client.py                 251   log                       : PTS_LOGTYPE_PRELIMINARY_VERDICT Preliminary Verdict 

+1156 ms
 MCP/CL/CGGIT/CHA/BV-20-C PASS

2026-07-19 00:12:43,103 LT1-callback ClientCallback.log INFO client.py                 251   log                       : PTS_LOGTYPE_SEND_EVENT  

+1156 ms
 MCP/CL/CGGIT/CHA/BV-20-C Send Event               HCI!HCI_LE_LOCAL_SUPPORTED_FEATURES
2026-07-19 00:12:43,105 LT1-callback ClientCallback.log INFO client.py                 251   log                       : PTS_LOGTYPE_RECEIVE_EVENT  

+1156 ms
 MCP/CL/CGGIT/CHA/BV-20-C Receive Event            HCI?HCI_LE_READ_LOCAL_SUPPORTED_FEATURES_COMPLETE_EVENT{
                           status=HCI_OK,
                           leFeatures=0x80015936F70079FD
                         }
2026-07-19 00:12:43,109 LT1-callback ClientCallback.log INFO client.py                 251   log                       : PTS_LOGTYPE_PRELIMINARY_VERDICT Preliminary Verdict 

+1156 ms
 MCP/CL/CGGIT/CHA/BV-20-C PASS

2026-07-19 00:12:43,111 LT1-callback ClientCallback.log INFO client.py                 251   log                       : PTS_LOGTYPE_PRELIMINARY_VERDICT Preliminary Verdict 

+1156 ms
 MCP/CL/CGGIT/CHA/BV-20-C PASS

2026-07-19 00:12:43,114 LT1-callback ClientCallback.log INFO client.py                 251   log                       : PTS_LOGTYPE_SEND_EVENT  

+1156 ms
 MCP/CL/CGGIT/CHA/BV-20-C Send Event               HCI!HCI_LE_SET_EVENT_MASK{
                           leEventMask=0x005FFCFE7F8FFFFF
                         }
2026-07-19 00:12:43,117 LT1-callback ClientCallback.log INFO client.py                 251   log                       : PTS_LOGTYPE_RECEIVE_EVENT  

+1156 ms
 MCP/CL/CGGIT/CHA/BV-20-C Receive Event            HCI?HCI_LE_SET_EVENT_MASK_COMPLETE_EVENT{
                           status=HCI_OK
                         }
2026-07-19 00:12:43,119 LT1-callback ClientCallback.log INFO client.py                 251   log                       : PTS_LOGTYPE_SEND_EVENT  

+1156 ms
 MCP/CL/CGGIT/CHA/BV-20-C Send Event               HCI!HCI_SET_EVENT_MASK{
                           eventMask=0x3FFFFFFFFFFFFFFF
                         }
2026-07-19 00:12:43,122 LT1-callback ClientCallback.log INFO client.py                 251   log                       : PTS_LOGTYPE_RECEIVE_EVENT  

+1172 ms
 MCP/CL/CGGIT/CHA/BV-20-C Receive Event            HCI?HCI_SET_EVENT_MASK_COMPLETE_EVENT{
                           status=HCI_OK
                         }
2026-07-19 00:12:43,125 LT1-callback ClientCallback.log INFO client.py                 251   log                       : PTS_LOGTYPE_PRELIMINARY_VERDICT Preliminary Verdict 

+1172 ms
 MCP/CL/CGGIT/CHA/BV-20-C PASS

2026-07-19 00:12:43,128 LT1-callback ClientCallback.log INFO client.py                 251   log                       : PTS_LOGTYPE_SEND_EVENT  

+1172 ms
 MCP/CL/CGGIT/CHA/BV-20-C Send Event               HCI!HCI_LE_SET_HOST_FEATURE{
                           bit_number=0x20,
                           bit_value=0x01
                         }
2026-07-19 00:12:43,131 LT1-callback ClientCallback.log INFO client.py                 251   log                       : PTS_LOGTYPE_RECEIVE_EVENT  

+1172 ms
 MCP/CL/CGGIT/CHA/BV-20-C Receive Event            HCI?HCI_LE_SET_HOST_FEATURE_COMPLETE_EVENT{
                           status=HCI_OK
                         }
2026-07-19 00:12:43,133 LT1-callback ClientCallback.log INFO client.py                 251   log                       : PTS_LOGTYPE_PRELIMINARY_VERDICT Preliminary Verdict 

+1172 ms
 MCP/CL/CGGIT/CHA/BV-20-C PASS

2026-07-19 00:12:43,136 LT1-callback ClientCallback.log INFO client.py                 251   log                       : PTS_LOGTYPE_SEND_EVENT  

+1172 ms
 MCP/CL/CGGIT/CHA/BV-20-C Send Event               HCI!HCI_LE_SET_HOST_FEATURE{
                           bit_number=0x26,
                           bit_value=0x01
                         }
2026-07-19 00:12:43,139 LT1-callback ClientCallback.log INFO client.py                 251   log                       : PTS_LOGTYPE_RECEIVE_EVENT  

+1172 ms
 MCP/CL/CGGIT/CHA/BV-20-C Receive Event            HCI?HCI_LE_SET_HOST_FEATURE_COMPLETE_EVENT{
                           status=HCI_OK
                         }
2026-07-19 00:12:43,142 LT1-callback ClientCallback.log INFO client.py                 251   log                       : PTS_LOGTYPE_PRELIMINARY_VERDICT Preliminary Verdict 

+1172 ms
 MCP/CL/CGGIT/CHA/BV-20-C PASS

2026-07-19 00:12:43,145 LT1-callback ClientCallback.log INFO client.py                 251   log                       : PTS_LOGTYPE_SEND_EVENT  

+1172 ms
 MCP/CL/CGGIT/CHA/BV-20-C Send Event               HCI!HCI_LE_SET_HOST_FEATURE{
                           bit_number=0x2F,
                           bit_value=0x01
                         }
2026-07-19 00:12:43,148 LT1-callback ClientCallback.log INFO client.py                 251   log                       : PTS_LOGTYPE_RECEIVE_EVENT  

+1187 ms
 MCP/CL/CGGIT/CHA/BV-20-C Receive Event            HCI?HCI_LE_SET_HOST_FEATURE_COMPLETE_EVENT{
                           status=HCI_OK
                         }
2026-07-19 00:12:43,151 LT1-callback ClientCallback.log INFO client.py                 251   log                       : PTS_LOGTYPE_PRELIMINARY_VERDICT Preliminary Verdict 

+1187 ms
 MCP/CL/CGGIT/CHA/BV-20-C PASS

2026-07-19 00:12:43,154 LT1-callback ClientCallback.log INFO client.py                 251   log                       : PTS_LOGTYPE_SEND_EVENT  

+1187 ms
 MCP/CL/CGGIT/CHA/BV-20-C Send Event               HCI!HCI_LE_READ_BUFFER_V2
2026-07-19 00:12:43,156 LT1-callback ClientCallback.log INFO client.py                 251   log                       : PTS_LOGTYPE_SEND_EVENT  

+1187 ms
 MCP/CL/CGGIT/CHA/BV-20-C Send Event               HCI!HCI_LE_READ_RESOLVING_LIST_SIZE
2026-07-19 00:12:43,159 LT1-callback ClientCallback.log INFO client.py                 251   log                       : PTS_LOGTYPE_RECEIVE_EVENT  

+1187 ms
 MCP/CL/CGGIT/CHA/BV-20-C Receive Event            HCI?HCI_LE_READ_BUFFER_SIZE_V2_COMPLETE_EVENT{
                           status=HCI_OK,
                           HC_LE_Data_Packet_Length=0x00FB,
                           HC_Total_Num_LE_Data_Packets=0x03,
                           HC_LE_ISO_Packet_Length=0x05E4,
                           HC_Total_Num_LE_ISO_Packets=0x03
                         }
2026-07-19 00:12:43,162 LT1-callback ClientCallback.log INFO client.py                 251   log                       : PTS_LOGTYPE_RECEIVE_EVENT  

+1187 ms
 MCP/CL/CGGIT/CHA/BV-20-C Receive Event            HCI?HCI_LE_READ_RESOLVING_LIST_SIZE_COMPLETE_EVENT{
                           status=HCI_OK,
                           res_list_size=0x08
                         }
2026-07-19 00:12:43,165 LT1-callback ClientCallback.log INFO client.py                 251   log                       : PTS_LOGTYPE_SEND_EVENT  

+1187 ms
 MCP/CL/CGGIT/CHA/BV-20-C Send Event               HCI!HCI_LE_SET_EXTENDED_ADV_PARAMS{
                           adv_handle=0x00,
                           advEventProperties=0x0001,
                           primAdvIntMin=0x000000A0,
                           primAdvIntMax=0x000000C0,
                           primAdvCHMap=0x07,
                           ownAddrType=0x00,
                           peerAddrType=0x00,
                           randomAddr=0x000000000000,
                           advFilterPolicy=0x00,
                           advTxPower=10,
                           primAdvPHY=0x01,
                           secondaryAdvMaxSkip=0x00,
                           secondaryAdvPHY=0x01,
                           advSID=0x00,
                           scanReqqNfyEnable=0x00
                         }
2026-07-19 00:12:43,168 LT1-callback ClientCallback.log INFO client.py                 251   log                       : PTS_LOGTYPE_RECEIVE_EVENT  

+1187 ms
 MCP/CL/CGGIT/CHA/BV-20-C Receive Event            HCI?HCI_LE_SET_EXTENDED_ADV_PARAMS_COMPLETE_EVENT{
                           status=HCI_OK,
                           selected_tx_power=0x08
                         }
2026-07-19 00:12:43,172 LT1-callback ClientCallback.log INFO client.py                 251   log                       : PTS_LOGTYPE_PRELIMINARY_VERDICT Preliminary Verdict 

+1187 ms
 MCP/CL/CGGIT/CHA/BV-20-C PASS

2026-07-19 00:12:43,174 LT1-callback ClientCallback.log INFO client.py                 251   log                       : PTS_LOGTYPE_PRELIMINARY_VERDICT Preliminary Verdict 

+1187 ms
 MCP/CL/CGGIT/CHA/BV-20-C PASS

2026-07-19 00:12:43,177 LT1-callback ClientCallback.log INFO client.py                 251   log                       : PTS_LOGTYPE_SEND_EVENT  

+1187 ms
 MCP/CL/CGGIT/CHA/BV-20-C Send Event               HCI!HCI_LE_SET_EXTENDED_ADVERTISING_DATA{
                           adv_handle=0x00,
                           operation=0x03,
                           fragment_pref=0x01,
                           advLength=0x15,
                           advData=0x020106030249180D095054532D4D43502D31414231
                         }
2026-07-19 00:12:43,182 LT1-callback ClientCallback.log INFO client.py                 251   log                       : PTS_LOGTYPE_RECEIVE_EVENT  

+1203 ms
 MCP/CL/CGGIT/CHA/BV-20-C Receive Event            HCI?HCI_LE_SET_EXTENDED_ADVERTISING_DATA_COMPLETE_EVENT{
                           status=HCI_OK
                         }
2026-07-19 00:12:43,187 LT1-callback ClientCallback.log INFO client.py                 251   log                       : PTS_LOGTYPE_PRELIMINARY_VERDICT Preliminary Verdict 

+1203 ms
 MCP/CL/CGGIT/CHA/BV-20-C PASS

2026-07-19 00:12:43,192 LT1-callback ClientCallback.log INFO client.py                 251   log                       : PTS_LOGTYPE_PRELIMINARY_VERDICT Preliminary Verdict 

+1203 ms
 MCP/CL/CGGIT/CHA/BV-20-C PASS

2026-07-19 00:12:43,198 LT1-callback ClientCallback.log INFO client.py                 251   log                       : PTS_LOGTYPE_SEND_EVENT  

+1391 ms
 MCP/CL/CGGIT/CHA/BV-20-C Send Event               HCI!HCI_LE_SET_EXTENDED_ADVERTISING_ENABLE{
                           enable=0x01,
                           num_of_sets=0x01,
                           {
                             adv_handle=0x00,
                             duration=0,
                             max_extended_adv_event=0x00
                           },
                           
                         }
2026-07-19 00:12:43,201 LT1-callback ClientCallback.log INFO client.py                 251   log                       : PTS_LOGTYPE_RECEIVE_EVENT  

+1391 ms
 MCP/CL/CGGIT/CHA/BV-20-C Receive Event            HCI?HCI_LE_SET_EXTENDED_ADVERTISE_ENABLE_COMPLETE_EVENT{
                           status=HCI_OK
                         }
2026-07-19 00:12:43,204 LT1-callback ClientCallback.log INFO client.py                 251   log                       : PTS_LOGTYPE_PRELIMINARY_VERDICT Preliminary Verdict 

+1391 ms
 MCP/CL/CGGIT/CHA/BV-20-C PASS

2026-07-19 00:12:43,206 LT1-callback ClientCallback.log INFO client.py                 251   log                       : PTS_LOGTYPE_PRELIMINARY_VERDICT Preliminary Verdict 

+1391 ms
 MCP/CL/CGGIT/CHA/BV-20-C PASS

2026-07-19 00:12:43,209 LT1-callback ClientCallback.log INFO client.py                 251   log                       : PTS_LOGTYPE_MESSAGE User Action Required 

+1391 ms
 MCP/CL/CGGIT/CHA/BV-20-C MMI_20100 (MMI_Style_Ok_Cancel2=0x00011141): Please initiate a GATT connection to the PTS.

Description: Verify that the Implementation Under Test (IUT) can initiate a GATT connect request to the PTS.

2026-07-19 00:12:43,212 LT1-callback ClientCallback.log INFO client.py                 251   log                       : PTS_LOGTYPE_RECEIVE_EVENT  

+1828 ms
 MCP/CL/CGGIT/CHA/BV-20-C Receive Event            ATT?ATT_CONNECT_IND{
                           bdAddr=0xD5B6CC31DB3B,
                           peerAddrType=HCI_LE_RANDOM_DEVICE_ADDRESS,
                           lcid=0x1205,
                           status=0x0000
                         }
2026-07-19 00:12:43,214 LT1-callback ClientCallback.log INFO client.py                 251   log                       : PTS_LOGTYPE_RECEIVE_EVENT  

+1828 ms
 MCP/CL/CGGIT/CHA/BV-20-C Receive Event            HCI?HCI_LE_ENHANCED_CONNECTION_COMPLETE_EVENT{
                           status=HCI_OK,
                           conn_handle=0x0193,
                           role=0x01,
                           peerAddrType=0x01,
                           peer_addr=0xD5B6CC31DB3B,
                           local_rpa=0x000000000000,
                           peer_rpa=0x000000000000,
                           conn_interval=0x0038,
                           conn_latency=0x0000,
                           conn_timeout=0x0190,
                           central_clock_accuracy=0x05
                         }
2026-07-19 00:12:43,222 LT1-callback ClientCallback.log INFO client.py                 251   log                       : PTS_LOGTYPE_SEND_EVENT  

+1828 ms
 MCP/CL/CGGIT/CHA/BV-20-C Send Event               HCI!GET_CONNECTION_HANDLE{
                           addr=0xD5B6CC31DB3B,
                           addr_type=0x01,
                           conn_handle=0xFFFF
                         }
2026-07-19 00:12:43,225 LT1-callback ClientCallback.log INFO client.py                 251   log                       : PTS_LOGTYPE_SEND_EVENT  

+1828 ms
 MCP/CL/CGGIT/CHA/BV-20-C Send Event               HCI!GET_CONNECTION_HANDLE{
                           addr=0xD5B6CC31DB3B,
                           addr_type=0x01,
                           conn_handle=0x0193
                         }
2026-07-19 00:12:43,228 LT1-callback ClientCallback.log INFO client.py                 251   log                       : PTS_LOGTYPE_PRELIMINARY_VERDICT Preliminary Verdict 

+1828 ms
 MCP/CL/CGGIT/CHA/BV-20-C PASS

2026-07-19 00:12:43,231 LT1-callback ClientCallback.log INFO client.py                 251   log                       : PTS_LOGTYPE_MESSAGE Verdict Description 

+1828 ms
 MCP/CL/CGGIT/CHA/BV-20-C Connection setup successfully.

2026-07-19 00:12:43,234 LT1-callback ClientCallback.log INFO client.py                 251   log                       : PTS_LOGTYPE_PRELIMINARY_VERDICT Preliminary Verdict 

+1828 ms
 MCP/CL/CGGIT/CHA/BV-20-C PASS

2026-07-19 00:12:43,237 LT1-callback ClientCallback.log INFO client.py                 251   log                       : PTS_LOGTYPE_MESSAGE Verdict Description 

+1828 ms
 MCP/CL/CGGIT/CHA/BV-20-C Connection established successfully.

2026-07-19 00:12:43,239 LT1-callback ClientCallback.log INFO client.py                 251   log                       : PTS_LOGTYPE_RECEIVE_EVENT  

+1828 ms
 MCP/CL/CGGIT/CHA/BV-20-C Receive Event            HCI?HCI_LE_CHANNEL_SELECTION_ALGORITHM_EVENT{
                           conn_handle=0x0193,
                           used_ch_algorithm=0x01
                         }
2026-07-19 00:12:43,242 LT1-callback ClientCallback.log INFO client.py                 251   log                       : PTS_LOGTYPE_RECEIVE_EVENT  

+1828 ms
 MCP/CL/CGGIT/CHA/BV-20-C Receive Event            HCI?HCI_LE_ADVERTISING_SET_TERMINATED_EVENT{
                           status=HCI_OK,
                           adv_handle=0x00,
                           conn_handle=0x0193,
                           num_completed_ext_event=0x00
                         }
2026-07-19 00:12:43,245 LT1-callback ClientCallback.log INFO client.py                 251   log                       : PTS_LOGTYPE_RECEIVE_EVENT  

+1891 ms
 MCP/CL/CGGIT/CHA/BV-20-C Receive Event            ATT?ATT_EXCHANGE_MTU_REQ{
                           lcid=0x1205,
                           requestedMtu=0x00FB
                         }
2026-07-19 00:12:43,247 LT1-callback ClientCallback.log INFO client.py                 251   log                       : PTS_LOGTYPE_RECEIVE_EVENT  

+2734 ms
 MCP/CL/CGGIT/CHA/BV-20-C Receive Event            HCI?HCI_LE_PHY_UPDATE_COMPLETE_EVENT{
                           status=HCI_OK,
                           conn_handle0x0193,
                           tx_phy=0x02,
                           rx_phy=0x02
                         }
2026-07-19 00:12:43,252 LT1-callback ClientCallback.log INFO client.py                 251   log                       : PTS_LOGTYPE_SEND_EVENT  

+2828 ms
 MCP/CL/CGGIT/CHA/BV-20-C Send Event               SEC!SEC_LE_AUTHENTICATE_REQ{
                           peerAddress=0xD5B6CC31DB3B,
                           peerAddrType=HCI_LE_RANDOM_DEVICE_ADDRESS,
                           securityMode=1,
                           securityLevel=0,
                           paringMode=PAIRING_MODE_LE_SECURE_CONNECTION,
                           bonding=BONDING,
                           minimum_encKeySize=7
                         }
2026-07-19 00:12:43,256 LT1-callback ClientCallback.log INFO client.py                 251   log                       : PTS_LOGTYPE_SEND_EVENT  

+2828 ms
 MCP/CL/CGGIT/CHA/BV-20-C Send Event               ATT!ATT_EXCHANGE_MTU_RSP{
                           lcid=0x1205,
                           resultingMtu=0x0017
                         }
2026-07-19 00:12:43,258 LT1-callback ClientCallback.log INFO client.py                 251   log                       : PTS_LOGTYPE_RECEIVE_EVENT  

+2953 ms
 MCP/CL/CGGIT/CHA/BV-20-C Receive Event            SEC?SEC_LE_AUTHENTICATION_REQUEST_IND{
                           peerAddr=0xD5B6CC31DB3B,
                           peerAddrType=HCI_LE_RANDOM_DEVICE_ADDRESS,
                           pairingMode=PAIRING_MODE_LE_SECURE_CONNECTION,
                           mitm=WITHOUT_MITM,
                           bonding=BONDING,
                           encKeySize=16
                         }
2026-07-19 00:12:43,262 LT1-callback ClientCallback.log INFO client.py                 251   log                       : PTS_LOGTYPE_SEND_EVENT  

+2953 ms
 MCP/CL/CGGIT/CHA/BV-20-C Send Event               SEC!SEC_LE_AUTHENTICATE_REQ_REPLY{
                           peerAddress=0xD5B6CC31DB3B,
                           peerAddrType=HCI_LE_RANDOM_DEVICE_ADDRESS,
                           pairingMode=PAIRING_MODE_LE_SECURE_CONNECTION,
                           mitm=WITHOUT_MITM,
                           bonding=BONDING,
                           minimum_encKeySize=7,
                           errorCode=0
                         }
2026-07-19 00:12:43,265 LT1-callback ClientCallback.log INFO client.py                 251   log                       : PTS_LOGTYPE_RECEIVE_EVENT  

+3094 ms
 MCP/CL/CGGIT/CHA/BV-20-C Receive Event            SEC?SEC_LE_SC_PUBLIC_KEY_GENERATION_REQUEST_IND
2026-07-19 00:12:43,267 LT1-callback ClientCallback.log INFO client.py                 251   log                       : PTS_LOGTYPE_SEND_EVENT  

+3109 ms
 MCP/CL/CGGIT/CHA/BV-20-C Send Event               SEC!SEC_LESC_PUBLIC_KEY{
                           PublicKey.X=0xAB77BECE20B69290BE2AD8E099263455217C53A42D468EDA8FC602A22928884B,
                           publicKey.Y=0x3BE13C211ED7AD02BB3893A6AC0FAEA76C6E84E50765D0F121B6B30997934112
                         }
2026-07-19 00:12:43,270 LT1-callback ClientCallback.log INFO client.py                 251   log                       : PTS_LOGTYPE_RECEIVE_EVENT  

+3125 ms
 MCP/CL/CGGIT/CHA/BV-20-C Receive Event            HCI?HCI_LE_RANDOM_COMPLETE_EVENT{
                           status=HCI_OK,
                           randomNumber=0x05A5B173FA21A1F4
                         }
2026-07-19 00:12:43,273 LT1-callback ClientCallback.log INFO client.py                 251   log                       : PTS_LOGTYPE_RECEIVE_EVENT  

+3141 ms
 MCP/CL/CGGIT/CHA/BV-20-C Receive Event            HCI?HCI_LE_ENCRYPT_COMPLETE_EVENT{
                           status=HCI_OK,
                           encryptedData=0x6C46F6A133600FF1F14E0EB8BA113FCD
                         }
2026-07-19 00:12:43,276 LT1-callback ClientCallback.log INFO client.py                 251   log                       : PTS_LOGTYPE_RECEIVE_EVENT  

+3141 ms
 MCP/CL/CGGIT/CHA/BV-20-C Receive Event            HCI?HCI_LE_ENCRYPT_COMPLETE_EVENT{
                           status=HCI_OK,
                           encryptedData=0x4FC75A7F4203C2974570AFD339989402
                         }
2026-07-19 00:12:43,279 LT1-callback ClientCallback.log INFO client.py                 251   log                       : PTS_LOGTYPE_RECEIVE_EVENT  

+3156 ms
 MCP/CL/CGGIT/CHA/BV-20-C Receive Event            HCI?HCI_LE_ENCRYPT_COMPLETE_EVENT{
                           status=HCI_OK,
                           encryptedData=0xC8B28613A380C5040E487A7079C67203
                         }
2026-07-19 00:12:43,282 LT1-callback ClientCallback.log INFO client.py                 251   log                       : PTS_LOGTYPE_RECEIVE_EVENT  

+3172 ms
 MCP/CL/CGGIT/CHA/BV-20-C Receive Event            HCI?HCI_LE_ENCRYPT_COMPLETE_EVENT{
                           status=HCI_OK,
                           encryptedData=0x8342EDFA313374FD86FD52302CC35104
                         }
2026-07-19 00:12:43,285 LT1-callback ClientCallback.log INFO client.py                 251   log                       : PTS_LOGTYPE_RECEIVE_EVENT  

+3172 ms
 MCP/CL/CGGIT/CHA/BV-20-C Receive Event            HCI?HCI_LE_ENCRYPT_COMPLETE_EVENT{
                           status=HCI_OK,
                           encryptedData=0xCAFD2DED82A87267C98A331545FF1296
                         }
2026-07-19 00:12:43,287 LT1-callback ClientCallback.log INFO client.py                 251   log                       : PTS_LOGTYPE_RECEIVE_EVENT  

+3187 ms
 MCP/CL/CGGIT/CHA/BV-20-C Receive Event            HCI?HCI_LE_ENCRYPT_COMPLETE_EVENT{
                           status=HCI_OK,
                           encryptedData=0xFB237D4FB08DAEE974B423660E35C430
                         }
2026-07-19 00:12:43,290 LT1-callback ClientCallback.log INFO client.py                 251   log                       : PTS_LOGTYPE_RECEIVE_EVENT  

+3437 ms
 MCP/CL/CGGIT/CHA/BV-20-C Receive Event            SEC?SEC_LE_SC_DH_KEY_GENERATION_REQUEST_IND{
                           remote_public_key=0x98308440221E2D910F0E54B71E7EC652857AA9B5A0DC65028824CC19DB1226E967A4816BCB62EFB21701E31FDB27561A6217575FB007A8BBDABE7E28B6F68482
                         }
2026-07-19 00:12:43,293 LT1-callback ClientCallback.log INFO client.py                 251   log                       : PTS_LOGTYPE_SEND_EVENT  

+3437 ms
 MCP/CL/CGGIT/CHA/BV-20-C Send Event               SEC!SEC_LESC_DHKEY{
                           DHKEY=0x4631D1B5CF84D18DD60EED0F90C495F91156194E805D91269576F00D35E897E3
                         }
2026-07-19 00:12:43,296 LT1-callback ClientCallback.log INFO client.py                 251   log                       : PTS_LOGTYPE_RECEIVE_EVENT  

+3453 ms
 MCP/CL/CGGIT/CHA/BV-20-C Receive Event            HCI?HCI_LE_ENCRYPT_COMPLETE_EVENT{
                           status=HCI_OK,
                           encryptedData=0x801C7681194553280EFA863021E2EEF4
                         }
2026-07-19 00:12:43,299 LT1-callback ClientCallback.log INFO client.py                 251   log                       : PTS_LOGTYPE_RECEIVE_EVENT  

+3453 ms
 MCP/CL/CGGIT/CHA/BV-20-C Receive Event            HCI?HCI_LE_ENCRYPT_COMPLETE_EVENT{
                           status=HCI_OK,
                           encryptedData=0x8C4586C62C878D8E68E59CB2F98E3DD8
                         }
2026-07-19 00:12:43,305 LT1-callback ClientCallback.log INFO client.py                 251   log                       : PTS_LOGTYPE_RECEIVE_EVENT  

+3469 ms
 MCP/CL/CGGIT/CHA/BV-20-C Receive Event            HCI?HCI_LE_ENCRYPT_COMPLETE_EVENT{
                           status=HCI_OK,
                           encryptedData=0x1C34D383705B398977EC0B8F9252DC26
                         }
2026-07-19 00:12:43,310 LT1-callback ClientCallback.log INFO client.py                 251   log                       : PTS_LOGTYPE_RECEIVE_EVENT  

+3484 ms
 MCP/CL/CGGIT/CHA/BV-20-C Receive Event            HCI?HCI_LE_ENCRYPT_COMPLETE_EVENT{
                           status=HCI_OK,
                           encryptedData=0x319BDB051136F482C3DA9C4098EFC0CA
                         }
2026-07-19 00:12:43,316 LT1-callback ClientCallback.log INFO client.py                 251   log                       : PTS_LOGTYPE_RECEIVE_EVENT  

+3484 ms
 MCP/CL/CGGIT/CHA/BV-20-C Receive Event            HCI?HCI_LE_ENCRYPT_COMPLETE_EVENT{
                           status=HCI_OK,
                           encryptedData=0xCFA64B690E7E6C985B8B251F29F0320B
                         }
2026-07-19 00:12:43,321 LT1-callback ClientCallback.log INFO client.py                 251   log                       : PTS_LOGTYPE_RECEIVE_EVENT  

+3500 ms
 MCP/CL/CGGIT/CHA/BV-20-C Receive Event            HCI?HCI_LE_ENCRYPT_COMPLETE_EVENT{
                           status=HCI_OK,
                           encryptedData=0xE04B0068EF0DDBCB72A96563BDE2970C
                         }
2026-07-19 00:12:43,324 LT1-callback ClientCallback.log INFO client.py                 251   log                       : PTS_LOGTYPE_RECEIVE_EVENT  

+3516 ms
 MCP/CL/CGGIT/CHA/BV-20-C Receive Event            HCI?HCI_LE_ENCRYPT_COMPLETE_EVENT{
                           status=HCI_OK,
                           encryptedData=0x7348E2BB249319D03E863BA2F971CD1B
                         }
2026-07-19 00:12:43,328 LT1-callback ClientCallback.log INFO client.py                 251   log                       : PTS_LOGTYPE_RECEIVE_EVENT  

+3516 ms
 MCP/CL/CGGIT/CHA/BV-20-C Receive Event            HCI?HCI_LE_ENCRYPT_COMPLETE_EVENT{
                           status=HCI_OK,
                           encryptedData=0xA3086F2CFABD9560FA2DD77D21E7278F
                         }
2026-07-19 00:12:43,331 LT1-callback ClientCallback.log INFO client.py                 251   log                       : PTS_LOGTYPE_RECEIVE_EVENT  

+3531 ms
 MCP/CL/CGGIT/CHA/BV-20-C Receive Event            HCI?HCI_LE_ENCRYPT_COMPLETE_EVENT{
                           status=HCI_OK,
                           encryptedData=0x319BDB051136F482C3DA9C4098EFC0CA
                         }
2026-07-19 00:12:43,334 LT1-callback ClientCallback.log INFO client.py                 251   log                       : PTS_LOGTYPE_RECEIVE_EVENT  

+3531 ms
 MCP/CL/CGGIT/CHA/BV-20-C Receive Event            HCI?HCI_LE_ENCRYPT_COMPLETE_EVENT{
                           status=HCI_OK,
                           encryptedData=0x9EEC20266BADB2DB1682D8A821942A10
                         }
2026-07-19 00:12:43,337 LT1-callback ClientCallback.log INFO client.py                 251   log                       : PTS_LOGTYPE_RECEIVE_EVENT  

+3547 ms
 MCP/CL/CGGIT/CHA/BV-20-C Receive Event            HCI?HCI_LE_ENCRYPT_COMPLETE_EVENT{
                           status=HCI_OK,
                           encryptedData=0x6B072ACC824B79FFBE0BA29E6D8C9F11
                         }
2026-07-19 00:12:43,340 LT1-callback ClientCallback.log INFO client.py                 251   log                       : PTS_LOGTYPE_RECEIVE_EVENT  

+3562 ms
 MCP/CL/CGGIT/CHA/BV-20-C Receive Event            HCI?HCI_LE_ENCRYPT_COMPLETE_EVENT{
                           status=HCI_OK,
                           encryptedData=0x6880E8DE5CCA26535E91EBD5292C53BD
                         }
2026-07-19 00:12:43,344 LT1-callback ClientCallback.log INFO client.py                 251   log                       : PTS_LOGTYPE_RECEIVE_EVENT  

+3562 ms
 MCP/CL/CGGIT/CHA/BV-20-C Receive Event            HCI?HCI_LE_ENCRYPT_COMPLETE_EVENT{
                           status=HCI_OK,
                           encryptedData=0x8AD96D82B4D3C7C1BC5BFE6236171E38
                         }
2026-07-19 00:12:43,347 LT1-callback ClientCallback.log INFO client.py                 251   log                       : PTS_LOGTYPE_RECEIVE_EVENT  

+3578 ms
 MCP/CL/CGGIT/CHA/BV-20-C Receive Event            HCI?HCI_LE_ENCRYPT_COMPLETE_EVENT{
                           status=HCI_OK,
                           encryptedData=0x1C5A4F52B0A941B741587982EAD42EE5
                         }
2026-07-19 00:12:43,350 LT1-callback ClientCallback.log INFO client.py                 251   log                       : PTS_LOGTYPE_RECEIVE_EVENT  

+3578 ms
 MCP/CL/CGGIT/CHA/BV-20-C Receive Event            HCI?HCI_LE_ENCRYPT_COMPLETE_EVENT{
                           status=HCI_OK,
                           encryptedData=0x75CC0DD35526DA71C7AE075F0361AD15
                         }
2026-07-19 00:12:43,352 LT1-callback ClientCallback.log INFO client.py                 251   log                       : PTS_LOGTYPE_RECEIVE_EVENT  

+3594 ms
 MCP/CL/CGGIT/CHA/BV-20-C Receive Event            HCI?HCI_LE_ENCRYPT_COMPLETE_EVENT{
                           status=HCI_OK,
                           encryptedData=0xCBD449DAE667511E32D4F48277069116
                         }
2026-07-19 00:12:43,355 LT1-callback ClientCallback.log INFO client.py                 251   log                       : PTS_LOGTYPE_RECEIVE_EVENT  

+3594 ms
 MCP/CL/CGGIT/CHA/BV-20-C Receive Event            HCI?HCI_LE_ENCRYPT_COMPLETE_EVENT{
                           status=HCI_OK,
                           encryptedData=0x63E658836C8F98AAD934F8BED7FB8917
                         }
2026-07-19 00:12:43,359 LT1-callback ClientCallback.log INFO client.py                 251   log                       : PTS_LOGTYPE_RECEIVE_EVENT  

+3609 ms
 MCP/CL/CGGIT/CHA/BV-20-C Receive Event            HCI?HCI_LE_ENCRYPT_COMPLETE_EVENT{
                           status=HCI_OK,
                           encryptedData=0x8ABF009D8EBE4458B04CE3E7278FE58D
                         }
2026-07-19 00:12:43,363 LT1-callback ClientCallback.log INFO client.py                 251   log                       : PTS_LOGTYPE_RECEIVE_EVENT  

+3609 ms
 MCP/CL/CGGIT/CHA/BV-20-C Receive Event            HCI?HCI_LE_ENCRYPT_COMPLETE_EVENT{
                           status=HCI_OK,
                           encryptedData=0xD7630A2FE413B13485AB7A7812124D6F
                         }
2026-07-19 00:12:43,366 LT1-callback ClientCallback.log INFO client.py                 251   log                       : PTS_LOGTYPE_RECEIVE_EVENT  

+3625 ms
 MCP/CL/CGGIT/CHA/BV-20-C Receive Event            HCI?HCI_LE_ENCRYPT_COMPLETE_EVENT{
                           status=HCI_OK,
                           encryptedData=0x1C5A4F52B0A941B741587982EAD42EE5
                         }
2026-07-19 00:12:43,369 LT1-callback ClientCallback.log INFO client.py                 251   log                       : PTS_LOGTYPE_RECEIVE_EVENT  

+3625 ms
 MCP/CL/CGGIT/CHA/BV-20-C Receive Event            HCI?HCI_LE_ENCRYPT_COMPLETE_EVENT{
                           status=HCI_OK,
                           encryptedData=0xD4017DEBFB29C6213A9EB989555FC81B
                         }
2026-07-19 00:12:43,372 LT1-callback ClientCallback.log INFO client.py                 251   log                       : PTS_LOGTYPE_RECEIVE_EVENT  

+3641 ms
 MCP/CL/CGGIT/CHA/BV-20-C Receive Event            HCI?HCI_LE_ENCRYPT_COMPLETE_EVENT{
                           status=HCI_OK,
                           encryptedData=0x4B6F44A726A514C3588B18F332F3DE1C
                         }
2026-07-19 00:12:43,375 LT1-callback ClientCallback.log INFO client.py                 251   log                       : PTS_LOGTYPE_RECEIVE_EVENT  

+3641 ms
 MCP/CL/CGGIT/CHA/BV-20-C Receive Event            HCI?HCI_LE_ENCRYPT_COMPLETE_EVENT{
                           status=HCI_OK,
                           encryptedData=0xEA84051AC798F427DA72AA3339D4411D
                         }
2026-07-19 00:12:43,378 LT1-callback ClientCallback.log INFO client.py                 251   log                       : PTS_LOGTYPE_RECEIVE_EVENT  

+3656 ms
 MCP/CL/CGGIT/CHA/BV-20-C Receive Event            HCI?HCI_LE_ENCRYPT_COMPLETE_EVENT{
                           status=HCI_OK,
                           encryptedData=0xB683771949E2F3BC31EA6B59558383E0
                         }
2026-07-19 00:12:43,382 LT1-callback ClientCallback.log INFO client.py                 251   log                       : PTS_LOGTYPE_RECEIVE_EVENT  

+3672 ms
 MCP/CL/CGGIT/CHA/BV-20-C Receive Event            HCI?HCI_LE_ENCRYPT_COMPLETE_EVENT{
                           status=HCI_OK,
                           encryptedData=0x674A611811EF511EFE04DEAD069C8A3E
                         }
2026-07-19 00:12:43,385 LT1-callback ClientCallback.log INFO client.py                 251   log                       : PTS_LOGTYPE_RECEIVE_EVENT  

+4203 ms
 MCP/CL/CGGIT/CHA/BV-20-C Receive Event            SEC?SEC_LE_KEY_NOTIFICATION_IND{
                           peerAddr=0xD5B6CC31DB3B,
                           peerAddrType=HCI_LE_RANDOM_DEVICE_ADDRESS,
                           keyDist=0x03,
                           encryptionKeySize=0x10,
                           ltk=0xA3086F2CFABD9560FA2DD77D21E7278F,
                           eDiv=0x0000,
                           randValue=0x0000000000000000,
                           irk=0x00000000000000000000000000000000,
                           idAddress=0x000000000000,
                           idAddressType=HCI_LE_PUBLIC_DEVICE_ADDRESS
                         }
2026-07-19 00:12:43,388 LT1-callback ClientCallback.log INFO client.py                 251   log                       : PTS_LOGTYPE_MESSAGE Verdict Description 

+4203 ms
 MCP/CL/CGGIT/CHA/BV-20-C encryptionKeySize = 0x10,ltk = 0xA3086F2CFABD9560FA2DD77D21E7278F,eDiv = 0x0000,randValue = 0x0000000000000000

2026-07-19 00:12:43,391 LT1-callback ClientCallback.log INFO client.py                 251   log                       : PTS_LOGTYPE_RECEIVE_EVENT  

+4203 ms
 MCP/CL/CGGIT/CHA/BV-20-C Receive Event            SEC?SEC_LE_KEY_DISTRIBUTION_IND{
                           peerAddr=0xD5B6CC31DB3B,
                           peerAddrType=HCI_LE_RANDOM_DEVICE_ADDRESS,
                           keyDist=0x02,
                           encryptionKeySize=0x10
                         }
2026-07-19 00:12:43,394 LT1-callback ClientCallback.log INFO client.py                 251   log                       : PTS_LOGTYPE_RECEIVE_EVENT  

+4203 ms
 MCP/CL/CGGIT/CHA/BV-20-C Receive Event            HCI?HCI_ENCRYPTION_CHANGE_EVENT{
                           status=HCI_OK,
                           connectionHandle=0x0193,
                           encryptionEnable=0x01
                         }
2026-07-19 00:12:43,397 LT1-callback ClientCallback.log INFO client.py                 251   log                       : PTS_LOGTYPE_SEND_EVENT  

+4203 ms
 MCP/CL/CGGIT/CHA/BV-20-C Send Event               SEC?SEC_LE_KEY_DISTRIBUTION_RSP{
                           peerAddr=0xD5B6CC31DB3B,
                           keyDist=0x02,
                           irk=0x29D54FDE,
                           idAddress=0xDFA9FFF6B11A,
                           idAddressType=HCI_LE_PUBLIC_DEVICE_ADDRESS
                         }
2026-07-19 00:12:43,400 LT1-callback ClientCallback.log INFO client.py                 251   log                       : PTS_LOGTYPE_RECEIVE_EVENT  

+4219 ms
 MCP/CL/CGGIT/CHA/BV-20-C Receive Event            SEC?SEC_LE_AUTHENTICATE_CFM{
                           peerAddr=0xD5B6CC31DB3B,
                           Bonding=1,
                           Authentication=1,
                           PairingMode=2,
                           KeySize=16,
                           ExtraParam=1
                         }
2026-07-19 00:12:43,403 LT1-callback ClientCallback.log INFO client.py                 251   log                       : PTS_LOGTYPE_MESSAGE Verdict Description 

+4219 ms
 MCP/CL/CGGIT/CHA/BV-20-C Pairing process is done. Access is granted.

2026-07-19 00:12:43,406 LT1-callback ClientCallback.log INFO client.py                 251   log                       : PTS_LOGTYPE_MESSAGE Verdict Description 

+4219 ms
 MCP/CL/CGGIT/CHA/BV-20-C LE Security procedures completed successfully.

2026-07-19 00:12:43,408 LT1-callback ClientCallback.log INFO client.py                 251   log                       : PTS_LOGTYPE_SEND_EVENT  

+4219 ms
 MCP/CL/CGGIT/CHA/BV-20-C Send Event               HCI!HCI_LE_READ_REMOTED_USED_FEATURES{
                           connHandle=0x0193
                         }
2026-07-19 00:12:43,411 LT1-callback ClientCallback.log INFO client.py                 251   log                       : PTS_LOGTYPE_RECEIVE_EVENT  

+4344 ms
 MCP/CL/CGGIT/CHA/BV-20-C Receive Event            ATT?ATT_FIND_BY_TYPE_VALUE_IND{
                           lcid=0x1205,
                           startingHandle=0x0001,
                           endingHandle=0xFFFF,
                           attributeType=0x2800,
                           length=0x0002
                         }
2026-07-19 00:12:43,414 LT1-callback ClientCallback.log INFO client.py                 251   log                       : PTS_LOGTYPE_RECEIVE_EVENT  

+4406 ms
 MCP/CL/CGGIT/CHA/BV-20-C Receive Event            HCI?HCI_LE_READ_REMOTE_USED_FEATURES_COMPLETE_EVENT{
                           status=HCI_OKhandle=0x0193,
                           leFeatures=0x00000121F700492D
                         }
2026-07-19 00:12:43,417 LT1-callback ClientCallback.log INFO client.py                 251   log                       : PTS_LOGTYPE_MESSAGE Verdict Description 

+4406 ms
 MCP/CL/CGGIT/CHA/BV-20-C Test case uses "Generic Media Control Service" for primary service.

2026-07-19 00:12:43,420 LT1-callback ClientCallback.log INFO client.py                 251   log                       : PTS_LOGTYPE_MESSAGE User Action Required 

+4406 ms
 MCP/CL/CGGIT/CHA/BV-20-C MMI_20103 (MMI_Style_Ok_Cancel2=0x00011141): Please take action to discover the Search Results Object characteristic from the Generic Media Control. Discover the primary service if needed.

Description: Verify that the Implementation Under Test (IUT) can send Discover All Characteristics command.

2026-07-19 00:12:43,423 LT1-callback ClientCallback.log INFO client.py                 251   log                       : PTS_LOGTYPE_RECEIVE_EVENT Receive Event 

+4422 ms
 MCP/CL/CGGIT/CHA/BV-20-C ATT?ATT_FIND_BY_TYPE_VALUE_IND{
                           lcid=0x1205,
                           startingHandle=0x0001,
                           endingHandle=0xFFFF,
                           attributeType=0x2800,
                           length=0x0002,
                           PrimaryService=0x1849
                         }
2026-07-19 00:12:43,426 LT1-callback ClientCallback.log INFO client.py                 251   log                       : PTS_LOGTYPE_SEND_EVENT  

+4422 ms
 MCP/CL/CGGIT/CHA/BV-20-C Send Event               ATT!ATT_FIND_BY_TYPE_VALUE_RSP{
                           lcid=0x1205,
                           NumberOfHandleRanges=1,
                           HandleRanges={
                             				{
                               foundAttributeHandle=0x0120,
                               endFoundHandle=0x015E
					
                             }
                           }
                         }
2026-07-19 00:12:43,429 LT1-callback ClientCallback.log INFO client.py                 251   log                       : PTS_LOGTYPE_RECEIVE_EVENT  

+4562 ms
 MCP/CL/CGGIT/CHA/BV-20-C Receive Event            ATT?ATT_READ_BY_TYPE_REQ{
                           lcid=0x1205,
                           startingHandle=0x0121,
                           endingHandle=0x015E,
                           attributeTypeSize=0x02,
                           attributeType=0x2803
                         }
2026-07-19 00:12:43,432 LT1-callback ClientCallback.log INFO client.py                 251   log                       : PTS_LOGTYPE_SEND_EVENT  

+4562 ms
 MCP/CL/CGGIT/CHA/BV-20-C Send Event               ATT!ATT_READ_BY_TYPE_RSP{
                           lcid=0x1205,
                           lengthOfHandleValuePair=0x07,
                           numberOfHandleValuePairs=0x03,
                           attributeHandle=0x0122,
                           				{
                             handle=0x0122
					value{
                               Properties=0x12,
                               Handle=0x0123,
                               UUID=0x2B93
                             }

                           }
				{
                             handle=0x0125
					value{
                               Properties=0x02,
                               Handle=0x0126,
                               UUID=0x2B94
                             }

                           }
				{
                             handle=0x0127
					value{
                               Properties=0x02,
                               Handle=0x0128,
                               UUID=0x2B95
                             }

                           }

                         }
2026-07-19 00:12:43,439 LT1-callback ClientCallback.log INFO client.py                 251   log                       : PTS_LOGTYPE_RECEIVE_EVENT  

+4687 ms
 MCP/CL/CGGIT/CHA/BV-20-C Receive Event            ATT?ATT_READ_BY_TYPE_REQ{
                           lcid=0x1205,
                           startingHandle=0x0128,
                           endingHandle=0x015E,
                           attributeTypeSize=0x02,
                           attributeType=0x2803
                         }
2026-07-19 00:12:43,522 LT1-callback ClientCallback.log INFO client.py                 251   log                       : PTS_LOGTYPE_SEND_EVENT  

+4687 ms
 MCP/CL/CGGIT/CHA/BV-20-C Send Event               ATT!ATT_READ_BY_TYPE_RSP{
                           lcid=0x1205,
                           lengthOfHandleValuePair=0x07,
                           numberOfHandleValuePairs=0x03,
                           attributeHandle=0x0129,
                           				{
                             handle=0x0129
					value{
                               Properties=0x10,
                               Handle=0x012A,
                               UUID=0x2B96
                             }

                           }
				{
                             handle=0x012C
					value{
                               Properties=0x12,
                               Handle=0x012D,
                               UUID=0x2B97
                             }

                           }
				{
                             handle=0x012F
					value{
                               Properties=0x12,
                               Handle=0x0130,
                               UUID=0x2B98
                             }

                           }

                         }
2026-07-19 00:12:43,541 LT1-callback ClientCallback.log INFO client.py                 251   log                       : PTS_LOGTYPE_RECEIVE_EVENT  

+4828 ms
 MCP/CL/CGGIT/CHA/BV-20-C Receive Event            ATT?ATT_READ_BY_TYPE_REQ{
                           lcid=0x1205,
                           startingHandle=0x0130,
                           endingHandle=0x015E,
                           attributeTypeSize=0x02,
                           attributeType=0x2803
                         }
2026-07-19 00:12:43,555 LT1-callback ClientCallback.log INFO client.py                 251   log                       : PTS_LOGTYPE_SEND_EVENT  

+4828 ms
 MCP/CL/CGGIT/CHA/BV-20-C Send Event               ATT!ATT_READ_BY_TYPE_RSP{
                           lcid=0x1205,
                           lengthOfHandleValuePair=0x07,
                           numberOfHandleValuePairs=0x03,
                           attributeHandle=0x0132,
                           				{
                             handle=0x0132
					value{
                               Properties=0x1E,
                               Handle=0x0133,
                               UUID=0x2B99
                             }

                           }
				{
                             handle=0x0135
					value{
                               Properties=0x1E,
                               Handle=0x0136,
                               UUID=0x2B9A
                             }

                           }
				{
                             handle=0x0138
					value{
                               Properties=0x12,
                               Handle=0x0139,
                               UUID=0x2B9B
                             }

                           }

                         }
2026-07-19 00:12:43,563 LT1-callback ClientCallback.log INFO client.py                 251   log                       : PTS_LOGTYPE_RECEIVE_EVENT  

+4969 ms
 MCP/CL/CGGIT/CHA/BV-20-C Receive Event            ATT?ATT_READ_BY_TYPE_REQ{
                           lcid=0x1205,
                           startingHandle=0x0139,
                           endingHandle=0x015E,
                           attributeTypeSize=0x02,
                           attributeType=0x2803
                         }
2026-07-19 00:12:43,569 LT1-callback ClientCallback.log INFO client.py                 251   log                       : PTS_LOGTYPE_SEND_EVENT  

+4969 ms
 MCP/CL/CGGIT/CHA/BV-20-C Send Event               ATT!ATT_READ_BY_TYPE_RSP{
                           lcid=0x1205,
                           lengthOfHandleValuePair=0x07,
                           numberOfHandleValuePairs=0x03,
                           attributeHandle=0x013B,
                           				{
                             handle=0x013B
					value{
                               Properties=0x02,
                               Handle=0x013C,
                               UUID=0x2B9C
                             }

                           }
				{
                             handle=0x013D
					value{
                               Properties=0x1E,
                               Handle=0x013E,
                               UUID=0x2B9D
                             }

                           }
				{
                             handle=0x0140
					value{
                               Properties=0x1E,
                               Handle=0x0141,
                               UUID=0x2B9E
                             }

                           }

                         }
2026-07-19 00:12:43,574 LT1-callback ClientCallback.log INFO client.py                 251   log                       : PTS_LOGTYPE_RECEIVE_EVENT  

+5109 ms
 MCP/CL/CGGIT/CHA/BV-20-C Receive Event            ATT?ATT_READ_BY_TYPE_REQ{
                           lcid=0x1205,
                           startingHandle=0x0141,
                           endingHandle=0x015E,
                           attributeTypeSize=0x02,
                           attributeType=0x2803
                         }
2026-07-19 00:12:43,580 LT1-callback ClientCallback.log INFO client.py                 251   log                       : PTS_LOGTYPE_SEND_EVENT  

+5109 ms
 MCP/CL/CGGIT/CHA/BV-20-C Send Event               ATT!ATT_READ_BY_TYPE_RSP{
                           lcid=0x1205,
                           lengthOfHandleValuePair=0x07,
                           numberOfHandleValuePairs=0x03,
                           attributeHandle=0x0143,
                           				{
                             handle=0x0143
					value{
                               Properties=0x1E,
                               Handle=0x0144,
                               UUID=0x2BA0
                             }

                           }
				{
                             handle=0x0146
					value{
                               Properties=0x1E,
                               Handle=0x0147,
                               UUID=0x2BA1
                             }

                           }
				{
                             handle=0x0149
					value{
                               Properties=0x02,
                               Handle=0x014A,
                               UUID=0x2BA2
                             }

                           }

                         }
2026-07-19 00:12:43,585 LT1-callback ClientCallback.log INFO client.py                 251   log                       : PTS_LOGTYPE_RECEIVE_EVENT  

+5250 ms
 MCP/CL/CGGIT/CHA/BV-20-C Receive Event            ATT?ATT_READ_BY_TYPE_REQ{
                           lcid=0x1205,
                           startingHandle=0x014A,
                           endingHandle=0x015E,
                           attributeTypeSize=0x02,
                           attributeType=0x2803
                         }
2026-07-19 00:12:43,590 LT1-callback ClientCallback.log INFO client.py                 251   log                       : PTS_LOGTYPE_SEND_EVENT  

+5250 ms
 MCP/CL/CGGIT/CHA/BV-20-C Send Event               ATT!ATT_READ_BY_TYPE_RSP{
                           lcid=0x1205,
                           lengthOfHandleValuePair=0x07,
                           numberOfHandleValuePairs=0x03,
                           attributeHandle=0x014B,
                           				{
                             handle=0x014B
					value{
                               Properties=0x12,
                               Handle=0x014C,
                               UUID=0x2BA3
                             }

                           }
				{
                             handle=0x014E
					value{
                               Properties=0x1C,
                               Handle=0x014F,
                               UUID=0x2BA4
                             }

                           }
				{
                             handle=0x0151
					value{
                               Properties=0x12,
                               Handle=0x0152,
                               UUID=0x2BA5
                             }

                           }

                         }
2026-07-19 00:12:43,594 LT1-callback ClientCallback.log INFO client.py                 251   log                       : PTS_LOGTYPE_RECEIVE_EVENT  

+5391 ms
 MCP/CL/CGGIT/CHA/BV-20-C Receive Event            ATT?ATT_READ_BY_TYPE_REQ{
                           lcid=0x1205,
                           startingHandle=0x0152,
                           endingHandle=0x015E,
                           attributeTypeSize=0x02,
                           attributeType=0x2803
                         }
2026-07-19 00:12:43,599 LT1-callback ClientCallback.log INFO client.py                 251   log                       : PTS_LOGTYPE_SEND_EVENT  

+5391 ms
 MCP/CL/CGGIT/CHA/BV-20-C Send Event               ATT!ATT_READ_BY_TYPE_RSP{
                           lcid=0x1205,
                           lengthOfHandleValuePair=0x07,
                           numberOfHandleValuePairs=0x03,
                           attributeHandle=0x0154,
                           				{
                             handle=0x0154
					value{
                               Properties=0x12,
                               Handle=0x0155,
                               UUID=0x2BA6
                             }

                           }
				{
                             handle=0x0157
					value{
                               Properties=0x1C,
                               Handle=0x0158,
                               UUID=0x2BA7
                             }

                           }
				{
                             handle=0x015A
					value{
                               Properties=0x02,
                               Handle=0x015B,
                               UUID=0x2BBA
                             }

                           }

                         }
2026-07-19 00:12:43,603 LT1-callback ClientCallback.log INFO client.py                 251   log                       : PTS_LOGTYPE_PRELIMINARY_VERDICT Preliminary Verdict 

+5391 ms
 MCP/CL/CGGIT/CHA/BV-20-C PASS

2026-07-19 00:12:43,607 LT1-callback ClientCallback.log INFO client.py                 251   log                       : PTS_LOGTYPE_MESSAGE Verdict Description 

+5391 ms
 MCP/CL/CGGIT/CHA/BV-20-C Found matching 16 bits UUID = 0x2BA6.

2026-07-19 00:12:43,609 LT1-callback ClientCallback.log INFO client.py                 251   log                       : PTS_LOGTYPE_MESSAGE Verdict Description 

+5391 ms
 MCP/CL/CGGIT/CHA/BV-20-C Search property(0x12)

2026-07-19 00:12:43,612 LT1-callback ClientCallback.log INFO client.py                 251   log                       : PTS_LOGTYPE_MESSAGE Verdict Description 

+5406 ms
 MCP/CL/CGGIT/CHA/BV-20-C Database value on handle 0x0155 is value Search Results Object: 
    Object ID: [ (0x000000001101)]

2026-07-19 00:12:43,615 LT1-callback ClientCallback.log INFO client.py                 251   log                       : PTS_LOGTYPE_MESSAGE Verdict Description 

+5406 ms
 MCP/CL/CGGIT/CHA/BV-20-C GGIT ValueLength 'Skip' or 'SkipRead' is used, skipping Read steps

2026-07-19 00:12:43,617 LT1-callback ClientCallback.log INFO client.py                 251   log                       : PTS_LOGTYPE_MESSAGE Verdict Description 

+5406 ms
 MCP/CL/CGGIT/CHA/BV-20-C GGIT ValueLength 'Skip' or 'SkipWrite' is used, skipping Write steps

2026-07-19 00:12:43,620 LT1-callback ClientCallback.log INFO client.py                 251   log                       : PTS_LOGTYPE_RECEIVE_EVENT  

+5531 ms
 MCP/CL/CGGIT/CHA/BV-20-C Receive Event            ATT?ATT_READ_BY_TYPE_REQ{
                           lcid=0x1205,
                           startingHandle=0x015B,
                           endingHandle=0x015E,
                           attributeTypeSize=0x02,
                           attributeType=0x2803
                         }
2026-07-19 00:12:43,623 LT1-callback ClientCallback.log INFO client.py                 251   log                       : PTS_LOGTYPE_SEND_EVENT  

+5531 ms
 MCP/CL/CGGIT/CHA/BV-20-C Send Event               ATT!ATT_READ_BY_TYPE_RSP{
                           lcid=0x1205,
                           lengthOfHandleValuePair=0x07,
                           numberOfHandleValuePairs=0x01,
                           attributeHandle=0x015C,
                           				{
                             handle=0x015C
					value{
                               Properties=0x12,
                               Handle=0x015D,
                               UUID=0x2B9F
                             }

                           }

                         }
2026-07-19 00:12:43,626 LT1-callback ClientCallback.log INFO client.py                 251   log                       : PTS_LOGTYPE_RECEIVE_EVENT  

+5672 ms
 MCP/CL/CGGIT/CHA/BV-20-C Receive Event            ATT?ATT_READ_BY_TYPE_REQ{
                           lcid=0x1205,
                           startingHandle=0x015D,
                           endingHandle=0x015E,
                           attributeTypeSize=0x02,
                           attributeType=0x2803
                         }
2026-07-19 00:12:43,630 LT1-callback ClientCallback.log INFO client.py                 251   log                       : PTS_LOGTYPE_SEND_EVENT  

+5672 ms
 MCP/CL/CGGIT/CHA/BV-20-C Send Event               ATT!ATT_ERROR_RSP{
                           lcid=0x1205,
                           errorOpcode=0x08,
                           attributeHandleInError=0x015D,
                           errorCode=0x000A
                         }
2026-07-19 00:12:43,633 LT1-callback ClientCallback.log INFO client.py                 251   log                       : PTS_LOGTYPE_RECEIVE_EVENT  

+5812 ms
 MCP/CL/CGGIT/CHA/BV-20-C Receive Event            ATT?ATT_FIND_INFO_REQ{
                           lcid=0x1205,
                           startingHandle=0x0123,
                           endingHandle=0x015E
                         }
2026-07-19 00:12:43,635 LT1-callback ClientCallback.log INFO client.py                 251   log                       : PTS_LOGTYPE_SEND_EVENT  

+5812 ms
 MCP/CL/CGGIT/CHA/BV-20-C Send Event               ATT!ATT_FIND_INFO_RSP{
                           lcid=0x1205,
                           format=0x01,
                           numberOfHandleValuePairs=0x05,
                           				{
                             handle=0x0123,
                             uuid=0x2B93
					
                           }				{
                             handle=0x0124,
                             uuid=0x2902
					
                           }				{
                             handle=0x0125,
                             uuid=0x2803
					
                           }				{
                             handle=0x0126,
                             uuid=0x2B94
					
                           }				{
                             handle=0x0127,
                             uuid=0x2803
					
                           }
                         }
2026-07-19 00:12:43,640 LT1-callback ClientCallback.log INFO client.py                 251   log                       : PTS_LOGTYPE_RECEIVE_EVENT  

+5953 ms
 MCP/CL/CGGIT/CHA/BV-20-C Receive Event            ATT?ATT_WRITE_IND{
                           lcid=0x1205,
                           attributeHandle=0x0124,
                           length=0x0002,
                           value=0x0001
                         }
2026-07-19 00:12:43,645 LT1-callback ClientCallback.log INFO client.py                 251   log                       : PTS_LOGTYPE_SEND_EVENT  

+5953 ms
 MCP/CL/CGGIT/CHA/BV-20-C Send Event               ATT!ATT_WRITE_RSP{
                           lcid=0x1205,
                           value{
                             Properties=0x0001
                           }

                         }
2026-07-19 00:12:43,648 LT1-callback ClientCallback.log INFO client.py                 251   log                       : PTS_LOGTYPE_RECEIVE_EVENT  

+6094 ms
 MCP/CL/CGGIT/CHA/BV-20-C Receive Event            ATT?ATT_FIND_INFO_REQ{
                           lcid=0x1205,
                           startingHandle=0x012A,
                           endingHandle=0x015E
                         }
2026-07-19 00:12:43,651 LT1-callback ClientCallback.log INFO client.py                 251   log                       : PTS_LOGTYPE_SEND_EVENT  

+6094 ms
 MCP/CL/CGGIT/CHA/BV-20-C Send Event               ATT!ATT_FIND_INFO_RSP{
                           lcid=0x1205,
                           format=0x01,
                           numberOfHandleValuePairs=0x05,
                           				{
                             handle=0x012A,
                             uuid=0x2B96
					
                           }				{
                             handle=0x012B,
                             uuid=0x2902
					
                           }				{
                             handle=0x012C,
                             uuid=0x2803
					
                           }				{
                             handle=0x012D,
                             uuid=0x2B97
					
                           }				{
                             handle=0x012E,
                             uuid=0x2902
					
                           }
                         }
2026-07-19 00:12:43,655 LT1-callback ClientCallback.log INFO client.py                 251   log                       : PTS_LOGTYPE_RECEIVE_EVENT  

+6234 ms
 MCP/CL/CGGIT/CHA/BV-20-C Receive Event            ATT?ATT_WRITE_IND{
                           lcid=0x1205,
                           attributeHandle=0x012B,
                           length=0x0002,
                           value=0x0001
                         }
2026-07-19 00:12:43,659 LT1-callback ClientCallback.log INFO client.py                 251   log                       : PTS_LOGTYPE_SEND_EVENT  

+6234 ms
 MCP/CL/CGGIT/CHA/BV-20-C Send Event               ATT!ATT_WRITE_RSP{
                           lcid=0x1205,
                           value{
                             Properties=0x0001
                           }

                         }
2026-07-19 00:12:43,662 LT1-callback ClientCallback.log INFO client.py                 251   log                       : PTS_LOGTYPE_RECEIVE_EVENT  

+6375 ms
 MCP/CL/CGGIT/CHA/BV-20-C Receive Event            ATT?ATT_FIND_INFO_REQ{
                           lcid=0x1205,
                           startingHandle=0x0130,
                           endingHandle=0x015E
                         }
2026-07-19 00:12:43,665 LT1-callback ClientCallback.log INFO client.py                 251   log                       : PTS_LOGTYPE_SEND_EVENT  

+6375 ms
 MCP/CL/CGGIT/CHA/BV-20-C Send Event               ATT!ATT_FIND_INFO_RSP{
                           lcid=0x1205,
                           format=0x01,
                           numberOfHandleValuePairs=0x05,
                           				{
                             handle=0x0130,
                             uuid=0x2B98
					
                           }				{
                             handle=0x0131,
                             uuid=0x2902
					
                           }				{
                             handle=0x0132,
                             uuid=0x2803
					
                           }				{
                             handle=0x0133,
                             uuid=0x2B99
					
                           }				{
                             handle=0x0134,
                             uuid=0x2902
					
                           }
                         }
2026-07-19 00:12:43,669 LT1-callback ClientCallback.log INFO client.py                 251   log                       : PTS_LOGTYPE_RECEIVE_EVENT  

+6516 ms
 MCP/CL/CGGIT/CHA/BV-20-C Receive Event            ATT?ATT_WRITE_IND{
                           lcid=0x1205,
                           attributeHandle=0x0131,
                           length=0x0002,
                           value=0x0001
                         }
2026-07-19 00:12:43,674 LT1-callback ClientCallback.log INFO client.py                 251   log                       : PTS_LOGTYPE_SEND_EVENT  

+6516 ms
 MCP/CL/CGGIT/CHA/BV-20-C Send Event               ATT!ATT_WRITE_RSP{
                           lcid=0x1205,
                           value{
                             Properties=0x0001
                           }

                         }
2026-07-19 00:12:43,677 LT1-callback ClientCallback.log INFO client.py                 251   log                       : PTS_LOGTYPE_RECEIVE_EVENT  

+6656 ms
 MCP/CL/CGGIT/CHA/BV-20-C Receive Event            ATT?ATT_FIND_INFO_REQ{
                           lcid=0x1205,
                           startingHandle=0x0133,
                           endingHandle=0x015E
                         }
2026-07-19 00:12:43,680 LT1-callback ClientCallback.log INFO client.py                 251   log                       : PTS_LOGTYPE_SEND_EVENT  

+6656 ms
 MCP/CL/CGGIT/CHA/BV-20-C Send Event               ATT!ATT_FIND_INFO_RSP{
                           lcid=0x1205,
                           format=0x01,
                           numberOfHandleValuePairs=0x05,
                           				{
                             handle=0x0133,
                             uuid=0x2B99
					
                           }				{
                             handle=0x0134,
                             uuid=0x2902
					
                           }				{
                             handle=0x0135,
                             uuid=0x2803
					
                           }				{
                             handle=0x0136,
                             uuid=0x2B9A
					
                           }				{
                             handle=0x0137,
                             uuid=0x2902
					
                           }
                         }
2026-07-19 00:12:43,684 LT1-callback ClientCallback.log INFO client.py                 251   log                       : PTS_LOGTYPE_RECEIVE_EVENT  

+6797 ms
 MCP/CL/CGGIT/CHA/BV-20-C Receive Event            ATT?ATT_WRITE_IND{
                           lcid=0x1205,
                           attributeHandle=0x0134,
                           length=0x0002,
                           value=0x0001
                         }
2026-07-19 00:12:43,691 LT1-callback ClientCallback.log INFO client.py                 251   log                       : PTS_LOGTYPE_SEND_EVENT  

+6797 ms
 MCP/CL/CGGIT/CHA/BV-20-C Send Event               ATT!ATT_WRITE_RSP{
                           lcid=0x1205,
                           value{
                             Properties=0x0001
                           }

                         }
2026-07-19 00:12:43,694 LT1-callback ClientCallback.log INFO client.py                 251   log                       : PTS_LOGTYPE_RECEIVE_EVENT  

+6922 ms
 MCP/CL/CGGIT/CHA/BV-20-C Receive Event            ATT?ATT_FIND_INFO_REQ{
                           lcid=0x1205,
                           startingHandle=0x0136,
                           endingHandle=0x015E
                         }
2026-07-19 00:12:43,698 LT1-callback ClientCallback.log INFO client.py                 251   log                       : PTS_LOGTYPE_SEND_EVENT  

+6922 ms
 MCP/CL/CGGIT/CHA/BV-20-C Send Event               ATT!ATT_FIND_INFO_RSP{
                           lcid=0x1205,
                           format=0x01,
                           numberOfHandleValuePairs=0x05,
                           				{
                             handle=0x0136,
                             uuid=0x2B9A
					
                           }				{
                             handle=0x0137,
                             uuid=0x2902
					
                           }				{
                             handle=0x0138,
                             uuid=0x2803
					
                           }				{
                             handle=0x0139,
                             uuid=0x2B9B
					
                           }				{
                             handle=0x013A,
                             uuid=0x2902
					
                           }
                         }
2026-07-19 00:12:43,702 LT1-callback ClientCallback.log INFO client.py                 251   log                       : PTS_LOGTYPE_RECEIVE_EVENT  

+7078 ms
 MCP/CL/CGGIT/CHA/BV-20-C Receive Event            ATT?ATT_WRITE_IND{
                           lcid=0x1205,
                           attributeHandle=0x0137,
                           length=0x0002,
                           value=0x0001
                         }
2026-07-19 00:12:43,706 LT1-callback ClientCallback.log INFO client.py                 251   log                       : PTS_LOGTYPE_SEND_EVENT  

+7078 ms
 MCP/CL/CGGIT/CHA/BV-20-C Send Event               ATT!ATT_WRITE_RSP{
                           lcid=0x1205,
                           value{
                             Properties=0x0001
                           }

                         }
2026-07-19 00:12:43,709 LT1-callback ClientCallback.log INFO client.py                 251   log                       : PTS_LOGTYPE_RECEIVE_EVENT  

+7219 ms
 MCP/CL/CGGIT/CHA/BV-20-C Receive Event            ATT?ATT_FIND_INFO_REQ{
                           lcid=0x1205,
                           startingHandle=0x0139,
                           endingHandle=0x015E
                         }
2026-07-19 00:12:43,713 LT1-callback ClientCallback.log INFO client.py                 251   log                       : PTS_LOGTYPE_SEND_EVENT  

+7219 ms
 MCP/CL/CGGIT/CHA/BV-20-C Send Event               ATT!ATT_FIND_INFO_RSP{
                           lcid=0x1205,
                           format=0x01,
                           numberOfHandleValuePairs=0x05,
                           				{
                             handle=0x0139,
                             uuid=0x2B9B
					
                           }				{
                             handle=0x013A,
                             uuid=0x2902
					
                           }				{
                             handle=0x013B,
                             uuid=0x2803
					
                           }				{
                             handle=0x013C,
                             uuid=0x2B9C
					
                           }				{
                             handle=0x013D,
                             uuid=0x2803
					
                           }
                         }
2026-07-19 00:12:43,718 LT1-callback ClientCallback.log INFO client.py                 251   log                       : PTS_LOGTYPE_RECEIVE_EVENT  

+7359 ms
 MCP/CL/CGGIT/CHA/BV-20-C Receive Event            ATT?ATT_WRITE_IND{
                           lcid=0x1205,
                           attributeHandle=0x013A,
                           length=0x0002,
                           value=0x0001
                         }
2026-07-19 00:12:43,722 LT1-callback ClientCallback.log INFO client.py                 251   log                       : PTS_LOGTYPE_SEND_EVENT  

+7359 ms
 MCP/CL/CGGIT/CHA/BV-20-C Send Event               ATT!ATT_WRITE_RSP{
                           lcid=0x1205,
                           value{
                             Properties=0x0001
                           }

                         }
2026-07-19 00:12:43,726 LT1-callback ClientCallback.log INFO client.py                 251   log                       : PTS_LOGTYPE_RECEIVE_EVENT  

+7484 ms
 MCP/CL/CGGIT/CHA/BV-20-C Receive Event            ATT?ATT_FIND_INFO_REQ{
                           lcid=0x1205,
                           startingHandle=0x013E,
                           endingHandle=0x015E
                         }
2026-07-19 00:12:43,728 LT1-callback ClientCallback.log INFO client.py                 251   log                       : PTS_LOGTYPE_SEND_EVENT  

+7484 ms
 MCP/CL/CGGIT/CHA/BV-20-C Send Event               ATT!ATT_FIND_INFO_RSP{
                           lcid=0x1205,
                           format=0x01,
                           numberOfHandleValuePairs=0x05,
                           				{
                             handle=0x013E,
                             uuid=0x2B9D
					
                           }				{
                             handle=0x013F,
                             uuid=0x2902
					
                           }				{
                             handle=0x0140,
                             uuid=0x2803
					
                           }				{
                             handle=0x0141,
                             uuid=0x2B9E
					
                           }				{
                             handle=0x0142,
                             uuid=0x2902
					
                           }
                         }
2026-07-19 00:12:43,733 LT1-callback ClientCallback.log INFO client.py                 251   log                       : PTS_LOGTYPE_RECEIVE_EVENT  

+7625 ms
 MCP/CL/CGGIT/CHA/BV-20-C Receive Event            ATT?ATT_WRITE_IND{
                           lcid=0x1205,
                           attributeHandle=0x013F,
                           length=0x0002,
                           value=0x0001
                         }
2026-07-19 00:12:43,736 LT1-callback ClientCallback.log INFO client.py                 251   log                       : PTS_LOGTYPE_SEND_EVENT  

+7625 ms
 MCP/CL/CGGIT/CHA/BV-20-C Send Event               ATT!ATT_WRITE_RSP{
                           lcid=0x1205,
                           value{
                             Properties=0x0001
                           }

                         }
2026-07-19 00:12:43,739 LT1-callback ClientCallback.log INFO client.py                 251   log                       : PTS_LOGTYPE_RECEIVE_EVENT  

+7781 ms
 MCP/CL/CGGIT/CHA/BV-20-C Receive Event            ATT?ATT_FIND_INFO_REQ{
                           lcid=0x1205,
                           startingHandle=0x0141,
                           endingHandle=0x015E
                         }
2026-07-19 00:12:43,742 LT1-callback ClientCallback.log INFO client.py                 251   log                       : PTS_LOGTYPE_SEND_EVENT  

+7781 ms
 MCP/CL/CGGIT/CHA/BV-20-C Send Event               ATT!ATT_FIND_INFO_RSP{
                           lcid=0x1205,
                           format=0x01,
                           numberOfHandleValuePairs=0x05,
                           				{
                             handle=0x0141,
                             uuid=0x2B9E
					
                           }				{
                             handle=0x0142,
                             uuid=0x2902
					
                           }				{
                             handle=0x0143,
                             uuid=0x2803
					
                           }				{
                             handle=0x0144,
                             uuid=0x2BA0
					
                           }				{
                             handle=0x0145,
                             uuid=0x2902
					
                           }
                         }
2026-07-19 00:12:43,746 LT1-callback ClientCallback.log INFO client.py                 251   log                       : PTS_LOGTYPE_RECEIVE_EVENT  

+7922 ms
 MCP/CL/CGGIT/CHA/BV-20-C Receive Event            ATT?ATT_WRITE_IND{
                           lcid=0x1205,
                           attributeHandle=0x0142,
                           length=0x0002,
                           value=0x0001
                         }
2026-07-19 00:12:43,750 LT1-callback ClientCallback.log INFO client.py                 251   log                       : PTS_LOGTYPE_SEND_EVENT  

+7922 ms
 MCP/CL/CGGIT/CHA/BV-20-C Send Event               ATT!ATT_WRITE_RSP{
                           lcid=0x1205,
                           value{
                             Properties=0x0001
                           }

                         }
2026-07-19 00:12:43,753 LT1-callback ClientCallback.log INFO client.py                 251   log                       : PTS_LOGTYPE_RECEIVE_EVENT  

+8047 ms
 MCP/CL/CGGIT/CHA/BV-20-C Receive Event            ATT?ATT_FIND_INFO_REQ{
                           lcid=0x1205,
                           startingHandle=0x015D,
                           endingHandle=0x015E
                         }
2026-07-19 00:12:43,756 LT1-callback ClientCallback.log INFO client.py                 251   log                       : PTS_LOGTYPE_SEND_EVENT  

+8047 ms
 MCP/CL/CGGIT/CHA/BV-20-C Send Event               ATT!ATT_FIND_INFO_RSP{
                           lcid=0x1205,
                           format=0x01,
                           numberOfHandleValuePairs=0x02,
                           				{
                             handle=0x015D,
                             uuid=0x2B9F
					
                           }				{
                             handle=0x015E,
                             uuid=0x2902
					
                           }
                         }
2026-07-19 00:12:43,760 LT1-callback ClientCallback.log INFO client.py                 251   log                       : PTS_LOGTYPE_RECEIVE_EVENT  

+8187 ms
 MCP/CL/CGGIT/CHA/BV-20-C Receive Event            ATT?ATT_WRITE_IND{
                           lcid=0x1205,
                           attributeHandle=0x015E,
                           length=0x0002,
                           value=0x0001
                         }
2026-07-19 00:12:43,763 LT1-callback ClientCallback.log INFO client.py                 251   log                       : PTS_LOGTYPE_SEND_EVENT  

+8187 ms
 MCP/CL/CGGIT/CHA/BV-20-C Send Event               ATT!ATT_WRITE_RSP{
                           lcid=0x1205,
                           value{
                             Properties=0x0001
                           }

                         }
2026-07-19 00:12:43,766 LT1-callback ClientCallback.log INFO client.py                 251   log                       : PTS_LOGTYPE_RECEIVE_EVENT  

+8328 ms
 MCP/CL/CGGIT/CHA/BV-20-C Receive Event            ATT?ATT_FIND_INFO_REQ{
                           lcid=0x1205,
                           startingHandle=0x0144,
                           endingHandle=0x015E
                         }
2026-07-19 00:12:43,769 LT1-callback ClientCallback.log INFO client.py                 251   log                       : PTS_LOGTYPE_SEND_EVENT  

+8328 ms
 MCP/CL/CGGIT/CHA/BV-20-C Send Event               ATT!ATT_FIND_INFO_RSP{
                           lcid=0x1205,
                           format=0x01,
                           numberOfHandleValuePairs=0x05,
                           				{
                             handle=0x0144,
                             uuid=0x2BA0
					
                           }				{
                             handle=0x0145,
                             uuid=0x2902
					
                           }				{
                             handle=0x0146,
                             uuid=0x2803
					
                           }				{
                             handle=0x0147,
                             uuid=0x2BA1
					
                           }				{
                             handle=0x0148,
                             uuid=0x2902
					
                           }
                         }
2026-07-19 00:12:43,773 LT1-callback ClientCallback.log INFO client.py                 251   log                       : PTS_LOGTYPE_RECEIVE_EVENT  

+8469 ms
 MCP/CL/CGGIT/CHA/BV-20-C Receive Event            ATT?ATT_WRITE_IND{
                           lcid=0x1205,
                           attributeHandle=0x0145,
                           length=0x0002,
                           value=0x0001
                         }
2026-07-19 00:12:43,777 LT1-callback ClientCallback.log INFO client.py                 251   log                       : PTS_LOGTYPE_SEND_EVENT  

+8469 ms
 MCP/CL/CGGIT/CHA/BV-20-C Send Event               ATT!ATT_WRITE_RSP{
                           lcid=0x1205,
                           value{
                             Properties=0x0001
                           }

                         }
2026-07-19 00:12:43,780 LT1-callback ClientCallback.log INFO client.py                 251   log                       : PTS_LOGTYPE_RECEIVE_EVENT  

+8609 ms
 MCP/CL/CGGIT/CHA/BV-20-C Receive Event            ATT?ATT_FIND_INFO_REQ{
                           lcid=0x1205,
                           startingHandle=0x0147,
                           endingHandle=0x015E
                         }
2026-07-19 00:12:43,783 LT1-callback ClientCallback.log INFO client.py                 251   log                       : PTS_LOGTYPE_SEND_EVENT  

+8609 ms
 MCP/CL/CGGIT/CHA/BV-20-C Send Event               ATT!ATT_FIND_INFO_RSP{
                           lcid=0x1205,
                           format=0x01,
                           numberOfHandleValuePairs=0x05,
                           				{
                             handle=0x0147,
                             uuid=0x2BA1
					
                           }				{
                             handle=0x0148,
                             uuid=0x2902
					
                           }				{
                             handle=0x0149,
                             uuid=0x2803
					
                           }				{
                             handle=0x014A,
                             uuid=0x2BA2
					
                           }				{
                             handle=0x014B,
                             uuid=0x2803
					
                           }
                         }
2026-07-19 00:12:43,787 LT1-callback ClientCallback.log INFO client.py                 251   log                       : PTS_LOGTYPE_RECEIVE_EVENT  

+8750 ms
 MCP/CL/CGGIT/CHA/BV-20-C Receive Event            ATT?ATT_WRITE_IND{
                           lcid=0x1205,
                           attributeHandle=0x0148,
                           length=0x0002,
                           value=0x0001
                         }
2026-07-19 00:12:43,791 LT1-callback ClientCallback.log INFO client.py                 251   log                       : PTS_LOGTYPE_SEND_EVENT  

+8750 ms
 MCP/CL/CGGIT/CHA/BV-20-C Send Event               ATT!ATT_WRITE_RSP{
                           lcid=0x1205,
                           value{
                             Properties=0x0001
                           }

                         }
2026-07-19 00:12:43,794 LT1-callback ClientCallback.log INFO client.py                 251   log                       : PTS_LOGTYPE_RECEIVE_EVENT  

+8891 ms
 MCP/CL/CGGIT/CHA/BV-20-C Receive Event            ATT?ATT_FIND_INFO_REQ{
                           lcid=0x1205,
                           startingHandle=0x014C,
                           endingHandle=0x015E
                         }
2026-07-19 00:12:43,798 LT1-callback ClientCallback.log INFO client.py                 251   log                       : PTS_LOGTYPE_SEND_EVENT  

+8891 ms
 MCP/CL/CGGIT/CHA/BV-20-C Send Event               ATT!ATT_FIND_INFO_RSP{
                           lcid=0x1205,
                           format=0x01,
                           numberOfHandleValuePairs=0x05,
                           				{
                             handle=0x014C,
                             uuid=0x2BA3
					
                           }				{
                             handle=0x014D,
                             uuid=0x2902
					
                           }				{
                             handle=0x014E,
                             uuid=0x2803
					
                           }				{
                             handle=0x014F,
                             uuid=0x2BA4
					
                           }				{
                             handle=0x0150,
                             uuid=0x2902
					
                           }
                         }
2026-07-19 00:12:43,802 LT1-callback ClientCallback.log INFO client.py                 251   log                       : PTS_LOGTYPE_RECEIVE_EVENT  

+9031 ms
 MCP/CL/CGGIT/CHA/BV-20-C Receive Event            ATT?ATT_WRITE_IND{
                           lcid=0x1205,
                           attributeHandle=0x014D,
                           length=0x0002,
                           value=0x0001
                         }
2026-07-19 00:12:43,806 LT1-callback ClientCallback.log INFO client.py                 251   log                       : PTS_LOGTYPE_SEND_EVENT  

+9031 ms
 MCP/CL/CGGIT/CHA/BV-20-C Send Event               ATT!ATT_WRITE_RSP{
                           lcid=0x1205,
                           value{
                             Properties=0x0001
                           }

                         }
2026-07-19 00:12:43,809 LT1-callback ClientCallback.log INFO client.py                 251   log                       : PTS_LOGTYPE_RECEIVE_EVENT  

+9172 ms
 MCP/CL/CGGIT/CHA/BV-20-C Receive Event            ATT?ATT_FIND_INFO_REQ{
                           lcid=0x1205,
                           startingHandle=0x014F,
                           endingHandle=0x015E
                         }
2026-07-19 00:12:43,812 LT1-callback ClientCallback.log INFO client.py                 251   log                       : PTS_LOGTYPE_SEND_EVENT  

+9172 ms
 MCP/CL/CGGIT/CHA/BV-20-C Send Event               ATT!ATT_FIND_INFO_RSP{
                           lcid=0x1205,
                           format=0x01,
                           numberOfHandleValuePairs=0x05,
                           				{
                             handle=0x014F,
                             uuid=0x2BA4
					
                           }				{
                             handle=0x0150,
                             uuid=0x2902
					
                           }				{
                             handle=0x0151,
                             uuid=0x2803
					
                           }				{
                             handle=0x0152,
                             uuid=0x2BA5
					
                           }				{
                             handle=0x0153,
                             uuid=0x2902
					
                           }
                         }
2026-07-19 00:12:43,816 LT1-callback ClientCallback.log INFO client.py                 251   log                       : PTS_LOGTYPE_RECEIVE_EVENT  

+9312 ms
 MCP/CL/CGGIT/CHA/BV-20-C Receive Event            ATT?ATT_WRITE_IND{
                           lcid=0x1205,
                           attributeHandle=0x0150,
                           length=0x0002,
                           value=0x0001
                         }
2026-07-19 00:12:43,820 LT1-callback ClientCallback.log INFO client.py                 251   log                       : PTS_LOGTYPE_SEND_EVENT  

+9312 ms
 MCP/CL/CGGIT/CHA/BV-20-C Send Event               ATT!ATT_WRITE_RSP{
                           lcid=0x1205,
                           value{
                             Properties=0x0001
                           }

                         }
2026-07-19 00:12:43,823 LT1-callback ClientCallback.log INFO client.py                 251   log                       : PTS_LOGTYPE_RECEIVE_EVENT  

+9453 ms
 MCP/CL/CGGIT/CHA/BV-20-C Receive Event            ATT?ATT_FIND_INFO_REQ{
                           lcid=0x1205,
                           startingHandle=0x0152,
                           endingHandle=0x015E
                         }
2026-07-19 00:12:43,826 LT1-callback ClientCallback.log INFO client.py                 251   log                       : PTS_LOGTYPE_SEND_EVENT  

+9453 ms
 MCP/CL/CGGIT/CHA/BV-20-C Send Event               ATT!ATT_FIND_INFO_RSP{
                           lcid=0x1205,
                           format=0x01,
                           numberOfHandleValuePairs=0x05,
                           				{
                             handle=0x0152,
                             uuid=0x2BA5
					
                           }				{
                             handle=0x0153,
                             uuid=0x2902
					
                           }				{
                             handle=0x0154,
                             uuid=0x2803
					
                           }				{
                             handle=0x0155,
                             uuid=0x2BA6
					
                           }				{
                             handle=0x0156,
                             uuid=0x2902
					
                           }
                         }
2026-07-19 00:12:43,830 LT1-callback ClientCallback.log INFO client.py                 251   log                       : PTS_LOGTYPE_RECEIVE_EVENT  

+9594 ms
 MCP/CL/CGGIT/CHA/BV-20-C Receive Event            ATT?ATT_WRITE_IND{
                           lcid=0x1205,
                           attributeHandle=0x0153,
                           length=0x0002,
                           value=0x0001
                         }
2026-07-19 00:12:43,834 LT1-callback ClientCallback.log INFO client.py                 251   log                       : PTS_LOGTYPE_SEND_EVENT  

+9781 ms
 MCP/CL/CGGIT/CHA/BV-20-C Send Event               HCI!GET_CONNECTION_HANDLE{
                           addr=0xD5B6CC31DB3B,
                           addr_type=0x01,
                           conn_handle=0x0193
                         }
2026-07-19 00:12:43,837 LT1-callback ClientCallback.log INFO client.py                 251   log                       : PTS_LOGTYPE_SEND_EVENT  

+9781 ms
 MCP/CL/CGGIT/CHA/BV-20-C Send Event               HCI!HCI_DISCONNECT{
                           connectionHandle=0x0193,
                           reason=HCI_REMOTE_USER_TERMINATED_CONNECTION
                         }
2026-07-19 00:12:43,840 LT1-callback ClientCallback.log INFO client.py                 251   log                       : PTS_LOGTYPE_SEND_EVENT  

+9781 ms
 MCP/CL/CGGIT/CHA/BV-20-C Send Event               ATT!ATT_WRITE_RSP{
                           lcid=0x1205,
                           value{
                             Properties=0x0001
                           }

                         }
2026-07-19 00:12:43,845 LT1-callback ClientCallback.log INFO client.py                 251   log                       : PTS_LOGTYPE_RECEIVE_EVENT  

+9781 ms
 MCP/CL/CGGIT/CHA/BV-20-C Receive Event            HCI?HCI_DISCONNECT_STATUS_EVENT{
                           status=HCI_OK
                         }
2026-07-19 00:12:43,912 LT1-callback ClientCallback.log INFO client.py                 251   log                       : PTS_LOGTYPE_RECEIVE_EVENT  

+9875 ms
 MCP/CL/CGGIT/CHA/BV-20-C Receive Event            ATT?ATT_FIND_INFO_REQ{
                           lcid=0x1205,
                           startingHandle=0x0158,
                           endingHandle=0x015E
                         }
2026-07-19 00:12:43,923 LT1-callback ClientCallback.log INFO client.py                 251   log                       : PTS_LOGTYPE_SEND_EVENT  

+9875 ms
 MCP/CL/CGGIT/CHA/BV-20-C Send Event               ATT!ATT_FIND_INFO_RSP{
                           lcid=0x1205,
                           format=0x01,
                           numberOfHandleValuePairs=0x05,
                           				{
                             handle=0x0158,
                             uuid=0x2BA7
					
                           }				{
                             handle=0x0159,
                             uuid=0x2902
					
                           }				{
                             handle=0x015A,
                             uuid=0x2803
					
                           }				{
                             handle=0x015B,
                             uuid=0x2BBA
					
                           }				{
                             handle=0x015C,
                             uuid=0x2803
					
                           }
                         }
2026-07-19 00:12:43,933 LT1-callback ClientCallback.log INFO client.py                 251   log                       : PTS_LOGTYPE_RECEIVE_EVENT  

+9937 ms
 MCP/CL/CGGIT/CHA/BV-20-C Receive Event            ATT?ATT_DISCONNECT_IND{
                           lcid=0x1205
                         }
2026-07-19 00:12:43,937 LT1-callback ClientCallback.log INFO client.py                 251   log                       : PTS_LOGTYPE_RECEIVE_EVENT  

+9937 ms
 MCP/CL/CGGIT/CHA/BV-20-C Receive Event            HCI?HCI_DISCONNECTION_COMPLETE_EVENT{
                           status=HCI_OK,
                           connectionHandle=0x0193,
                           reason=HCI_CONNECTION_TERMINATED_BY_LOCAL_HOST
                         }
2026-07-19 00:12:43,942 LT1-callback ClientCallback.log INFO client.py                 251   log                       : PTS_LOGTYPE_MESSAGE Verdict Description 

+9937 ms
 MCP/CL/CGGIT/CHA/BV-20-C Received HCI disconnection event. Handle = 0x0193

2026-07-19 00:12:43,946 LT1-callback ClientCallback.log INFO client.py                 251   log                       : PTS_LOGTYPE_MESSAGE Verdict Description 

+9937 ms
 MCP/CL/CGGIT/CHA/BV-20-C Connection terminated successfully.

2026-07-19 00:12:43,950 LT1-callback ClientCallback.log INFO client.py                 251   log                       : PTS_LOGTYPE_SEND_EVENT  

+9937 ms
 MCP/CL/CGGIT/CHA/BV-20-C Send Event               HCI!HCI_RESET
2026-07-19 00:12:43,954 LT1-callback ClientCallback.log INFO client.py                 251   log                       : PTS_LOGTYPE_RECEIVE_EVENT  

+9953 ms
 MCP/CL/CGGIT/CHA/BV-20-C Receive Event            HCI?HCI_RESET_COMPLETE_EVENT{
                           status=HCI_OK
                         }
2026-07-19 00:12:43,957 LT1-callback ClientCallback.log INFO client.py                 251   log                       : PTS_LOGTYPE_RECEIVE_EVENT  

+10953 ms
 MCP/CL/CGGIT/CHA/BV-20-C Receive Event            HCI?HCI_RESET_COMPLETE_EVENT{
                           status=HCI_OK
                         }
2026-07-19 00:12:43,962 LT1-callback ClientCallback.log INFO client.py                 251   log                       : PTS_LOGTYPE_FINAL_VERDICT Final Verdict 

+12516 ms
 MCP/CL/CGGIT/CHA/BV-20-C PASS

2026-07-19 00:12:43,965 LT1-callback ClientCallback.log INFO client.py                 251   log                       : PTS_LOGTYPE_FINAL_VERDICT Encrypted Verdict 

+12516 ms
 MCP/CL/CGGIT/CHA/BV-20-C A1#ZWY4MzQ5MDg3MmQwNTIxOGQzMzQ5YjY2ODA5M2MzNjQ5ZDY4NmY0Yjc2MzIzM2VkNTUyNTFhNGU4Mjg1MjI0NA==#6uqyRGIwfY9J08PPV0V0J7mTdMtQPz+hysFlUqybXYZc8iJ8i1cp13xCwfOjZ3CVgllKWEAat7A=

2026-07-19 00:12:43,968 LT1-callback ClientCallback.log INFO client.py                 251   log                       : PTS_LOGTYPE_END_TEST Test Case Ended 

+12516 ms
 MCP/CL/CGGIT/CHA/BV-20-C MCP/CL/CGGIT/CHA/BV-20-C

2026-07-19 00:12:44,082 LT1-callback root DEBUG client.py                 312   set_result                : ClientCallback, set_result, run_test_case, PASS
2026-07-19 00:12:44,083 LT1-thread root DEBUG client.py                 1117  _run_test_case            : After run_test_case error_code=0 status='PASS'
2026-07-19 00:12:44,083 LT1-thread root DEBUG testcase.py               766   post_run                  : post_run MCP MCP/CL/CGGIT/CHA/BV-20-C 0
2026-07-19 00:12:44,083 LT1-thread root DEBUG testcase.py               254   start                     : Starting test function: class=<class 'autopts.ptsprojects.testcase.TestFuncCleanUp'>, func=<bound method ZTestCase._test_case_cleanup of <autopts.ptsprojects.zephyr.ztestcase.ZTestCase object at 0x708dd7a5a4e0>> start_wid=None stop_wid=None post_wid=None skip_call=None call_count=1 args=() kwds={}
2026-07-19 00:12:44,083 LT1-thread root DEBUG testcase.py               266   start                     : Test function parameters: args=(), kwds={}
2026-07-19 00:12:44,083 LT1-thread root DEBUG iutctl.py                 415   stop                      : <class 'autopts.ptsprojects.zephyr.iutctl.create_zephyr_ctl_class.<locals>.ZephyrCtl'>.stop
2026-07-19 00:12:44,083 LT1-thread root DEBUG gap.py                    1063  gap_set_powered_off       : 
2026-07-19 00:12:44,083 LT1-thread root DEBUG iutctl_common.py          161   send                      : 1 5 0 '0'
2026-07-19 00:12:44,083 LT1-thread root DEBUG iutctl_common.py          166   send                      : sending frame '010500010000'
2026-07-19 00:12:44,084 LT1-thread root DEBUG gap.py                    1193  gap_command_rsp_succ      : 
2026-07-19 00:12:44,084 LT1-thread root DEBUG iutctl_common.py          339   read                      : 
2026-07-19 00:12:44,121 BTPWorkerThread-38189 (_rx_task) root DEBUG iutctl_common.py          123   read                      : Read 5 bytes
2026-07-19 00:12:44,121 BTPWorkerThread-38189 (_rx_task) root DEBUG iutctl_common.py          131   read                      : Received: hdr: Header(svc_id=0x01, op=0x05, ctrl_index=0x00, data_len=0x04) bytearray(b'\x01\x05\x00\x04\x00')
2026-07-19 00:12:44,121 BTPWorkerThread-38189 (_rx_task) root DEBUG iutctl_common.py          139   read                      : Read 4 bytes data
2026-07-19 00:12:44,121 BTPWorkerThread-38189 (_rx_task) root DEBUG iutctl_common.py          154   read                      : Received data: {'1a 82 00 00'}, bytearray(b'\x1a\x82\x00\x00')
2026-07-19 00:12:44,121 LT1-thread root DEBUG gap.py                    1198  gap_command_rsp_succ      : received Header(svc_id=1, op=5, ctrl_index=0, data_len=4) (b'\x1a\x82\x00\x00',)
2026-07-19 00:12:44,121 LT1-thread root DEBUG gap.py                    591   __gap_current_settings_update : (b'\x1a\x82\x00\x00',)
2026-07-19 00:12:44,121 LT1-thread root DEBUG iutctl_common.py          416   close                     : Waiting for _rx_worker to finish ...
2026-07-19 00:12:45,122 LT1-thread root DEBUG iutctl_common.py          416   close                     : Waiting for _rx_worker to finish ...
2026-07-19 00:12:45,122 BTPWorkerThread-38189 (_rx_task) root DEBUG iutctl_common.py          332   _rx_task                  : BTPWorkerThread-38189 (_rx_task) finishing...
2026-07-19 00:12:45,131 LT1-thread root DEBUG rtt.py                    224   stop                      : <class 'autopts.rtt.BTMON'>.stop
2026-07-19 00:12:45,131 LT1-thread root DEBUG rtt.py                    112   stop                      : <class 'autopts.rtt.RTT'>.stop
2026-07-19 00:12:48,184 LT1-thread root DEBUG testcase.py               794   post_run                  : post_run, cleanup running post test case script
2026-07-19 00:12:48,185 LT1-thread root DEBUG testcase.py               802   post_run                  : post_run, run post test case script
2026-07-19 00:12:48,202 LT1-thread root DEBUG client.py                 1147  _run_test_case            : Done TestCase _run_test_case MCP MCP/CL/CGGIT/CHA/BV-20-C
